timestamp,electricity,air_temperature,dew_temperature,sea_level_pressure,wind_direction,wind_speed,month,day,weekday,hour
2016-01-01 00:00:00,17.7,3.8,2.4,1020.9,5,3.1,1,1,5,0
2016-01-01 01:00:00,37.1,3.7,2.4,1021.6,5,2.6,1,1,6,1
2016-01-01 02:00:00,37.8,2.6,1.9,1021.9,0,0.0,1,1,7,2
2016-01-01 03:00:00,35.1,2.0,1.2,1022.3,4,1.5,1,1,1,3
2016-01-01 04:00:00,27.5,2.3,1.8,1022.7,2,1.5,1,1,2,4
2016-01-01 05:00:00,25.2,2.4,2.0,1023.0,2,1.0,1,1,3,5
2016-01-01 06:00:00,24.3,2.3,1.8,1023.0,2,1.5,1,1,4,6
2016-01-01 07:00:00,25.7,2.6,1.9,1022.5,2,1.0,1,1,5,7
2016-01-01 08:00:00,26.9,2.2,1.5,1022.3,1,1.0,1,1,6,8
2016-01-01 09:00:00,28.3,2.2,1.2,1022.0,2,2.6,1,1,7,9
2016-01-01 10:00:00,34.4,4.0,1.8,1020.9,2,4.1,1,1,1,10
2016-01-01 11:00:00,36.6,5.4,1.9,1020.4,3,3.6,1,1,2,11
2016-01-01 12:00:00,38.8,7.0,4.4,1019.1,3,5.1,1,1,3,12
2016-01-01 13:00:00,38.5,7.2,4.4,1017.6,2,5.7,1,1,4,13
2016-01-01 14:00:00,37.5,7.4,4.5,1016.2,2,5.1,1,1,5,14
2016-01-01 15:00:00,44.2,7.5,5.6,1014.9,2,7.2,1,1,6,15
2016-01-01 16:00:00,42.7,7.6,6.7,1013.8,2,5.7,1,1,7,16
2016-01-01 17:00:00,40.2,8.0,7.1,1012.5,3,6.7,1,1,1,17
2016-01-01 18:00:00,43.7,8.1,6.5,1011.0,3,7.7,1,1,2,18
2016-01-01 19:00:00,40.5,8.1,6.3,1010.2,3,8.8,1,1,3,19
2016-01-01 20:00:00,44.0,8.2,6.2,1008.8,3,8.2,1,1,4,20
2016-01-01 21:00:00,42.2,8.5,6.1,1007.5,3,8.2,1,1,5,21
2016-01-01 22:00:00,37.7,8.3,6.5,1006.4,3,8.2,1,1,6,22
2016-01-01 23:00:00,36.6,7.9,7.0,1005.1,3,7.2,1,1,7,23
2016-01-02 00:00:00,36.0,8.1,7.4,1004.2,3,7.2,1,2,1,0
2016-01-02 01:00:00,30.2,8.2,7.7,1002.4,2,8.2,1,2,2,1
2016-01-02 02:00:00,27.0,8.5,8.1,1001.9,3,6.7,1,2,3,2
2016-01-02 03:00:00,25.9,9.1,8.2,1001.0,3,7.2,1,2,4,3
2016-01-02 04:00:00,25.9,9.3,8.3,1000.0,3,7.2,1,2,5,4
2016-01-02 05:00:00,24.6,9.6,8.4,998.9,3,8.2,1,2,6,5
2016-01-02 06:00:00,25.3,9.7,8.4,998.3,3,7.7,1,2,7,6
2016-01-02 07:00:00,27.3,9.4,8.8,997.9,3,8.2,1,2,1,7
2016-01-02 08:00:00,28.5,9.7,8.9,997.5,3,7.2,1,2,2,8
2016-01-02 09:00:00,29.3,9.9,9.1,997.6,3,7.2,1,2,3,9
2016-01-02 10:00:00,32.7,9.8,9.4,997.3,3,6.2,1,2,4,10
2016-01-02 11:00:00,36.3,9.9,9.6,996.7,3,7.2,1,2,5,11
2016-01-02 12:00:00,34.7,10.1,9.5,996.0,3,8.2,1,2,6,12
2016-01-02 13:00:00,37.5,10.0,9.6,995.1,3,7.7,1,2,7,13
2016-01-02 14:00:00,42.6,10.0,9.8,994.3,3,8.2,1,2,1,14
2016-01-02 15:00:00,42.5,10.2,10.2,994.3,3,5.7,1,2,2,15
2016-01-02 16:00:00,37.3,11.2,11.1,994.7,4,5.1,1,2,3,16
2016-01-02 17:00:00,35.8,10.9,10.5,995.4,5,6.7,1,2,4,17
2016-01-02 18:00:00,38.2,10.9,10.3,995.9,5,7.2,1,2,5,18
2016-01-02 19:00:00,44.0,10.4,9.7,997.0,6,8.2,1,2,6,19
2016-01-02 20:00:00,43.4,10.1,9.6,998.3,6,6.2,1,2,7,20
2016-01-02 21:00:00,40.8,9.9,9.6,999.2,6,8.8,1,2,1,21
2016-01-02 22:00:00,38.7,9.9,9.0,999.9,6,7.2,1,2,2,22
2016-01-02 23:00:00,37.5,10.0,9.2,1000.3,6,6.2,1,2,3,23
2016-01-03 00:00:00,36.6,9.7,9.2,1001.1,5,6.7,1,3,4,0
2016-01-03 01:00:00,34.5,9.3,8.5,1001.4,6,9.3,1,3,5,1
2016-01-03 02:00:00,32.9,8.5,7.2,1002.0,6,7.7,1,3,6,2
2016-01-03 03:00:00,29.2,7.7,5.7,1002.5,5,8.2,1,3,7,3
2016-01-03 04:00:00,28.5,6.8,3.9,1001.7,5,5.7,1,3,1,4
2016-01-03 05:00:00,25.1,6.3,3.3,1000.9,4,3.6,1,3,2,5
2016-01-03 06:00:00,26.8,5.2,2.5,1000.0,4,3.1,1,3,3,6
2016-01-03 07:00:00,26.7,5.8,2.9,998.7,3,3.6,1,3,4,7
2016-01-03 08:00:00,26.4,6.8,4.6,997.1,3,4.6,1,3,5,8
2016-01-03 09:00:00,28.4,7.9,6.5,995.5,3,4.6,1,3,6,9
2016-01-03 10:00:00,34.5,8.9,7.8,993.6,3,6.2,1,3,7,10
2016-01-03 11:00:00,38.1,9.2,8.2,991.5,3,8.2,1,3,1,11
2016-01-03 12:00:00,38.7,9.1,8.2,989.0,3,9.3,1,3,2,12
2016-01-03 13:00:00,39.1,8.9,8.2,987.0,3,8.2,1,3,3,13
2016-01-03 14:00:00,42.1,8.9,8.3,984.6,3,9.3,1,3,4,14
2016-01-03 15:00:00,40.4,9.6,8.5,984.7,4,5.1,1,3,5,15
2016-01-03 16:00:00,39.3,9.4,8.3,984.2,4,4.6,1,3,6,16
2016-01-03 17:00:00,40.1,8.3,7.8,984.6,4,3.6,1,3,7,17
2016-01-03 18:00:00,45.2,8.2,7.6,984.2,5,4.6,1,3,1,18
2016-01-03 19:00:00,48.1,8.1,7.5,983.9,5,4.6,1,3,2,19
2016-01-03 20:00:00,45.7,7.8,7.0,984.0,4,3.6,1,3,3,20
2016-01-03 21:00:00,41.9,7.4,6.8,984.0,4,3.1,1,3,4,21
2016-01-03 22:00:00,45.8,6.6,6.1,984.0,4,3.6,1,3,5,22
2016-01-03 23:00:00,44.4,6.5,5.9,983.9,4,4.1,1,3,6,23
2016-01-04 00:00:00,40.9,6.0,5.5,983.8,4,4.1,1,4,7,0
2016-01-04 01:00:00,35.1,6.3,5.8,983.5,4,3.1,1,4,1,1
2016-01-04 02:00:00,32.2,6.6,5.9,983.5,4,3.6,1,4,2,2
2016-01-04 03:00:00,29.4,6.1,5.5,983.3,4,4.1,1,4,3,3
2016-01-04 04:00:00,31.7,6.4,5.7,983.1,4,4.1,1,4,4,4
2016-01-04 05:00:00,29.0,5.8,5.3,983.2,4,2.1,1,4,5,5
2016-01-04 06:00:00,28.4,6.4,6.0,983.0,4,3.6,1,4,6,6
2016-01-04 07:00:00,28.6,6.7,6.0,982.8,4,3.6,1,4,7,7
2016-01-04 08:00:00,30.0,7.4,6.2,982.7,4,4.6,1,4,1,8
2016-01-04 09:00:00,37.4,7.7,6.5,982.8,4,4.1,1,4,2,9
2016-01-04 10:00:00,41.1,8.9,7.4,982.7,4,4.6,1,4,3,10
2016-01-04 11:00:00,38.6,9.7,7.5,982.7,4,5.1,1,4,4,11
2016-01-04 12:00:00,38.8,9.8,7.5,982.3,4,5.7,1,4,5,12
2016-01-04 13:00:00,40.0,10.1,8.0,982.0,4,5.1,1,4,6,13
2016-01-04 14:00:00,35.4,10.4,7.4,981.8,5,4.6,1,4,7,14
2016-01-04 15:00:00,38.3,9.8,7.2,982.1,5,4.1,1,4,1,15
2016-01-04 16:00:00,37.0,9.2,7.4,982.4,4,3.6,1,4,2,16
2016-01-04 17:00:00,42.7,8.6,7.3,982.5,4,3.6,1,4,3,17
2016-01-04 18:00:00,44.3,8.2,6.7,982.5,4,4.1,1,4,4,18
2016-01-04 19:00:00,46.9,7.7,6.2,982.8,4,4.6,1,4,5,19
2016-01-04 20:00:00,43.7,7.6,6.0,982.9,4,4.6,1,4,6,20
2016-01-04 21:00:00,38.8,7.9,6.3,982.9,4,4.1,1,4,7,21
2016-01-04 22:00:00,43.6,7.2,6.2,982.7,3,4.1,1,4,1,22
2016-01-04 23:00:00,42.3,7.7,6.7,982.4,3,4.6,1,4,2,23
2016-01-05 00:00:00,40.7,7.4,6.9,982.2,3,4.1,1,5,3,0
2016-01-05 01:00:00,37.4,8.1,6.6,981.9,4,5.1,1,5,4,1
2016-01-05 02:00:00,26.9,8.2,7.3,981.9,4,3.6,1,5,5,2
2016-01-05 03:00:00,25.5,8.3,7.4,982.0,4,3.6,1,5,6,3
2016-01-05 04:00:00,25.5,6.4,5.6,981.8,3,2.6,1,5,7,4
2016-01-05 05:00:00,25.6,6.7,6.6,981.8,3,2.1,1,5,1,5
2016-01-05 06:00:00,29.2,5.7,5.5,982.1,3,2.6,1,5,2,6
2016-01-05 07:00:00,28.8,7.1,6.9,982.5,3,2.6,1,5,3,7
2016-01-05 08:00:00,31.8,6.7,6.3,982.9,4,2.6,1,5,4,8
2016-01-05 09:00:00,40.1,6.7,6.4,983.5,4,1.5,1,5,5,9
2016-01-05 10:00:00,48.8,7.4,6.8,984.0,4,2.1,1,5,6,10
2016-01-05 11:00:00,51.1,8.7,8.3,984.5,4,3.1,1,5,7,11
2016-01-05 12:00:00,43.0,9.3,7.8,984.7,5,4.1,1,5,1,12
2016-01-05 13:00:00,43.3,9.6,7.8,984.7,5,3.6,1,5,2,13
2016-01-05 14:00:00,40.1,9.3,7.5,984.9,4,3.1,1,5,3,14
2016-01-05 15:00:00,38.8,9.4,7.7,985.2,4,3.1,1,5,4,15
2016-01-05 16:00:00,41.1,9.2,7.6,985.8,4,2.6,1,5,5,16
2016-01-05 17:00:00,44.2,8.7,7.8,986.4,3,1.5,1,5,6,17
2016-01-05 18:00:00,47.9,9.0,7.8,986.9,4,3.1,1,5,7,18
2016-01-05 19:00:00,45.7,8.7,7.8,987.6,4,2.1,1,5,1,19
2016-01-05 20:00:00,44.8,8.2,7.6,988.2,5,3.1,1,5,2,20
2016-01-05 21:00:00,43.0,7.5,6.8,988.7,4,1.5,1,5,3,21
2016-01-05 22:00:00,46.4,6.9,6.4,989.3,5,2.1,1,5,4,22
2016-01-05 23:00:00,41.9,6.5,6.2,989.6,5,0.5,1,5,5,23
2016-01-06 00:00:00,41.9,6.4,6.2,990.0,2,1.5,1,6,6,0
2016-01-06 01:00:00,37.9,6.3,6.1,990.4,2,1.5,1,6,7,1
2016-01-06 02:00:00,30.4,6.5,6.4,990.9,7,0.5,1,6,1,2
2016-01-06 03:00:00,27.3,6.4,6.3,991.6,0,0.0,1,6,2,3
2016-01-06 04:00:00,27.1,6.2,6.1,991.8,2,1.0,1,6,3,4
2016-01-06 05:00:00,26.6,5.6,5.5,992.2,2,1.0,1,6,4,5
2016-01-06 06:00:00,29.0,5.6,5.5,992.9,0,1.0,1,6,5,6
2016-01-06 07:00:00,28.5,4.9,4.9,993.7,7,2.1,1,6,6,7
2016-01-06 08:00:00,33.3,5.4,5.4,994.3,7,1.0,1,6,7,8
2016-01-06 09:00:00,41.3,5.6,5.6,995.4,7,2.1,1,6,1,9
2016-01-06 10:00:00,46.1,5.0,5.0,995.8,7,2.1,1,6,2,10
2016-01-06 11:00:00,39.5,5.8,5.7,996.9,7,2.6,1,6,3,11
2016-01-06 12:00:00,41.0,6.9,6.8,996.6,7,1.5,1,6,4,12
2016-01-06 13:00:00,41.4,7.7,7.3,996.3,7,1.5,1,6,5,13
2016-01-06 14:00:00,42.3,7.9,6.8,996.4,1,1.0,1,6,6,14
2016-01-06 15:00:00,42.8,8.1,6.5,996.7,4,1.5,1,6,7,15
2016-01-06 16:00:00,40.2,7.9,6.6,997.1,4,2.6,1,6,1,16
2016-01-06 17:00:00,35.2,7.4,6.3,996.8,4,2.6,1,6,2,17
2016-01-06 18:00:00,42.3,7.1,6.2,996.0,4,2.6,1,6,3,18
2016-01-06 19:00:00,50.4,6.4,5.8,995.2,3,3.6,1,6,4,19
2016-01-06 20:00:00,45.7,5.9,5.4,994.5,3,3.1,1,6,5,20
2016-01-06 21:00:00,47.3,5.7,5.5,994.2,3,3.1,1,6,6,21
2016-01-06 22:00:00,46.2,5.6,5.4,993.3,3,4.6,1,6,7,22
2016-01-06 23:00:00,46.5,5.9,5.7,992.6,3,4.1,1,6,1,23
2016-01-07 00:00:00,43.8,6.7,6.4,991.0,3,4.6,1,7,2,0
2016-01-07 01:00:00,35.8,7.5,6.5,989.3,3,5.1,1,7,3,1
2016-01-07 02:00:00,31.6,8.0,7.1,988.5,3,4.6,1,7,4,2
2016-01-07 03:00:00,29.8,8.3,6.4,986.7,3,6.7,1,7,5,3
2016-01-07 04:00:00,27.5,7.9,6.3,984.7,3,8.2,1,7,6,4
2016-01-07 05:00:00,29.2,7.4,6.6,983.9,3,8.2,1,7,7,5
2016-01-07 06:00:00,30.9,7.6,7.0,982.2,3,6.7,1,7,1,6
2016-01-07 07:00:00,31.2,7.8,7.3,981.3,3,6.7,1,7,2,7
2016-01-07 08:00:00,32.2,8.4,8.0,980.4,4,4.1,1,7,3,8
2016-01-07 09:00:00,43.5,9.2,8.8,980.5,5,2.6,1,7,4,9
2016-01-07 10:00:00,49.7,10.2,10.1,980.8,5,5.7,1,7,5,10
2016-01-07 11:00:00,47.4,9.7,8.7,981.7,6,8.2,1,7,6,11
2016-01-07 12:00:00,49.8,8.6,6.2,983.9,6,10.8,1,7,7,12
2016-01-07 13:00:00,49.0,7.6,3.9,987.1,6,9.8,1,7,1,13
2016-01-07 14:00:00,45.1,7.9,1.9,989.5,6,10.8,1,7,2,14
2016-01-07 15:00:00,45.9,7.8,1.7,991.1,6,7.7,1,7,3,15
2016-01-07 16:00:00,41.6,7.0,1.5,992.6,6,6.7,1,7,4,16
2016-01-07 17:00:00,47.0,5.9,1.0,993.5,6,7.2,1,7,5,17
2016-01-07 18:00:00,49.6,5.3,0.8,994.7,6,5.7,1,7,6,18
2016-01-07 19:00:00,47.6,5.1,0.6,996.0,6,7.7,1,7,7,19
2016-01-07 20:00:00,48.1,4.8,0.6,996.9,6,6.7,1,7,1,20
2016-01-07 21:00:00,50.2,4.2,0.4,997.8,6,5.7,1,7,2,21
2016-01-07 22:00:00,47.6,4.5,0.6,998.9,5,6.2,1,7,3,22
2016-01-07 23:00:00,49.7,3.0,0.5,999.5,5,3.1,1,7,4,23
2016-01-08 00:00:00,48.3,3.3,0.9,1000.3,5,4.6,1,8,5,0
2016-01-08 01:00:00,40.0,3.2,1.1,1000.4,5,4.6,1,8,6,1
2016-01-08 02:00:00,36.6,2.6,1.0,1000.8,5,3.1,1,8,7,2
2016-01-08 03:00:00,33.8,2.7,1.2,1000.9,4,3.1,1,8,1,3
2016-01-08 04:00:00,33.3,1.9,0.8,1001.0,5,2.1,1,8,2,4
2016-01-08 05:00:00,32.2,2.4,1.6,1000.7,4,2.1,1,8,3,5
2016-01-08 06:00:00,33.0,1.6,0.9,1000.2,3,1.0,1,8,4,6
2016-01-08 07:00:00,31.1,4.2,2.4,1000.0,4,5.1,1,8,5,7
2016-01-08 08:00:00,37.4,4.4,2.6,1000.0,4,4.1,1,8,6,8
2016-01-08 09:00:00,45.7,5.8,4.1,1000.1,4,4.1,1,8,7,9
2016-01-08 10:00:00,52.5,6.7,4.8,1000.1,4,4.1,1,8,1,10
2016-01-08 11:00:00,50.5,7.7,5.5,999.7,4,4.6,1,8,2,11
2016-01-08 12:00:00,47.4,7.7,6.2,999.3,4,3.6,1,8,3,12
2016-01-08 13:00:00,48.0,8.9,6.9,998.7,4,3.6,1,8,4,13
2016-01-08 14:00:00,45.5,8.8,5.3,998.6,4,4.6,1,8,5,14
2016-01-08 15:00:00,45.4,8.4,5.4,998.1,4,4.1,1,8,6,15
2016-01-08 16:00:00,49.9,7.8,5.6,998.1,4,3.6,1,8,7,16
2016-01-08 17:00:00,45.9,7.8,6.5,998.1,4,4.6,1,8,1,17
2016-01-08 18:00:00,54.6,8.0,6.9,998.0,4,5.1,1,8,2,18
2016-01-08 19:00:00,61.6,7.3,6.6,998.2,4,3.1,1,8,3,19
2016-01-08 20:00:00,69.6,7.3,6.3,998.3,4,4.1,1,8,4,20
2016-01-08 21:00:00,59.8,7.4,5.9,998.1,4,3.6,1,8,5,21
2016-01-08 22:00:00,62.1,7.0,6.2,998.0,5,2.6,1,8,6,22
2016-01-08 23:00:00,56.7,7.1,6.6,997.3,4,2.1,1,8,7,23
2016-01-09 00:00:00,53.6,7.2,6.5,997.2,4,3.1,1,9,1,0
2016-01-09 01:00:00,41.9,7.5,6.8,996.7,4,3.1,1,9,2,1
2016-01-09 02:00:00,38.8,8.0,7.0,996.4,4,3.6,1,9,3,2
2016-01-09 03:00:00,33.6,7.6,6.7,995.9,4,4.1,1,9,4,3
2016-01-09 04:00:00,31.9,7.8,6.7,995.9,4,3.6,1,9,5,4
2016-01-09 05:00:00,30.4,6.6,5.8,995.2,4,2.6,1,9,6,5
2016-01-09 06:00:00,31.7,6.0,5.0,994.5093025320024,4,2.6,1,9,7,6
2016-01-09 07:00:00,36.5,7.6,7.1,993.9,3,4.6,1,9,1,7
2016-01-09 08:00:00,35.9,8.6,7.5,993.4,4,5.1,1,9,2,8
2016-01-09 09:00:00,47.6,9.0,7.7,993.5,4,4.6,1,9,3,9
2016-01-09 10:00:00,52.1,9.7,8.1,993.1,4,5.7,1,9,4,10
2016-01-09 11:00:00,53.4,10.6,8.2,992.3,4,5.7,1,9,5,11
2016-01-09 12:00:00,52.1,10.7,8.4,991.4,4,7.2,1,9,6,12
2016-01-09 13:00:00,51.1,10.4,8.3,990.5,4,5.7,1,9,7,13
2016-01-09 14:00:00,56.3,10.9,8.2,989.4,4,6.2,1,9,1,14
2016-01-09 15:00:00,56.8,10.8,7.9,988.6,4,6.2,1,9,2,15
2016-01-09 16:00:00,62.8,10.6,7.9,987.0,4,8.2,1,9,3,16
2016-01-09 17:00:00,63.2,9.9,8.8,985.6,4,8.8,1,9,4,17
2016-01-09 18:00:00,70.1,9.9,8.3,983.9,4,9.8,1,9,5,18
2016-01-09 19:00:00,71.3,9.8,8.0,983.3,4,7.7,1,9,6,19
2016-01-09 20:00:00,72.8,10.2,8.0,982.7,4,8.8,1,9,7,20
2016-01-09 21:00:00,70.1,6.9,6.0,983.3,5,7.7,1,9,1,21
2016-01-09 22:00:00,69.3,7.0,5.5,983.1,4,6.2,1,9,2,22
2016-01-09 23:00:00,63.3,6.5,5.2,982.5,4,5.7,1,9,3,23
2016-01-10 00:00:00,67.4,6.8,5.1,982.9,5,8.2,1,10,4,0
2016-01-10 01:00:00,49.6,6.2,4.3,983.0,4,7.2,1,10,5,1
2016-01-10 02:00:00,46.0,6.3,3.0,983.0,5,7.2,1,10,6,2
2016-01-10 03:00:00,44.4,5.4,3.2,983.2,4,4.6,1,10,7,3
2016-01-10 04:00:00,39.4,5.6,3.3,983.1,4,5.1,1,10,1,4
2016-01-10 05:00:00,31.8,5.5,3.1,983.3,4,4.1,1,10,2,5
2016-01-10 06:00:00,33.6,6.3,3.5,983.2,4,3.6,1,10,3,6
2016-01-10 07:00:00,39.4,6.3,3.1,983.8,5,6.7,1,10,4,7
2016-01-10 08:00:00,42.7,5.6,3.1,984.2,5,6.7,1,10,5,8
2016-01-10 09:00:00,52.0,5.6,3.6,985.2,4,4.6,1,10,6,9
2016-01-10 10:00:00,62.8,6.2,4.3,985.6,4,4.6,1,10,7,10
2016-01-10 11:00:00,65.0,7.0,4.7,985.9,4,3.1,1,10,1,11
2016-01-10 12:00:00,72.0,7.8,4.6,985.8,5,6.2,1,10,2,12
2016-01-10 13:00:00,66.6,8.7,4.3,985.4,5,5.7,1,10,3,13
2016-01-10 14:00:00,65.7,7.9,4.6,985.3,4,5.1,1,10,4,14
2016-01-10 15:00:00,75.2,7.5,4.5,985.4,4,3.6,1,10,5,15
2016-01-10 16:00:00,80.0,6.7,3.1,985.8,4,4.6,1,10,6,16
2016-01-10 17:00:00,76.4,6.1,3.5,986.2,4,4.6,1,10,7,17
2016-01-10 18:00:00,81.4,5.2,3.4,986.6,4,3.6,1,10,1,18
2016-01-10 19:00:00,91.1,5.1,3.5,986.8,4,5.1,1,10,2,19
2016-01-10 20:00:00,84.9,5.1,3.5,987.2,4,3.6,1,10,3,20
2016-01-10 21:00:00,86.2,5.4,3.7,987.1,4,3.1,1,10,4,21
2016-01-10 22:00:00,92.5,5.0,3.5,986.7,3,3.6,1,10,5,22
2016-01-10 23:00:00,88.4,6.1,4.2,986.4,4,4.1,1,10,6,23
2016-01-11 00:00:00,85.8,5.3,4.6,985.6,3,2.6,1,11,7,0
2016-01-11 01:00:00,67.5,5.7,5.2,984.7,3,4.1,1,11,1,1
2016-01-11 02:00:00,53.7,5.6,5.2,983.2,3,3.1,1,11,2,2
2016-01-11 03:00:00,48.9,6.6,6.3,982.0,3,4.6,1,11,3,3
2016-01-11 04:00:00,45.7,6.3,5.6,981.0,5,2.6,1,11,4,4
2016-01-11 05:00:00,48.5,6.1,5.0,980.1,5,5.7,1,11,5,5
2016-01-11 06:00:00,48.4,5.4,4.9,979.3,3,4.1,1,11,6,6
2016-01-11 07:00:00,52.0,5.6,5.3,978.8,4,3.1,1,11,7,7
2016-01-11 08:00:00,75.1,5.8,4.8,978.7,4,3.6,1,11,1,8
2016-01-11 09:00:00,80.9,6.2,5.5,979.3,5,3.6,1,11,2,9
2016-01-11 10:00:00,82.4,6.0,5.5,979.9,6,3.1,1,11,3,10
2016-01-11 11:00:00,71.9,6.1,5.5,980.4,6,3.6,1,11,4,11
2016-01-11 12:00:00,66.2,6.7,5.3,981.0,6,4.6,1,11,5,12
2016-01-11 13:00:00,68.4,6.7,5.2,981.1,6,4.6,1,11,6,13
2016-01-11 14:00:00,68.2,6.8,4.8,981.6,6,3.1,1,11,7,14
2016-01-11 15:00:00,71.7,7.1,5.1,982.3,6,3.1,1,11,1,15
2016-01-11 16:00:00,92.2,6.4,5.1,983.1,6,4.6,1,11,2,16
2016-01-11 17:00:00,100.7,6.2,5.3,984.1,6,5.1,1,11,3,17
2016-01-11 18:00:00,105.7,5.8,4.8,985.0,6,3.6,1,11,4,18
2016-01-11 19:00:00,109.8,6.1,5.1,985.9,6,5.1,1,11,5,19
2016-01-11 20:00:00,116.1,5.7,4.7,986.7,6,4.6,1,11,6,20
2016-01-11 21:00:00,112.5,4.8,3.9,987.5,6,3.6,1,11,7,21
2016-01-11 22:00:00,111.7,4.4,3.5,988.5,6,5.1,1,11,1,22
2016-01-11 23:00:00,99.6,4.6,3.7,989.5,6,4.1,1,11,2,23
2016-01-12 00:00:00,90.6,3.2,2.6,990.4,6,4.1,1,12,3,0
2016-01-12 01:00:00,78.6,4.0,3.6,991.4,6,4.6,1,12,4,1
2016-01-12 02:00:00,69.0,4.4,3.5,992.3,6,6.2,1,12,5,2
2016-01-12 03:00:00,58.4,4.2,3.3,992.9,6,5.1,1,12,6,3
2016-01-12 04:00:00,59.9,4.7,3.5,993.3,6,7.2,1,12,7,4
2016-01-12 05:00:00,60.8,5.0,3.0,993.8272007359959,6,6.7,1,12,1,5
2016-01-12 06:00:00,55.1,5.0,2.0,994.4761724990376,6,6.2,1,12,2,6
2016-01-12 07:00:00,63.0,4.4,2.7,994.9,6,6.2,1,12,3,7
2016-01-12 08:00:00,88.6,4.3,2.5,995.2,6,7.2,1,12,4,8
2016-01-12 09:00:00,104.4,4.6,2.2,996.1,6,6.2,1,12,5,9
2016-01-12 10:00:00,102.1,5.7,2.5,996.5,5,6.2,1,12,6,10
2016-01-12 11:00:00,96.3,6.3,2.5,996.9,6,8.8,1,12,7,11
2016-01-12 12:00:00,96.4,6.4,2.9,997.2,6,7.7,1,12,1,12
2016-01-12 13:00:00,103.9,6.9,3.4,997.2,6,7.7,1,12,2,13
2016-01-12 14:00:00,97.4,7.2,3.3,997.6,6,8.8,1,12,3,14
2016-01-12 15:00:00,102.6,6.6,4.1,998.6,6,6.2,1,12,4,15
2016-01-12 16:00:00,94.2,5.6,3.5,999.5,6,6.7,1,12,5,16
2016-01-12 17:00:00,105.7,5.8,3.2,1000.6,6,6.7,1,12,6,17
2016-01-12 18:00:00,105.8,5.8,3.3,1001.3,6,7.2,1,12,7,18
2016-01-12 19:00:00,124.9,6.1,2.8,1001.9,6,8.2,1,12,1,19
2016-01-12 20:00:00,120.7,6.3,2.8,1003.4,6,8.8,1,12,2,20
2016-01-12 21:00:00,114.6,6.0,2.9,1004.8,6,7.2,1,12,3,21
2016-01-12 22:00:00,113.9,5.5,2.7,1006.8,6,6.7,1,12,4,22
2016-01-12 23:00:00,109.8,5.3,3.2,1008.0,6,7.2,1,12,5,23
2016-01-13 00:00:00,94.8,5.0,3.4,1009.3,7,7.7,1,13,6,0
2016-01-13 01:00:00,84.9,5.2,3.4,1010.3,6,5.1,1,13,7,1
2016-01-13 02:00:00,69.4,5.3,2.5,1011.4,6,5.1,1,13,1,2
2016-01-13 03:00:00,62.9,4.9,1.8,1012.2,6,5.1,1,13,2,3
2016-01-13 04:00:00,59.0,3.7,1.0,1013.0,6,4.6,1,13,3,4
2016-01-13 05:00:00,59.9,2.6,0.5,1014.2,6,4.6,1,13,4,5
2016-01-13 06:00:00,62.6,2.4,0.3,1014.9,6,3.6,1,13,5,6
2016-01-13 07:00:00,69.3,2.5,0.7,1015.3,6,5.1,1,13,6,7
2016-01-13 08:00:00,96.3,2.3,0.6,1015.6,6,5.7,1,13,7,8
2016-01-13 09:00:00,98.7,2.8,0.7,1016.2,6,4.6,1,13,1,9
2016-01-13 10:00:00,96.1,4.4,1.4,1016.4,6,5.1,1,13,2,10
2016-01-13 11:00:00,91.5,4.8,1.5,1016.6,6,5.1,1,13,3,11
2016-01-13 12:00:00,89.5,5.4,1.4,1016.3,6,5.7,1,13,4,12
2016-01-13 13:00:00,100.7,6.1,0.2,1015.8,5,5.1,1,13,5,13
2016-01-13 14:00:00,99.9,6.8,1.1,1015.2,5,4.6,1,13,6,14
2016-01-13 15:00:00,98.6,6.4,0.9,1014.6,5,4.6,1,13,7,15
2016-01-13 16:00:00,94.6,6.1,1.0,1013.8,4,3.1,1,13,1,16
2016-01-13 17:00:00,97.3,6.0,1.1,1013.0,4,4.1,1,13,2,17
2016-01-13 18:00:00,108.3,5.4,1.9,1012.4,4,4.1,1,13,3,18
2016-01-13 19:00:00,111.3,5.6,2.8,1011.4,4,4.6,1,13,4,19
2016-01-13 20:00:00,106.7,5.6,3.1,1010.5,4,5.1,1,13,5,20
2016-01-13 21:00:00,97.3,4.9,3.5,1010.0,4,8.8,1,13,6,21
2016-01-13 22:00:00,100.1,4.8,3.7,1008.7,4,5.1,1,13,7,22
2016-01-13 23:00:00,100.3,5.0,3.8,1007.6,4,4.6,1,13,1,23
2016-01-14 00:00:00,92.6,4.9,4.1,1006.4,4,4.1,1,14,2,0
2016-01-14 01:00:00,77.6,4.9,4.4,1005.5,5,5.1,1,14,3,1
2016-01-14 02:00:00,66.6,4.4,3.2,1005.1,6,5.1,1,14,4,2
2016-01-14 03:00:00,62.8,3.6,2.7,1004.7,5,4.6,1,14,5,3
2016-01-14 04:00:00,61.8,2.6,1.8,1004.5,6,5.1,1,14,6,4
2016-01-14 05:00:00,60.0,2.9,1.7,1004.0,6,6.7,1,14,7,5
2016-01-14 06:00:00,56.4,2.3,1.2,1004.0,6,5.1,1,14,1,6
2016-01-14 07:00:00,62.6,2.3,0.7,1003.8,6,4.6,1,14,2,7
2016-01-14 08:00:00,84.3,2.5,0.7,1003.4,5,6.2,1,14,3,8
2016-01-14 09:00:00,91.9,3.2,1.1,1003.9,6,6.2,1,14,4,9
2016-01-14 10:00:00,96.2,3.3,1.4,1004.2,6,5.7,1,14,5,10
2016-01-14 11:00:00,101.2,4.6,1.2,1004.8,6,6.7,1,14,6,11
2016-01-14 12:00:00,97.6,4.6,1.4,1005.1,6,6.2,1,14,7,12
2016-01-14 13:00:00,100.4,4.9,0.9,1005.7,6,7.2,1,14,1,13
2016-01-14 14:00:00,104.9,5.2,0.8,1006.4,7,7.2,1,14,2,14
2016-01-14 15:00:00,99.4,5.0,-0.2,1007.4,6,7.7,1,14,3,15
2016-01-14 16:00:00,89.4,4.8,-2.2,1008.5,7,8.8,1,14,4,16
2016-01-14 17:00:00,91.7,3.8,-3.3,1009.5,7,6.7,1,14,5,17
2016-01-14 18:00:00,106.7,3.6,-3.4,1010.4,7,7.2,1,14,6,18
2016-01-14 19:00:00,116.8,3.5,-3.0,1011.0,7,8.8,1,14,7,19
2016-01-14 20:00:00,120.2,3.3,-3.0,1011.9,7,7.2,1,14,1,20
2016-01-14 21:00:00,121.6,3.1,-3.0,1012.5,7,6.7,1,14,2,21
2016-01-14 22:00:00,113.1,3.2,-3.0,1013.1,7,7.2,1,14,3,22
2016-01-14 23:00:00,108.5,2.6,-2.4,1014.0,6,5.1,1,14,4,23
2016-01-15 00:00:00,88.6,2.1,-1.6,1014.5,6,5.7,1,15,5,0
2016-01-15 01:00:00,83.0,2.0,-1.0,1014.8,6,4.1,1,15,6,1
2016-01-15 02:00:00,71.5,1.6,-1.3,1015.3,6,4.1,1,15,7,2
2016-01-15 03:00:00,57.9,2.1,-0.8,1015.5,6,5.7,1,15,1,3
2016-01-15 04:00:00,53.6,1.6,-0.7,1016.0,6,4.6,1,15,2,4
2016-01-15 05:00:00,54.6,1.5,-0.5,1016.7,6,3.6,1,15,3,5
2016-01-15 06:00:00,56.0,1.1,-0.6,1017.2,6,2.6,1,15,4,6
2016-01-15 07:00:00,60.1,1.8,-0.5,1017.7,7,4.6,1,15,5,7
2016-01-15 08:00:00,74.7,2.1,-0.6,1018.0,6,4.6,1,15,6,8
2016-01-15 09:00:00,95.1,1.8,-0.7,1018.7,6,3.6,1,15,7,9
2016-01-15 10:00:00,102.0,2.9,-0.4,1019.6,7,4.1,1,15,1,10
2016-01-15 11:00:00,92.9,4.0,-1.0,1020.3216064486496,7,5.1,1,15,2,11
2016-01-15 12:00:00,95.1,4.5,-1.9,1020.8,0,3.6,1,15,3,12
2016-01-15 13:00:00,96.7,5.6,-1.0,1021.1,7,5.1,1,15,4,13
2016-01-15 14:00:00,98.8,5.4,-0.6,1021.6,7,5.1,1,15,5,14
2016-01-15 15:00:00,88.3,5.6,-0.4,1022.1,7,5.7,1,15,6,15
2016-01-15 16:00:00,93.3,4.8,-0.5,1023.0,7,5.1,1,15,7,16
2016-01-15 17:00:00,99.5,4.0,-0.1,1023.3,6,5.1,1,15,1,17
2016-01-15 18:00:00,114.7,3.5,-0.2,1023.9,6,4.6,1,15,2,18
2016-01-15 19:00:00,110.0,2.5,0.0,1024.2,6,3.6,1,15,3,19
2016-01-15 20:00:00,103.5,2.1,-0.9,1024.5,6,3.6,1,15,4,20
2016-01-15 21:00:00,98.2,3.3,-0.6,1024.8,6,4.1,1,15,5,21
2016-01-15 22:00:00,90.1,2.8,-0.7,1025.1,7,3.6,1,15,6,22
2016-01-15 23:00:00,88.1,2.6,0.0,1025.8,6,2.6,1,15,7,23
2016-01-16 00:00:00,84.7,2.4,0.0,1026.4,6,3.1,1,16,1,0
2016-01-16 01:00:00,79.3,2.2,0.3,1026.8,6,3.1,1,16,2,1
2016-01-16 02:00:00,78.5,2.4,0.6,1027.1,6,3.6,1,16,3,2
2016-01-16 03:00:00,77.1,2.0,0.3,1027.4,6,3.1,1,16,4,3
2016-01-16 04:00:00,70.4,1.2,-0.2,1028.1,6,2.1,1,16,5,4
2016-01-16 05:00:00,63.0,0.7,-0.7,1028.3,6,2.1,1,16,6,5
2016-01-16 06:00:00,61.2,0.4,-1.0,1028.4,6,2.6,1,16,7,6
2016-01-16 07:00:00,65.1,0.0,-1.4,1028.7,6,2.6,1,16,1,7
2016-01-16 08:00:00,67.4,-1.1,-2.2,1029.0,6,2.1,1,16,2,8
2016-01-16 09:00:00,66.0,-1.1,-2.1,1029.7,6,3.1,1,16,3,9
2016-01-16 10:00:00,75.7,1.3,-1.4,1029.7,6,2.1,1,16,4,10
2016-01-16 11:00:00,90.5,3.1,-0.8,1030.1,6,1.5,1,16,5,11
2016-01-16 12:00:00,96.1,4.1,-0.5,1030.0,6,1.5,1,16,6,12
2016-01-16 13:00:00,97.9,4.3,-0.6,1029.8,6,2.6,1,16,7,13
2016-01-16 14:00:00,94.5,4.9,-0.6,1029.4,6,2.6,1,16,1,14
2016-01-16 15:00:00,93.5,4.8,-0.2,1029.2,6,3.1,1,16,2,15
2016-01-16 16:00:00,89.1,3.9,-0.4,1029.3,6,3.1,1,16,3,16
2016-01-16 17:00:00,97.3,3.3,-0.5,1029.4,6,2.6,1,16,4,17
2016-01-16 18:00:00,98.1,2.7,-0.2,1029.1,6,1.5,1,16,5,18
2016-01-16 19:00:00,103.3,2.8,0.0,1029.0,6,2.1,1,16,6,19
2016-01-16 20:00:00,99.3,2.9,-0.1,1029.1,6,1.5,1,16,7,20
2016-01-16 21:00:00,93.3,3.1,-0.4,1028.7,6,2.1,1,16,1,21
2016-01-16 22:00:00,91.5,2.9,-0.2,1028.8,7,1.0,1,16,2,22
2016-01-16 23:00:00,94.8,2.1,0.5,1029.0,0,1.0,1,16,3,23
2016-01-17 00:00:00,95.9,2.0,0.9,1028.7,1,1.5,1,17,4,0
2016-01-17 01:00:00,79.2,1.6,1.0,1028.1,2,2.6,1,17,5,1
2016-01-17 02:00:00,75.0,1.6,1.3,1027.9,3,3.6,1,17,6,2
2016-01-17 03:00:00,70.5,0.9,0.5,1027.5,2,3.1,1,17,7,3
2016-01-17 04:00:00,60.6,0.4,0.0,1027.2,2,3.1,1,17,1,4
2016-01-17 05:00:00,60.5,0.3,0.0,1027.2,2,2.6,1,17,2,5
2016-01-17 06:00:00,53.8,0.3,0.1,1027.2,2,3.1,1,17,3,6
2016-01-17 07:00:00,52.0,0.4,0.2,1027.3,2,3.1,1,17,4,7
2016-01-17 08:00:00,56.7,0.7,0.5,1027.1,2,3.6,1,17,5,8
2016-01-17 09:00:00,65.1,0.9,0.5,1027.4,3,2.1,1,17,6,9
2016-01-17 10:00:00,75.7,1.6,0.5,1027.5,1,1.5,1,17,7,10
2016-01-17 11:00:00,86.9,2.2,0.7,1027.4,2,2.6,1,17,1,11
2016-01-17 12:00:00,90.8,3.0,0.8,1026.9,3,3.1,1,17,2,12
2016-01-17 13:00:00,95.5,3.4,1.1,1026.2,3,3.6,1,17,3,13
2016-01-17 14:00:00,101.8,3.5,1.8,1025.5,3,2.6,1,17,4,14
2016-01-17 15:00:00,105.0,3.8,2.0,1024.6,2,3.6,1,17,5,15
2016-01-17 16:00:00,110.2,3.7,1.8,1024.0,2,3.6,1,17,6,16
2016-01-17 17:00:00,106.0,3.5,1.8,1023.5,2,3.6,1,17,7,17
2016-01-17 18:00:00,123.1,3.5,1.8,1023.3,2,4.1,1,17,1,18
2016-01-17 19:00:00,123.8,3.6,1.5,1022.9,3,4.6,1,17,2,19
2016-01-17 20:00:00,117.3,3.7,1.3,1022.1,3,5.7,1,17,3,20
2016-01-17 21:00:00,111.0,3.9,1.1,1021.3,3,5.7,1,17,4,21
2016-01-17 22:00:00,115.1,4.2,1.4,1020.6,3,6.7,1,17,5,22
2016-01-17 23:00:00,112.5,4.2,2.1,1019.9,3,5.7,1,17,6,23
2016-01-18 00:00:00,96.8,4.3,2.7,1019.2,3,5.1,1,18,7,0
2016-01-18 01:00:00,88.7,4.4,3.2,1018.3,3,5.7,1,18,1,1
2016-01-18 02:00:00,69.8,4.4,2.8,1017.3,3,5.1,1,18,2,2
2016-01-18 03:00:00,68.1,4.2,2.2,1016.7,3,6.2,1,18,3,3
2016-01-18 04:00:00,57.1,4.0,2.0,1015.8,3,5.7,1,18,4,4
2016-01-18 05:00:00,53.8,3.7,1.7,1015.2,3,5.1,1,18,5,5
2016-01-18 06:00:00,53.9,3.6,1.7,1014.8,3,5.7,1,18,6,6
2016-01-18 07:00:00,62.8,3.7,1.8,1014.5,3,5.1,1,18,7,7
2016-01-18 08:00:00,82.4,3.9,1.9,1014.3,3,5.7,1,18,1,8
2016-01-18 09:00:00,95.0,4.0,1.9,1014.3,3,5.7,1,18,2,9
2016-01-18 10:00:00,91.4,4.2,1.7,1014.2,3,6.2,1,18,3,10
2016-01-18 11:00:00,95.2,4.7,1.8,1014.2,3,5.7,1,18,4,11
2016-01-18 12:00:00,85.9,4.9,1.2,1013.8,3,5.7,1,18,5,12
2016-01-18 13:00:00,77.9,5.0,1.4,1013.4,3,4.6,1,18,6,13
2016-01-18 14:00:00,80.0,4.9,0.3,1013.1,3,4.1,1,18,7,14
2016-01-18 15:00:00,80.0,4.9,0.5,1013.3,3,3.6,1,18,1,15
2016-01-18 16:00:00,80.9,3.5,-0.4,1013.4,3,4.6,1,18,2,16
2016-01-18 17:00:00,96.3,2.4,-0.9,1013.9,2,4.1,1,18,3,17
2016-01-18 18:00:00,101.4,1.4,-1.0,1014.4,2,3.6,1,18,4,18
2016-01-18 19:00:00,102.1,0.6,-2.5,1014.8,2,2.6,1,18,5,19
2016-01-18 20:00:00,103.6,-0.4,-3.2,1014.9,2,3.1,1,18,6,20
2016-01-18 21:00:00,101.0,0.7,-3.0,1015.0,2,2.1,1,18,7,21
2016-01-18 22:00:00,93.8,0.2,-3.4,1015.4,2,1.0,1,18,1,22
2016-01-18 23:00:00,96.3,0.0,-3.6,1015.5,1,1.5,1,18,2,23
2016-01-19 00:00:00,85.3,-1.1,-3.2,1015.5,1,1.5,1,19,3,0
2016-01-19 01:00:00,70.4,-1.2,-3.1,1015.6,1,1.0,1,19,4,1
2016-01-19 02:00:00,52.7,-2.1,-3.4,1015.6,0,1.0,1,19,5,2
2016-01-19 03:00:00,45.2,-2.0,-2.9,1015.8,1,1.0,1,19,6,3
2016-01-19 04:00:00,36.6,-1.4,-2.6,1015.7,1,0.5,1,19,7,4
2016-01-19 05:00:00,40.3,-1.3,-2.8,1016.1,0,1.0,1,19,1,5
2016-01-19 06:00:00,40.1,-1.1,-2.7,1016.2,1,0.5,1,19,2,6
2016-01-19 07:00:00,47.7,-0.9,-2.7,1016.4,0,0.5,1,19,3,7
2016-01-19 08:00:00,70.7,-1.1,-2.8,1016.6,1,1.0,1,19,4,8
2016-01-19 09:00:00,84.5,-1.0,-2.4,1016.9,1,0.5,1,19,5,9
2016-01-19 10:00:00,83.3,-1.0,-2.8,1017.2,0,1.0,1,19,6,10
2016-01-19 11:00:00,68.0,3.4,-0.9,1017.5,0,0.0,1,19,7,11
2016-01-19 12:00:00,69.7,4.1,-3.0,1017.4,3,0.5,1,19,1,12
2016-01-19 13:00:00,71.3,4.6,-2.6,1017.2,5,1.5,1,19,2,13
2016-01-19 14:00:00,82.6,4.8,-3.4,1017.1,5,1.5,1,19,3,14
2016-01-19 15:00:00,75.7,4.3,-6.7,1016.9,7,1.5,1,19,4,15
2016-01-19 16:00:00,76.1,4.2,-7.4,1017.1,7,0.5,1,19,5,16
2016-01-19 17:00:00,88.4,2.7,-8.9,1017.4,6,2.1,1,19,6,17
2016-01-19 18:00:00,95.3,1.8,-8.3,1017.8,7,1.5,1,19,7,18
2016-01-19 19:00:00,111.5,1.2,-6.3,1018.0,7,1.5,1,19,1,19
2016-01-19 20:00:00,114.5,0.4,-5.2,1018.6,0,1.0,1,19,2,20
2016-01-19 21:00:00,105.4,-0.9,-4.7,1018.8,7,0.5,1,19,3,21
2016-01-19 22:00:00,101.0,-1.1,-3.8,1018.9,6,1.0,1,19,4,22
2016-01-19 23:00:00,94.1,-2.0,-4.4,1019.1,6,0.5,1,19,5,23
2016-01-20 00:00:00,83.0,-2.6,-4.2,1019.2,7,1.0,1,20,6,0
2016-01-20 01:00:00,64.4,-3.0,-4.3,1019.1,7,0.5,1,20,7,1
2016-01-20 02:00:00,46.6,-3.1,-3.9,1019.2,0,1.0,1,20,1,2
2016-01-20 03:00:00,40.5,-3.7,-4.4,1019.3,6,0.5,1,20,2,3
2016-01-20 04:00:00,36.9,-3.8,-4.4,1019.3,6,1.0,1,20,3,4
2016-01-20 05:00:00,39.4,-3.5,-4.1,1019.3,7,0.5,1,20,4,5
2016-01-20 06:00:00,46.1,-3.5,-4.1,1019.6,6,0.5,1,20,5,6
2016-01-20 07:00:00,53.9,-3.5,-4.2,1020.0,7,0.5,1,20,6,7
2016-01-20 08:00:00,77.4,-3.3,-4.2,1020.7,6,1.0,1,20,7,8
2016-01-20 09:00:00,86.9,-2.9,-4.0,1021.0,7,1.0,1,20,1,9
2016-01-20 10:00:00,75.0,-1.3,-3.3,1021.2,0,0.5,1,20,2,10
2016-01-20 11:00:00,66.4,1.3,-1.7,1021.2,7,0.5,1,20,3,11
2016-01-20 12:00:00,69.3,3.2,-0.9,1021.2,7,1.0,1,20,4,12
2016-01-20 13:00:00,80.0,5.2,-0.6,1020.6,7,0.5,1,20,5,13
2016-01-20 14:00:00,86.1,6.7,0.5,1020.2,4,0.5,1,20,6,14
2016-01-20 15:00:00,78.2,6.2,-0.1,1020.2,4,1.5,1,20,7,15
2016-01-20 16:00:00,81.1,4.3,-0.1,1020.3,2,2.1,1,20,1,16
2016-01-20 17:00:00,88.5,3.5,-0.2,1020.6,2,1.5,1,20,2,17
2016-01-20 18:00:00,96.8,2.1,-0.5,1020.9,2,3.1,1,20,3,18
2016-01-20 19:00:00,99.3,2.3,0.1,1021.3,2,3.6,1,20,4,19
2016-01-20 20:00:00,94.5,2.4,0.5,1021.4,2,3.6,1,20,5,20
2016-01-20 21:00:00,96.1,0.4,-0.6,1021.7,3,2.1,1,20,6,21
2016-01-20 22:00:00,88.4,0.1,-1.1,1021.9,3,1.5,1,20,7,22
2016-01-20 23:00:00,85.5,0.7,-0.4,1022.0,2,1.5,1,20,1,23
2016-01-21 00:00:00,79.8,0.0,-1.6,1021.9,2,2.1,1,21,2,0
2016-01-21 01:00:00,68.1,-0.1,-1.1,1021.1,2,2.6,1,21,3,1
2016-01-21 02:00:00,43.0,-2.0,-3.0,1021.1,2,3.1,1,21,4,2
2016-01-21 03:00:00,41.0,-1.0,-1.7,1021.4,2,2.6,1,21,5,3
2016-01-21 04:00:00,38.9,-1.0,-1.5,1021.6,3,1.0,1,21,6,4
2016-01-21 05:00:00,38.3,-0.2,-0.5,1021.3,2,2.1,1,21,7,5
2016-01-21 06:00:00,39.0,1.2,-0.3,1020.8,3,4.1,1,21,1,6
2016-01-21 07:00:00,43.1,1.3,-0.1,1021.4,3,3.1,1,21,2,7
2016-01-21 08:00:00,60.3,1.7,0.4,1021.6,3,3.6,1,21,3,8
2016-01-21 09:00:00,82.2,2.3,1.1,1022.0,2,1.5,1,21,4,9
2016-01-21 10:00:00,78.4,3.6,2.1,1021.8,3,2.6,1,21,5,10
2016-01-21 11:00:00,77.1,4.7,2.3,1021.6,3,3.6,1,21,6,11
2016-01-21 12:00:00,78.6,5.8,1.6,1021.5,4,4.1,1,21,7,12
2016-01-21 13:00:00,83.4,7.4,1.9,1021.0,4,5.1,1,21,1,13
2016-01-21 14:00:00,81.9,8.0,0.7,1020.9,4,3.6,1,21,2,14
2016-01-21 15:00:00,71.1,7.3,0.9,1021.0,4,5.1,1,21,3,15
2016-01-21 16:00:00,73.0,6.7,2.1,1020.8,3,5.1,1,21,4,16
2016-01-21 17:00:00,83.9,6.2,2.0,1020.9,3,4.6,1,21,5,17
2016-01-21 18:00:00,86.4,5.8,1.8,1021.2,4,4.6,1,21,6,18
2016-01-21 19:00:00,90.7,5.4,2.0,1021.1,3,3.6,1,21,7,19
2016-01-21 20:00:00,92.5,4.5,2.0,1021.3,3,3.6,1,21,1,20
2016-01-21 21:00:00,87.0,4.2,2.0,1021.2,3,4.1,1,21,2,21
2016-01-21 22:00:00,86.8,3.6,1.8,1021.0,3,4.1,1,21,3,22
2016-01-21 23:00:00,91.5,4.7,2.3,1020.5,3,4.6,1,21,4,23
2016-01-22 00:00:00,69.9,5.1,2.5,1020.0,3,4.6,1,22,5,0
2016-01-22 01:00:00,68.7,5.6,2.8,1019.7,3,4.6,1,22,6,1
2016-01-22 02:00:00,55.6,5.9,3.1,1019.3,4,5.7,1,22,7,2
2016-01-22 03:00:00,44.4,5.9,2.9,1018.9,3,4.6,1,22,1,3
2016-01-22 04:00:00,42.4,5.7,2.8,1018.3,3,4.6,1,22,2,4
2016-01-22 05:00:00,39.9,5.8,2.8,1017.5,3,5.1,1,22,3,5
2016-01-22 06:00:00,40.7,6.0,3.1,1017.0,3,4.6,1,22,4,6
2016-01-22 07:00:00,45.7,6.5,4.1,1016.4,4,5.7,1,22,5,7
2016-01-22 08:00:00,66.5,6.2,5.2,1015.7,3,6.2,1,22,6,8
2016-01-22 09:00:00,79.2,6.3,5.6,1015.5,4,6.7,1,22,7,9
2016-01-22 10:00:00,81.5,6.5,6.1,1015.2,3,4.6,1,22,1,10
2016-01-22 11:00:00,74.6,7.6,6.9,1014.7,4,6.2,1,22,2,11
2016-01-22 12:00:00,70.8,8.0,7.5,1014.2,4,5.7,1,22,3,12
2016-01-22 13:00:00,73.8,8.8,8.4,1014.0,4,5.1,1,22,4,13
2016-01-22 14:00:00,79.0,9.4,9.0,1014.1,4,4.6,1,22,5,14
2016-01-22 15:00:00,73.3,10.0,9.8,1014.7,5,4.1,1,22,6,15
2016-01-22 16:00:00,68.6,10.8,10.1,1015.5,5,3.6,1,22,7,16
2016-01-22 17:00:00,75.0,9.8,8.0,1016.9,6,5.1,1,22,1,17
2016-01-22 18:00:00,81.3,9.4,7.3,1018.3,6,6.2,1,22,2,18
2016-01-22 19:00:00,76.3,8.9,6.7,1019.3,5,6.2,1,22,3,19
2016-01-22 20:00:00,81.9,9.0,6.5,1020.3,5,7.2,1,22,4,20
2016-01-22 21:00:00,75.0,8.4,6.1,1021.0,5,4.1,1,22,5,21
2016-01-22 22:00:00,76.0,7.7,5.9,1021.8,5,4.1,1,22,6,22
2016-01-22 23:00:00,67.0,7.6,6.1,1022.9,5,5.7,1,22,7,23
2016-01-23 00:00:00,61.6,6.2,5.0,1024.3,5,3.6,1,23,1,0
2016-01-23 01:00:00,51.3,6.9,5.9,1025.3,5,2.6,1,23,2,1
2016-01-23 02:00:00,47.3,6.2,5.4,1026.2,5,3.1,1,23,3,2
2016-01-23 03:00:00,48.4,5.9,5.2,1027.2,5,4.1,1,23,4,3
2016-01-23 04:00:00,53.0,5.6,5.1,1027.8,5,2.6,1,23,5,4
2016-01-23 05:00:00,47.9,4.2,3.8,1028.0,4,1.5,1,23,6,5
2016-01-23 06:00:00,37.3,4.7,4.4,1028.1,4,2.1,1,23,7,6
2016-01-23 07:00:00,36.6,5.7,5.6,1029.0,5,4.6,1,23,1,7
2016-01-23 08:00:00,38.9,5.8,5.4,1029.9,5,2.1,1,23,2,8
2016-01-23 09:00:00,41.7,5.9,5.6,1030.9,5,2.1,1,23,3,9
2016-01-23 10:00:00,52.5,7.1,6.6,1031.3,5,3.1,1,23,4,10
2016-01-23 11:00:00,53.4,7.1,6.9,1031.5,5,3.6,1,23,5,11
2016-01-23 12:00:00,59.4,7.9,7.8,1031.5,5,4.6,1,23,6,12
2016-01-23 13:00:00,73.1,9.0,8.5,1031.2,4,3.1,1,23,7,13
2016-01-23 14:00:00,72.7,10.1,8.9,1030.4,4,2.6,1,23,1,14
2016-01-23 15:00:00,69.2,11.0,9.0,1029.7,4,3.6,1,23,2,15
2016-01-23 16:00:00,68.5,9.1,7.6,1029.6,4,5.1,1,23,3,16
2016-01-23 17:00:00,70.2,8.6,7.0,1029.7,4,4.6,1,23,4,17
2016-01-23 18:00:00,78.7,8.2,6.8,1029.2,3,4.6,1,23,5,18
2016-01-23 19:00:00,78.3,8.2,6.7,1028.5,4,5.7,1,23,6,19
2016-01-23 20:00:00,72.6,8.4,7.0,1028.4,4,4.1,1,23,7,20
2016-01-23 21:00:00,70.4,8.5,7.1,1027.7,4,6.2,1,23,1,21
2016-01-23 22:00:00,75.6,8.4,7.6,1027.3,4,5.7,1,23,2,22
2016-01-23 23:00:00,65.8,8.6,8.0,1027.3,4,4.1,1,23,3,23
2016-01-24 00:00:00,64.2,8.7,8.3,1026.8,4,5.1,1,24,4,0
2016-01-24 01:00:00,55.8,9.0,8.7,1026.5,4,4.6,1,24,5,1
2016-01-24 02:00:00,49.6,9.2,9.1,1026.1,4,3.6,1,24,6,2
2016-01-24 03:00:00,43.6,9.3,9.3,1026.2,4,3.1,1,24,7,3
2016-01-24 04:00:00,35.2,9.8,9.8,1026.0,4,2.6,1,24,1,4
2016-01-24 05:00:00,39.4,10.0,10.0,1025.7,4,3.1,1,24,2,5
2016-01-24 06:00:00,33.2,11.1,11.1,1025.7,5,4.1,1,24,3,6
2016-01-24 07:00:00,34.9,12.0,12.0,1025.5,5,4.6,1,24,4,7
2016-01-24 08:00:00,32.8,11.9,11.9,1026.0,5,5.1,1,24,5,8
2016-01-24 09:00:00,39.1,12.2,12.1,1026.6,4,5.7,1,24,6,9
2016-01-24 10:00:00,52.7,12.5,12.2,1026.8,4,5.7,1,24,7,10
2016-01-24 11:00:00,55.3,13.3,12.3,1027.0,5,5.7,1,24,1,11
2016-01-24 12:00:00,55.7,14.0,12.5,1026.8,5,5.1,1,24,2,12
2016-01-24 13:00:00,59.4,14.9,12.7,1026.7,5,4.6,1,24,3,13
2016-01-24 14:00:00,69.0,14.8,12.7,1026.2,5,5.1,1,24,4,14
2016-01-24 15:00:00,64.2,14.4,12.9,1026.5,5,4.6,1,24,5,15
2016-01-24 16:00:00,66.2,14.0,12.4,1026.7,5,5.1,1,24,6,16
2016-01-24 17:00:00,69.2,13.3,12.3,1026.4,4,3.6,1,24,7,17
2016-01-24 18:00:00,73.3,12.8,12.1,1026.8,4,4.1,1,24,1,18
2016-01-24 19:00:00,81.8,12.2,11.9,1026.8,4,3.6,1,24,2,19
2016-01-24 20:00:00,82.2,12.0,11.7,1026.6,4,4.1,1,24,3,20
2016-01-24 21:00:00,75.6,12.6,12.2,1026.1,4,4.6,1,24,4,21
2016-01-24 22:00:00,74.7,12.3,11.6,1025.6,4,3.6,1,24,5,22
2016-01-24 23:00:00,74.5,11.9,11.2,1025.0,4,3.6,1,24,6,23
2016-01-25 00:00:00,64.8,11.5,10.9,1024.7,4,2.6,1,25,7,0
2016-01-25 01:00:00,55.9,11.0,10.4,1024.0,4,3.1,1,25,1,1
2016-01-25 02:00:00,42.3,11.4,10.5,1023.4,4,4.6,1,25,2,2
2016-01-25 03:00:00,35.1,11.4,9.6,1022.6,4,4.6,1,25,3,3
2016-01-25 04:00:00,33.6,11.5,9.3,1021.5,4,5.1,1,25,4,4
2016-01-25 05:00:00,31.0,10.7,8.9,1021.3,4,4.6,1,25,5,5
2016-01-25 06:00:00,29.4,10.5,8.8,1020.7,4,4.6,1,25,6,6
2016-01-25 07:00:00,36.4,10.1,7.7,1020.0,3,6.2,1,25,7,7
2016-01-25 08:00:00,53.6,9.8,6.8,1019.3,4,5.1,1,25,1,8
2016-01-25 09:00:00,69.5,10.2,6.5,1019.1,3,2.6,1,25,2,9
2016-01-25 10:00:00,56.3,11.2,6.4,1018.8,4,5.1,1,25,3,10
2016-01-25 11:00:00,66.2,11.9,7.6,1019.2,4,6.7,1,25,4,11
2016-01-25 12:00:00,62.6,12.2,8.5,1018.4,4,5.7,1,25,5,12
2016-01-25 13:00:00,64.0,12.9,9.7,1018.1,4,6.7,1,25,6,13
2016-01-25 14:00:00,61.7,13.0,10.5,1017.6,4,5.7,1,25,7,14
2016-01-25 15:00:00,70.8,12.6,10.7,1017.4,4,6.2,1,25,1,15
2016-01-25 16:00:00,72.7,13.3,10.2,1017.3,5,8.8,1,25,2,16
2016-01-25 17:00:00,73.7,12.4,8.7,1018.1,5,10.3,1,25,3,17
2016-01-25 18:00:00,80.4,12.0,8.3,1019.2,5,8.2,1,25,4,18
2016-01-25 19:00:00,88.6,11.8,8.1,1020.1,5,8.2,1,25,5,19
2016-01-25 20:00:00,92.7,11.0,6.8,1021.8,6,8.2,1,25,6,20
2016-01-25 21:00:00,79.4,9.8,5.7,1022.3,6,7.2,1,25,7,21
2016-01-25 22:00:00,78.7,8.9,5.4,1022.5,5,4.6,1,25,1,22
2016-01-25 23:00:00,74.7,8.1,5.7,1023.5,5,4.6,1,25,2,23
2016-01-26 00:00:00,61.2,7.3,5.5,1023.6,5,4.1,1,26,3,0
2016-01-26 01:00:00,53.3,6.7,5.2,1023.3,5,3.1,1,26,4,1
2016-01-26 02:00:00,44.3,6.3,5.0,1023.0,4,3.6,1,26,5,2
2016-01-26 03:00:00,37.8,5.6,4.9,1022.7,4,2.6,1,26,6,3
2016-01-26 04:00:00,38.3,5.9,5.5,1022.1,4,3.1,1,26,7,4
2016-01-26 05:00:00,35.7,6.1,5.8,1021.1,4,2.6,1,26,1,5
2016-01-26 06:00:00,31.8,7.4,6.6,1020.1,4,4.6,1,26,2,6
2016-01-26 07:00:00,40.2,7.7,6.7,1019.3,4,5.7,1,26,3,7
2016-01-26 08:00:00,57.6,8.7,7.0,1018.2,4,6.2,1,26,4,8
2016-01-26 09:00:00,70.1,9.4,6.7,1017.4,4,8.2,1,26,5,9
2016-01-26 10:00:00,67.4,9.9,6.4,1017.0,5,7.7,1,26,6,10
2016-01-26 11:00:00,61.8,10.6,6.3,1016.2,5,10.3,1,26,7,11
2016-01-26 12:00:00,64.4,10.9,6.5,1015.6,5,11.3,1,26,1,12
2016-01-26 13:00:00,64.8,10.0,8.2,1014.3,5,10.8,1,26,2,13
2016-01-26 14:00:00,71.8,10.1,8.8,1013.3,5,11.3,1,26,3,14
2016-01-26 15:00:00,63.3,10.5,9.2,1012.6,5,10.8,1,26,4,15
2016-01-26 16:00:00,65.8,10.4,9.4,1012.3,5,12.4,1,26,5,16
2016-01-26 17:00:00,74.2,10.8,9.9,1012.3,5,10.8,1,26,6,17
2016-01-26 18:00:00,82.6,11.1,10.0,1012.0,5,10.8,1,26,7,18
2016-01-26 19:00:00,87.4,11.1,10.3,1012.0,5,9.8,1,26,1,19
2016-01-26 20:00:00,91.5,11.2,10.3,1011.9,5,9.8,1,26,2,20
2016-01-26 21:00:00,78.9,11.4,10.6,1011.8,5,9.8,1,26,3,21
2016-01-26 22:00:00,78.8,11.3,10.7,1011.6,5,9.8,1,26,4,22
2016-01-26 23:00:00,68.7,11.4,10.9,1011.6,5,8.8,1,26,5,23
2016-01-27 00:00:00,61.4,11.4,10.9,1011.4,4,8.8,1,27,6,0
2016-01-27 01:00:00,46.9,11.6,11.1,1010.6,4,8.8,1,27,7,1
2016-01-27 02:00:00,37.7,11.9,11.2,1009.9,5,9.8,1,27,1,2
2016-01-27 03:00:00,37.9,11.9,11.2,1009.1,5,11.3,1,27,2,3
2016-01-27 04:00:00,41.0,12.1,11.2,1008.8,5,10.8,1,27,3,4
2016-01-27 05:00:00,32.0,12.3,11.4,1008.2,5,12.4,1,27,4,5
2016-01-27 06:00:00,32.5,12.2,11.2,1008.4,5,9.8,1,27,5,6
2016-01-27 07:00:00,50.0,12.4,11.1,1008.2,5,11.3,1,27,6,7
2016-01-27 08:00:00,53.7,12.4,11.2,1007.6,5,11.8,1,27,7,8
2016-01-27 09:00:00,65.3,12.6,11.4,1007.5,5,11.3,1,27,1,9
2016-01-27 10:00:00,63.8,13.1,11.4,1007.3,5,11.8,1,27,2,10
2016-01-27 11:00:00,63.9,12.9,11.7,1007.3,5,10.3,1,27,3,11
2016-01-27 12:00:00,60.2,13.2,11.5,1006.6,5,10.8,1,27,4,12
2016-01-27 13:00:00,62.3,13.1,12.0,1005.9,5,10.8,1,27,5,13
2016-01-27 14:00:00,68.0,12.8,12.1,1005.8,5,9.8,1,27,6,14
2016-01-27 15:00:00,61.2,12.9,12.0,1005.9,5,8.2,1,27,7,15
2016-01-27 16:00:00,69.6,12.1,11.8,1006.4,5,8.2,1,27,1,16
2016-01-27 17:00:00,65.3,11.6,8.5,1007.6,6,10.8,1,27,2,17
2016-01-27 18:00:00,82.0,10.3,6.8,1009.2,6,7.2,1,27,3,18
2016-01-27 19:00:00,85.3,9.6,6.8,1010.4,6,6.2,1,27,4,19
2016-01-27 20:00:00,81.6,9.1,6.0,1011.5,6,6.7,1,27,5,20
2016-01-27 21:00:00,76.1,8.9,5.6,1012.9,6,5.7,1,27,6,21
2016-01-27 22:00:00,80.7,8.3,6.0,1014.3,6,5.1,1,27,7,22
2016-01-27 23:00:00,70.5,7.8,4.4,1015.5,6,6.2,1,27,1,23
2016-01-28 00:00:00,72.3,7.1,3.2,1017.1,6,6.2,1,28,2,0
2016-01-28 01:00:00,49.9,5.8,2.6,1018.5,6,3.6,1,28,3,1
2016-01-28 02:00:00,37.7,4.4,2.3,1019.8,6,3.1,1,28,4,2
2016-01-28 03:00:00,34.2,3.3,1.8,1020.7,6,4.1,1,28,5,3
2016-01-28 04:00:00,36.0,2.9,1.1,1021.7,5,3.1,1,28,6,4
2016-01-28 05:00:00,33.8,2.6,1.1,1022.6,6,3.6,1,28,7,5
2016-01-28 06:00:00,32.5,2.3,0.6,1023.6,6,2.6,1,28,1,6
2016-01-28 07:00:00,35.5,2.7,0.9,1024.6,4,3.6,1,28,2,7
2016-01-28 08:00:00,58.5,2.8,0.9,1025.0,4,3.6,1,28,3,8
2016-01-28 09:00:00,65.0,3.1,1.1,1025.5,5,3.1,1,28,4,9
2016-01-28 10:00:00,65.5,4.8,2.1,1025.7,5,4.1,1,28,5,10
2016-01-28 11:00:00,67.7,6.7,2.3,1025.7,5,5.7,1,28,6,11
2016-01-28 12:00:00,62.5,8.0,2.0,1025.4,5,6.2,1,28,7,12
2016-01-28 13:00:00,79.0,9.4,2.1,1025.1,5,8.2,1,28,1,13
2016-01-28 14:00:00,87.8,9.5,2.5,1024.6,5,8.2,1,28,2,14
2016-01-28 15:00:00,80.5,9.4,2.5,1024.5,5,8.8,1,28,3,15
2016-01-28 16:00:00,85.8,9.1,1.7,1024.1,5,8.2,1,28,4,16
2016-01-28 17:00:00,87.7,8.3,2.3,1024.2,5,6.2,1,28,5,17
2016-01-28 18:00:00,99.0,7.9,2.8,1024.1,5,6.2,1,28,6,18
2016-01-28 19:00:00,105.6,7.7,3.6,1023.4,5,7.2,1,28,7,19
2016-01-28 20:00:00,107.4,8.2,4.2,1023.2,5,8.2,1,28,1,20
2016-01-28 21:00:00,97.9,8.9,5.0,1022.4,5,9.3,1,28,2,21
2016-01-28 22:00:00,94.8,9.6,5.4,1022.4,5,10.3,1,28,3,22
2016-01-28 23:00:00,86.7,9.2,6.3,1021.6,5,9.8,1,28,4,23
2016-01-29 00:00:00,75.2,9.4,7.3,1021.8,5,9.3,1,29,5,0
2016-01-29 01:00:00,71.4,9.6,7.9,1021.3,5,9.3,1,29,6,1
2016-01-29 02:00:00,65.6,10.2,8.1,1020.7,5,8.8,1,29,7,2
2016-01-29 03:00:00,61.3,10.4,8.2,1020.3,5,8.2,1,29,1,3
2016-01-29 04:00:00,55.9,10.3,8.8,1019.8,5,8.8,1,29,2,4
2016-01-29 05:00:00,48.5,10.1,9.5,1019.2,5,8.8,1,29,3,5
2016-01-29 06:00:00,47.1,10.5,9.1,1018.9,5,9.8,1,29,4,6
2016-01-29 07:00:00,57.6,11.1,8.5,1018.6,5,10.3,1,29,5,7
2016-01-29 08:00:00,67.7,11.2,7.8,1018.1,5,10.8,1,29,6,8
2016-01-29 09:00:00,78.9,11.3,7.9,1018.1,5,12.9,1,29,7,9
2016-01-29 10:00:00,77.2,11.5,7.4,1017.6,5,12.9,1,29,1,10
2016-01-29 11:00:00,80.0,11.6,7.8,1018.0,5,9.8,1,29,2,11
2016-01-29 12:00:00,74.4,11.8,8.2,1017.5,5,11.3,1,29,3,12
2016-01-29 13:00:00,82.4,11.8,8.8,1017.1,5,10.8,1,29,4,13
2016-01-29 14:00:00,82.6,11.5,9.8,1017.1,5,9.8,1,29,5,14
2016-01-29 15:00:00,72.4,11.8,9.4,1016.7,5,8.8,1,29,6,15
2016-01-29 16:00:00,72.4,11.9,9.2,1016.3,5,9.8,1,29,7,16
2016-01-29 17:00:00,77.1,11.9,9.3,1016.0,5,8.8,1,29,1,17
2016-01-29 18:00:00,80.6,11.9,9.4,1015.9,5,10.3,1,29,2,18
2016-01-29 19:00:00,85.4,11.6,9.4,1015.4,5,9.3,1,29,3,19
2016-01-29 20:00:00,84.5,11.5,9.9,1014.8,5,8.8,1,29,4,20
2016-01-29 21:00:00,75.1,11.1,10.3,1014.1,5,8.8,1,29,5,21
2016-01-29 22:00:00,80.5,11.2,10.3,1013.0,5,9.8,1,29,6,22
2016-01-29 23:00:00,75.8,11.1,10.2,1011.9,5,10.3,1,29,7,23
2016-01-30 00:00:00,72.7,10.6,10.1,1010.9,5,10.3,1,30,1,0
2016-01-30 01:00:00,61.3,10.8,10.3,1009.8,5,10.3,1,30,2,1
2016-01-30 02:00:00,55.2,10.9,10.4,1008.4,5,8.8,1,30,3,2
2016-01-30 03:00:00,54.0,10.4,9.3,1008.6,6,8.8,1,30,4,3
2016-01-30 04:00:00,58.3,9.2,8.2,1008.3,5,6.7,1,30,5,4
2016-01-30 05:00:00,51.7,9.0,7.2,1008.0,5,6.2,1,30,6,5
2016-01-30 06:00:00,46.8,8.1,6.8,1008.3,6,9.3,1,30,7,6
2016-01-30 07:00:00,47.5,8.0,5.6,1008.0,6,6.7,1,30,1,7
2016-01-30 08:00:00,50.1,8.0,5.7,1009.0,6,6.2,1,30,2,8
2016-01-30 09:00:00,59.2,7.5,5.1,1008.9,6,5.7,1,30,3,9
2016-01-30 10:00:00,62.2,7.2,4.7,1009.2,6,5.7,1,30,4,10
2016-01-30 11:00:00,65.6,7.0,2.0,1009.5624238268332,6,8.2,1,30,5,11
2016-01-30 12:00:00,72.8,7.9,1.3,1009.8,6,6.2,1,30,6,12
2016-01-30 13:00:00,78.0,7.6,-2.5,1009.8,6,7.7,1,30,7,13
2016-01-30 14:00:00,79.5,7.8,-3.3,1009.5,6,8.2,1,30,1,14
2016-01-30 15:00:00,75.7,7.8,-2.7,1009.9,6,8.8,1,30,2,15
2016-01-30 16:00:00,77.1,6.6,-1.4,1010.6,6,6.2,1,30,3,16
2016-01-30 17:00:00,84.2,6.6,-0.4,1010.9,6,6.7,1,30,4,17
2016-01-30 18:00:00,82.3,5.7,-0.9,1011.3,6,8.8,1,30,5,18
2016-01-30 19:00:00,89.4,5.3,0.2,1011.8,5,6.2,1,30,6,19
2016-01-30 20:00:00,88.3,5.2,1.3,1011.9,5,6.7,1,30,7,20
2016-01-30 21:00:00,91.2,5.5,1.4,1012.2,6,6.7,1,30,1,21
2016-01-30 22:00:00,86.8,5.3,1.3,1012.3,6,5.7,1,30,2,22
2016-01-30 23:00:00,82.1,5.2,1.4,1012.2,5,6.2,1,30,3,23
2016-01-31 00:00:00,78.0,4.1,1.6,1012.3,5,4.1,1,31,4,0
2016-01-31 01:00:00,69.5,4.2,1.8,1012.1,5,3.6,1,31,5,1
2016-01-31 02:00:00,63.6,4.0,1.7,1011.9,5,2.1,1,31,6,2
2016-01-31 03:00:00,64.7,4.4,2.2,1012.3,5,3.1,1,31,7,3
2016-01-31 04:00:00,58.4,4.7,2.4,1011.3,5,3.1,1,31,1,4
2016-01-31 05:00:00,51.1,5.0,2.8,1010.3,5,3.6,1,31,2,5
2016-01-31 06:00:00,50.8,5.4,3.4,1009.6,4,3.1,1,31,3,6
2016-01-31 07:00:00,51.1,5.7,3.8,1009.3,4,3.6,1,31,4,7
2016-01-31 08:00:00,52.2,6.1,4.4,1009.0,4,3.6,1,31,5,8
2016-01-31 09:00:00,56.0,6.2,5.5,1008.1,4,3.6,1,31,6,9
2016-01-31 10:00:00,62.1,6.9,6.7,1007.2,4,4.1,1,31,7,10
2016-01-31 11:00:00,65.0,8.2,8.2,1005.9,4,5.1,1,31,1,11
2016-01-31 12:00:00,76.6,9.4,9.3,1005.9,5,5.7,1,31,2,12
2016-01-31 13:00:00,77.7,12.0,11.2,1005.5,6,8.2,1,31,3,13
2016-01-31 14:00:00,84.9,13.4,11.5,1005.7,6,8.2,1,31,4,14
2016-01-31 15:00:00,72.3,13.2,11.4,1006.4,6,9.8,1,31,5,15
2016-01-31 16:00:00,78.0,12.9,11.1,1007.3,6,8.8,1,31,6,16
2016-01-31 17:00:00,83.0,12.9,10.9,1008.0,6,8.2,1,31,7,17
2016-01-31 18:00:00,91.1,12.9,10.8,1008.8,6,9.8,1,31,1,18
2016-01-31 19:00:00,98.1,12.8,10.8,1009.8,6,10.3,1,31,2,19
2016-01-31 20:00:00,89.6,12.7,10.7,1010.5,6,9.3,1,31,3,20
2016-01-31 21:00:00,88.8,12.7,10.5,1010.9,5,9.3,1,31,4,21
2016-01-31 22:00:00,85.0,12.5,10.6,1012.1,6,10.8,1,31,5,22
2016-01-31 23:00:00,85.9,12.5,10.3,1013.0,6,8.8,1,31,6,23
2016-02-01 00:00:00,81.7,12.3,10.3,1013.6,6,6.2,2,1,7,0
2016-02-01 01:00:00,70.3,12.3,10.3,1014.6,6,8.8,2,1,1,1
2016-02-01 02:00:00,59.5,12.1,10.1,1014.9,6,9.3,2,1,2,2
2016-02-01 03:00:00,49.3,11.8,9.8,1015.4,6,8.2,2,1,3,3
2016-02-01 04:00:00,45.5,11.7,9.8,1015.1,6,9.3,2,1,4,4
2016-02-01 05:00:00,42.8,11.5,7.5,1015.2,6,8.2,2,1,5,5
2016-02-01 06:00:00,42.8,11.7,7.0,1015.1,5,10.8,2,1,6,6
2016-02-01 07:00:00,49.2,11.8,7.5,1015.0,5,9.8,2,1,7,7
2016-02-01 08:00:00,67.2,11.7,7.4,1015.4,5,8.8,2,1,1,8
2016-02-01 09:00:00,73.0,11.7,8.0,1015.6,5,10.8,2,1,2,9
2016-02-01 10:00:00,71.3,11.9,8.6,1015.4,5,9.8,2,1,3,10
2016-02-01 11:00:00,74.1,12.5,8.8,1015.4,5,10.3,2,1,4,11
2016-02-01 12:00:00,70.4,12.9,9.3,1015.2,5,11.3,2,1,5,12
2016-02-01 13:00:00,76.9,13.1,9.9,1014.9,5,10.8,2,1,6,13
2016-02-01 14:00:00,81.0,13.6,9.7,1014.2,5,11.3,2,1,7,14
2016-02-01 15:00:00,73.8,13.8,9.3,1014.0,5,10.3,2,1,1,15
2016-02-01 16:00:00,79.0,13.9,8.8,1014.3,5,9.8,2,1,2,16
2016-02-01 17:00:00,81.8,13.5,8.8,1014.2,5,9.8,2,1,3,17
2016-02-01 18:00:00,89.6,13.2,8.4,1014.4,5,10.8,2,1,4,18
2016-02-01 19:00:00,90.2,12.3,7.3,1014.7,6,9.3,2,1,5,19
2016-02-01 20:00:00,91.9,11.3,4.2,1015.6,6,12.4,2,1,6,20
2016-02-01 21:00:00,96.9,10.9,4.6,1015.9,5,11.3,2,1,7,21
2016-02-01 22:00:00,94.1,9.9,3.7,1015.9,6,9.3,2,1,1,22
2016-02-01 23:00:00,86.1,9.6,3.8,1015.8,6,9.3,2,1,2,23
2016-02-02 00:00:00,83.3,9.0,3.7,1015.9,5,9.3,2,2,3,0
2016-02-02 01:00:00,70.4,9.0,4.2,1016.1,6,8.2,2,2,4,1
2016-02-02 02:00:00,54.3,9.1,4.0,1015.9,5,8.2,2,2,5,2
2016-02-02 03:00:00,51.8,8.6,3.9,1015.6,5,7.2,2,2,6,3
2016-02-02 04:00:00,45.3,8.3,4.6,1015.2,5,6.2,2,2,7,4
2016-02-02 05:00:00,44.4,8.0,4.7,1015.0,5,5.7,2,2,1,5
2016-02-02 06:00:00,43.9,8.7,4.7,1014.6,5,7.2,2,2,2,6
2016-02-02 07:00:00,48.5,9.1,4.6,1014.1,5,8.8,2,2,3,7
2016-02-02 08:00:00,69.1,9.1,4.4,1014.0,5,7.2,2,2,4,8
2016-02-02 09:00:00,80.2,8.7,4.7,1014.3,6,7.7,2,2,5,9
2016-02-02 10:00:00,77.5,8.1,5.2,1014.8,6,7.7,2,2,6,10
2016-02-02 11:00:00,74.5,8.6,3.6,1014.5,6,8.2,2,2,7,11
2016-02-02 12:00:00,75.7,9.6,0.7,1014.2,6,10.3,2,2,1,12
2016-02-02 13:00:00,84.1,9.1,1.5,1014.1,6,11.8,2,2,2,13
2016-02-02 14:00:00,76.6,10.0,1.7,1014.1,6,11.3,2,2,3,14
2016-02-02 15:00:00,78.0,9.5,-0.7,1014.1,6,11.3,2,2,4,15
2016-02-02 16:00:00,85.9,8.5,0.6,1014.6,6,9.3,2,2,5,16
2016-02-02 17:00:00,84.5,7.2,1.3,1015.2,6,7.2,2,2,6,17
2016-02-02 18:00:00,98.8,6.6,0.4,1015.9,6,7.2,2,2,7,18
2016-02-02 19:00:00,101.7,6.5,1.6,1016.3,6,8.8,2,2,1,19
2016-02-02 20:00:00,101.2,6.1,1.7,1016.8,6,8.8,2,2,2,20
2016-02-02 21:00:00,98.9,5.6,1.8,1017.3,5,6.2,2,2,3,21
2016-02-02 22:00:00,100.7,5.1,1.8,1017.4,5,5.7,2,2,4,22
2016-02-02 23:00:00,92.6,4.8,2.3,1017.0,6,6.7,2,2,5,23
2016-02-03 00:00:00,89.0,4.1,2.2,1017.4,6,4.1,2,3,6,0
2016-02-03 01:00:00,76.5,4.1,2.4,1017.8,6,4.1,2,3,7,1
2016-02-03 02:00:00,61.9,3.0,1.8,1018.0,6,4.6,2,3,1,2
2016-02-03 03:00:00,58.4,3.1,1.4,1018.4,6,4.1,2,3,2,3
2016-02-03 04:00:00,53.6,2.4,1.0,1018.0,6,2.6,2,3,3,4
2016-02-03 05:00:00,46.3,2.5,0.8,1018.1,6,5.7,2,3,4,5
2016-02-03 06:00:00,48.9,2.6,0.2,1017.9,6,6.7,2,3,5,6
2016-02-03 07:00:00,56.0,2.9,-0.3,1018.1,6,7.2,2,3,6,7
2016-02-03 08:00:00,71.8,3.3,-0.1,1018.6,6,5.7,2,3,7,8
2016-02-03 09:00:00,81.2,4.1,0.0,1019.1,6,7.7,2,3,1,9
2016-02-03 10:00:00,83.7,6.0,0.7,1019.6,6,7.2,2,3,2,10
2016-02-03 11:00:00,83.3,6.7,1.3,1020.5,6,7.7,2,3,3,11
2016-02-03 12:00:00,87.1,7.0,1.8,1021.7,6,6.2,2,3,4,12
2016-02-03 13:00:00,91.4,7.7,2.6,1022.2,7,5.7,2,3,5,13
2016-02-03 14:00:00,89.8,8.1,2.6,1022.9,6,5.7,2,3,6,14
2016-02-03 15:00:00,85.5,9.0,1.0,1023.3,7,7.7,2,3,7,15
2016-02-03 16:00:00,86.4,9.1,-0.2,1024.3,7,7.2,2,3,1,16
2016-02-03 17:00:00,95.2,7.5,0.5,1025.7,7,5.7,2,3,2,17
2016-02-03 18:00:00,92.7,6.9,0.8,1026.7,6,3.6,2,3,3,18
2016-02-03 19:00:00,96.0,5.6,0.8,1027.5,6,2.6,2,3,4,19
2016-02-03 20:00:00,91.0,5.2,1.5,1028.0,6,3.6,2,3,5,20
2016-02-03 21:00:00,91.8,4.5,1.4,1028.8,6,3.6,2,3,6,21
2016-02-03 22:00:00,93.3,4.5,2.1,1028.8,6,4.1,2,3,7,22
2016-02-03 23:00:00,92.3,4.5,2.4,1028.7,6,4.6,2,3,1,23
2016-02-04 00:00:00,84.3,3.5,2.0,1028.6,6,4.1,2,4,2,0
2016-02-04 01:00:00,73.1,4.5,2.4,1027.9,5,5.1,2,4,3,1
2016-02-04 02:00:00,65.4,5.0,2.7,1027.2,5,5.7,2,4,4,2
2016-02-04 03:00:00,62.3,5.3,2.4,1026.0,5,4.6,2,4,5,3
2016-02-04 04:00:00,56.0,5.7,3.4,1024.4,5,6.7,2,4,6,4
2016-02-04 05:00:00,50.2,6.9,4.6,1023.2,5,8.2,2,4,7,5
2016-02-04 06:00:00,50.7,8.1,6.2,1022.4,6,8.2,2,4,1,6
2016-02-04 07:00:00,48.4,8.3,7.4,1022.6,6,7.2,2,4,2,7
2016-02-04 08:00:00,68.0,8.7,7.9,1022.9,6,7.2,2,4,3,8
2016-02-04 09:00:00,77.1,9.6,8.3,1023.4,6,6.2,2,4,4,9
2016-02-04 10:00:00,77.2,10.7,8.9,1023.8,6,7.7,2,4,5,10
2016-02-04 11:00:00,79.8,11.4,8.9,1024.2,6,7.7,2,4,6,11
2016-02-04 12:00:00,74.8,12.1,8.9,1024.5,6,5.7,2,4,7,12
2016-02-04 13:00:00,76.7,13.1,8.9,1024.5,6,6.7,2,4,1,13
2016-02-04 14:00:00,81.2,13.4,8.6,1024.6,6,6.2,2,4,2,14
2016-02-04 15:00:00,75.9,14.0,8.5,1024.9,6,6.2,2,4,3,15
2016-02-04 16:00:00,77.7,13.6,8.3,1025.2,6,5.1,2,4,4,16
2016-02-04 17:00:00,77.7,12.0,8.1,1025.7,6,3.6,2,4,5,17
2016-02-04 18:00:00,89.5,9.8,6.8,1026.0,6,3.6,2,4,6,18
2016-02-04 19:00:00,93.8,10.3,8.2,1026.4,6,3.6,2,4,7,19
2016-02-04 20:00:00,92.8,10.7,9.2,1026.5,6,4.6,2,4,1,20
2016-02-04 21:00:00,95.2,10.4,8.9,1026.5,5,3.6,2,4,2,21
2016-02-04 22:00:00,91.9,10.5,9.1,1026.1,5,4.6,2,4,3,22
2016-02-04 23:00:00,89.4,10.7,9.3,1025.9,5,5.1,2,4,4,23
2016-02-05 00:00:00,75.2,10.5,8.7,1025.8,5,5.7,2,5,5,0
2016-02-05 01:00:00,64.7,10.5,8.1,1025.3,6,5.1,2,5,6,1
2016-02-05 02:00:00,55.2,10.1,7.9,1024.9,5,4.6,2,5,7,2
2016-02-05 03:00:00,52.4,9.8,7.9,1024.4,5,4.6,2,5,1,3
2016-02-05 04:00:00,48.8,9.9,7.6,1023.6,5,4.6,2,5,2,4
2016-02-05 05:00:00,47.2,9.8,7.6,1022.8,5,4.6,2,5,3,5
2016-02-05 06:00:00,48.2,9.5,8.4,1022.4,5,5.7,2,5,4,6
2016-02-05 07:00:00,51.3,9.3,9.1,1021.8,5,4.1,2,5,5,7
2016-02-05 08:00:00,62.5,8.9,8.6,1021.3,5,5.7,2,5,6,8
2016-02-05 09:00:00,74.9,10.0,8.5,1020.9,5,5.1,2,5,7,9
2016-02-05 10:00:00,76.8,10.1,9.5,1020.6,5,5.7,2,5,1,10
2016-02-05 11:00:00,78.9,11.3,8.7,1019.8,5,6.7,2,5,2,11
2016-02-05 12:00:00,78.6,10.5,8.8,1019.1,5,7.7,2,5,3,12
2016-02-05 13:00:00,83.9,11.0,10.0,1017.9,5,6.2,2,5,4,13
2016-02-05 14:00:00,79.2,10.6,9.0,1016.8,4,7.2,2,5,5,14
2016-02-05 15:00:00,78.4,10.6,8.7,1015.9,5,7.2,2,5,6,15
2016-02-05 16:00:00,79.9,10.7,7.8,1015.2,5,9.3,2,5,7,16
2016-02-05 17:00:00,88.2,10.6,7.1,1014.1,4,7.2,2,5,1,17
2016-02-05 18:00:00,93.0,10.5,6.9,1013.5,4,6.7,2,5,2,18
2016-02-05 19:00:00,91.0,10.4,7.6,1012.6,4,7.2,2,5,3,19
2016-02-05 20:00:00,82.1,10.0,8.3,1011.7,4,6.7,2,5,4,20
2016-02-05 21:00:00,85.9,9.9,8.7,1010.8,4,6.7,2,5,5,21
2016-02-05 22:00:00,84.9,9.8,8.6,1010.0,4,7.7,2,5,6,22
2016-02-05 23:00:00,80.7,10.0,8.0,1009.3,4,7.7,2,5,7,23
2016-02-06 00:00:00,75.8,10.3,7.8,1008.9,4,7.2,2,6,1,0
2016-02-06 01:00:00,66.2,9.6,8.5,1008.7,5,7.7,2,6,2,1
2016-02-06 02:00:00,54.8,9.4,9.0,1007.8,4,5.1,2,6,3,2
2016-02-06 03:00:00,52.9,9.5,8.8,1007.1,4,4.1,2,6,4,3
2016-02-06 04:00:00,52.9,9.2,9.0,1005.9,4,4.6,2,6,5,4
2016-02-06 05:00:00,54.2,9.6,9.1,1005.3,4,5.1,2,6,6,5
2016-02-06 06:00:00,46.3,9.5,9.1,1004.3,4,5.1,2,6,7,6
2016-02-06 07:00:00,47.5,10.1,8.7,1003.5,4,6.2,2,6,1,7
2016-02-06 08:00:00,51.3,10.2,8.7,1002.7,4,7.2,2,6,2,8
2016-02-06 09:00:00,52.4,10.3,8.5,1001.5,4,8.2,2,6,3,9
2016-02-06 10:00:00,61.0,10.3,9.1,1000.5,4,9.3,2,6,4,10
2016-02-06 11:00:00,70.0,11.1,8.8,999.3,4,9.3,2,6,5,11
2016-02-06 12:00:00,75.4,11.4,8.5,997.8,4,11.8,2,6,6,12
2016-02-06 13:00:00,82.3,11.7,7.4,996.4,4,12.4,2,6,7,13
2016-02-06 14:00:00,78.6,12.1,7.4,994.9,4,12.4,2,6,1,14
2016-02-06 15:00:00,76.8,12.1,7.4,993.5,4,11.3,2,6,2,15
2016-02-06 16:00:00,77.2,12.1,7.2,992.5,4,11.3,2,6,3,16
2016-02-06 17:00:00,86.7,12.0,7.0,991.3,4,13.4,2,6,4,17
2016-02-06 18:00:00,92.5,11.2,7.4,990.5,4,11.3,2,6,5,18
2016-02-06 19:00:00,86.0,10.5,7.1,989.6,4,9.8,2,6,6,19
2016-02-06 20:00:00,83.3,9.5,7.7,988.7,4,9.8,2,6,7,20
2016-02-06 21:00:00,84.5,9.5,8.3,987.1,4,10.8,2,6,1,21
2016-02-06 22:00:00,85.8,9.5,8.6,986.2,4,9.8,2,6,2,22
2016-02-06 23:00:00,76.8,7.4,5.8,987.6,5,11.8,2,6,3,23
2016-02-07 00:00:00,75.8,6.1,4.8,988.7,6,2.6,2,7,4,0
2016-02-07 01:00:00,68.1,5.6,4.4,989.7,4,4.1,2,7,5,1
2016-02-07 02:00:00,58.6,5.7,4.4,989.7,5,5.1,2,7,6,2
2016-02-07 03:00:00,55.5,5.7,4.5,990.5,4,5.1,2,7,7,3
2016-02-07 04:00:00,53.5,5.3,3.9,991.0,5,4.1,2,7,1,4
2016-02-07 05:00:00,50.5,5.5,3.2,991.3,5,5.7,2,7,2,5
2016-02-07 06:00:00,47.6,5.1,2.9,991.8,5,4.6,2,7,3,6
2016-02-07 07:00:00,45.1,5.2,2.7,992.5,4,5.1,2,7,4,7
2016-02-07 08:00:00,48.4,5.3,2.5,993.1,4,5.1,2,7,5,8
2016-02-07 09:00:00,56.2,6.1,2.7,993.5,5,7.2,2,7,6,9
2016-02-07 10:00:00,68.1,7.7,2.9,994.2,5,8.8,2,7,7,10
2016-02-07 11:00:00,76.8,8.2,2.9,995.0,5,10.3,2,7,1,11
2016-02-07 12:00:00,85.3,9.4,3.0,995.3,5,11.3,2,7,2,12
2016-02-07 13:00:00,84.0,9.4,2.3,995.3,5,10.8,2,7,3,13
2016-02-07 14:00:00,78.5,9.5,1.7,995.4,5,9.8,2,7,4,14
2016-02-07 15:00:00,81.2,9.3,1.1,995.4,5,11.3,2,7,5,15
2016-02-07 16:00:00,84.5,9.0,1.7,994.8,5,10.8,2,7,6,16
2016-02-07 17:00:00,87.0,8.6,2.2,994.5,5,9.3,2,7,7,17
2016-02-07 18:00:00,90.4,7.0,5.0,994.0,5,9.8,2,7,1,18
2016-02-07 19:00:00,97.1,7.1,5.9,992.2,4,8.2,2,7,2,19
2016-02-07 20:00:00,98.5,7.4,6.6,990.2,4,9.8,2,7,3,20
2016-02-07 21:00:00,103.4,7.9,7.4,988.2,4,9.3,2,7,4,21
2016-02-07 22:00:00,92.0,9.7,9.1,986.2,4,11.8,2,7,5,22
2016-02-07 23:00:00,87.9,8.5,7.9,984.8,5,10.8,2,7,6,23
2016-02-08 00:00:00,77.3,8.6,6.1,985.5,6,12.9,2,8,7,0
2016-02-08 01:00:00,69.5,8.1,5.5,984.9,5,7.7,2,8,1,1
2016-02-08 02:00:00,57.9,8.4,5.8,984.6,5,9.3,2,8,2,2
2016-02-08 03:00:00,53.5,7.7,3.8,984.7,5,9.8,2,8,3,3
2016-02-08 04:00:00,53.0,7.5,3.6,984.2,5,9.3,2,8,4,4
2016-02-08 05:00:00,49.5,7.3,3.2,983.8,5,8.8,2,8,5,5
2016-02-08 06:00:00,50.7,7.1,2.3,984.1,5,9.8,2,8,6,6
2016-02-08 07:00:00,49.1,7.0,2.8,984.1,5,8.2,2,8,7,7
2016-02-08 08:00:00,71.5,7.0,2.4,984.1,5,9.3,2,8,1,8
2016-02-08 09:00:00,77.2,7.5,2.3,984.3,5,11.8,2,8,2,9
2016-02-08 10:00:00,76.5,8.5,3.0,983.9,5,13.9,2,8,3,10
2016-02-08 11:00:00,76.9,9.0,2.7,984.0,5,15.4,2,8,4,11
2016-02-08 12:00:00,70.2,9.5,3.3,984.0,5,15.4,2,8,5,12
2016-02-08 13:00:00,70.1,7.4,6.1,984.9,5,14.4,2,8,6,13
2016-02-08 14:00:00,69.2,8.9,6.4,985.4,5,12.4,2,8,7,14
2016-02-08 15:00:00,64.8,8.8,5.0,986.0,5,16.5,2,8,1,15
2016-02-08 16:00:00,68.5,8.1,5.1,987.6,6,14.9,2,8,2,16
2016-02-08 17:00:00,81.0,8.2,5.2,989.0,6,14.4,2,8,3,17
2016-02-08 18:00:00,92.1,8.3,4.5,990.8,6,14.9,2,8,4,18
2016-02-08 19:00:00,91.4,8.5,3.5,992.0,6,14.9,2,8,5,19
2016-02-08 20:00:00,85.6,7.5,2.6,993.1,6,12.4,2,8,6,20
2016-02-08 21:00:00,78.4,7.0,2.1,993.9,6,11.3,2,8,7,21
2016-02-08 22:00:00,77.4,6.6,1.1,994.6,5,12.4,2,8,1,22
2016-02-08 23:00:00,85.5,6.3,0.7,994.9,5,9.3,2,8,2,23
2016-02-09 00:00:00,68.2,5.8,1.6,994.9,5,7.7,2,9,3,0
2016-02-09 01:00:00,58.6,5.2,1.4,994.6,5,5.7,2,9,4,1
2016-02-09 02:00:00,48.8,5.0,1.2,994.4,5,7.2,2,9,5,2
2016-02-09 03:00:00,42.5,4.9,1.4,993.6,5,6.7,2,9,6,3
2016-02-09 04:00:00,41.7,4.4,0.9,992.7,4,2.6,2,9,7,4
2016-02-09 05:00:00,36.5,3.0,1.2,990.8,3,2.6,2,9,1,5
2016-02-09 06:00:00,34.6,4.8,2.3,989.6,4,3.1,2,9,2,6
2016-02-09 07:00:00,39.8,5.3,2.5,988.2,4,3.6,2,9,3,7
2016-02-09 08:00:00,59.3,5.6,3.0,987.2,4,4.1,2,9,4,8
2016-02-09 09:00:00,69.8,5.4,3.2,986.1,5,3.1,2,9,5,9
2016-02-09 10:00:00,69.4,5.1,2.9,985.7,6,3.6,2,9,6,10
2016-02-09 11:00:00,62.3,5.3,2.1,985.5,6,4.1,2,9,7,11
2016-02-09 12:00:00,60.8,5.9,2.2,985.4,6,5.1,2,9,1,12
2016-02-09 13:00:00,58.4,6.7,0.5,985.2,6,5.1,2,9,2,13
2016-02-09 14:00:00,69.3,7.9,-1.0,985.3,6,6.2,2,9,3,14
2016-02-09 15:00:00,69.2,6.7,-1.2,985.6,6,7.2,2,9,4,15
2016-02-09 16:00:00,80.2,7.0,-0.8,985.9,6,6.7,2,9,5,16
2016-02-09 17:00:00,77.7,5.8,-0.7,986.5,6,7.2,2,9,6,17
2016-02-09 18:00:00,90.8,3.9,1.7,987.7,6,6.2,2,9,7,18
2016-02-09 19:00:00,106.3,4.0,2.4,988.2,6,9.3,2,9,1,19
2016-02-09 20:00:00,95.3,4.3,2.4,988.3,6,7.7,2,9,2,20
2016-02-09 21:00:00,88.4,4.7,2.4,988.3,5,6.7,2,9,3,21
2016-02-09 22:00:00,86.4,4.7,2.6,988.8,5,8.8,2,9,4,22
2016-02-09 23:00:00,74.4,4.6,2.7,989.5,5,6.7,2,9,5,23
2016-02-10 00:00:00,77.9,5.1,2.9,990.0,6,7.2,2,10,6,0
2016-02-10 01:00:00,57.2,5.4,3.2,990.6,6,6.2,2,10,7,1
2016-02-10 02:00:00,49.3,5.8,2.9,990.9,6,6.2,2,10,1,2
2016-02-10 03:00:00,45.4,5.3,2.8,991.6,6,7.2,2,10,2,3
2016-02-10 04:00:00,42.8,4.3,2.3,992.3,6,5.7,2,10,3,4
2016-02-10 05:00:00,39.9,3.7,2.1,992.6,6,5.7,2,10,4,5
2016-02-10 06:00:00,37.8,4.4,2.9,993.0,6,6.2,2,10,5,6
2016-02-10 07:00:00,39.1,4.9,3.0,993.7,6,5.1,2,10,6,7
2016-02-10 08:00:00,53.9,4.8,3.4,994.4,6,4.6,2,10,7,8
2016-02-10 09:00:00,69.8,5.0,3.8,995.2,6,4.1,2,10,1,9
2016-02-10 10:00:00,64.2,6.0,3.6,996.1,6,4.6,2,10,2,10
2016-02-10 11:00:00,59.4,6.3,4.1,996.9,6,3.1,2,10,3,11
2016-02-10 12:00:00,62.6,6.9,3.9,997.5,7,3.6,2,10,4,12
2016-02-10 13:00:00,74.2,7.8,3.3,997.9,6,3.6,2,10,5,13
2016-02-10 14:00:00,74.8,8.3,3.1,998.5,6,3.6,2,10,6,14
2016-02-10 15:00:00,66.3,7.9,4.1,998.9,6,4.6,2,10,7,15
2016-02-10 16:00:00,68.0,8.1,2.6,999.7,7,4.1,2,10,1,16
2016-02-10 17:00:00,70.1,7.6,2.4,1000.3,7,3.1,2,10,2,17
2016-02-10 18:00:00,74.6,6.6,1.2,1001.2,6,2.6,2,10,3,18
2016-02-10 19:00:00,83.7,5.6,1.3,1001.8,6,2.6,2,10,4,19
2016-02-10 20:00:00,85.7,5.2,1.1,1002.3,6,3.1,2,10,5,20
2016-02-10 21:00:00,89.5,4.6,1.2,1002.9,6,3.1,2,10,6,21
2016-02-10 22:00:00,93.3,4.0,1.2,1003.6,6,2.6,2,10,7,22
2016-02-10 23:00:00,90.2,3.3,1.4,1003.9,6,2.1,2,10,1,23
2016-02-11 00:00:00,79.2,1.8,0.4,1004.2,6,1.0,2,11,2,0
2016-02-11 01:00:00,65.7,0.7,0.0,1004.5,0,0.5,2,11,3,1
2016-02-11 02:00:00,49.6,0.8,0.3,1004.8,6,1.0,2,11,4,2
2016-02-11 03:00:00,41.0,-0.2,-0.6,1004.8,6,0.5,2,11,5,3
2016-02-11 04:00:00,43.4,-0.7,-1.0,1004.8,6,1.0,2,11,6,4
2016-02-11 05:00:00,43.4,0.1,-0.2,1004.7,6,1.0,2,11,7,5
2016-02-11 06:00:00,41.6,-0.4,-0.7,1004.7,5,0.5,2,11,1,6
2016-02-11 07:00:00,45.7,-0.4,-0.6,1004.6,7,1.0,2,11,2,7
2016-02-11 08:00:00,61.6,-0.1,-0.4,1005.0,6,0.5,2,11,3,8
2016-02-11 09:00:00,74.6,0.4,0.2,1005.2,7,0.5,2,11,4,9
2016-02-11 10:00:00,73.7,2.8,1.8,1005.1,7,0.5,2,11,5,10
2016-02-11 11:00:00,73.6,6.2,2.2,1004.9,1,0.5,2,11,6,11
2016-02-11 12:00:00,68.2,6.5,1.5,1004.7,4,2.1,2,11,7,12
2016-02-11 13:00:00,67.1,7.8,1.5,1004.1,5,1.5,2,11,1,13
2016-02-11 14:00:00,73.5,8.0,0.6,1003.7,5,2.1,2,11,2,14
2016-02-11 15:00:00,65.5,8.4,-0.5,1003.3,6,3.1,2,11,3,15
2016-02-11 16:00:00,73.5,7.6,-1.4,1003.1,6,3.6,2,11,4,16
2016-02-11 17:00:00,73.6,6.5,-0.7,1003.0,6,2.1,2,11,5,17
2016-02-11 18:00:00,98.6,6.6,-0.1,1003.2,5,2.6,2,11,6,18
2016-02-11 19:00:00,90.8,6.5,0.3,1003.1,4,2.6,2,11,7,19
2016-02-11 20:00:00,81.6,5.2,0.7,1002.7,4,3.1,2,11,1,20
2016-02-11 21:00:00,84.0,4.1,1.6,1002.3,4,3.1,2,11,2,21
2016-02-11 22:00:00,79.9,3.9,1.8,1001.9,4,3.1,2,11,3,22
2016-02-11 23:00:00,84.3,3.7,2.1,1000.8,3,3.1,2,11,4,23
2016-02-12 00:00:00,69.8,1.9,0.9,1000.2,3,3.1,2,12,5,0
2016-02-12 01:00:00,68.0,1.3,0.6,999.6,3,2.1,2,12,6,1
2016-02-12 02:00:00,53.1,0.7,0.1,999.3,3,2.1,2,12,7,2
2016-02-12 03:00:00,47.3,1.5,1.1,998.4,3,1.0,2,12,1,3
2016-02-12 04:00:00,42.0,2.0,1.7,997.3,0,0.5,2,12,2,4
2016-02-12 05:00:00,39.5,2.4,1.8,996.6,1,2.6,2,12,3,5
2016-02-12 06:00:00,38.2,2.1,1.6,995.9,2,3.1,2,12,4,6
2016-02-12 07:00:00,45.4,2.2,1.7,995.2,2,2.6,2,12,5,7
2016-02-12 08:00:00,56.2,3.1,2.4,994.8,2,3.1,2,12,6,8
2016-02-12 09:00:00,72.2,4.3,3.4,994.6,2,4.1,2,12,7,9
2016-02-12 10:00:00,73.1,5.9,4.8,994.4,2,4.1,2,12,1,10
2016-02-12 11:00:00,71.9,6.2,3.9,994.5,2,5.7,2,12,2,11
2016-02-12 12:00:00,70.1,5.4,2.7,994.3,2,5.7,2,12,3,12
2016-02-12 13:00:00,76.5,5.4,2.9,994.0,2,6.2,2,12,4,13
2016-02-12 14:00:00,72.2,5.5,2.5,993.9,2,4.6,2,12,5,14
2016-02-12 15:00:00,64.5,5.2,2.2,994.3,2,3.6,2,12,6,15
2016-02-12 16:00:00,63.8,5.2,1.8,994.8,1,4.1,2,12,7,16
2016-02-12 17:00:00,68.5,5.4,2.0,995.0,1,3.6,2,12,1,17
2016-02-12 18:00:00,79.5,5.4,2.1,995.1,1,3.1,2,12,2,18
2016-02-12 19:00:00,81.8,5.0,2.4,995.6,2,3.6,2,12,3,19
2016-02-12 20:00:00,81.3,4.9,2.5,995.9,2,3.6,2,12,4,20
2016-02-12 21:00:00,80.4,4.0,2.3,996.2,2,2.6,2,12,5,21
2016-02-12 22:00:00,77.9,4.3,2.3,995.6,2,2.1,2,12,6,22
2016-02-12 23:00:00,73.1,4.4,2.7,994.6,2,2.6,2,12,7,23
2016-02-13 00:00:00,62.8,4.6,2.7,994.4,2,3.1,2,13,1,0
2016-02-13 01:00:00,49.8,3.6,1.9,993.8,2,2.1,2,13,2,1
2016-02-13 02:00:00,49.6,2.7,1.5,992.8,2,1.5,2,13,3,2
2016-02-13 03:00:00,41.9,2.7,1.3,991.8,2,3.1,2,13,4,3
2016-02-13 04:00:00,42.6,3.0,1.0,990.3,2,4.1,2,13,5,4
2016-02-13 05:00:00,43.4,3.3,1.1,989.5,2,4.6,2,13,6,5
2016-02-13 06:00:00,40.8,3.5,1.1,988.2,2,4.6,2,13,7,6
2016-02-13 07:00:00,44.8,3.0,1.0,986.9397288864528,2,5.7,2,13,1,7
2016-02-13 08:00:00,47.9,3.6,2.4,985.9,2,5.7,2,13,2,8
2016-02-13 09:00:00,48.6,3.8,2.3,985.1,2,6.7,2,13,3,9
2016-02-13 10:00:00,56.5,3.7,2.3,984.4,2,5.7,2,13,4,10
2016-02-13 11:00:00,62.7,4.0,2.3,983.9,2,5.1,2,13,5,11
2016-02-13 12:00:00,71.4,4.4,2.8,983.5,2,5.7,2,13,6,12
2016-02-13 13:00:00,63.4,4.8,2.9,983.0,1,5.7,2,13,7,13
2016-02-13 14:00:00,78.2,4.7,2.8,983.1,1,5.7,2,13,1,14
2016-02-13 15:00:00,76.2,4.9,2.5,983.9,1,5.1,2,13,2,15
2016-02-13 16:00:00,74.8,4.6,3.0,984.5,1,4.6,2,13,3,16
2016-02-13 17:00:00,72.1,4.6,2.9,985.1,1,4.6,2,13,4,17
2016-02-13 18:00:00,75.2,4.3,3.1,985.9,1,4.1,2,13,5,18
2016-02-13 19:00:00,75.1,4.1,3.4,986.7,0,3.1,2,13,6,19
2016-02-13 20:00:00,84.5,3.9,3.0,987.1,0,3.1,2,13,7,20
2016-02-13 21:00:00,73.2,3.8,3.1,987.4,0,4.1,2,13,1,21
2016-02-13 22:00:00,76.6,3.7,2.9,987.5,1,3.1,2,13,2,22
2016-02-13 23:00:00,69.5,3.6,2.7,987.8,1,2.6,2,13,3,23
2016-02-14 00:00:00,67.2,3.4,2.7,987.9,0,2.1,2,14,4,0
2016-02-14 01:00:00,62.4,3.3,2.6,988.3,0,1.5,2,14,5,1
2016-02-14 02:00:00,53.5,3.1,2.5,988.7,0,2.6,2,14,6,2
2016-02-14 03:00:00,47.6,3.0,2.4,989.0,0,1.5,2,14,7,3
2016-02-14 04:00:00,43.0,2.8,2.3,989.2,0,2.1,2,14,1,4
2016-02-14 05:00:00,40.1,2.6,1.9,989.7,0,2.1,2,14,2,5
2016-02-14 06:00:00,37.9,1.8,1.1,990.3,0,2.1,2,14,3,6
2016-02-14 07:00:00,39.5,1.9,1.3,990.9,1,3.1,2,14,4,7
2016-02-14 08:00:00,46.3,2.5,1.5,992.0,1,3.1,2,14,5,8
2016-02-14 09:00:00,48.3,3.8,1.5,992.9,1,3.6,2,14,6,9
2016-02-14 10:00:00,53.6,4.6,1.7,994.0,1,4.6,2,14,7,10
2016-02-14 11:00:00,62.3,5.6,1.4,995.2,1,5.1,2,14,1,11
2016-02-14 12:00:00,66.9,6.2,0.8,996.1,1,6.2,2,14,2,12
2016-02-14 13:00:00,66.1,6.5,0.1,997.1,1,5.1,2,14,3,13
2016-02-14 14:00:00,67.7,6.0,-0.5,998.4,0,7.7,2,14,4,14
2016-02-14 15:00:00,65.4,5.8,-1.9,999.7,0,6.7,2,14,5,15
2016-02-14 16:00:00,68.8,5.1,-3.8,1001.3,0,6.7,2,14,6,16
2016-02-14 17:00:00,73.1,4.7,-5.0,1002.7,0,5.1,2,14,7,17
2016-02-14 18:00:00,74.2,3.7,-3.5,1004.3,0,3.6,2,14,1,18
2016-02-14 19:00:00,74.6,3.4,-3.2,1005.4,0,5.1,2,14,2,19
2016-02-14 20:00:00,77.8,3.0,-3.0,1006.8,0,3.6,2,14,3,20
2016-02-14 21:00:00,75.2,2.7,-2.2,1008.1,0,3.6,2,14,4,21
2016-02-14 22:00:00,73.5,2.5,-1.6,1009.4,0,4.6,2,14,5,22
2016-02-14 23:00:00,75.8,2.1,-1.7,1010.8,0,4.1,2,14,6,23
2016-02-15 00:00:00,69.7,1.7,-1.3,1012.2,0,3.6,2,15,7,0
2016-02-15 01:00:00,61.0,1.1,-1.2,1013.7,0,3.6,2,15,1,1
2016-02-15 02:00:00,53.9,0.8,-1.4,1014.9,0,3.1,2,15,2,2
2016-02-15 03:00:00,45.7,0.5,-1.5,1016.2,0,2.6,2,15,3,3
2016-02-15 04:00:00,44.9,0.6,-1.1,1017.2,0,3.6,2,15,4,4
2016-02-15 05:00:00,43.3,0.2,-1.3,1018.6,7,2.6,2,15,5,5
2016-02-15 06:00:00,42.4,0.5,-0.9,1019.7,0,3.1,2,15,6,6
2016-02-15 07:00:00,47.8,0.9,-0.4,1020.9,7,3.6,2,15,7,7
2016-02-15 08:00:00,54.7,2.0,-0.2,1022.4,0,4.1,2,15,1,8
2016-02-15 09:00:00,66.5,2.6,-0.2,1023.5,0,4.1,2,15,2,9
2016-02-15 10:00:00,67.3,3.7,-0.7,1024.8,0,5.1,2,15,3,10
2016-02-15 11:00:00,73.4,5.0,-0.9,1025.8,0,5.1,2,15,4,11
2016-02-15 12:00:00,72.1,5.1,-1.3,1026.5,0,6.2,2,15,5,12
2016-02-15 13:00:00,67.0,6.0,-1.0,1026.8,0,5.1,2,15,6,13
2016-02-15 14:00:00,60.3,6.626855702710711,-0.7908120621958026,1027.2170059282707,0,4.065318451099866,2,15,7,14
2016-02-15 15:00:00,61.8,6.730941770796888,-0.8378785195454951,1027.8432065092682,0,3.594342347586155,2,15,1,15
2016-02-15 16:00:00,66.5,6.3479949175662025,-1.0845352015483614,1028.6795226962481,0,3.5885258210843216,2,15,2,16
2016-02-15 17:00:00,67.3,5.6924354228646825,-1.190797085200102,1029.7314802087403,7,3.456593661347118,2,15,3,17
2016-02-15 18:00:00,74.5,4.8,-1.1,1031.0,7,3.1,2,15,4,18
2016-02-15 19:00:00,81.2,3.8,-0.8,1032.4,7,2.6,2,15,5,19
2016-02-15 20:00:00,89.6,3.46830352903177,-0.2179334095117652,1033.4209877885792,7,2.4441246390893006,2,15,6,20
2016-02-15 21:00:00,83.6,3.3,0.2,1034.0,0,2.6,2,15,7,21
2016-02-15 22:00:00,80.6,2.7,0.1,1034.3,0,2.6,2,15,1,22
2016-02-15 23:00:00,79.5,1.9,0.0,1035.0,7,1.0,2,15,2,23
2016-02-16 00:00:00,65.4,0.9,-0.6,1035.3,7,1.0,2,16,3,0
2016-02-16 01:00:00,59.2,-0.3,-1.4,1035.4,2,0.5,2,16,4,1
2016-02-16 02:00:00,50.9,-0.9,-1.7,1035.5,7,1.0,2,16,5,2
2016-02-16 03:00:00,42.7,-0.8,-1.5,1035.4,0,1.5,2,16,6,3
2016-02-16 04:00:00,41.1,-1.8,-2.4,1035.6,7,1.0,2,16,7,4
2016-02-16 05:00:00,40.6,-1.4,-1.9,1036.0,0,0.5,2,16,1,5
2016-02-16 06:00:00,44.7,-1.3,-1.7,1035.7,2,0.5,2,16,2,6
2016-02-16 07:00:00,46.9,-1.8,-2.3,1036.2,7,1.5,2,16,3,7
2016-02-16 08:00:00,57.7,-1.4,-1.9,1036.4,7,0.5,2,16,4,8
2016-02-16 09:00:00,71.8,1.2,0.4,1036.4,5,1.0,2,16,5,9
2016-02-16 10:00:00,72.1,3.1,0.2,1036.2,3,2.1,2,16,6,10
2016-02-16 11:00:00,67.0,4.9,1.4,1036.2,5,2.6,2,16,7,11
2016-02-16 12:00:00,65.3,6.1,1.3,1035.5,4,3.6,2,16,1,12
2016-02-16 13:00:00,61.7,7.1,-1.0,1034.5,4,5.1,2,16,2,13
2016-02-16 14:00:00,60.6,7.4,-1.0,1033.5,4,5.7,2,16,3,14
2016-02-16 15:00:00,65.4,7.2,-1.0,1032.4,4,5.7,2,16,4,15
2016-02-16 16:00:00,69.1,6.8,-1.0,1032.0,4,6.2,2,16,5,16
2016-02-16 17:00:00,71.9,5.8,-0.5,1031.6,4,4.6,2,16,6,17
2016-02-16 18:00:00,73.7,4.6,-0.3,1031.7,4,4.1,2,16,7,18
2016-02-16 19:00:00,84.2,4.5,0.1,1031.5,4,4.1,2,16,1,19
2016-02-16 20:00:00,87.5,3.4,-0.2,1030.8,3,3.6,2,16,2,20
2016-02-16 21:00:00,82.8,3.2,0.0,1030.3,3,3.6,2,16,3,21
2016-02-16 22:00:00,74.6,2.8,-0.1,1029.4,3,3.6,2,16,4,22
2016-02-16 23:00:00,63.7,2.3,0.3,1028.8,3,3.1,2,16,5,23
2016-02-17 00:00:00,65.3,3.0,0.3,1027.7,3,3.1,2,17,6,0
2016-02-17 01:00:00,55.1,1.6,-0.7,1026.4,3,2.6,2,17,7,1
2016-02-17 02:00:00,46.3,0.9,-0.7,1025.4,3,2.1,2,17,1,2
2016-02-17 03:00:00,40.4,1.5,-0.5,1024.0,3,3.1,2,17,2,3
2016-02-17 04:00:00,41.3,2.8,-0.4,1022.9,4,3.6,2,17,3,4
2016-02-17 05:00:00,39.2,3.1,-0.8,1022.1,4,3.6,2,17,4,5
2016-02-17 06:00:00,41.6,3.0,-0.5,1021.2,3,4.1,2,17,5,6
2016-02-17 07:00:00,44.1,3.7,-0.5,1020.2,3,5.1,2,17,6,7
2016-02-17 08:00:00,47.5,4.4,-0.2,1019.8,4,3.6,2,17,7,8
2016-02-17 09:00:00,64.1,5.2,0.0,1019.2,4,5.7,2,17,1,9
2016-02-17 10:00:00,65.5,5.9,0.3,1018.1,4,5.7,2,17,2,10
2016-02-17 11:00:00,64.4,6.1,0.0,1016.9,4,7.2,2,17,3,11
2016-02-17 12:00:00,64.3,6.4,0.9,1015.8,4,6.7,2,17,4,12
2016-02-17 13:00:00,61.6,6.1,1.5,1014.7,4,5.7,2,17,5,13
2016-02-17 14:00:00,62.7,6.2,2.0,1013.7,4,5.1,2,17,6,14
2016-02-17 15:00:00,68.1,5.8,3.1,1012.8,4,4.6,2,17,7,15
2016-02-17 16:00:00,70.3,5.1,3.5,1012.3,4,3.6,2,17,1,16
2016-02-17 17:00:00,70.8,4.9,3.8,1011.7,4,3.6,2,17,2,17
2016-02-17 18:00:00,74.2,4.8,4.2,1011.3,3,3.6,2,17,3,18
2016-02-17 19:00:00,81.9,4.6,4.2,1010.9,3,3.6,2,17,4,19
2016-02-17 20:00:00,78.9,4.8,4.5,1010.6,4,3.6,2,17,5,20
2016-02-17 21:00:00,82.7,4.8,4.5,1010.2,4,4.1,2,17,6,21
2016-02-17 22:00:00,82.7,4.6,4.2,1009.9,4,4.1,2,17,7,22
2016-02-17 23:00:00,74.2,4.5,4.1,1009.6,4,4.6,2,17,1,23
2016-02-18 00:00:00,74.8,4.3,4.0,1009.8,5,4.6,2,18,2,0
2016-02-18 01:00:00,55.5,3.5,3.2,1009.8,6,4.6,2,18,3,1
2016-02-18 02:00:00,51.8,3.4,3.1,1010.1,6,3.6,2,18,4,2
2016-02-18 03:00:00,38.2,3.4,3.0,1010.0,7,3.1,2,18,5,3
2016-02-18 04:00:00,38.9,3.5,3.0,1010.4,7,3.6,2,18,6,4
2016-02-18 05:00:00,37.4,3.5,2.6,1010.8,7,2.6,2,18,7,5
2016-02-18 06:00:00,39.0,3.5,2.6,1011.1,7,2.1,2,18,1,6
2016-02-18 07:00:00,39.2,3.6,2.8,1011.9,7,2.1,2,18,2,7
2016-02-18 08:00:00,49.7,3.9,2.8,1013.0,7,3.6,2,18,3,8
2016-02-18 09:00:00,60.5,3.6,2.2,1013.8,7,3.6,2,18,4,9
2016-02-18 10:00:00,63.3,4.3,2.4,1014.4,7,3.1,2,18,5,10
2016-02-18 11:00:00,74.7,5.7,1.5,1014.7,7,3.6,2,18,6,11
2016-02-18 12:00:00,73.0,6.715545131925169,0.9203117033245196,1014.892597824574,7,3.820499691717189,2,18,7,12
2016-02-18 13:00:00,73.9,7.2,0.3,1015.1,7,3.6,2,18,1,13
2016-02-18 14:00:00,74.1,7.2,-0.9,1015.4,0,3.1,2,18,2,14
2016-02-18 15:00:00,76.3,6.864501767739233,-1.906558233028281,1015.747929387637,0,2.723245790479276,2,18,3,15
2016-02-18 16:00:00,79.0,6.218331409186707,-2.590819688476977,1016.1363434234222,7,2.5368617212315066,2,18,4,16
2016-02-18 17:00:00,80.0,5.26148892434242,-2.9527843663460867,1016.5652421073546,6,2.540847792256694,2,18,5,17
2016-02-18 18:00:00,87.3,4.3909822340887095,-3.0030191850271786,1016.9907536563196,6,2.613534353891505,2,18,6,18
2016-02-18 19:00:00,95.3,4.003819259307902,-2.752091062911816,1017.3690062872014,5,2.6332517564726063,2,18,7,19
2016-02-18 20:00:00,96.0,4.1,-2.2,1017.7,5,2.6,2,18,1,20
2016-02-18 21:00:00,90.1,4.3,-1.4,1018.0,5,2.6,2,18,2,21
2016-02-18 22:00:00,82.0,2.8,-0.7,1018.3,6,3.1,2,18,3,22
2016-02-18 23:00:00,87.7,1.9,-0.4,1018.3,5,3.6,2,18,4,23
2016-02-19 00:00:00,87.8,1.1,-0.8,1018.4,5,2.6,2,19,5,0
2016-02-19 01:00:00,79.7,0.3,-0.9,1018.5,4,1.5,2,19,6,1
2016-02-19 02:00:00,69.6,0.1,-0.8,1018.6,5,1.5,2,19,7,2
2016-02-19 03:00:00,67.9,-0.2,-0.7,1018.4,5,1.5,2,19,1,3
2016-02-19 04:00:00,65.1,-0.5,-0.8,1018.3,4,2.1,2,19,2,4
2016-02-19 05:00:00,58.6,0.3,-0.1,1018.3,4,2.1,2,19,3,5
2016-02-19 06:00:00,55.6,0.0,-0.6,1018.5,4,2.1,2,19,4,6
2016-02-19 07:00:00,58.8,0.6,-0.2,1018.1,4,2.1,2,19,5,7
2016-02-19 08:00:00,65.9,1.0,0.1,1018.6,4,2.1,2,19,6,8
2016-02-19 09:00:00,76.8,3.0,1.1,1018.5,5,3.6,2,19,7,9
2016-02-19 10:00:00,78.1,5.5,2.5,1018.7,5,3.6,2,19,1,10
2016-02-19 11:00:00,84.1,7.6,3.3,1018.3,5,5.7,2,19,2,11
2016-02-19 12:00:00,77.5,8.5,2.7,1017.7,5,6.7,2,19,3,12
2016-02-19 13:00:00,78.5,9.3,2.7,1016.8,5,6.2,2,19,4,13
2016-02-19 14:00:00,75.1,9.5,2.8,1015.9,5,6.7,2,19,5,14
2016-02-19 15:00:00,80.1,9.6,2.6,1015.1,5,8.8,2,19,6,15
2016-02-19 16:00:00,81.8,8.5,4.5,1014.6,4,7.7,2,19,7,16
2016-02-19 17:00:00,81.1,8.1,5.5,1013.4,4,6.7,2,19,1,17
2016-02-19 18:00:00,84.6,7.6,6.3,1013.0,4,6.7,2,19,2,18
2016-02-19 19:00:00,86.6,7.5,7.1,1011.8,4,6.7,2,19,3,19
2016-02-19 20:00:00,84.7,7.8,7.4,1010.8,4,6.7,2,19,4,20
2016-02-19 21:00:00,89.8,8.3,7.7,1010.5,4,7.7,2,19,5,21
2016-02-19 22:00:00,98.6,8.4,8.2,1010.0,5,7.7,2,19,6,22
2016-02-19 23:00:00,88.4,8.8,8.6,1009.1,4,6.2,2,19,7,23
2016-02-20 00:00:00,79.4,9.3,8.9,1008.9,5,5.7,2,20,1,0
2016-02-20 01:00:00,73.6,9.6,8.8,1008.9,5,7.2,2,20,2,1
2016-02-20 02:00:00,67.6,9.6,8.4,1008.3,5,5.7,2,20,3,2
2016-02-20 03:00:00,61.6,9.5,7.8,1008.5,6,8.2,2,20,4,3
2016-02-20 04:00:00,56.5,8.8,7.2,1008.7,6,7.7,2,20,5,4
2016-02-20 05:00:00,50.8,8.7,6.7,1009.1,6,5.7,2,20,6,5
2016-02-20 06:00:00,49.1,8.4,6.3,1009.9,6,6.7,2,20,7,6
2016-02-20 07:00:00,48.6,8.8,6.4,1009.8,5,6.7,2,20,1,7
2016-02-20 08:00:00,51.9,9.1,6.9,1010.0,5,5.7,2,20,2,8
2016-02-20 09:00:00,59.3,10.2,7.1,1010.4,6,7.2,2,20,3,9
2016-02-20 10:00:00,65.5,10.4,6.5,1011.0,6,8.2,2,20,4,10
2016-02-20 11:00:00,70.7,11.3,5.3,1010.9,6,9.8,2,20,5,11
2016-02-20 12:00:00,77.2,11.2,6.7,1010.6,6,9.3,2,20,6,12
2016-02-20 13:00:00,82.9,11.0,8.7,1009.7,5,7.2,2,20,7,13
2016-02-20 14:00:00,84.4,10.7,9.9,1009.0,5,7.7,2,20,1,14
2016-02-20 15:00:00,80.9,10.9,10.5,1008.5,5,8.2,2,20,2,15
2016-02-20 16:00:00,82.3,11.1,10.8,1008.2,5,9.3,2,20,3,16
2016-02-20 17:00:00,87.3,11.8,10.9,1007.8,6,9.8,2,20,4,17
2016-02-20 18:00:00,85.2,11.8,10.6,1008.2,6,10.3,2,20,5,18
2016-02-20 19:00:00,87.1,11.8,10.4,1008.5,6,11.8,2,20,6,19
2016-02-20 20:00:00,91.1,12.0,10.1,1008.7,6,13.9,2,20,7,20
2016-02-20 21:00:00,91.6,11.8,9.9,1009.6,6,11.3,2,20,1,21
2016-02-20 22:00:00,87.9,12.0,9.8,1010.1,6,10.3,2,20,2,22
2016-02-20 23:00:00,83.6,11.9,9.8,1010.3,6,9.3,2,20,3,23
2016-02-21 00:00:00,78.2,12.0,9.6,1010.8,6,10.3,2,21,4,0
2016-02-21 01:00:00,69.1,12.0,9.7,1011.4,6,10.8,2,21,5,1
2016-02-21 02:00:00,66.6,11.7,9.8,1011.9,6,8.2,2,21,6,2
2016-02-21 03:00:00,66.3,11.4,9.9,1011.4,6,8.2,2,21,7,3
2016-02-21 04:00:00,60.3,11.5,10.0,1011.6,6,9.8,2,21,1,4
2016-02-21 05:00:00,51.3,11.2,10.7,1011.5,5,7.7,2,21,2,5
2016-02-21 06:00:00,43.8,11.3,10.7,1011.3,5,8.8,2,21,3,6
2016-02-21 07:00:00,42.1,11.5,10.5,1011.2,5,8.8,2,21,4,7
2016-02-21 08:00:00,47.8,12.1,10.2,1011.6,5,9.3,2,21,5,8
2016-02-21 09:00:00,55.4,12.5,10.3,1011.4,5,8.8,2,21,6,9
2016-02-21 10:00:00,63.1,12.9,10.2,1011.6,6,10.3,2,21,7,10
2016-02-21 11:00:00,66.6,13.2,10.5,1011.5,6,10.3,2,21,1,11
2016-02-21 12:00:00,70.8,13.5,10.7,1011.1,5,9.3,2,21,2,12
2016-02-21 13:00:00,72.4,14.2,10.9,1010.4,5,11.3,2,21,3,13
2016-02-21 14:00:00,66.5,14.4,11.7,1009.4,5,10.8,2,21,4,14
2016-02-21 15:00:00,68.4,14.4,11.5,1009.1,5,11.8,2,21,5,15
2016-02-21 16:00:00,67.7,14.4,11.4,1009.0,5,10.8,2,21,6,16
2016-02-21 17:00:00,75.3,14.3,11.1,1008.5,5,9.8,2,21,7,17
2016-02-21 18:00:00,79.1,13.6,10.7,1008.6,5,7.7,2,21,1,18
2016-02-21 19:00:00,94.8,12.8,10.2,1008.7,5,8.2,2,21,2,19
2016-02-21 20:00:00,89.8,12.5,9.8,1008.3,5,8.2,2,21,3,20
2016-02-21 21:00:00,89.3,12.4,9.8,1008.1,5,9.3,2,21,4,21
2016-02-21 22:00:00,88.6,12.0,10.1,1008.4,5,9.3,2,21,5,22
2016-02-21 23:00:00,88.8,11.7,10.1,1008.0,5,10.3,2,21,6,23
2016-02-22 00:00:00,86.0,11.8,10.0,1007.6,5,9.3,2,22,7,0
2016-02-22 01:00:00,70.8,11.3,10.5,1007.8,5,8.2,2,22,1,1
2016-02-22 02:00:00,57.8,10.9,10.5,1007.7,5,8.2,2,22,2,2
2016-02-22 03:00:00,52.7,10.8,10.5,1007.4,5,7.2,2,22,3,3
2016-02-22 04:00:00,52.0,10.9,10.1,1007.0,6,7.2,2,22,4,4
2016-02-22 05:00:00,46.7,10.9,9.8,1007.4,6,6.7,2,22,5,5
2016-02-22 06:00:00,44.9,9.1,8.6,1007.7,6,4.6,2,22,6,6
2016-02-22 07:00:00,49.5,8.6,8.5,1008.0,6,3.6,2,22,7,7
2016-02-22 08:00:00,66.8,8.3,8.1,1008.5,6,3.1,2,22,1,8
2016-02-22 09:00:00,80.8,8.3,7.3,1008.9,6,4.1,2,22,2,9
2016-02-22 10:00:00,75.3,8.4,5.9,1009.3,7,4.6,2,22,3,10
2016-02-22 11:00:00,71.4,8.0,5.0,1009.5,6,3.6,2,22,4,11
2016-02-22 12:00:00,73.2,8.1,4.3,1009.5,6,3.6,2,22,5,12
2016-02-22 13:00:00,82.4,8.8,3.1,1009.0,6,4.6,2,22,6,13
2016-02-22 14:00:00,84.1,8.9,1.5,1009.0,7,5.7,2,22,7,14
2016-02-22 15:00:00,80.8,8.7,-0.1,1009.3,7,5.7,2,22,1,15
2016-02-22 16:00:00,82.4,9.2,-0.2,1009.5,6,3.6,2,22,2,16
2016-02-22 17:00:00,94.9,8.3,-0.3,1009.9,7,3.1,2,22,3,17
2016-02-22 18:00:00,100.5,7.7,-0.3,1010.6,7,2.1,2,22,4,18
2016-02-22 19:00:00,109.6,7.4,0.0,1011.4,6,2.6,2,22,5,19
2016-02-22 20:00:00,109.0,7.0,-0.3,1011.6,6,2.1,2,22,6,20
2016-02-22 21:00:00,108.5,6.9,0.0,1011.9,6,2.6,2,22,7,21
2016-02-22 22:00:00,107.7,6.2,-0.4,1012.2,6,2.1,2,22,1,22
2016-02-22 23:00:00,101.3,5.5,-0.5,1012.6,7,2.6,2,22,2,23
2016-02-23 00:00:00,87.0,5.0,-0.3,1012.7,6,2.1,2,23,3,0
2016-02-23 01:00:00,79.4,4.6,-0.3,1013.0,6,2.6,2,23,4,1
2016-02-23 02:00:00,61.2,4.8,0.3,1013.2,6,2.6,2,23,5,2
2016-02-23 03:00:00,53.1,4.8,0.9,1013.4,6,2.6,2,23,6,3
2016-02-23 04:00:00,49.1,4.6,1.1,1013.5,6,2.6,2,23,7,4
2016-02-23 05:00:00,47.5,4.0,1.0,1013.9291470105367,6,2.1,2,23,1,5
2016-02-23 06:00:00,48.9,2.7,1.1,1014.4,6,2.6,2,23,2,6
2016-02-23 07:00:00,53.5,4.3,1.5,1014.7,6,2.6,2,23,3,7
2016-02-23 08:00:00,67.9,4.7,1.7,1015.6,6,3.6,2,23,4,8
2016-02-23 09:00:00,79.5,5.6,1.8,1016.4,6,3.1,2,23,5,9
2016-02-23 10:00:00,82.4,7.0,2.1,1017.0,7,3.1,2,23,6,10
2016-02-23 11:00:00,79.1,7.8,2.4,1017.5,7,4.1,2,23,7,11
2016-02-23 12:00:00,78.5,8.1,2.4,1018.0,0,3.1,2,23,1,12
2016-02-23 13:00:00,63.6,7.7,2.0,1017.9,0,3.6,2,23,2,13
2016-02-23 14:00:00,64.3,8.3,1.0,1018.1,0,3.1,2,23,3,14
2016-02-23 15:00:00,63.6,8.4,0.9,1018.5,0,3.1,2,23,4,15
2016-02-23 16:00:00,63.8,9.0,-0.1,1018.8,7,3.1,2,23,5,16
2016-02-23 17:00:00,67.9,8.6,-0.1,1019.3,0,2.6,2,23,6,17
2016-02-23 18:00:00,85.6,6.8,-0.5,1020.0,0,1.5,2,23,7,18
2016-02-23 19:00:00,92.9,5.7,-0.4,1020.5,0,2.1,2,23,1,19
2016-02-23 20:00:00,88.1,5.0,-0.6,1020.9,1,1.5,2,23,2,20
2016-02-23 21:00:00,95.0,4.2,-0.5,1021.0,1,1.5,2,23,3,21
2016-02-23 22:00:00,98.8,3.4,-0.3,1021.2,1,1.0,2,23,4,22
2016-02-23 23:00:00,94.4,2.1,-0.2,1021.2,0,1.0,2,23,5,23
2016-02-24 00:00:00,77.3,1.4,-0.4,1021.2,0,0.5,2,24,6,0
2016-02-24 01:00:00,71.2,0.3,-0.9,1021.3,0,0.5,2,24,7,1
2016-02-24 02:00:00,59.0,-0.3,-1.4,1020.9,0,0.0,2,24,1,2
2016-02-24 03:00:00,48.9,-0.4,-1.3,1020.6,1,0.5,2,24,2,3
2016-02-24 04:00:00,46.2,-0.6,-1.6,1020.1,0,0.0,2,24,3,4
2016-02-24 05:00:00,45.0,-0.6,-1.5,1019.9,0,1.0,2,24,4,5
2016-02-24 06:00:00,45.5,-0.7,-1.4,1019.6,0,1.0,2,24,5,6
2016-02-24 07:00:00,47.2,-1.3,-2.0,1019.2,0,1.0,2,24,6,7
2016-02-24 08:00:00,65.5,-0.5,-1.2,1019.5,0,1.0,2,24,7,8
2016-02-24 09:00:00,75.2,1.5,-0.7,1019.4,1,0.5,2,24,1,9
2016-02-24 10:00:00,63.0,3.6,0.2,1018.9,0,1.0,2,24,2,10
2016-02-24 11:00:00,57.0,5.3,-0.1,1018.5,1,1.0,2,24,3,11
2016-02-24 12:00:00,60.6,6.8,-2.4,1018.1,2,1.5,2,24,4,12
2016-02-24 13:00:00,66.7,7.5,-3.6,1017.2,0,2.1,2,24,5,13
2016-02-24 14:00:00,70.4,7.6,-3.8,1016.4,0,3.6,2,24,6,14
2016-02-24 15:00:00,64.8,7.7,-3.6,1015.9,0,2.6,2,24,7,15
2016-02-24 16:00:00,69.6,6.5,-3.9,1015.8,0,2.1,2,24,1,16
2016-02-24 17:00:00,72.0,6.5,-3.9,1015.6,0,2.6,2,24,2,17
2016-02-24 18:00:00,87.6,5.3,-3.7,1015.8,0,2.1,2,24,3,18
2016-02-24 19:00:00,99.9,4.1,-3.2,1016.2,0,2.1,2,24,4,19
2016-02-24 20:00:00,96.5,3.2,-3.5,1016.4,0,2.1,2,24,5,20
2016-02-24 21:00:00,84.2,2.2,-3.4,1016.5,7,1.5,2,24,6,21
2016-02-24 22:00:00,83.7,1.1,-3.4,1016.7,7,2.1,2,24,7,22
2016-02-24 23:00:00,77.2,1.1,-3.1,1016.6,7,1.0,2,24,1,23
2016-02-25 00:00:00,78.5,0.3,-3.1,1016.6,6,1.0,2,25,2,0
2016-02-25 01:00:00,61.0,-0.5,-2.7,1016.6,6,1.0,2,25,3,1
2016-02-25 02:00:00,52.4,-0.3,-3.0,1016.5,7,2.1,2,25,4,2
2016-02-25 03:00:00,44.6,-1.5,-3.3,1016.2,6,1.5,2,25,5,3
2016-02-25 04:00:00,41.4,-1.3,-2.7,1016.1,6,2.1,2,25,6,4
2016-02-25 05:00:00,37.8,-0.6,-1.9,1016.4,6,1.5,2,25,7,5
2016-02-25 06:00:00,42.5,-0.4,-2.0,1016.4,6,1.5,2,25,1,6
2016-02-25 07:00:00,46.9,-0.5,-2.2,1016.7,6,2.6,2,25,2,7
2016-02-25 08:00:00,64.5,0.3,-1.6,1017.0,6,2.6,2,25,3,8
2016-02-25 09:00:00,70.1,2.0,-0.6,1017.4,6,2.6,2,25,4,9
2016-02-25 10:00:00,68.6,3.0,-0.1,1017.6,7,3.1,2,25,5,10
2016-02-25 11:00:00,68.4,3.3,-0.2,1017.8,7,3.1,2,25,6,11
2016-02-25 12:00:00,68.6,4.5,0.1,1017.7,7,3.6,2,25,7,12
2016-02-25 13:00:00,75.1,4.9,-2.4,1017.4,7,2.1,2,25,1,13
2016-02-25 14:00:00,74.3,5.7,-3.8,1017.1,6,3.6,2,25,2,14
2016-02-25 15:00:00,74.8,5.3,-3.8,1016.8,7,3.6,2,25,3,15
2016-02-25 16:00:00,73.0,6.0,-4.7,1016.5,0,3.6,2,25,4,16
2016-02-25 17:00:00,77.1,5.5,-4.8,1016.6,0,2.6,2,25,5,17
2016-02-25 18:00:00,87.3,4.3,-4.7,1016.8,7,2.1,2,25,6,18
2016-02-25 19:00:00,96.8,3.3,-4.7,1016.9,0,1.5,2,25,7,19
2016-02-25 20:00:00,104.6,2.2,-4.7,1016.8,6,1.0,2,25,1,20
2016-02-25 21:00:00,93.9,2.5,-4.3,1016.8,6,1.0,2,25,2,21
2016-02-25 22:00:00,97.9,1.8,-2.4,1016.8,6,1.0,2,25,3,22
2016-02-25 23:00:00,88.6,1.5,-2.9,1016.2,7,1.0,2,25,4,23
2016-02-26 00:00:00,75.9,0.9,-2.5,1015.7,0,0.0,2,26,5,0
2016-02-26 01:00:00,62.5,0.8,-2.0,1015.3,4,0.5,2,26,6,1
2016-02-26 02:00:00,51.9,1.3,-2.3,1014.7,2,1.5,2,26,7,2
2016-02-26 03:00:00,44.3,1.0,-1.8,1014.0,3,1.5,2,26,1,3
2016-02-26 04:00:00,42.5,1.1,-2.3,1013.2,5,1.0,2,26,2,4
2016-02-26 05:00:00,39.0,0.6,-2.6,1012.5,2,1.5,2,26,3,5
2016-02-26 06:00:00,39.5,1.1,-2.3,1012.2,2,2.1,2,26,4,6
2016-02-26 07:00:00,48.8,1.7,-2.6,1011.8,3,3.1,2,26,5,7
2016-02-26 08:00:00,66.8,2.1,-2.4,1011.6,3,3.6,2,26,6,8
2016-02-26 09:00:00,76.7,3.2,-2.9,1011.6,2,3.1,2,26,7,9
2016-02-26 10:00:00,71.1,4.0,-2.7,1011.1,3,4.6,2,26,1,10
2016-02-26 11:00:00,60.5,5.8,-2.2,1010.5,3,4.6,2,26,2,11
2016-02-26 12:00:00,66.8,7.2,-2.3,1009.9,3,5.1,2,26,3,12
2016-02-26 13:00:00,69.0,7.8,-2.8,1008.9,2,3.6,2,26,4,13
2016-02-26 14:00:00,70.3,7.5,-1.6,1008.2,3,4.6,2,26,5,14
2016-02-26 15:00:00,71.2,6.6,-1.4,1007.6,3,5.1,2,26,6,15
2016-02-26 16:00:00,73.5,6.3,-1.4,1007.5,3,6.2,2,26,7,16
2016-02-26 17:00:00,78.0,5.6,-1.2,1006.9,2,5.7,2,26,1,17
2016-02-26 18:00:00,82.9,4.3,-1.0,1007.5,2,4.6,2,26,2,18
2016-02-26 19:00:00,92.2,5.0,-0.3,1007.4,2,5.1,2,26,3,19
2016-02-26 20:00:00,83.2,4.9,0.6,1007.3,2,4.1,2,26,4,20
2016-02-26 21:00:00,74.4,4.7,0.5,1007.3,2,3.6,2,26,5,21
2016-02-26 22:00:00,73.2,4.6,0.3,1007.4,2,4.1,2,26,6,22
2016-02-26 23:00:00,79.4,4.8,0.1,1007.3,2,3.6,2,26,7,23
2016-02-27 00:00:00,69.5,4.8,0.3,1007.2,1,2.6,2,27,1,0
2016-02-27 01:00:00,57.1,4.3,0.4,1007.3,1,2.6,2,27,2,1
2016-02-27 02:00:00,55.0,4.0,0.2,1007.5,1,2.1,2,27,3,2
2016-02-27 03:00:00,49.4,3.6,-0.2,1007.5,1,3.1,2,27,4,3
2016-02-27 04:00:00,46.9,3.4,-0.6,1007.4,1,3.1,2,27,5,4
2016-02-27 05:00:00,41.1,3.4,-1.1,1007.6,1,3.1,2,27,6,5
2016-02-27 06:00:00,42.4,3.4,-1.3,1008.0,1,3.6,2,27,7,6
2016-02-27 07:00:00,41.2,3.0,-1.3,1008.4,1,2.6,2,27,1,7
2016-02-27 08:00:00,49.0,3.9,-0.4,1009.3,1,3.1,2,27,2,8
2016-02-27 09:00:00,56.1,5.0,-2.0,1010.0,1,4.6,2,27,3,9
2016-02-27 10:00:00,62.0,5.3,-1.7,1010.4,1,4.6,2,27,4,10
2016-02-27 11:00:00,62.3,5.9,-2.2,1010.8,2,5.1,2,27,5,11
2016-02-27 12:00:00,71.7,5.6,-1.6,1011.2,1,4.6,2,27,6,12
2016-02-27 13:00:00,73.3,5.9,-2.5,1011.2,1,5.7,2,27,7,13
2016-02-27 14:00:00,68.7,6.1,-3.9,1011.3,1,6.2,2,27,1,14
2016-02-27 15:00:00,70.8,5.7,-3.9,1011.7,1,6.7,2,27,2,15
2016-02-27 16:00:00,67.1,5.6,-3.8,1012.1,1,7.2,2,27,3,16
2016-02-27 17:00:00,70.5,5.3,-3.9,1012.6,1,6.2,2,27,4,17
2016-02-27 18:00:00,80.0,5.0,-4.1,1012.9,1,6.7,2,27,5,18
2016-02-27 19:00:00,78.7,4.8,-3.4,1013.9,1,6.7,2,27,6,19
2016-02-27 20:00:00,78.8,4.0,-2.8,1014.6,1,5.1,2,27,7,20
2016-02-27 21:00:00,81.6,3.8,-2.7,1015.2,1,4.6,2,27,1,21
2016-02-27 22:00:00,78.8,3.7,-2.1,1015.7,1,4.6,2,27,2,22
2016-02-27 23:00:00,73.9,3.7,-1.7,1015.8,1,5.1,2,27,3,23
2016-02-28 00:00:00,81.2,3.3,-1.2,1016.1,1,3.6,2,28,4,0
2016-02-28 01:00:00,62.1,3.1,-1.2,1016.4,1,4.6,2,28,5,1
2016-02-28 02:00:00,53.1,3.3,-1.5,1016.8,1,4.6,2,28,6,2
2016-02-28 03:00:00,50.9,2.7,-1.7,1016.9,1,3.6,2,28,7,3
2016-02-28 04:00:00,49.5,2.7,-1.8,1017.1,1,4.1,2,28,1,4
2016-02-28 05:00:00,45.9,2.8,-1.7,1017.7,1,4.6,2,28,2,5
2016-02-28 06:00:00,38.6,2.8,-1.1,1018.1,1,5.1,2,28,3,6
2016-02-28 07:00:00,41.9,3.2,-0.7,1018.9,1,4.6,2,28,4,7
2016-02-28 08:00:00,48.9,3.8,-0.3,1020.0,1,4.6,2,28,5,8
2016-02-28 09:00:00,49.1,4.2,-0.2,1020.7,1,5.1,2,28,6,9
2016-02-28 10:00:00,57.1,5.1,0.4,1021.2,1,5.7,2,28,7,10
2016-02-28 11:00:00,62.1,6.1,0.2,1021.6,1,5.7,2,28,1,11
2016-02-28 12:00:00,69.3,6.8,-0.4,1021.8,1,6.7,2,28,2,12
2016-02-28 13:00:00,77.1,7.6,-1.5,1021.5,1,6.7,2,28,3,13
2016-02-28 14:00:00,73.5,7.6,-4.0,1021.6,1,7.7,2,28,4,14
2016-02-28 15:00:00,70.7,7.4,-2.5,1021.9,0,5.7,2,28,5,15
2016-02-28 16:00:00,71.9,7.0,-3.4,1022.3,1,7.2,2,28,6,16
2016-02-28 17:00:00,78.3,6.7,-3.7,1022.7,1,6.7,2,28,7,17
2016-02-28 18:00:00,88.6,5.9,-3.3,1023.7,1,4.6,2,28,1,18
2016-02-28 19:00:00,89.5,4.9,-2.5,1024.7,1,3.6,2,28,2,19
2016-02-28 20:00:00,95.8,4.4,-1.9,1025.1,1,3.6,2,28,3,20
2016-02-28 21:00:00,95.3,4.3,-1.1,1025.8,1,4.1,2,28,4,21
2016-02-28 22:00:00,103.5,4.6,-1.0,1026.2,1,3.6,2,28,5,22
2016-02-28 23:00:00,99.2,4.8,-1.0,1026.5,1,3.6,2,28,6,23
2016-02-29 00:00:00,87.6,3.8,-0.8,1026.3,0,2.1,2,29,7,0
2016-02-29 01:00:00,68.0,3.0,-0.4,1026.5,0,2.6,2,29,1,1
2016-02-29 02:00:00,60.5,2.0,-0.3,1026.5,0,2.6,2,29,2,2
2016-02-29 03:00:00,45.8,1.4,-0.5,1026.4,0,2.6,2,29,3,3
2016-02-29 04:00:00,42.8,0.8,-0.6,1026.2,0,1.5,2,29,4,4
2016-02-29 05:00:00,41.0,1.2,0.0,1026.7,0,2.6,2,29,5,5
2016-02-29 06:00:00,40.9,0.9,-0.3,1027.1,0,1.5,2,29,6,6
2016-02-29 07:00:00,42.6,0.6,-0.5,1027.5,1,1.5,2,29,7,7
2016-02-29 08:00:00,62.6,1.4,-0.4,1028.0,0,1.5,2,29,1,8
2016-02-29 09:00:00,69.4,4.4,0.3,1027.9,1,2.1,2,29,2,9
2016-02-29 10:00:00,63.2,6.3,-0.4,1028.0,1,3.1,2,29,3,10
2016-02-29 11:00:00,55.7,7.5,-0.8,1027.6,2,3.1,2,29,4,11
2016-02-29 12:00:00,55.4,7.7,-1.3,1027.6,2,2.1,2,29,5,12
2016-02-29 13:00:00,61.7,8.4,-1.2,1027.0,2,2.6,2,29,6,13
2016-02-29 14:00:00,66.6,8.6,-1.4,1026.4,3,1.0,2,29,7,14
2016-02-29 15:00:00,64.2,9.2,-1.8,1026.2,7,1.0,2,29,1,15
2016-02-29 16:00:00,68.5,8.1,-1.8,1026.5,7,1.5,2,29,2,16
2016-02-29 17:00:00,76.9,7.8,-1.7,1026.3,6,0.5,2,29,3,17
2016-02-29 18:00:00,86.0,7.2,-1.4,1025.9,4,2.1,2,29,4,18
2016-02-29 19:00:00,97.7,7.2,-1.5,1025.5,4,2.6,2,29,5,19
2016-02-29 20:00:00,97.9,6.6,-0.9,1025.6,4,3.6,2,29,6,20
2016-02-29 21:00:00,98.6,6.4,-0.2,1025.2,4,3.6,2,29,7,21
2016-02-29 22:00:00,96.7,5.9,0.9,1025.0,5,4.6,2,29,1,22
2016-02-29 23:00:00,97.7,5.5,0.6,1024.5,4,4.1,2,29,2,23
2016-03-01 00:00:00,81.5,5.2,1.0,1024.0,5,5.7,3,1,3,0
2016-03-01 01:00:00,69.1,4.6,2.5,1023.0,4,4.1,3,1,4,1
2016-03-01 02:00:00,50.5,4.5,3.0,1021.6,4,5.1,3,1,5,2
2016-03-01 03:00:00,46.7,4.5,3.9,1020.0,4,5.1,3,1,6,3
2016-03-01 04:00:00,42.7,5.0,4.7,1018.4,4,5.1,3,1,7,4
2016-03-01 05:00:00,41.2,5.9,5.7,1016.9,4,6.7,3,1,1,5
2016-03-01 06:00:00,40.1,6.5,6.2,1015.8,4,6.2,3,1,2,6
2016-03-01 07:00:00,42.1,7.1,6.7,1014.3,4,5.7,3,1,3,7
2016-03-01 08:00:00,62.3,8.0,7.7,1013.2,4,5.7,3,1,4,8
2016-03-01 09:00:00,71.5,8.9,8.6,1011.7,4,6.7,3,1,5,9
2016-03-01 10:00:00,67.8,9.8,9.5,1010.5,5,8.2,3,1,6,10
2016-03-01 11:00:00,70.9,10.1,9.7,1009.6,5,8.2,3,1,7,11
2016-03-01 12:00:00,66.0,10.4,10.0,1008.6,5,7.7,3,1,1,12
2016-03-01 13:00:00,64.2,11.5,10.5,1007.6,5,8.2,3,1,2,13
2016-03-01 14:00:00,65.5,12.4,10.4,1007.0,5,8.8,3,1,3,14
2016-03-01 15:00:00,58.7,12.7,10.2,1007.0,6,6.7,3,1,4,15
2016-03-01 16:00:00,68.4,12.5,9.6,1006.4,6,8.2,3,1,5,16
2016-03-01 17:00:00,69.3,11.6,8.3,1006.4,6,9.8,3,1,6,17
2016-03-01 18:00:00,90.5,10.5,7.0,1006.2,6,8.8,3,1,7,18
2016-03-01 19:00:00,90.3,9.9,5.6,1005.9,6,10.3,3,1,1,19
2016-03-01 20:00:00,82.3,9.6,5.6,1005.4,6,9.3,3,1,2,20
2016-03-01 21:00:00,83.5,9.6,5.5,1005.2,5,9.3,3,1,3,21
2016-03-01 22:00:00,79.0,9.0,5.6,1004.6,5,9.3,3,1,4,22
2016-03-01 23:00:00,85.1,8.7,5.4,1003.9,5,6.7,3,1,5,23
2016-03-02 00:00:00,75.1,7.7,4.8,1003.6,5,7.7,3,2,6,0
2016-03-02 01:00:00,59.7,7.8,4.9,1002.5,5,7.2,3,2,7,1
2016-03-02 02:00:00,47.1,7.2,5.1,1002.0,6,9.8,3,2,1,2
2016-03-02 03:00:00,39.3,5.5,3.3,1001.9,6,5.7,3,2,2,3
2016-03-02 04:00:00,39.3,5.3,3.2,1001.9,6,4.1,3,2,3,4
2016-03-02 05:00:00,36.7,4.5,1.0,1001.6,6,7.2,3,2,4,5
2016-03-02 06:00:00,36.5,4.4,0.7,1001.4,6,8.8,3,2,5,6
2016-03-02 07:00:00,40.6,4.0,0.1,1000.7,6,8.2,3,2,6,7
2016-03-02 08:00:00,61.3,4.5,1.3,999.6,5,6.2,3,2,7,8
2016-03-02 09:00:00,69.1,4.9,2.6,998.8,6,10.3,3,2,1,9
2016-03-02 10:00:00,71.2,4.8,3.1,997.8,5,10.8,3,2,2,10
2016-03-02 11:00:00,70.8,3.5,2.7,996.6,6,7.7,3,2,3,11
2016-03-02 12:00:00,69.6,4.9,2.3,994.7,6,11.3,3,2,4,12
2016-03-02 13:00:00,78.4,4.7,2.0,995.2,6,13.4,3,2,5,13
2016-03-02 14:00:00,79.6,6.1,0.8,995.8,6,9.8,3,2,6,14
2016-03-02 15:00:00,75.4,6.9,-1.3,996.9,7,12.4,3,2,7,15
2016-03-02 16:00:00,68.4,5.4,1.0,998.6,6,7.7,3,2,1,16
2016-03-02 17:00:00,69.4,5.5,1.6,999.0,6,6.2,3,2,2,17
2016-03-02 18:00:00,81.5,5.0,1.3,999.5,6,4.1,3,2,3,18
2016-03-02 19:00:00,88.1,5.5,0.8,999.6,6,6.7,3,2,4,19
2016-03-02 20:00:00,88.6,5.1,2.1,999.8,6,7.7,3,2,5,20
2016-03-02 21:00:00,82.1,5.4,2.6,999.9,6,6.7,3,2,6,21
2016-03-02 22:00:00,79.9,5.9,2.4,1000.0,6,6.2,3,2,7,22
2016-03-02 23:00:00,79.0,6.3,2.3,999.8,6,7.2,3,2,1,23
2016-03-03 00:00:00,83.5,6.5,2.5,999.8,6,8.2,3,3,2,0
2016-03-03 01:00:00,64.9,6.7,2.2,999.6,6,9.3,3,3,3,1
2016-03-03 02:00:00,55.7,6.1,2.9,1000.0,6,7.7,3,3,4,2
2016-03-03 03:00:00,48.6,6.1,2.4,1000.3,7,8.8,3,3,5,3
2016-03-03 04:00:00,44.5,5.2,-0.3,1002.0,7,9.3,3,3,6,4
2016-03-03 05:00:00,38.0,4.8,0.5,1003.3,7,6.7,3,3,7,5
2016-03-03 06:00:00,39.0,4.3,0.3,1004.6,7,4.6,3,3,1,6
2016-03-03 07:00:00,43.6,3.4,0.1,1005.9,7,4.6,3,3,2,7
2016-03-03 08:00:00,57.8,3.5,-0.2,1006.8,6,5.1,3,3,3,8
2016-03-03 09:00:00,65.2,4.6,0.1,1007.2,7,4.6,3,3,4,9
2016-03-03 10:00:00,67.7,6.6,1.0,1007.7,7,4.6,3,3,5,10
2016-03-03 11:00:00,62.0,6.9,0.0,1007.7,6,4.1,3,3,6,11
2016-03-03 12:00:00,62.6,8.2,-1.0,1007.3,6,3.6,3,3,7,12
2016-03-03 13:00:00,67.8,8.8,0.5,1006.5,6,4.1,3,3,1,13
2016-03-03 14:00:00,75.5,8.3,1.9,1006.1,6,5.7,3,3,2,14
2016-03-03 15:00:00,68.0,8.2,3.3,1005.6,6,4.6,3,3,3,15
2016-03-03 16:00:00,75.7,8.3,2.9,1005.0,5,3.6,3,3,4,16
2016-03-03 17:00:00,90.2,7.9,3.9,1004.0,5,3.1,3,3,5,17
2016-03-03 18:00:00,97.3,7.4,3.3,1003.7,4,4.1,3,3,6,18
2016-03-03 19:00:00,106.1,6.9,3.2,1002.4,4,4.6,3,3,7,19
2016-03-03 20:00:00,107.3,6.7,3.0,1001.3,4,4.6,3,3,1,20
2016-03-03 21:00:00,98.7,6.6,3.7,999.8,4,4.6,3,3,2,21
2016-03-03 22:00:00,99.3,6.7,4.4,997.6,4,6.2,3,3,3,22
2016-03-03 23:00:00,97.2,6.8,5.7,995.4,4,7.2,3,3,4,23
2016-03-04 00:00:00,82.3,6.8,6.3,993.3,4,7.2,3,4,5,0
2016-03-04 01:00:00,77.8,7.2,6.8,991.9,4,5.1,3,4,6,1
2016-03-04 02:00:00,62.0,6.7,5.4,991.3,6,8.2,3,4,7,2
2016-03-04 03:00:00,52.8,5.5,1.9,991.5,6,7.2,3,4,1,3
2016-03-04 04:00:00,52.9,4.7,1.5,991.3,6,5.1,3,4,2,4
2016-03-04 05:00:00,49.6,3.7,0.8,991.0,6,4.1,3,4,3,5
2016-03-04 06:00:00,51.8,1.9,0.2,991.4,6,4.1,3,4,4,6
2016-03-04 07:00:00,55.3,2.2,-0.1,991.7,5,4.1,3,4,5,7
2016-03-04 08:00:00,68.8,2.7,0.2,991.5,6,4.6,3,4,6,8
2016-03-04 09:00:00,78.7,4.3,0.5,991.6,6,5.1,3,4,7,9
2016-03-04 10:00:00,81.3,5.5,0.1,991.4,6,5.1,3,4,1,10
2016-03-04 11:00:00,80.4,5.9,-1.8,991.3,6,5.7,3,4,2,11
2016-03-04 12:00:00,83.9,7.3,-0.8,991.0,5,6.7,3,4,3,12
2016-03-04 13:00:00,86.3,6.8,-1.5,990.6,6,7.2,3,4,4,13
2016-03-04 14:00:00,79.6,7.8,-0.8,990.3,5,6.7,3,4,5,14
2016-03-04 15:00:00,77.7,7.3,-1.8,990.2,5,5.7,3,4,6,15
2016-03-04 16:00:00,81.0,6.8,-0.8,990.4,5,6.2,3,4,7,16
2016-03-04 17:00:00,80.9,5.6,-0.4,990.8,4,4.1,3,4,1,17
2016-03-04 18:00:00,93.4,4.8,-0.2,991.4,4,2.6,3,4,2,18
2016-03-04 19:00:00,97.7,4.6,0.8,992.0,4,3.1,3,4,3,19
2016-03-04 20:00:00,101.1,4.5,-1.0,992.7,6,4.1,3,4,4,20
2016-03-04 21:00:00,93.5,2.9,0.4,992.9,7,2.1,3,4,5,21
2016-03-04 22:00:00,88.8,2.2,0.5,993.5,0,2.6,3,4,6,22
2016-03-04 23:00:00,88.1,1.5,0.1,994.1,1,1.5,3,4,7,23
2016-03-05 00:00:00,85.9,1.0,-0.1,994.6,1,1.5,3,5,1,0
2016-03-05 01:00:00,71.6,0.5,-0.3,995.4,0,1.5,3,5,2,1
2016-03-05 02:00:00,67.3,-0.1,-0.8,995.5,7,1.0,3,5,3,2
2016-03-05 03:00:00,63.1,-0.6,-1.2,995.6,7,0.5,3,5,4,3
2016-03-05 04:00:00,60.6,-0.6,-1.2,996.1,7,1.0,3,5,5,4
2016-03-05 05:00:00,54.3,-0.2,-0.9,996.8,7,2.1,3,5,6,5
2016-03-05 06:00:00,49.9,-0.2,-0.9,997.1,7,1.0,3,5,7,6
2016-03-05 07:00:00,52.9,0.0,-0.7,997.9,7,1.5,3,5,1,7
2016-03-05 08:00:00,56.6,0.6,-0.4,998.8,7,3.1,3,5,2,8
2016-03-05 09:00:00,62.4,1.5,0.5,999.3,7,3.1,3,5,3,9
2016-03-05 10:00:00,71.5,2.8,1.8,999.7,7,3.6,3,5,4,10
2016-03-05 11:00:00,73.7,4.5,2.5,999.9,0,4.6,3,5,5,11
2016-03-05 12:00:00,72.5,5.6,2.2,1000.3,0,4.6,3,5,6,12
2016-03-05 13:00:00,80.1,6.3,1.2,1000.5,0,4.6,3,5,7,13
2016-03-05 14:00:00,86.9,3.8,1.2,1001.4,0,7.2,3,5,1,14
2016-03-05 15:00:00,88.4,4.4,2.1,1001.8,0,6.7,3,5,2,15
2016-03-05 16:00:00,81.8,4.6,2.1,1002.0,0,3.1,3,5,3,16
2016-03-05 17:00:00,86.9,4.8,2.1,1002.4,7,3.1,3,5,4,17
2016-03-05 18:00:00,92.0,4.6,2.0,1003.0,7,2.6,3,5,5,18
2016-03-05 19:00:00,86.9,3.8,1.5,1004.0,0,5.7,3,5,6,19
2016-03-05 20:00:00,94.7,3.5,1.7,1004.5,7,2.6,3,5,7,20
2016-03-05 21:00:00,96.1,3.4,1.2,1004.9,7,3.1,3,5,1,21
2016-03-05 22:00:00,94.0,3.3,0.9,1005.4,7,4.1,3,5,2,22
2016-03-05 23:00:00,93.2,2.8,0.7,1005.7,7,4.1,3,5,3,23
2016-03-06 00:00:00,92.3,2.5,0.5,1005.9,7,3.1,3,6,4,0
2016-03-06 01:00:00,77.7,2.1,0.3,1006.1,7,3.6,3,6,5,1
2016-03-06 02:00:00,70.7,1.9,0.1,1006.2,7,4.1,3,6,6,2
2016-03-06 03:00:00,64.3,1.4,-0.2,1006.5,7,4.6,3,6,7,3
2016-03-06 04:00:00,56.2,1.2,-0.1,1006.6,7,3.6,3,6,1,4
2016-03-06 05:00:00,58.0,0.8,-0.3,1006.7,6,3.6,3,6,2,5
2016-03-06 06:00:00,54.9,0.6,-0.4,1006.8,6,3.1,3,6,3,6
2016-03-06 07:00:00,56.4,0.6,-0.3,1007.2,6,3.1,3,6,4,7
2016-03-06 08:00:00,63.8,1.4,0.2,1007.3,6,3.6,3,6,5,8
2016-03-06 09:00:00,60.3,2.7,0.8,1007.5,7,3.6,3,6,6,9
2016-03-06 10:00:00,73.7,3.9,1.0,1007.3,7,4.1,3,6,7,10
2016-03-06 11:00:00,78.9,5.4,0.4,1006.8,7,4.6,3,6,1,11
2016-03-06 12:00:00,90.1,5.5,0.9,1006.4,7,5.1,3,6,2,12
2016-03-06 13:00:00,82.9,6.2,1.1,1005.8,7,3.1,3,6,3,13
2016-03-06 14:00:00,76.8,6.2,-0.1,1005.0,7,2.6,3,6,4,14
2016-03-06 15:00:00,79.8,5.7,-0.3,1004.8,6,3.6,3,6,5,15
2016-03-06 16:00:00,83.7,5.7,0.0,1004.3,6,3.1,3,6,6,16
2016-03-06 17:00:00,85.0,5.6,-1.2,1004.1,7,2.6,3,6,7,17
2016-03-06 18:00:00,95.2,5.3,-1.6,1004.1,6,3.1,3,6,1,18
2016-03-06 19:00:00,104.1,4.7,-1.2,1004.4,7,1.5,3,6,2,19
2016-03-06 20:00:00,107.2,4.2,-0.7,1004.5,7,1.5,3,6,3,20
2016-03-06 21:00:00,108.8,3.9,-1.1,1004.8,7,1.5,3,6,4,21
2016-03-06 22:00:00,108.4,3.8,-0.8,1004.9,7,1.5,3,6,5,22
2016-03-06 23:00:00,104.7,3.6,-0.7,1005.0,7,2.1,3,6,6,23
2016-03-07 00:00:00,91.1,3.6,-0.8,1005.0,0,2.6,3,7,7,0
2016-03-07 01:00:00,89.2,3.2,-0.9,1005.5,7,2.6,3,7,1,1
2016-03-07 02:00:00,79.7,3.0,-0.9,1005.8,7,3.1,3,7,2,2
2016-03-07 03:00:00,72.3,1.7,-1.3,1006.0,0,2.1,3,7,3,3
2016-03-07 04:00:00,64.3,0.9,-1.5,1006.4,7,2.1,3,7,4,4
2016-03-07 05:00:00,57.9,0.5,-1.4,1007.0,7,2.1,3,7,5,5
2016-03-07 06:00:00,60.6,0.7,-1.4,1007.4,7,2.1,3,7,6,6
2016-03-07 07:00:00,62.8,0.3,-1.9,1008.1,7,3.6,3,7,7,7
2016-03-07 08:00:00,83.0,0.8,-2.4,1008.7,6,3.1,3,7,1,8
2016-03-07 09:00:00,97.3,2.8,-2.1,1009.1,0,3.6,3,7,2,9
2016-03-07 10:00:00,87.7,4.0,-2.2,1009.4,0,4.6,3,7,3,10
2016-03-07 11:00:00,85.7,5.6,-2.0,1009.7,0,4.6,3,7,4,11
2016-03-07 12:00:00,89.7,6.5,-2.0,1009.7,7,5.7,3,7,5,12
2016-03-07 13:00:00,92.5,6.3,-3.7,1009.8,0,6.2,3,7,6,13
2016-03-07 14:00:00,80.6,6.8,-3.1,1009.9,7,4.1,3,7,7,14
2016-03-07 15:00:00,74.7,7.7,-2.2,1010.1,7,5.1,3,7,1,15
2016-03-07 16:00:00,81.0,7.0,-2.6,1010.8,7,4.6,3,7,2,16
2016-03-07 17:00:00,86.6,6.8,-3.5,1011.4,7,4.1,3,7,3,17
2016-03-07 18:00:00,91.9,6.5,-3.3,1012.3,7,3.6,3,7,4,18
2016-03-07 19:00:00,105.4,5.9,-2.3,1013.0,7,2.1,3,7,5,19
2016-03-07 20:00:00,102.3,5.3,-2.0,1013.6,7,1.5,3,7,6,20
2016-03-07 21:00:00,104.1,4.8,-2.0,1014.0,7,2.1,3,7,7,21
2016-03-07 22:00:00,104.0,3.5,-2.3,1014.4,7,1.5,3,7,1,22
2016-03-07 23:00:00,99.4,2.9,-2.6,1014.8,6,2.1,3,7,2,23
2016-03-08 00:00:00,86.8,1.0,-3.1,1015.1,6,1.5,3,8,3,0
2016-03-08 01:00:00,75.1,0.2,-3.2,1015.2,6,1.5,3,8,4,1
2016-03-08 02:00:00,58.6,-0.2,-3.5,1015.4,6,2.1,3,8,5,2
2016-03-08 03:00:00,49.7,-1.1,-4.2,1015.4,6,1.0,3,8,6,3
2016-03-08 04:00:00,49.7,-0.8,-3.5,1015.3,6,1.5,3,8,7,4
2016-03-08 05:00:00,45.6,-1.3,-3.8,1015.6,6,1.0,3,8,1,5
2016-03-08 06:00:00,45.2,-1.3,-3.4,1016.0,5,1.0,3,8,2,6
2016-03-08 07:00:00,48.4,-0.8,-3.0,1016.1,2,0.5,3,8,3,7
2016-03-08 08:00:00,65.9,0.6,-2.8,1015.9,3,1.5,3,8,4,8
2016-03-08 09:00:00,76.6,1.8,-2.4,1016.1,4,1.5,3,8,5,9
2016-03-08 10:00:00,78.8,2.9,-2.1,1016.2,5,2.6,3,8,6,10
2016-03-08 11:00:00,72.5,4.9,-1.4,1015.6,4,3.6,3,8,7,11
2016-03-08 12:00:00,62.4,6.5,0.9,1015.0,5,4.1,3,8,1,12
2016-03-08 13:00:00,68.6,7.9,2.2,1014.3,4,4.6,3,8,2,13
2016-03-08 14:00:00,76.0,8.6,1.8,1013.6,5,5.7,3,8,3,14
2016-03-08 15:00:00,71.9,8.3,1.9,1012.9,5,6.2,3,8,4,15
2016-03-08 16:00:00,74.2,8.0,2.9,1012.9,5,7.2,3,8,5,16
2016-03-08 17:00:00,71.7,7.9,3.4,1012.4,5,5.1,3,8,6,17
2016-03-08 18:00:00,83.9,6.8,4.9,1011.9,5,5.7,3,8,7,18
2016-03-08 19:00:00,92.5,6.2,5.6,1010.9,4,5.1,3,8,1,19
2016-03-08 20:00:00,101.9,6.6,5.9,1009.3,4,5.1,3,8,2,20
2016-03-08 21:00:00,109.5,7.1,6.4,1007.9,4,5.7,3,8,3,21
2016-03-08 22:00:00,106.4,7.3,6.9,1006.0,4,6.2,3,8,4,22
2016-03-08 23:00:00,99.8,7.5,7.1,1004.0,4,5.7,3,8,5,23
2016-03-09 00:00:00,89.8,7.7,7.4,1002.3,4,5.7,3,9,6,0
2016-03-09 01:00:00,82.1,7.7,7.5,1000.4,4,5.1,3,9,7,1
2016-03-09 02:00:00,75.9,7.9,7.6,997.5,4,6.7,3,9,1,2
2016-03-09 03:00:00,64.3,7.7,7.6,994.6,3,6.7,3,9,2,3
2016-03-09 04:00:00,61.8,7.7,7.5,991.9,3,8.8,3,9,3,4
2016-03-09 05:00:00,55.3,7.6,7.3,989.2,3,7.7,3,9,4,5
2016-03-09 06:00:00,53.8,7.7,7.3,987.2,3,8.2,3,9,5,6
2016-03-09 07:00:00,59.8,8.3,8.0,986.5,3,8.2,3,9,6,7
2016-03-09 08:00:00,74.3,7.7,6.6,987.3,3,7.2,3,9,7,8
2016-03-09 09:00:00,80.0,7.7,6.7,988.1,3,4.6,3,9,1,9
2016-03-09 10:00:00,77.5,8.2,6.3,989.4,3,4.1,3,9,2,10
2016-03-09 11:00:00,78.5,8.6,5.3,991.2,3,2.6,3,9,3,11
2016-03-09 12:00:00,71.4,9.0,4.6,992.7,1,2.6,3,9,4,12
2016-03-09 13:00:00,80.7,10.7,5.5,993.8,1,2.6,3,9,5,13
2016-03-09 14:00:00,86.3,10.4,5.5,994.9,1,3.6,3,9,6,14
2016-03-09 15:00:00,85.4,8.5,6.3,996.5,1,3.6,3,9,7,15
2016-03-09 16:00:00,93.3,7.0,6.5,998.2,0,3.6,3,9,1,16
2016-03-09 17:00:00,87.9,7.2,6.9,999.8,0,2.6,3,9,2,17
2016-03-09 18:00:00,97.4,7.5,7.4,1001.6,0,3.6,3,9,3,18
2016-03-09 19:00:00,102.8,7.3,7.0,1003.6,1,3.1,3,9,4,19
2016-03-09 20:00:00,104.3,6.6,6.2,1005.4,1,4.6,3,9,5,20
2016-03-09 21:00:00,106.0,6.4,5.9,1006.7,1,3.6,3,9,6,21
2016-03-09 22:00:00,105.7,6.2,5.7,1008.0,0,3.1,3,9,7,22
2016-03-09 23:00:00,97.2,6.1,5.7,1009.1,0,2.6,3,9,1,23
2016-03-10 00:00:00,91.6,6.1,5.8,1010.2,0,2.1,3,10,2,0
2016-03-10 01:00:00,84.7,6.0,5.8,1011.2,0,2.1,3,10,3,1
2016-03-10 02:00:00,69.8,5.9,5.6,1012.2,7,2.1,3,10,4,2
2016-03-10 03:00:00,62.7,5.5,5.2,1012.9,0,3.1,3,10,5,3
2016-03-10 04:00:00,58.6,5.4,5.2,1013.8,0,3.1,3,10,6,4
2016-03-10 05:00:00,57.6,5.4,5.1,1014.7,0,3.1,3,10,7,5
2016-03-10 06:00:00,53.1,5.4,5.0,1015.6,0,2.6,3,10,1,6
2016-03-10 07:00:00,57.1,5.4,4.9,1016.6,0,2.1,3,10,2,7
2016-03-10 08:00:00,70.5,5.5,4.8,1017.5,0,2.6,3,10,3,8
2016-03-10 09:00:00,79.1,5.7,4.8,1018.5,0,2.6,3,10,4,9
2016-03-10 10:00:00,82.3,6.1,5.0,1019.4,0,3.1,3,10,5,10
2016-03-10 11:00:00,89.0,6.3,5.1,1020.0,0,2.6,3,10,6,11
2016-03-10 12:00:00,83.2,7.0,5.2,1020.4,0,2.6,3,10,7,12
2016-03-10 13:00:00,94.8,8.0,5.6,1021.1,0,2.6,3,10,1,13
2016-03-10 14:00:00,88.4,8.4,5.3,1021.2,0,3.1,3,10,2,14
2016-03-10 15:00:00,82.5,8.8,4.2,1021.5,0,2.1,3,10,3,15
2016-03-10 16:00:00,83.6,9.0,3.9,1022.0,0,2.1,3,10,4,16
2016-03-10 17:00:00,86.0,8.8,4.5,1022.5,0,2.1,3,10,5,17
2016-03-10 18:00:00,99.3,8.7,4.6,1023.0,0,2.1,3,10,6,18
2016-03-10 19:00:00,110.7,8.1,5.1,1023.9,7,1.5,3,10,7,19
2016-03-10 20:00:00,104.9,7.1,5.4,1024.6,7,1.5,3,10,1,20
2016-03-10 21:00:00,102.9,6.2,5.0,1025.5,0,1.5,3,10,2,21
2016-03-10 22:00:00,101.6,5.2,4.6,1026.1,1,1.5,3,10,3,22
2016-03-10 23:00:00,95.0,4.7,4.4,1026.3,7,0.5,3,10,4,23
2016-03-11 00:00:00,87.1,3.7,3.5,1026.5,1,1.0,3,11,5,0
2016-03-11 01:00:00,78.5,3.0,2.8,1026.7,0,1.5,3,11,6,1
2016-03-11 02:00:00,69.4,2.3,2.1,1027.1,1,1.0,3,11,7,2
2016-03-11 03:00:00,66.9,1.3,1.1,1026.7,1,0.5,3,11,1,3
2016-03-11 04:00:00,61.0,0.9,0.8,1026.8,0,0.5,3,11,2,4
2016-03-11 05:00:00,58.4,0.4,0.2,1027.0,7,1.5,3,11,3,5
2016-03-11 06:00:00,56.8,0.0,-0.1,1027.8,7,1.0,3,11,4,6
2016-03-11 07:00:00,64.5,0.1,0.0,1028.2,7,1.0,3,11,5,7
2016-03-11 08:00:00,71.7,0.4,0.4,1028.5,0,1.5,3,11,6,8
2016-03-11 09:00:00,81.0,1.4,1.4,1029.0,7,1.5,3,11,7,9
2016-03-11 10:00:00,79.6,3.3,3.3,1029.3,7,1.5,3,11,1,10
2016-03-11 11:00:00,73.5,7.0,5.3,1029.1,3,1.0,3,11,2,11
2016-03-11 12:00:00,71.6,7.7,3.7,1029.0,4,1.0,3,11,3,12
2016-03-11 13:00:00,75.0,9.3,3.9,1028.8,6,1.5,3,11,4,13
2016-03-11 14:00:00,71.0,10.2,3.5,1028.3,5,1.5,3,11,5,14
2016-03-11 15:00:00,72.2,11.0,1.9,1027.9,6,1.5,3,11,6,15
2016-03-11 16:00:00,77.0,11.3,2.2,1027.6,1,0.5,3,11,7,16
2016-03-11 17:00:00,82.6,9.3,2.6,1027.6,2,2.6,3,11,1,17
2016-03-11 18:00:00,95.2,7.2,2.5,1028.1,2,3.1,3,11,2,18
2016-03-11 19:00:00,100.1,6.2,2.4,1028.9,2,2.6,3,11,3,19
2016-03-11 20:00:00,90.5,4.8,2.6,1029.4,2,2.6,3,11,4,20
2016-03-11 21:00:00,86.9,4.1,2.1,1029.8,2,2.6,3,11,5,21
2016-03-11 22:00:00,93.2,3.9,2.5,1029.8,2,3.6,3,11,6,22
2016-03-11 23:00:00,90.5,3.9,3.0,1030.1,2,1.5,3,11,7,23
2016-03-12 00:00:00,80.1,3.2,2.6,1030.2,2,0.5,3,12,1,0
2016-03-12 01:00:00,72.1,3.1,2.7,1030.0,2,0.5,3,12,2,1
2016-03-12 02:00:00,63.5,4.3,4.0,1029.9,2,2.1,3,12,3,2
2016-03-12 03:00:00,63.6,3.7,3.5,1029.5,1,1.0,3,12,4,3
2016-03-12 04:00:00,59.7,3.8,3.7,1029.6,1,1.0,3,12,5,4
2016-03-12 05:00:00,53.8,4.2,4.0,1029.8,2,1.5,3,12,6,5
2016-03-12 06:00:00,52.8,4.0,3.7,1029.8,0,1.0,3,12,7,6
2016-03-12 07:00:00,55.2,3.7,3.3,1030.3,2,1.0,3,12,1,7
2016-03-12 08:00:00,61.9,4.1,4.0,1030.8,3,1.5,3,12,2,8
2016-03-12 09:00:00,62.8,4.7,4.7,1031.2,3,1.5,3,12,3,9
2016-03-12 10:00:00,67.6,5.8,5.0,1031.4,3,1.5,3,12,4,10
2016-03-12 11:00:00,69.6,6.7,4.7,1031.3,2,2.1,3,12,5,11
2016-03-12 12:00:00,76.7,8.5,4.8,1031.2,4,0.5,3,12,6,12
2016-03-12 13:00:00,78.4,10.0,5.0,1030.8,4,1.0,3,12,7,13
2016-03-12 14:00:00,75.6,10.8,3.9,1030.6,5,2.1,3,12,1,14
2016-03-12 15:00:00,81.8,10.3,2.4,1030.8,5,2.1,3,12,2,15
2016-03-12 16:00:00,79.3,10.4,1.8,1030.7,5,2.1,3,12,3,16
2016-03-12 17:00:00,79.3,10.4,1.0,1030.5,7,1.0,3,12,4,17
2016-03-12 18:00:00,84.6,9.4,1.9,1030.9,7,1.5,3,12,5,18
2016-03-12 19:00:00,92.6,8.6,1.9,1031.2,7,1.5,3,12,6,19
2016-03-12 20:00:00,92.1,7.3,2.9,1031.7,1,1.5,3,12,7,20
2016-03-12 21:00:00,94.9,6.7,4.4,1032.5,2,3.1,3,12,1,21
2016-03-12 22:00:00,97.8,5.5,3.9,1032.8,2,2.1,3,12,2,22
2016-03-12 23:00:00,90.9,5.5,4.4,1032.9,2,2.1,3,12,3,23
2016-03-13 00:00:00,87.4,4.8,3.9,1032.8,2,1.5,3,13,4,0
2016-03-13 01:00:00,72.7,4.2,3.4,1033.0,1,1.5,3,13,5,1
2016-03-13 02:00:00,67.8,3.2,2.8,1033.6,1,2.1,3,13,6,2
2016-03-13 03:00:00,64.2,3.4,3.2,1033.5,1,1.5,3,13,7,3
2016-03-13 04:00:00,56.7,3.9,3.8,1033.3,1,1.5,3,13,1,4
2016-03-13 05:00:00,54.3,4.0,3.8,1033.5,1,2.1,3,13,2,5
2016-03-13 06:00:00,53.6,3.7,3.2,1034.2,1,2.6,3,13,3,6
2016-03-13 07:00:00,54.3,3.4,3.1,1034.7,1,1.5,3,13,4,7
2016-03-13 08:00:00,61.9,3.8,3.4,1035.3,1,2.1,3,13,5,8
2016-03-13 09:00:00,68.2,4.4,3.7,1035.6,1,3.1,3,13,6,9
2016-03-13 10:00:00,73.8,5.2,4.0,1035.6,1,3.1,3,13,7,10
2016-03-13 11:00:00,73.6,7.6,3.4,1035.5,1,3.1,3,13,1,11
2016-03-13 12:00:00,76.4,9.4,2.6,1035.2,2,4.6,3,13,2,12
2016-03-13 13:00:00,82.0,9.9,1.7,1034.8,1,4.1,3,13,3,13
2016-03-13 14:00:00,75.6,10.9,1.9,1034.3,1,4.6,3,13,4,14
2016-03-13 15:00:00,78.8,11.2,1.4,1033.9,1,4.6,3,13,5,15
2016-03-13 16:00:00,76.9,10.6,0.9,1033.8,1,5.7,3,13,6,16
2016-03-13 17:00:00,81.4,9.2,2.1,1033.9,2,5.7,3,13,7,17
2016-03-13 18:00:00,99.7,7.2,2.4,1034.3,2,4.1,3,13,1,18
2016-03-13 19:00:00,110.2,6.0,2.1,1035.0,2,3.6,3,13,2,19
2016-03-13 20:00:00,105.7,5.4,1.9,1035.2,1,4.6,3,13,3,20
2016-03-13 21:00:00,107.6,4.6,1.5,1035.3,1,3.6,3,13,4,21
2016-03-13 22:00:00,108.3,4.0,1.7,1035.5,1,3.6,3,13,5,22
2016-03-13 23:00:00,104.6,3.8,1.9,1035.3,1,3.6,3,13,6,23
2016-03-14 00:00:00,90.8,3.6,1.7,1035.2,1,5.7,3,14,7,0
2016-03-14 01:00:00,81.8,4.5,2.6,1034.8,1,4.6,3,14,1,1
2016-03-14 02:00:00,65.8,5.0,3.1,1034.5,1,4.1,3,14,2,2
2016-03-14 03:00:00,59.7,5.4,3.0,1034.0,1,5.7,3,14,3,3
2016-03-14 04:00:00,54.9,5.4,2.6,1034.0,1,4.6,3,14,4,4
2016-03-14 05:00:00,52.4,5.3,2.2,1033.9,1,4.1,3,14,5,5
2016-03-14 06:00:00,52.5,5.0,2.0,1033.9,1,4.1,3,14,6,6
2016-03-14 07:00:00,55.9,4.9,1.6,1034.1,1,4.6,3,14,7,7
2016-03-14 08:00:00,72.4,5.1,1.4,1034.3,1,5.1,3,14,1,8
2016-03-14 09:00:00,82.8,5.5,0.9,1034.4,1,5.1,3,14,2,9
2016-03-14 10:00:00,80.0,6.8,1.1,1033.8,1,6.2,3,14,3,10
2016-03-14 11:00:00,74.1,7.9,1.6,1033.6,1,5.7,3,14,4,11
2016-03-14 12:00:00,77.8,8.8,0.7,1033.1,1,6.2,3,14,5,12
2016-03-14 13:00:00,76.1,9.7,0.2,1032.4,2,6.2,3,14,6,13
2016-03-14 14:00:00,67.1,11.0,-1.8,1031.6,2,6.7,3,14,7,14
2016-03-14 15:00:00,63.7,11.5,-4.5,1030.9,1,6.7,3,14,1,15
2016-03-14 16:00:00,61.9,11.0,-8.3,1030.4,2,8.2,3,14,2,16
2016-03-14 17:00:00,74.2,10.1,-7.1,1030.3,2,7.7,3,14,3,17
2016-03-14 18:00:00,84.3,8.7,-5.4,1030.5,2,5.7,3,14,4,18
2016-03-14 19:00:00,95.6,7.6,-3.2,1030.8,2,5.7,3,14,5,19
2016-03-14 20:00:00,93.0,6.6,-1.8,1031.1,1,5.1,3,14,6,20
2016-03-14 21:00:00,92.6,6.0,-0.9,1031.5,2,4.1,3,14,7,21
2016-03-14 22:00:00,89.3,5.5,-0.5,1031.6,1,4.1,3,14,1,22
2016-03-14 23:00:00,88.3,4.3,-0.4,1031.8,1,3.1,3,14,2,23
2016-03-15 00:00:00,79.0,3.9,0.3,1031.6,1,3.1,3,15,3,0
2016-03-15 01:00:00,69.8,3.4,0.6,1031.6,1,2.6,3,15,4,1
2016-03-15 02:00:00,56.5,3.0,1.2,1031.2,1,2.6,3,15,5,2
2016-03-15 03:00:00,50.1,2.9,1.5,1030.8,1,2.6,3,15,6,3
2016-03-15 04:00:00,44.1,3.0,1.6,1030.5,1,3.1,3,15,7,4
2016-03-15 05:00:00,42.1,2.7,1.4,1030.5,1,2.6,3,15,1,5
2016-03-15 06:00:00,40.4,2.5,1.4,1030.6,1,2.6,3,15,2,6
2016-03-15 07:00:00,44.7,3.8,2.3,1030.7,1,1.5,3,15,3,7
2016-03-15 08:00:00,61.3,5.6,3.5,1030.6,0,2.6,3,15,4,8
2016-03-15 09:00:00,75.6,6.9,4.2,1030.8,1,4.6,3,15,5,9
2016-03-15 10:00:00,74.2,7.5,4.7,1030.8,1,4.1,3,15,6,10
2016-03-15 11:00:00,69.9,8.3,5.2,1030.7,1,3.6,3,15,7,11
2016-03-15 12:00:00,71.4,8.3,5.0,1030.5,1,4.1,3,15,1,12
2016-03-15 13:00:00,71.8,8.9,5.6,1030.1,1,4.6,3,15,2,13
2016-03-15 14:00:00,71.0,8.6,5.8,1029.9,1,4.1,3,15,3,14
2016-03-15 15:00:00,65.5,8.5,5.7,1029.5,1,4.6,3,15,4,15
2016-03-15 16:00:00,66.2,8.2,5.9,1029.4,1,4.1,3,15,5,16
2016-03-15 17:00:00,74.2,7.9,5.6,1029.3,1,4.1,3,15,6,17
2016-03-15 18:00:00,84.9,7.9,5.8,1029.3,1,3.6,3,15,7,18
2016-03-15 19:00:00,90.4,7.8,5.8,1029.6,1,4.1,3,15,1,19
2016-03-15 20:00:00,87.5,7.5,5.6,1029.6,1,5.7,3,15,2,20
2016-03-15 21:00:00,89.2,6.7,5.6,1029.4,0,4.6,3,15,3,21
2016-03-15 22:00:00,83.0,6.5,5.4,1029.7,1,3.1,3,15,4,22
2016-03-15 23:00:00,88.4,6.7,5.4,1029.6,1,3.1,3,15,5,23
2016-03-16 00:00:00,80.1,6.9,5.3,1029.6,1,3.6,3,16,6,0
2016-03-16 01:00:00,72.4,7.1,5.4,1029.3,1,3.6,3,16,7,1
2016-03-16 02:00:00,52.8,7.2,5.4,1028.9,1,4.6,3,16,1,2
2016-03-16 03:00:00,41.7,7.0,6.0,1028.9,1,3.6,3,16,2,3
2016-03-16 04:00:00,41.5,6.9,6.2,1028.8,1,3.1,3,16,3,4
2016-03-16 05:00:00,38.0,7.2,6.1,1028.8,1,3.6,3,16,4,5
2016-03-16 06:00:00,40.7,7.3,5.9,1029.0,1,5.1,3,16,5,6
2016-03-16 07:00:00,43.5,7.5,5.5,1029.2,1,3.6,3,16,6,7
2016-03-16 08:00:00,57.3,8.1,4.0,1029.5,1,6.2,3,16,7,8
2016-03-16 09:00:00,74.3,7.9,2.8,1030.0,1,5.7,3,16,1,9
2016-03-16 10:00:00,74.0,7.9,2.1,1030.2,2,6.2,3,16,2,10
2016-03-16 11:00:00,69.2,7.9,1.8,1030.1,1,5.7,3,16,3,11
2016-03-16 12:00:00,64.7,7.8,2.2,1030.0,1,6.2,3,16,4,12
2016-03-16 13:00:00,72.4,8.8,1.2,1029.7,1,5.7,3,16,5,13
2016-03-16 14:00:00,75.0,9.2,0.3,1029.1,1,5.7,3,16,6,14
2016-03-16 15:00:00,74.4,9.5,-0.3,1028.8,1,5.7,3,16,7,15
2016-03-16 16:00:00,77.6,9.0,-0.3,1028.6,1,6.7,3,16,1,16
2016-03-16 17:00:00,80.0,8.5,0.0,1028.8,1,6.2,3,16,2,17
2016-03-16 18:00:00,85.0,6.8,-0.3,1029.7,2,6.2,3,16,3,18
2016-03-16 19:00:00,91.7,6.3,-0.8,1030.2,1,5.7,3,16,4,19
2016-03-16 20:00:00,90.9,6.4,0.2,1030.5,1,3.6,3,16,5,20
2016-03-16 21:00:00,85.8,6.4,1.0,1030.7,1,4.1,3,16,6,21
2016-03-16 22:00:00,83.1,6.3,1.8,1030.9,1,4.6,3,16,7,22
2016-03-16 23:00:00,86.8,6.0,2.6,1031.2,1,4.1,3,16,1,23
2016-03-17 00:00:00,78.1,5.0,2.7,1031.1,1,4.6,3,17,2,0
2016-03-17 01:00:00,67.3,4.2,2.6,1031.0,1,3.6,3,17,3,1
2016-03-17 02:00:00,55.4,3.9,2.8,1030.7,1,3.6,3,17,4,2
2016-03-17 03:00:00,45.6,3.4,2.5,1030.7,1,3.1,3,17,5,3
2016-03-17 04:00:00,43.4,2.5,1.7,1030.8,0,2.1,3,17,6,4
2016-03-17 05:00:00,39.1,2.0,1.5,1030.9,1,2.1,3,17,7,5
2016-03-17 06:00:00,41.4,1.8,1.3,1031.0,0,2.6,3,17,1,6
2016-03-17 07:00:00,43.9,2.0,1.2,1031.3,1,2.6,3,17,2,7
2016-03-17 08:00:00,55.9,3.3,2.2,1031.5,1,3.1,3,17,3,8
2016-03-17 09:00:00,70.2,6.3,3.5,1031.5,1,4.1,3,17,4,9
2016-03-17 10:00:00,71.1,8.1,2.5,1031.5,1,4.6,3,17,5,10
2016-03-17 11:00:00,66.1,9.3,1.5,1031.1,1,4.6,3,17,6,11
2016-03-17 12:00:00,59.9,9.7,1.2,1030.8,1,3.6,3,17,7,12
2016-03-17 13:00:00,63.5,10.9,0.6,1030.3,1,3.6,3,17,1,13
2016-03-17 14:00:00,63.5,11.3,-0.3,1029.6,1,4.1,3,17,2,14
2016-03-17 15:00:00,54.9,11.3,-0.4,1029.1,2,3.6,3,17,3,15
2016-03-17 16:00:00,56.2,11.6,-0.2,1028.6,1,4.6,3,17,4,16
2016-03-17 17:00:00,61.9,11.1,-0.4,1028.2,1,3.6,3,17,5,17
2016-03-17 18:00:00,73.2,10.0,0.4,1028.2,1,3.6,3,17,6,18
2016-03-17 19:00:00,83.2,8.7,1.8,1028.4,0,3.6,3,17,7,19
2016-03-17 20:00:00,88.4,7.7,3.7,1028.7,1,3.6,3,17,1,20
2016-03-17 21:00:00,82.6,6.0,0.3,1028.9,1,1.5,3,17,2,21
2016-03-17 22:00:00,78.3,5.6,3.2,1029.1,0,1.5,3,17,3,22
2016-03-17 23:00:00,83.2,4.5,2.7,1029.2,1,2.6,3,17,4,23
2016-03-18 00:00:00,76.2,3.7,2.3,1029.0,0,2.1,3,18,5,0
2016-03-18 01:00:00,70.4,3.4,2.4,1028.6,0,1.5,3,18,6,1
2016-03-18 02:00:00,50.5,2.5,1.6,1028.3,0,2.1,3,18,7,2
2016-03-18 03:00:00,43.4,1.6,1.1,1027.9,1,3.6,3,18,1,3
2016-03-18 04:00:00,40.0,2.5,2.4,1027.6,0,1.5,3,18,2,4
2016-03-18 05:00:00,37.6,2.8,1.6,1027.2,0,3.6,3,18,3,5
2016-03-18 06:00:00,38.2,3.1,1.6,1027.3,1,4.1,3,18,4,6
2016-03-18 07:00:00,42.1,3.2,2.0,1027.4,1,2.1,3,18,5,7
2016-03-18 08:00:00,50.8,3.7,2.8,1027.2,1,2.1,3,18,6,8
2016-03-18 09:00:00,72.0,4.4,3.5,1027.3,1,3.1,3,18,7,9
2016-03-18 10:00:00,74.1,4.7,3.0,1027.4,1,4.6,3,18,1,10
2016-03-18 11:00:00,70.6,5.4,3.0,1027.2,0,3.1,3,18,2,11
2016-03-18 12:00:00,71.0,6.1,3.3,1027.1,1,3.6,3,18,3,12
2016-03-18 13:00:00,81.0,6.8,3.9,1026.6,0,3.6,3,18,4,13
2016-03-18 14:00:00,75.1,7.0,4.0,1026.0669315449989,1,2.6,3,18,5,14
2016-03-18 15:00:00,70.7,7.6,4.5,1025.7,1,3.1,3,18,6,15
2016-03-18 16:00:00,76.4,7.4,4.8,1025.6,0,4.1,3,18,7,16
2016-03-18 17:00:00,78.9,7.0,4.8,1025.7,0,4.1,3,18,1,17
2016-03-18 18:00:00,84.6,7.0,4.1,1026.1,1,4.1,3,18,2,18
2016-03-18 19:00:00,88.9,6.9,4.6,1026.1,1,3.6,3,18,3,19
2016-03-18 20:00:00,82.2,6.5,5.6,1026.3,0,3.6,3,18,4,20
2016-03-18 21:00:00,76.3,6.8,4.4,1026.5,1,3.1,3,18,5,21
2016-03-18 22:00:00,73.5,6.5,3.3,1026.8,1,5.1,3,18,6,22
2016-03-18 23:00:00,74.3,6.3,2.9,1026.8,1,4.1,3,18,7,23
2016-03-19 00:00:00,69.9,6.2,2.7,1026.9,1,4.6,3,19,1,0
2016-03-19 01:00:00,58.3,6.2,2.5,1026.6,1,3.1,3,19,2,1
2016-03-19 02:00:00,56.0,6.1,2.8,1026.3,1,3.6,3,19,3,2
2016-03-19 03:00:00,49.3,6.1,2.9,1026.0,1,3.6,3,19,4,3
2016-03-19 04:00:00,54.1,6.2,2.5,1025.9,1,3.6,3,19,5,4
2016-03-19 05:00:00,40.2,6.0,3.2,1025.9,1,4.1,3,19,6,5
2016-03-19 06:00:00,37.8,5.8,3.4,1026.2,1,3.1,3,19,7,6
2016-03-19 07:00:00,40.5,5.9,3.0,1026.5,1,2.6,3,19,1,7
2016-03-19 08:00:00,44.8,6.1,3.2,1026.6,1,3.6,3,19,2,8
2016-03-19 09:00:00,49.0,6.3,3.6,1026.9,1,4.1,3,19,3,9
2016-03-19 10:00:00,55.4,7.0,3.7,1026.7,1,4.6,3,19,4,10
2016-03-19 11:00:00,61.8,7.7,4.1,1026.7,1,4.1,3,19,5,11
2016-03-19 12:00:00,70.0,8.5,3.0,1026.4,1,4.6,3,19,6,12
2016-03-19 13:00:00,70.5,8.7,3.5,1026.3,1,4.1,3,19,7,13
2016-03-19 14:00:00,75.7,8.6,3.0,1026.3,1,5.1,3,19,1,14
2016-03-19 15:00:00,72.1,8.0,2.0,1026.171798616955,1,4.1,3,19,2,15
2016-03-19 16:00:00,74.5,8.0,3.1,1026.0,1,4.6,3,19,3,16
2016-03-19 17:00:00,74.9,7.8,2.9,1025.9,1,4.6,3,19,4,17
2016-03-19 18:00:00,76.8,7.6,2.9,1025.9,1,4.6,3,19,5,18
2016-03-19 19:00:00,82.4,7.2,2.6,1026.2,1,4.1,3,19,6,19
2016-03-19 20:00:00,82.6,6.7,2.3,1026.5,1,4.6,3,19,7,20
2016-03-19 21:00:00,81.0,6.4,2.2,1026.6,1,4.6,3,19,1,21
2016-03-19 22:00:00,82.9,6.0,1.3,1026.8,1,4.6,3,19,2,22
2016-03-19 23:00:00,73.8,5.9,1.3,1026.7,1,4.6,3,19,3,23
2016-03-20 00:00:00,81.0,6.0,1.5,1026.5,1,4.1,3,20,4,0
2016-03-20 01:00:00,63.8,5.8,1.6,1026.5,1,4.1,3,20,5,1
2016-03-20 02:00:00,52.4,5.8,2.1,1026.1,1,4.1,3,20,6,2
2016-03-20 03:00:00,39.0,5.6,2.2,1025.5,1,4.1,3,20,7,3
2016-03-20 04:00:00,36.9,5.9,2.1,1025.3,1,2.6,3,20,1,4
2016-03-20 05:00:00,37.1,5.4,2.8,1025.4,1,2.6,3,20,2,5
2016-03-20 06:00:00,38.1,5.1,3.7,1025.6,1,2.1,3,20,3,6
2016-03-20 07:00:00,37.7,5.1,4.1,1025.8,0,3.1,3,20,4,7
2016-03-20 08:00:00,43.2,5.0,4.6,1026.2,0,2.1,3,20,5,8
2016-03-20 09:00:00,53.8,5.7,4.6,1025.9,1,2.6,3,20,6,9
2016-03-20 10:00:00,56.4,6.4,4.1,1025.8,0,3.1,3,20,7,10
2016-03-20 11:00:00,55.4,6.7,3.4,1025.8,1,3.1,3,20,1,11
2016-03-20 12:00:00,60.3,8.2,2.4,1025.2,1,3.6,3,20,2,12
2016-03-20 13:00:00,68.9,8.9,1.9,1024.8,1,4.6,3,20,3,13
2016-03-20 14:00:00,71.5,9.4,2.0,1024.2,1,3.6,3,20,4,14
2016-03-20 15:00:00,70.9,10.4,2.3,1024.0,1,3.6,3,20,5,15
2016-03-20 16:00:00,85.6,10.1,2.4,1023.8,1,2.6,3,20,6,16
2016-03-20 17:00:00,88.6,10.8,3.0,1023.5,1,2.6,3,20,7,17
2016-03-20 18:00:00,97.8,9.9,2.4,1023.7,0,3.1,3,20,1,18
2016-03-20 19:00:00,100.9,8.7,2.7,1024.2,0,2.1,3,20,2,19
2016-03-20 20:00:00,101.8,8.6,3.4,1024.6,1,2.1,3,20,3,20
2016-03-20 21:00:00,99.0,7.8,4.1,1024.7,0,1.5,3,20,4,21
2016-03-20 22:00:00,96.0,7.8,4.6,1024.8,0,1.5,3,20,5,22
2016-03-20 23:00:00,93.3,7.3,4.8,1024.9,0,0.5,3,20,6,23
2016-03-21 00:00:00,89.2,7.2,5.1,1024.8,0,0.5,3,21,7,0
2016-03-21 01:00:00,76.6,7.2,5.3,1024.7,0,1.0,3,21,1,1
2016-03-21 02:00:00,71.0,7.0,5.2,1024.6,0,1.5,3,21,2,2
2016-03-21 03:00:00,61.7,6.7,5.0,1024.3,7,1.0,3,21,3,3
2016-03-21 04:00:00,56.6,6.5,4.8,1024.0,6,1.0,3,21,4,4
2016-03-21 05:00:00,54.9,6.7,4.9,1024.1,7,1.5,3,21,5,5
2016-03-21 06:00:00,52.0,6.5,4.8,1024.2,6,1.5,3,21,6,6
2016-03-21 07:00:00,55.5,6.5,5.3,1024.4,6,2.1,3,21,7,7
2016-03-21 08:00:00,65.6,7.5,5.8,1024.5,6,2.1,3,21,1,8
2016-03-21 09:00:00,78.7,8.6,5.9,1024.7,7,2.1,3,21,2,9
2016-03-21 10:00:00,73.7,10.0,5.6,1024.6,6,2.1,3,21,3,10
2016-03-21 11:00:00,67.9,11.0,3.1,1024.1,6,3.6,3,21,4,11
2016-03-21 12:00:00,76.9,11.1,2.6,1023.6,6,4.1,3,21,5,12
2016-03-21 13:00:00,78.3,11.5,1.9,1023.0,7,4.6,3,21,6,13
2016-03-21 14:00:00,76.9,11.6,2.9,1022.3,7,3.6,3,21,7,14
2016-03-21 15:00:00,72.9,11.6,2.7,1021.8,7,4.6,3,21,1,15
2016-03-21 16:00:00,76.2,11.0,2.5,1021.6,7,4.1,3,21,2,16
2016-03-21 17:00:00,81.8,9.9,2.6,1021.6,7,3.6,3,21,3,17
2016-03-21 18:00:00,96.8,9.1,2.1,1022.0,0,3.6,3,21,4,18
2016-03-21 19:00:00,101.4,8.5,1.0,1021.8,7,2.6,3,21,5,19
2016-03-21 20:00:00,95.8,8.2,1.8,1021.7,7,1.5,3,21,6,20
2016-03-21 21:00:00,101.7,7.4,1.8,1021.6,7,1.5,3,21,7,21
2016-03-21 22:00:00,100.2,6.3,1.9,1021.4,7,1.5,3,21,1,22
2016-03-21 23:00:00,99.1,5.6,2.0,1021.2,7,1.5,3,21,2,23
2016-03-22 00:00:00,83.9,4.4,1.9,1020.8,7,0.5,3,22,3,0
2016-03-22 01:00:00,71.8,4.1,2.0,1020.5,6,1.5,3,22,4,1
2016-03-22 02:00:00,66.8,3.3,1.6,1020.2,7,1.0,3,22,5,2
2016-03-22 03:00:00,63.5,2.6,1.4,1019.9,6,1.0,3,22,6,3
2016-03-22 04:00:00,56.6,2.6,1.6,1019.6,6,2.1,3,22,7,4
2016-03-22 05:00:00,52.6,2.3,1.3,1019.4,6,0.5,3,22,1,5
2016-03-22 06:00:00,50.7,1.9,1.0,1019.4,6,0.5,3,22,2,6
2016-03-22 07:00:00,51.0,2.5,1.7,1019.4,6,1.0,3,22,3,7
2016-03-22 08:00:00,61.8,4.4,2.5,1019.1,6,1.0,3,22,4,8
2016-03-22 09:00:00,74.5,7.0,2.6,1018.9,6,0.5,3,22,5,9
2016-03-22 10:00:00,72.9,9.8,3.0,1018.8,0,1.0,3,22,6,10
2016-03-22 11:00:00,73.5,11.7,2.8,1018.4,6,1.5,3,22,7,11
2016-03-22 12:00:00,67.0,10.8,1.8,1018.1,7,1.0,3,22,1,12
2016-03-22 13:00:00,75.2,12.1,1.3,1017.5,0,0.0,3,22,2,13
2016-03-22 14:00:00,69.8,13.0,1.8,1016.7,4,2.1,3,22,3,14
2016-03-22 15:00:00,67.5,13.0,1.7,1016.3,7,2.6,3,22,4,15
2016-03-22 16:00:00,68.6,12.1,2.0,1016.0,7,2.1,3,22,5,16
2016-03-22 17:00:00,69.5,12.4,2.5,1015.8,7,3.1,3,22,6,17
2016-03-22 18:00:00,84.2,11.5,2.4,1016.1,7,2.6,3,22,7,18
2016-03-22 19:00:00,96.3,10.2,2.4,1016.2,0,2.1,3,22,1,19
2016-03-22 20:00:00,97.8,8.5,2.6,1016.4,0,1.5,3,22,2,20
2016-03-22 21:00:00,101.3,7.8,2.9,1016.5,1,2.1,3,22,3,21
2016-03-22 22:00:00,91.1,7.8,3.4,1016.5,1,2.1,3,22,4,22
2016-03-22 23:00:00,88.8,7.747655847463106,3.702670715463263,1016.4925173418512,1,1.8498271453124742,3,22,5,23
2016-03-23 00:00:00,76.7,7.529977122715449,3.736428417278513,1016.4920414208333,2,1.4694511672877633,3,23,6,0
2016-03-23 01:00:00,77.5,7.171566485148718,3.5443041678123035,1016.497266073723,4,1.0169878861982475,3,23,7,1
2016-03-23 02:00:00,68.6,6.820039891113006,3.3844843412639483,1016.5003543211864,6,0.8411322236782002,3,23,1,2
2016-03-23 03:00:00,60.8,6.5,3.3,1016.5,7,1.0,3,23,2,3
2016-03-23 04:00:00,55.0,6.3,3.3,1016.5,7,1.5,3,23,3,4
2016-03-23 05:00:00,48.5,6.6,3.4,1016.6,0,2.1,3,23,4,5
2016-03-23 06:00:00,46.4,6.7,3.4,1017.1,0,1.5,3,23,5,6
2016-03-23 07:00:00,48.4,7.1,3.4,1017.2,0,1.5,3,23,6,7
2016-03-23 08:00:00,55.3,7.5,3.3,1017.4,1,1.5,3,23,7,8
2016-03-23 09:00:00,65.8,7.8,3.2,1017.7,7,1.0,3,23,1,9
2016-03-23 10:00:00,70.6,8.5,3.3,1017.9,6,1.0,3,23,2,10
2016-03-23 11:00:00,68.3,9.2,3.2,1018.0,7,1.5,3,23,3,11
2016-03-23 12:00:00,67.8,9.5,3.3,1017.7,6,1.5,3,23,4,12
2016-03-23 13:00:00,67.4,9.83113571724715,2.8461935348919347,1017.2064195758728,6,2.053586242905248,3,23,5,13
2016-03-23 14:00:00,76.9,10.0,2.5,1016.8,6,2.6,3,23,6,14
2016-03-23 15:00:00,71.2,9.8,2.7,1016.7,6,2.6,3,23,7,15
2016-03-23 16:00:00,73.7,9.7,1.7,1016.7,6,3.1,3,23,1,16
2016-03-23 17:00:00,74.6,9.9,1.6,1016.3,7,2.6,3,23,2,17
2016-03-23 18:00:00,87.3,9.6,1.7,1016.2,7,2.6,3,23,3,18
2016-03-23 19:00:00,90.8,9.3,2.8,1016.3,0,3.1,3,23,4,19
2016-03-23 20:00:00,81.5,9.1,2.2,1016.5,7,1.5,3,23,5,20
2016-03-23 21:00:00,82.1,8.9,2.5,1016.4,5,1.0,3,23,6,21
2016-03-23 22:00:00,81.0,8.9,2.2,1016.3,5,2.6,3,23,7,22
2016-03-23 23:00:00,76.9,8.1,2.7,1016.1,6,4.6,3,23,1,23
2016-03-24 00:00:00,71.0,7.9,2.3,1016.0,6,2.6,3,24,2,0
2016-03-24 01:00:00,69.5,7.1,2.7,1016.0,6,3.6,3,24,3,1
2016-03-24 02:00:00,66.5,6.6,2.2,1015.7,6,2.6,3,24,4,2
2016-03-24 03:00:00,58.4,5.9,2.2,1015.0,6,2.1,3,24,5,3
2016-03-24 04:00:00,54.4,5.1,2.3,1014.8,6,2.6,3,24,6,4
2016-03-24 05:00:00,48.6,5.2,2.6,1014.5,5,2.6,3,24,7,5
2016-03-24 06:00:00,49.4,5.3,2.7,1014.4,5,2.6,3,24,1,6
2016-03-24 07:00:00,50.3,5.9,3.6,1014.8,5,2.1,3,24,2,7
2016-03-24 08:00:00,56.3,6.7,4.1,1014.6,5,3.1,3,24,3,8
2016-03-24 09:00:00,62.1,8.1,5.4,1014.6,5,4.1,3,24,4,9
2016-03-24 10:00:00,66.4,9.0,5.5,1014.4,5,3.6,3,24,5,10
2016-03-24 11:00:00,74.7,9.7,5.7,1013.9,5,4.6,3,24,6,11
2016-03-24 12:00:00,74.7,10.2,5.9,1013.6,6,5.7,3,24,7,12
2016-03-24 13:00:00,75.0,11.0,7.1,1013.0,5,5.1,3,24,1,13
2016-03-24 14:00:00,78.1,10.5,7.3,1012.7,5,6.2,3,24,2,14
2016-03-24 15:00:00,72.6,9.6,7.7,1012.4,5,4.6,3,24,3,15
2016-03-24 16:00:00,72.3,9.6,8.3,1012.0,5,5.1,3,24,4,16
2016-03-24 17:00:00,74.0,9.0,7.9,1011.9,5,6.2,3,24,5,17
2016-03-24 18:00:00,69.4,8.5,7.4,1011.7,5,5.7,3,24,6,18
2016-03-24 19:00:00,82.7,8.2,7.6,1011.6,5,5.7,3,24,7,19
2016-03-24 20:00:00,76.7,8.3,7.8,1011.4,5,6.7,3,24,1,20
2016-03-24 21:00:00,69.9,8.3,8.1,1010.9,5,6.2,3,24,2,21
2016-03-24 22:00:00,75.8,8.4,8.2,1010.3,5,6.2,3,24,3,22
2016-03-24 23:00:00,72.2,8.5,8.4,1009.9,5,5.1,3,24,4,23
2016-03-25 00:00:00,62.4,8.6,8.5,1009.7,5,5.7,3,25,5,0
2016-03-25 01:00:00,59.8,8.6,8.6,1009.5,5,4.6,3,25,6,1
2016-03-25 02:00:00,60.1,8.5,8.5,1009.4,5,3.1,3,25,7,2
2016-03-25 03:00:00,53.4,8.6,8.6,1008.9,6,3.1,3,25,1,3
2016-03-25 04:00:00,56.5,8.6,8.6,1009.1,6,3.1,3,25,2,4
2016-03-25 05:00:00,60.1,8.5,8.5,1010.1,7,3.6,3,25,3,5
2016-03-25 06:00:00,51.4,7.6,6.2,1011.0,7,2.1,3,25,4,6
2016-03-25 07:00:00,51.6,7.4,5.8,1012.6,7,3.1,3,25,5,7
2016-03-25 08:00:00,52.9,8.0,5.3,1013.1,0,3.1,3,25,6,8
2016-03-25 09:00:00,52.9,9.4,5.1,1013.9,7,4.6,3,25,7,9
2016-03-25 10:00:00,52.4,10.5,3.3,1014.7,0,3.6,3,25,1,10
2016-03-25 11:00:00,54.9,11.8,4.3,1014.9,0,3.6,3,25,2,11
2016-03-25 12:00:00,61.2,12.9,2.7,1015.3,7,3.6,3,25,3,12
2016-03-25 13:00:00,60.4,12.7,2.2,1015.6,0,2.6,3,25,4,13
2016-03-25 14:00:00,55.9,13.9,2.0,1016.0,6,3.6,3,25,5,14
2016-03-25 15:00:00,59.7,14.3,2.8,1015.6,6,4.1,3,25,6,15
2016-03-25 16:00:00,58.5,14.5,2.7,1015.6,5,3.6,3,25,7,16
2016-03-25 17:00:00,55.6,14.1,2.1,1015.6,6,4.1,3,25,1,17
2016-03-25 18:00:00,59.4,13.1,2.0,1015.8,5,4.1,3,25,2,18
2016-03-25 19:00:00,73.2,12.0,2.3,1015.4,4,3.6,3,25,3,19
2016-03-25 20:00:00,71.8,10.3,5.0,1016.0,4,4.6,3,25,4,20
2016-03-25 21:00:00,65.1,9.4,4.2,1016.1,5,5.1,3,25,5,21
2016-03-25 22:00:00,68.3,8.5,3.9,1015.8,4,3.6,3,25,6,22
2016-03-25 23:00:00,64.6,8.0,3.1,1015.4,4,3.6,3,25,7,23
2016-03-26 00:00:00,59.8,7.0,3.8,1014.8,4,3.1,3,26,1,0
2016-03-26 01:00:00,54.6,7.0,3.6,1013.5,3,3.6,3,26,2,1
2016-03-26 02:00:00,51.0,7.2,3.4,1012.3,4,4.1,3,26,3,2
2016-03-26 03:00:00,50.8,6.3,4.6,1011.3,3,2.1,3,26,4,3
2016-03-26 04:00:00,48.5,8.0,6.3,1010.6,4,4.1,3,26,5,4
2016-03-26 05:00:00,44.9,8.4,6.8,1009.5,4,5.7,3,26,6,5
2016-03-26 06:00:00,44.7,8.8,6.7,1009.1,4,7.2,3,26,7,6
2016-03-26 07:00:00,46.1,8.6,5.8,1008.3,4,7.7,3,26,1,7
2016-03-26 08:00:00,46.8,8.7,6.5,1007.9,4,7.2,3,26,2,8
2016-03-26 09:00:00,46.7,8.2,7.7,1007.0,4,7.2,3,26,3,9
2016-03-26 10:00:00,50.4,9.6,9.3,1005.8,4,9.3,3,26,4,10
2016-03-26 11:00:00,51.2,10.3,9.9,1004.7,4,7.7,3,26,5,11
2016-03-26 12:00:00,61.6,11.5,10.5,1003.6,4,8.8,3,26,6,12
2016-03-26 13:00:00,60.3,11.4,11.0,1002.5,4,8.8,3,26,7,13
2016-03-26 14:00:00,67.3,12.4,10.9,1001.3,4,9.3,3,26,1,14
2016-03-26 15:00:00,60.6,12.7,11.6,999.8,4,9.8,3,26,2,15
2016-03-26 16:00:00,57.1,13.4,11.9,998.2,4,10.3,3,26,3,16
2016-03-26 17:00:00,58.7,12.9,12.2,996.9,4,11.3,3,26,4,17
2016-03-26 18:00:00,69.5,13.1,11.4,996.0,4,10.8,3,26,5,18
2016-03-26 19:00:00,66.9,9.2,8.1,998.2,5,9.8,3,26,6,19
2016-03-26 20:00:00,64.7,8.4,7.1,998.8,5,6.7,3,26,7,20
2016-03-26 21:00:00,65.6,8.7,6.2,999.2,5,8.8,3,26,1,21
2016-03-26 22:00:00,64.9,8.3,6.0,999.6,5,6.2,3,26,2,22
2016-03-26 23:00:00,65.5,8.3,6.2,999.9,5,6.2,3,26,3,23
2016-03-27 00:00:00,57.0,7.8,5.4,999.8,5,4.6,3,27,4,0
2016-03-27 01:00:00,53.0,7.1,4.1,1000.9,5,5.7,3,27,5,1
2016-03-27 02:00:00,47.7,6.3,3.9,1000.9,4,4.1,3,27,6,2
2016-03-27 03:00:00,43.1,5.8,4.2,1000.6,4,2.6,3,27,7,3
2016-03-27 04:00:00,42.9,5.8,4.5,1000.8,4,4.1,3,27,1,4
2016-03-27 05:00:00,42.6,5.8,4.3,1000.7,4,4.6,3,27,2,5
2016-03-27 06:00:00,41.7,6.6,4.7,1000.9,4,6.2,3,27,3,6
2016-03-27 07:00:00,41.5,6.6,5.1,1001.0,4,5.7,3,27,4,7
2016-03-27 08:00:00,46.4,7.4,5.6,1001.2,4,5.1,3,27,5,8
2016-03-27 09:00:00,45.6,9.0,5.1,1001.2,4,7.7,3,27,6,9
2016-03-27 10:00:00,49.3,10.4,5.6,1000.6,4,9.8,3,27,7,10
2016-03-27 11:00:00,53.8,7.3,5.7,1000.9,5,7.7,3,27,1,11
2016-03-27 12:00:00,59.3,10.1,6.5,1000.6,4,9.8,3,27,2,12
2016-03-27 13:00:00,54.7,6.9,5.5,1001.1,5,10.3,3,27,3,13
2016-03-27 14:00:00,53.8,9.5,6.3,1000.4,5,9.8,3,27,4,14
2016-03-27 15:00:00,55.7,10.4,4.0,999.7,5,10.3,3,27,5,15
2016-03-27 16:00:00,52.5,10.8,3.6,999.1,5,11.8,3,27,6,16
2016-03-27 17:00:00,55.3,10.3,3.9,999.2,5,9.8,3,27,7,17
2016-03-27 18:00:00,62.9,8.8,6.2,999.2,4,8.2,3,27,1,18
2016-03-27 19:00:00,58.8,8.0,6.3,998.5,4,5.7,3,27,2,19
2016-03-27 20:00:00,62.2,7.5,6.0,997.6,4,4.6,3,27,3,20
2016-03-27 21:00:00,62.9,8.2,7.4,995.9,4,4.6,3,27,4,21
2016-03-27 22:00:00,60.8,8.4,7.5,993.7,4,7.2,3,27,5,22
2016-03-27 23:00:00,56.9,8.5,7.4,990.9,4,9.3,3,27,6,23
2016-03-28 00:00:00,54.0,7.6,6.8,988.4,4,11.3,3,28,7,0
2016-03-28 01:00:00,51.3,7.2,6.1,985.1,4,13.9,3,28,1,1
2016-03-28 02:00:00,47.6,8.1,7.2,982.7,4,11.8,3,28,2,2
2016-03-28 03:00:00,44.9,8.8,7.4,980.1,4,11.8,3,28,3,3
2016-03-28 04:00:00,43.6,10.0,8.3,976.4,4,12.9,3,28,4,4
2016-03-28 05:00:00,42.9,9.1,6.2,974.9544291516296,4,14.4,3,28,5,5
2016-03-28 06:00:00,42.5,6.7,4.5,976.2346501249216,5,14.4,3,28,6,6
2016-03-28 07:00:00,44.9,4.0,3.0,979.5,6,18.5,3,28,7,7
2016-03-28 08:00:00,47.8,5.7,4.3,984.1,6,15.4,3,28,1,8
2016-03-28 09:00:00,47.4,7.2,4.7,987.0,6,12.9,3,28,2,9
2016-03-28 10:00:00,50.4,9.7,4.1,988.6,6,12.4,3,28,3,10
2016-03-28 11:00:00,54.5,9.5,2.5,990.0,6,12.4,3,28,4,11
2016-03-28 12:00:00,53.6,10.7,1.3,991.3,6,12.4,3,28,5,12
2016-03-28 13:00:00,55.2,11.4,-0.5,992.1,6,11.8,3,28,6,13
2016-03-28 14:00:00,59.8,12.2,1.5,992.6,6,10.8,3,28,7,14
2016-03-28 15:00:00,56.5,11.6,1.2,992.8,6,7.2,3,28,1,15
2016-03-28 16:00:00,56.4,7.8,5.3,993.6,5,8.8,3,28,2,16
2016-03-28 17:00:00,60.4,8.8,5.4,993.7,5,4.1,3,28,3,17
2016-03-28 18:00:00,63.4,8.3,5.5,994.5,5,4.6,3,28,4,18
2016-03-28 19:00:00,65.5,6.8,4.8,995.0,5,5.1,3,28,5,19
2016-03-28 20:00:00,63.9,6.3,4.7,995.9,5,5.7,3,28,6,20
2016-03-28 21:00:00,65.4,6.2,4.5,996.7,5,6.2,3,28,7,21
2016-03-28 22:00:00,63.0,5.9,4.6,997.3,5,5.7,3,28,1,22
2016-03-28 23:00:00,57.2,5.2,3.9,998.0,5,4.1,3,28,2,23
2016-03-29 00:00:00,49.5,4.6,3.5,998.5,5,2.6,3,29,3,0
2016-03-29 01:00:00,43.8,4.6,3.6,998.9,5,3.1,3,29,4,1
2016-03-29 02:00:00,43.3,5.6,4.3,999.2,5,5.7,3,29,5,2
2016-03-29 03:00:00,40.8,6.1,4.5,999.9,5,6.2,3,29,6,3
2016-03-29 04:00:00,39.8,5.9,4.0,1000.4,5,6.7,3,29,7,4
2016-03-29 05:00:00,40.0,6.1,4.0,1000.9,5,6.2,3,29,1,5
2016-03-29 06:00:00,43.6,5.8,3.5,1001.7,5,5.1,3,29,2,6
2016-03-29 07:00:00,47.2,6.3,3.6,1002.3,5,6.2,3,29,3,7
2016-03-29 08:00:00,46.3,7.5,3.5,1002.7,5,6.7,3,29,4,8
2016-03-29 09:00:00,45.5,9.2,3.6,1003.2,6,7.7,3,29,5,9
2016-03-29 10:00:00,47.6,10.0,2.6,1003.8,5,8.8,3,29,6,10
2016-03-29 11:00:00,51.8,8.8,3.1,1003.9,6,7.7,3,29,7,11
2016-03-29 12:00:00,57.7,12.1,1.4,1004.4,5,9.3,3,29,1,12
2016-03-29 13:00:00,54.3,12.4,0.4,1004.7,5,8.8,3,29,2,13
2016-03-29 14:00:00,56.5,11.8,0.6,1004.5,5,6.2,3,29,3,14
2016-03-29 15:00:00,51.7,11.6,0.4,1004.2,5,7.7,3,29,4,15
2016-03-29 16:00:00,56.9,10.3,3.1,1003.9,4,7.2,3,29,5,16
2016-03-29 17:00:00,58.2,7.2,6.1,1003.7,5,6.2,3,29,6,17
2016-03-29 18:00:00,61.3,6.6,5.4,1003.5,4,8.2,3,29,7,18
2016-03-29 19:00:00,62.2,7.1,5.6,1003.1,5,4.6,3,29,1,19
2016-03-29 20:00:00,60.6,6.9,6.0,1003.6,5,4.6,3,29,2,20
2016-03-29 21:00:00,58.4,6.3,4.9,1004.1,5,5.1,3,29,3,21
2016-03-29 22:00:00,57.5,6.0,4.7,1004.6,5,3.6,3,29,4,22
2016-03-29 23:00:00,55.0,5.5,4.4,1005.0,5,3.1,3,29,5,23
2016-03-30 00:00:00,46.7,5.6,4.3,1004.9,4,4.6,3,30,6,0
2016-03-30 01:00:00,41.5,5.7,4.0,1004.9,4,5.1,3,30,7,1
2016-03-30 02:00:00,44.3,5.3,4.0,1005.2,4,4.1,3,30,1,2
2016-03-30 03:00:00,44.4,4.9,3.8,1005.1,4,3.1,3,30,2,3
2016-03-30 04:00:00,39.5,4.7,3.8,1005.4,5,3.1,3,30,3,4
2016-03-30 05:00:00,41.7,5.2,3.7,1005.8,5,5.1,3,30,4,5
2016-03-30 06:00:00,43.3,4.9,3.6,1006.5,5,5.1,3,30,5,6
2016-03-30 07:00:00,47.4,5.6,3.8,1007.1,5,5.1,3,30,6,7
2016-03-30 08:00:00,53.9,7.0,4.6,1007.7,5,5.1,3,30,7,8
2016-03-30 09:00:00,55.3,8.3,4.2,1008.3,5,5.1,3,30,1,9
2016-03-30 10:00:00,48.8,9.6,4.0,1008.6,6,5.7,3,30,2,10
2016-03-30 11:00:00,55.6,11.4,4.7,1008.9,6,6.2,3,30,3,11
2016-03-30 12:00:00,49.6,11.9,3.1,1008.9,6,6.7,3,30,4,12
2016-03-30 13:00:00,53.8,11.0,4.1,1009.2,6,4.6,3,30,5,13
2016-03-30 14:00:00,53.1,12.5,4.2,1008.9,6,4.1,3,30,6,14
2016-03-30 15:00:00,55.5,12.3,1.0,1008.7,6,3.1,3,30,7,15
2016-03-30 16:00:00,52.5,12.0,3.4,1008.7,6,5.1,3,30,1,16
2016-03-30 17:00:00,50.0,11.9,3.3,1009.0,6,3.1,3,30,2,17
2016-03-30 18:00:00,55.9,11.2,1.7,1009.4,6,3.1,3,30,3,18
2016-03-30 19:00:00,62.5,10.2,3.2,1009.9,7,2.1,3,30,4,19
2016-03-30 20:00:00,62.2,8.8,3.1,1010.5,6,1.5,3,30,5,20
2016-03-30 21:00:00,60.1,8.6,4.4,1011.1,6,2.1,3,30,6,21
2016-03-30 22:00:00,58.1,8.1,4.5,1011.5,6,2.1,3,30,7,22
2016-03-30 23:00:00,52.4,7.5,3.1,1011.8,6,2.1,3,30,1,23
2016-03-31 00:00:00,48.5,6.7,3.3,1012.1,7,2.1,3,31,2,0
2016-03-31 01:00:00,44.1,5.8,3.5,1012.3,7,1.0,3,31,3,1
2016-03-31 02:00:00,43.8,5.4,3.3,1012.5,7,1.0,3,31,4,2
2016-03-31 03:00:00,44.3,4.9,2.8,1012.8,0,0.5,3,31,5,3
2016-03-31 04:00:00,42.9,4.8,2.6,1013.4,0,0.5,3,31,6,4
2016-03-31 05:00:00,44.8,5.1,2.6,1013.8,0,1.0,3,31,7,5
2016-03-31 06:00:00,45.7,5.2,2.3,1014.1,7,2.1,3,31,1,6
2016-03-31 07:00:00,47.3,5.5,2.6,1014.9,0,2.6,3,31,2,7
2016-03-31 08:00:00,53.9,7.2,3.0,1015.5,0,3.1,3,31,3,8
2016-03-31 09:00:00,56.8,8.5,2.6,1015.8,0,3.1,3,31,4,9
2016-03-31 10:00:00,53.1,9.4,2.1,1016.0,0,4.1,3,31,5,10
2016-03-31 11:00:00,57.0,9.9,1.5,1016.1,1,3.1,3,31,6,11
2016-03-31 12:00:00,58.6,11.1,1.2,1015.7,7,2.1,3,31,7,12
2016-03-31 13:00:00,60.2,11.5,1.3,1015.4,0,3.1,3,31,1,13
2016-03-31 14:00:00,57.4,11.4,0.4,1015.6,0,3.6,3,31,2,14
2016-03-31 15:00:00,56.4,11.8,-0.3,1015.6,0,3.6,3,31,3,15
2016-03-31 16:00:00,57.3,11.9,0.3,1015.9,1,3.1,3,31,4,16
2016-03-31 17:00:00,59.9,11.9,-0.1,1016.2,0,3.6,3,31,5,17
2016-03-31 18:00:00,60.9,11.1,1.4,1016.8,7,1.5,3,31,6,18
2016-03-31 19:00:00,59.0,10.2,0.8,1017.3,0,2.1,3,31,7,19
2016-03-31 20:00:00,65.5,7.3,2.9,1018.6,2,3.6,3,31,1,20
2016-03-31 21:00:00,62.2,7.7,3.3,1019.2,1,2.1,3,31,2,21
2016-03-31 22:00:00,60.3,5.7,3.0,1019.2,0,0.5,3,31,3,22
2016-03-31 23:00:00,52.5,5.5,3.2,1019.2,0,0.5,3,31,4,23
2016-04-01 00:00:00,49.6,4.1,2.8,1019.5,1,0.5,4,1,5,0
2016-04-01 01:00:00,42.9,3.7,2.6,1020.0,6,0.5,4,1,6,1
2016-04-01 02:00:00,42.3,3.2,2.3,1020.6,7,0.5,4,1,7,2
2016-04-01 03:00:00,41.1,2.6,1.8,1020.8,0,0.5,4,1,1,3
2016-04-01 04:00:00,39.0,2.0,1.5,1020.7,2,1.0,4,1,2,4
2016-04-01 05:00:00,38.1,1.2,0.7,1020.6,3,1.5,4,1,3,5
2016-04-01 06:00:00,39.7,2.5,1.9,1020.7,3,1.0,4,1,4,6
2016-04-01 07:00:00,44.5,4.1,2.2,1020.8,3,2.1,4,1,5,7
2016-04-01 08:00:00,54.7,6.3,3.2,1020.5,3,4.6,4,1,6,8
2016-04-01 09:00:00,55.9,8.7,2.2,1020.5,4,4.1,4,1,7,9
2016-04-01 10:00:00,55.6,11.0,3.2,1020.6,4,5.7,4,1,1,10
2016-04-01 11:00:00,56.5,11.6,4.8,1020.4,4,6.2,4,1,2,11
2016-04-01 12:00:00,57.8,12.1,4.3,1019.9,4,6.7,4,1,3,12
2016-04-01 13:00:00,57.8,12.4,3.2,1019.2,4,7.2,4,1,4,13
2016-04-01 14:00:00,56.1,12.0,4.0,1018.6,4,7.2,4,1,5,14
2016-04-01 15:00:00,54.9,12.1,4.2,1018.1,4,7.2,4,1,6,15
2016-04-01 16:00:00,56.0,11.9,3.8,1017.5,4,7.2,4,1,7,16
2016-04-01 17:00:00,55.5,11.2,0.3,1017.2,4,7.2,4,1,1,17
2016-04-01 18:00:00,57.9,10.7,1.1,1017.1,4,6.2,4,1,2,18
2016-04-01 19:00:00,62.6,9.9,1.6,1017.2,4,5.7,4,1,3,19
2016-04-01 20:00:00,61.9,9.5,2.4,1017.1,4,5.1,4,1,4,20
2016-04-01 21:00:00,60.1,9.0,4.2,1017.0,4,4.6,4,1,5,21
2016-04-01 22:00:00,60.8,8.4,4.8,1016.8,3,3.1,4,1,6,22
2016-04-01 23:00:00,55.5,8.2,4.6,1016.4,3,3.1,4,1,7,23
2016-04-02 00:00:00,46.1,8.3,4.0,1016.0,3,3.1,4,2,1,0
2016-04-02 01:00:00,41.2,8.5,3.7,1015.7,4,3.6,4,2,2,1
2016-04-02 02:00:00,38.6,8.2,3.2,1015.0,3,2.1,4,2,3,2
2016-04-02 03:00:00,38.5,8.7,3.4,1014.5,4,3.1,4,2,4,3
2016-04-02 04:00:00,37.5,8.6,4.2,1014.1,4,3.6,4,2,5,4
2016-04-02 05:00:00,38.0,8.1,4.6,1014.1,3,4.1,4,2,6,5
2016-04-02 06:00:00,39.3,8.0,5.1,1014.0,3,4.1,4,2,7,6
2016-04-02 07:00:00,44.2,9.4,5.6,1014.0,4,3.6,4,2,1,7
2016-04-02 08:00:00,49.2,10.3,5.3,1014.2,4,4.6,4,2,2,8
2016-04-02 09:00:00,48.5,11.8,1.5,1014.1,4,5.1,4,2,3,9
2016-04-02 10:00:00,48.4,12.7,2.1,1014.0,4,6.2,4,2,4,10
2016-04-02 11:00:00,47.7,13.9,2.2,1013.5,4,5.7,4,2,5,11
2016-04-02 12:00:00,55.8,14.4,2.6,1012.8,4,4.6,4,2,6,12
2016-04-02 13:00:00,52.6,14.0,0.8,1012.3,4,5.7,4,2,7,13
2016-04-02 14:00:00,49.4,13.8,-0.2,1011.1,3,5.1,4,2,1,14
2016-04-02 15:00:00,49.5,13.7,0.1,1010.2,4,3.6,4,2,2,15
2016-04-02 16:00:00,55.9,12.9,0.1,1009.2,3,3.1,4,2,3,16
2016-04-02 17:00:00,55.8,11.1,3.4,1009.5,3,4.6,4,2,4,17
2016-04-02 18:00:00,60.5,9.4,4.6,1009.6,3,5.1,4,2,5,18
2016-04-02 19:00:00,64.8,8.1,6.4,1009.7,3,3.6,4,2,6,19
2016-04-02 20:00:00,63.1,7.7,7.0,1009.4,3,3.1,4,2,7,20
2016-04-02 21:00:00,56.9,7.7,7.4,1008.3,2,3.1,4,2,1,21
2016-04-02 22:00:00,56.1,7.9,7.6,1007.6,2,2.6,4,2,2,22
2016-04-02 23:00:00,53.7,8.0,7.9,1007.0,2,3.1,4,2,3,23
2016-04-03 00:00:00,46.8,8.1,8.0,1006.8,3,2.6,4,3,4,0
2016-04-03 01:00:00,42.3,7.9,7.9,1006.3,3,2.1,4,3,5,1
2016-04-03 02:00:00,38.3,7.9,7.9,1005.7,4,2.6,4,3,6,2
2016-04-03 03:00:00,38.7,7.9,7.9,1005.8,4,3.1,4,3,7,3
2016-04-03 04:00:00,37.1,7.9,7.5,1006.0,5,4.1,4,3,1,4
2016-04-03 05:00:00,37.0,7.4,7.2,1006.3,4,2.6,4,3,2,5
2016-04-03 06:00:00,39.7,7.6,7.4,1006.8,3,3.1,4,3,3,6
2016-04-03 07:00:00,47.8,7.7,7.1,1007.4,4,4.1,4,3,4,7
2016-04-03 08:00:00,47.7,9.0,7.8,1007.3,4,4.1,4,3,5,8
2016-04-03 09:00:00,50.6,10.5,8.1,1007.2,4,3.6,4,3,6,9
2016-04-03 10:00:00,44.6,11.3,7.9,1007.4,3,5.1,4,3,7,10
2016-04-03 11:00:00,48.4,13.0,8.2,1007.0,4,4.1,4,3,1,11
2016-04-03 12:00:00,53.7,13.9,7.3,1006.3,3,5.1,4,3,2,12
2016-04-03 13:00:00,53.9,13.7,6.3,1005.8,3,4.1,4,3,3,13
2016-04-03 14:00:00,51.1,14.2,7.3,1005.1,3,3.1,4,3,4,14
2016-04-03 15:00:00,51.8,14.1,7.0,1004.6,3,3.6,4,3,5,15
2016-04-03 16:00:00,56.0,15.5,8.2,1003.6,3,4.1,4,3,6,16
2016-04-03 17:00:00,59.5,15.1,6.0,1003.1,3,5.1,4,3,7,17
2016-04-03 18:00:00,60.4,14.8,6.9,1002.1,2,4.6,4,3,1,18
2016-04-03 19:00:00,60.4,12.2,10.8,1002.7,2,4.1,4,3,2,19
2016-04-03 20:00:00,55.6,12.4,10.3,1003.1,3,4.6,4,3,3,20
2016-04-03 21:00:00,60.9,12.1,9.7,1002.9,4,3.6,4,3,4,21
2016-04-03 22:00:00,61.0,11.4,9.5,1002.7,4,3.6,4,3,5,22
2016-04-03 23:00:00,54.4,10.9,9.4,1002.5,4,3.1,4,3,6,23
2016-04-04 00:00:00,46.6,9.3,8.8,1002.3,3,2.1,4,4,7,0
2016-04-04 01:00:00,40.6,10.1,9.4,1002.5,4,3.1,4,4,1,1
2016-04-04 02:00:00,36.4,9.9,8.9,1002.3,4,4.1,4,4,2,2
2016-04-04 03:00:00,34.6,9.8,8.2,1002.0,4,3.1,4,4,3,3
2016-04-04 04:00:00,34.8,9.4,7.9,1001.7,4,4.1,4,4,4,4
2016-04-04 05:00:00,37.1,9.0,7.6,1001.3,4,3.1,4,4,5,5
2016-04-04 06:00:00,38.5,8.9,7.6,1001.7,4,3.6,4,4,6,6
2016-04-04 07:00:00,49.3,9.0,7.4,1002.0,4,3.6,4,4,7,7
2016-04-04 08:00:00,61.1,9.5,7.9,1002.4,3,4.1,4,4,1,8
2016-04-04 09:00:00,56.6,10.6,7.6,1002.6,4,5.7,4,4,2,9
2016-04-04 10:00:00,54.8,12.0,7.3,1002.4,4,5.1,4,4,3,10
2016-04-04 11:00:00,52.8,12.2,6.6,1002.0,4,5.7,4,4,4,11
2016-04-04 12:00:00,55.7,12.6,7.2,1002.1,4,7.2,4,4,5,12
2016-04-04 13:00:00,55.3,11.9,9.4,1002.0,4,6.7,4,4,6,13
2016-04-04 14:00:00,52.6,11.9,7.5,1002.0,4,6.2,4,4,7,14
2016-04-04 15:00:00,52.0,12.1,8.9,1001.8,4,5.7,4,4,1,15
2016-04-04 16:00:00,55.4,12.2,9.1,1001.7,4,6.2,4,4,2,16
2016-04-04 17:00:00,60.3,11.5,8.1,1001.7,4,5.7,4,4,3,17
2016-04-04 18:00:00,63.5,11.7,7.7,1002.0,4,5.7,4,4,4,18
2016-04-04 19:00:00,60.0,11.0,6.1,1002.8,4,3.6,4,4,5,19
2016-04-04 20:00:00,64.8,10.0,6.8,1003.3,4,3.6,4,4,6,20
2016-04-04 21:00:00,61.7,9.5,6.8,1003.5,4,4.6,4,4,7,21
2016-04-04 22:00:00,60.2,9.5,7.4,1003.9,4,4.1,4,4,1,22
2016-04-04 23:00:00,54.3,9.0,7.6,1004.2,5,3.6,4,4,2,23
2016-04-05 00:00:00,44.2,8.9,7.8,1004.4,4,2.1,4,5,3,0
2016-04-05 01:00:00,36.2,8.7,7.7,1004.3,4,3.1,4,5,4,1
2016-04-05 02:00:00,36.4,7.9,7.3,1004.2,5,2.6,4,5,5,2
2016-04-05 03:00:00,34.4,8.2,7.7,1004.3,5,2.6,4,5,6,3
2016-04-05 04:00:00,34.4,8.0,7.6,1004.7,5,2.1,4,5,7,4
2016-04-05 05:00:00,37.0,8.0,7.6,1005.2,6,2.1,4,5,1,5
2016-04-05 06:00:00,38.5,7.2,6.6,1005.7,6,3.6,4,5,2,6
2016-04-05 07:00:00,48.3,7.7,7.1,1006.3,6,2.6,4,5,3,7
2016-04-05 08:00:00,55.7,9.5,6.8,1006.8,6,3.6,4,5,4,8
2016-04-05 09:00:00,58.4,10.5,6.2,1007.2,6,4.1,4,5,5,9
2016-04-05 10:00:00,58.7,12.0,7.1,1007.5,6,3.6,4,5,6,10
2016-04-05 11:00:00,55.5,13.2,6.4,1007.6,6,4.1,4,5,7,11
2016-04-05 12:00:00,54.1,13.1,4.6,1007.6,6,5.7,4,5,1,12
2016-04-05 13:00:00,49.9,14.1,3.9,1007.5,6,5.7,4,5,2,13
2016-04-05 14:00:00,49.4,13.5,3.3,1007.6,6,6.7,4,5,3,14
2016-04-05 15:00:00,51.5,15.2,2.2,1007.8,6,5.1,4,5,4,15
2016-04-05 16:00:00,54.9,15.0,1.1,1008.1,6,5.7,4,5,5,16
2016-04-05 17:00:00,54.5,14.0,1.8,1008.4,7,4.1,4,5,6,17
2016-04-05 18:00:00,64.6,13.9,1.4,1008.9,7,3.6,4,5,7,18
2016-04-05 19:00:00,62.2,13.0,1.6,1009.6,6,2.6,4,5,1,19
2016-04-05 20:00:00,65.7,11.2,3.2,1010.3,6,3.1,4,5,2,20
2016-04-05 21:00:00,61.4,10.4,4.2,1010.9,6,4.1,4,5,3,21
2016-04-05 22:00:00,60.7,9.0,3.4,1011.0,6,5.7,4,5,4,22
2016-04-05 23:00:00,51.6,7.8,3.0,1011.1,5,4.1,4,5,5,23
2016-04-06 00:00:00,48.3,7.1,2.3,1011.0,5,4.6,4,6,6,0
2016-04-06 01:00:00,40.7,6.2,2.1,1010.7,5,3.1,4,6,7,1
2016-04-06 02:00:00,40.0,5.9,3.6,1010.1,5,3.6,4,6,1,2
2016-04-06 03:00:00,38.1,5.8,4.2,1010.0,5,5.1,4,6,2,3
2016-04-06 04:00:00,36.0,6.3,4.6,1008.9,5,5.7,4,6,3,4
2016-04-06 05:00:00,38.4,7.1,4.6,1008.6,5,5.7,4,6,4,5
2016-04-06 06:00:00,42.2,7.8,5.3,1007.9,5,5.7,4,6,5,6
2016-04-06 07:00:00,49.8,8.4,7.2,1007.4,5,7.2,4,6,6,7
2016-04-06 08:00:00,58.0,8.7,8.4,1006.9,5,6.7,4,6,7,8
2016-04-06 09:00:00,60.4,10.0,7.9,1006.6,6,7.2,4,6,1,9
2016-04-06 10:00:00,53.8,11.3,7.2,1006.2,6,6.7,4,6,2,10
2016-04-06 11:00:00,55.5,11.8,4.1,1005.9,6,7.2,4,6,3,11
2016-04-06 12:00:00,55.8,11.7,8.0,1005.9,6,7.2,4,6,4,12
2016-04-06 13:00:00,55.7,10.4,6.6,1006.0,5,11.3,4,6,5,13
2016-04-06 14:00:00,53.4,11.6,3.2,1005.7,6,8.2,4,6,6,14
2016-04-06 15:00:00,49.6,10.6,2.6,1006.1,6,9.8,4,6,7,15
2016-04-06 16:00:00,51.7,11.6,0.8,1006.0,6,12.4,4,6,1,16
2016-04-06 17:00:00,56.7,9.6,1.3,1006.7,6,11.3,4,6,2,17
2016-04-06 18:00:00,59.7,9.0,2.2,1006.6,6,8.8,4,6,3,18
2016-04-06 19:00:00,63.0,8.0,1.2,1006.9,6,8.2,4,6,4,19
2016-04-06 20:00:00,64.1,7.6,2.0,1007.3,6,8.8,4,6,5,20
2016-04-06 21:00:00,64.9,7.3,2.4,1007.2,6,9.8,4,6,6,21
2016-04-06 22:00:00,63.5,6.6,2.5,1007.5,6,7.2,4,6,7,22
2016-04-06 23:00:00,57.8,6.3,2.7,1007.6,5,6.7,4,6,1,23
2016-04-07 00:00:00,49.7,5.7,2.7,1007.5,6,6.7,4,7,2,0
2016-04-07 01:00:00,44.1,5.7,2.4,1007.3,5,5.7,4,7,3,1
2016-04-07 02:00:00,40.3,5.1,2.4,1007.4,5,5.1,4,7,4,2
2016-04-07 03:00:00,38.9,5.0,2.1,1007.1,6,5.7,4,7,5,3
2016-04-07 04:00:00,39.2,4.9,1.5,1007.3,5,4.1,4,7,6,4
2016-04-07 05:00:00,40.8,5.2,2.3,1007.6,5,3.6,4,7,7,5
2016-04-07 06:00:00,41.1,5.6,2.4,1008.0,5,5.1,4,7,1,6
2016-04-07 07:00:00,46.4,6.1,2.6,1008.2,5,5.7,4,7,2,7
2016-04-07 08:00:00,57.3,7.6,2.8,1008.3,6,7.2,4,7,3,8
2016-04-07 09:00:00,63.9,7.9,3.5,1008.5,6,7.7,4,7,4,9
2016-04-07 10:00:00,58.5,7.5,4.4,1008.7,6,7.7,4,7,5,10
2016-04-07 11:00:00,63.1,8.3,5.2,1008.8,6,7.2,4,7,6,11
2016-04-07 12:00:00,60.3,7.8,6.0,1009.1,6,6.7,4,7,7,12
2016-04-07 13:00:00,58.1,7.6,6.4,1009.0,6,6.2,4,7,1,13
2016-04-07 14:00:00,55.4,9.8,7.3,1009.1,6,4.6,4,7,2,14
2016-04-07 15:00:00,51.2,9.602697017686623,6.632084738405247,1009.5764080094124,7,5.000916751211967,4,7,3,15
2016-04-07 16:00:00,54.5,8.8,5.9,1009.9,7,6.2,4,7,4,16
2016-04-07 17:00:00,57.6,9.4,6.5,1009.8,6,6.2,4,7,5,17
2016-04-07 18:00:00,59.0,8.2,6.0,1010.7,6,4.1,4,7,6,18
2016-04-07 19:00:00,61.6,8.3,6.5,1011.7,0,2.6,4,7,7,19
2016-04-07 20:00:00,67.1,6.9,6.0,1012.2,6,2.6,4,7,1,20
2016-04-07 21:00:00,61.6,7.5,6.3,1012.3,5,4.6,4,7,2,21
2016-04-07 22:00:00,59.4,7.8,6.2,1012.7,6,4.6,4,7,3,22
2016-04-07 23:00:00,53.1,6.3,5.4,1012.7,6,3.1,4,7,4,23
2016-04-08 00:00:00,50.3,5.9,5.0,1012.8,6,2.1,4,8,5,0
2016-04-08 01:00:00,44.7,5.5,4.6,1012.7,6,3.1,4,8,6,1
2016-04-08 02:00:00,43.0,4.8,4.3,1012.6,6,3.1,4,8,7,2
2016-04-08 03:00:00,39.9,4.7,4.4,1012.5,6,2.6,4,8,1,3
2016-04-08 04:00:00,35.6,4.5,4.2,1012.5,6,2.6,4,8,2,4
2016-04-08 05:00:00,39.0,5.4,5.1,1012.5,6,2.1,4,8,3,5
2016-04-08 06:00:00,40.2,5.5,5.1,1012.8,6,2.6,4,8,4,6
2016-04-08 07:00:00,49.3,6.5,6.3,1013.0,6,2.1,4,8,5,7
2016-04-08 08:00:00,57.8,7.7,6.4,1012.9,7,2.6,4,8,6,8
2016-04-08 09:00:00,61.9,9.2,7.0,1013.1,7,2.1,4,8,7,9
2016-04-08 10:00:00,57.9,10.1,6.5,1013.0,6,3.1,4,8,1,10
2016-04-08 11:00:00,56.5,11.2,6.0,1012.5,6,2.6,4,8,2,11
2016-04-08 12:00:00,57.1,11.4,6.0,1012.1,1,1.5,4,8,3,12
2016-04-08 13:00:00,58.8,12.2,5.0,1011.8,4,1.0,4,8,4,13
2016-04-08 14:00:00,54.7,13.3,5.4,1011.0,6,3.1,4,8,5,14
2016-04-08 15:00:00,51.9,13.9,5.2,1010.3,5,3.6,4,8,6,15
2016-04-08 16:00:00,55.1,12.3,5.0,1009.8,5,4.6,4,8,7,16
2016-04-08 17:00:00,57.4,11.7,5.0,1009.5,6,4.1,4,8,1,17
2016-04-08 18:00:00,63.7,11.7,4.7,1009.3,5,4.1,4,8,2,18
2016-04-08 19:00:00,65.1,10.2,6.1,1009.2,4,4.6,4,8,3,19
2016-04-08 20:00:00,60.7,9.6,6.2,1008.8,4,4.1,4,8,4,20
2016-04-08 21:00:00,59.5,9.0,5.3,1008.5,4,4.6,4,8,5,21
2016-04-08 22:00:00,55.8,8.2,5.3,1007.9,4,4.1,4,8,6,22
2016-04-08 23:00:00,53.9,7.9,5.0,1007.5,4,3.6,4,8,7,23
2016-04-09 00:00:00,51.8,7.6,5.6,1006.7,4,3.6,4,9,1,0
2016-04-09 01:00:00,47.7,7.9,6.0,1005.9,4,4.1,4,9,2,1
2016-04-09 02:00:00,45.9,8.2,6.3,1004.8,4,5.1,4,9,3,2
2016-04-09 03:00:00,42.5,8.0,7.0,1003.8,4,5.7,4,9,4,3
2016-04-09 04:00:00,41.3,8.0,7.0,1003.0,4,6.2,4,9,5,4
2016-04-09 05:00:00,43.9,8.1,7.1,1002.3,4,6.2,4,9,6,5
2016-04-09 06:00:00,42.6,6.9,6.5,1002.5,5,6.2,4,9,7,6
2016-04-09 07:00:00,48.5,6.5,5.8,1002.6,6,3.1,4,9,1,7
2016-04-09 08:00:00,54.9,7.2,6.1,1002.4,4,3.6,4,9,2,8
2016-04-09 09:00:00,54.8,7.7,5.9,1002.5,5,4.1,4,9,3,9
2016-04-09 10:00:00,51.8,8.4,3.1,1002.4,6,4.6,4,9,4,10
2016-04-09 11:00:00,54.5,9.7,1.7,1002.2,5,3.6,4,9,5,11
2016-04-09 12:00:00,55.5,9.8,1.7,1001.8,4,2.1,4,9,6,12
2016-04-09 13:00:00,54.4,11.0,1.4,1001.6,5,2.6,4,9,7,13
2016-04-09 14:00:00,55.4,10.0,4.2,1001.7,5,4.1,4,9,1,14
2016-04-09 15:00:00,53.9,10.0,3.1,1001.8,4,5.7,4,9,2,15
2016-04-09 16:00:00,49.9,9.9,3.0,1001.8,4,6.2,4,9,3,16
2016-04-09 17:00:00,56.6,9.0,3.6,1002.3,6,5.7,4,9,4,17
2016-04-09 18:00:00,63.0,6.5,4.4,1003.4,6,4.1,4,9,5,18
2016-04-09 19:00:00,64.9,6.0,3.3,1004.2,6,3.6,4,9,6,19
2016-04-09 20:00:00,70.8,5.3,2.6,1005.1,6,2.1,4,9,7,20
2016-04-09 21:00:00,64.7,5.5,2.7,1005.4,5,2.6,4,9,1,21
2016-04-09 22:00:00,66.5,5.3,2.9,1005.9,5,3.1,4,9,2,22
2016-04-09 23:00:00,58.9,4.2,2.5,1006.3,4,2.1,4,9,3,23
2016-04-10 00:00:00,49.4,3.0,1.8,1006.7,4,1.0,4,10,4,0
2016-04-10 01:00:00,47.5,2.7,1.7,1007.0,4,1.5,4,10,5,1
2016-04-10 02:00:00,45.0,2.2,0.9,1007.0,2,0.5,4,10,6,2
2016-04-10 03:00:00,41.3,2.2,1.1,1007.0,2,1.5,4,10,7,3
2016-04-10 04:00:00,41.6,1.4,0.3,1007.6,3,2.1,4,10,1,4
2016-04-10 05:00:00,40.0,2.1,0.9,1007.7,1,1.0,4,10,2,5
2016-04-10 06:00:00,39.8,2.1,0.5,1008.2,2,1.5,4,10,3,6
2016-04-10 07:00:00,44.8,5.3,3.4,1008.4,2,3.1,4,10,4,7
2016-04-10 08:00:00,46.3,8.1,3.5,1008.7,3,5.7,4,10,5,8
2016-04-10 09:00:00,51.8,9.6,0.2,1008.4,3,6.7,4,10,6,9
2016-04-10 10:00:00,48.0,10.9,0.8,1008.2,3,7.2,4,10,7,10
2016-04-10 11:00:00,52.4,11.8,1.9,1008.0,2,6.7,4,10,1,11
2016-04-10 12:00:00,57.6,12.3,1.2,1007.9,3,7.2,4,10,2,12
2016-04-10 13:00:00,55.3,11.9,1.7,1007.7,2,7.7,4,10,3,13
2016-04-10 14:00:00,54.5,12.9,-2.2,1007.2,2,9.3,4,10,4,14
2016-04-10 15:00:00,57.0,11.9,0.9,1006.6,2,6.7,4,10,5,15
2016-04-10 16:00:00,61.8,11.1,3.5,1006.3,2,7.2,4,10,6,16
2016-04-10 17:00:00,61.4,10.8,3.3,1006.4,2,9.3,4,10,7,17
2016-04-10 18:00:00,68.2,10.0,3.2,1006.7,2,8.8,4,10,1,18
2016-04-10 19:00:00,68.6,9.6,4.1,1006.3,2,7.2,4,10,2,19
2016-04-10 20:00:00,69.3,9.7,4.7,1006.2,2,7.2,4,10,3,20
2016-04-10 21:00:00,69.2,9.2,5.2,1006.9,2,4.6,4,10,4,21
2016-04-10 22:00:00,62.9,8.8,6.9,1007.5,2,4.6,4,10,5,22
2016-04-10 23:00:00,55.3,9.0,7.6,1007.2,1,2.6,4,10,6,23
2016-04-11 00:00:00,49.6,9.1,8.2,1007.0,1,3.1,4,11,7,0
2016-04-11 01:00:00,45.1,9.6,8.4,1006.2,1,3.6,4,11,1,1
2016-04-11 02:00:00,41.9,9.8,8.2,1005.7,1,4.6,4,11,2,2
2016-04-11 03:00:00,39.4,9.8,8.2,1005.3,1,3.1,4,11,3,3
2016-04-11 04:00:00,38.4,10.1,8.1,1005.1,2,3.6,4,11,4,4
2016-04-11 05:00:00,38.6,9.9,8.1,1004.9,1,2.6,4,11,5,5
2016-04-11 06:00:00,41.1,10.3,7.6,1004.7,1,3.6,4,11,6,6
2016-04-11 07:00:00,47.9,11.0,8.3,1005.5,2,2.6,4,11,7,7
2016-04-11 08:00:00,59.4,12.1,8.4,1005.3,2,4.1,4,11,1,8
2016-04-11 09:00:00,61.6,12.7,8.0,1005.0,2,3.6,4,11,2,9
2016-04-11 10:00:00,60.6,13.9,9.0,1005.1,2,4.6,4,11,3,10
2016-04-11 11:00:00,56.4,13.4,8.3,1005.2,2,3.1,4,11,4,11
2016-04-11 12:00:00,63.4,14.3,9.4,1005.3,2,2.1,4,11,5,12
2016-04-11 13:00:00,60.6,13.3,9.3,1005.4,4,2.1,4,11,6,13
2016-04-11 14:00:00,59.4,11.8,10.4,1005.8,5,3.6,4,11,7,14
2016-04-11 15:00:00,58.2,11.3,10.8,1005.8,5,3.6,4,11,1,15
2016-04-11 16:00:00,56.5,12.2,10.8,1005.8,5,1.5,4,11,2,16
2016-04-11 17:00:00,59.9,12.3,10.5,1005.9,4,2.6,4,11,3,17
2016-04-11 18:00:00,65.3,12.6,10.7,1005.7,7,1.0,4,11,4,18
2016-04-11 19:00:00,61.5,11.6,10.6,1006.2,7,1.5,4,11,5,19
2016-04-11 20:00:00,63.7,11.1,9.3,1006.6,5,2.1,4,11,6,20
2016-04-11 21:00:00,56.6,10.5,9.3,1006.7,5,4.1,4,11,7,21
2016-04-11 22:00:00,57.5,9.7,8.8,1006.9,5,3.1,4,11,1,22
2016-04-11 23:00:00,53.5,9.3,8.7,1007.1,5,2.1,4,11,2,23
2016-04-12 00:00:00,48.6,9.2,8.6,1007.1,5,2.1,4,12,3,0
2016-04-12 01:00:00,42.7,9.1,8.5,1006.9,5,2.1,4,12,4,1
2016-04-12 02:00:00,37.0,8.7,8.2,1006.8,5,3.1,4,12,5,2
2016-04-12 03:00:00,38.1,8.3,8.0,1006.6,5,2.1,4,12,6,3
2016-04-12 04:00:00,36.2,8.3,7.8,1006.6,5,2.6,4,12,7,4
2016-04-12 05:00:00,36.4,8.0,6.7,1006.6,5,2.6,4,12,1,5
2016-04-12 06:00:00,38.4,7.6,6.3,1006.9,5,3.6,4,12,2,6
2016-04-12 07:00:00,45.3,7.2,6.3,1007.1,5,3.6,4,12,3,7
2016-04-12 08:00:00,59.3,8.5,6.9,1007.3,5,1.5,4,12,4,8
2016-04-12 09:00:00,59.0,10.6,8.1,1007.2,4,2.6,4,12,5,9
2016-04-12 10:00:00,59.4,13.3,7.8,1006.8,5,2.1,4,12,6,10
2016-04-12 11:00:00,57.6,14.2,6.6,1006.7,5,3.1,4,12,7,11
2016-04-12 12:00:00,56.2,15.1,7.7,1006.5,5,3.1,4,12,1,12
2016-04-12 13:00:00,53.5,14.7,3.8,1006.6,5,5.1,4,12,2,13
2016-04-12 14:00:00,49.3,17.0,4.4,1006.3,5,6.7,4,12,3,14
2016-04-12 15:00:00,47.3,17.4,3.7,1005.9,5,4.6,4,12,4,15
2016-04-12 16:00:00,50.7,16.6,4.1,1005.8,5,4.6,4,12,5,16
2016-04-12 17:00:00,51.8,14.9,4.2,1005.7,4,4.1,4,12,6,17
2016-04-12 18:00:00,56.9,14.6,4.4,1005.7,4,4.1,4,12,7,18
2016-04-12 19:00:00,63.2,13.4,4.3,1006.2,4,4.1,4,12,1,19
2016-04-12 20:00:00,63.0,12.3,5.1,1006.6,4,3.1,4,12,2,20
2016-04-12 21:00:00,64.2,11.1,5.3,1006.9,4,3.6,4,12,3,21
2016-04-12 22:00:00,61.0,10.3,6.1,1007.3,4,2.6,4,12,4,22
2016-04-12 23:00:00,55.1,8.7,5.3,1007.5,6,1.0,4,12,5,23
2016-04-13 00:00:00,46.6,7.6,5.5,1007.5,4,0.5,4,13,6,0
2016-04-13 01:00:00,45.9,6.9,5.7,1007.4,6,1.0,4,13,7,1
2016-04-13 02:00:00,40.4,6.2,5.5,1007.5,5,1.0,4,13,1,2
2016-04-13 03:00:00,36.8,5.8,5.1,1007.3,6,0.5,4,13,2,3
2016-04-13 04:00:00,35.4,5.5,4.9,1007.1,0,1.0,4,13,3,4
2016-04-13 05:00:00,37.3,4.7,4.3,1007.1,7,1.0,4,13,4,5
2016-04-13 06:00:00,42.7,4.1,3.7,1007.2,7,0.5,4,13,5,6
2016-04-13 07:00:00,45.9,7.1,6.2,1007.5,4,1.0,4,13,6,7
2016-04-13 08:00:00,51.6,9.8,6.2,1007.7,4,0.5,4,13,7,8
2016-04-13 09:00:00,57.3,11.5,6.6,1008.0,4,1.0,4,13,1,9
2016-04-13 10:00:00,54.1,13.4,4.2,1008.1,5,2.1,4,13,2,10
2016-04-13 11:00:00,59.3,15.1,4.8,1008.2,5,2.1,4,13,3,11
2016-04-13 12:00:00,56.6,15.3,2.5,1008.4,6,3.1,4,13,4,12
2016-04-13 13:00:00,54.2,17.1,3.9,1008.3,6,3.6,4,13,5,13
2016-04-13 14:00:00,50.8,17.7,2.2,1008.2,5,3.6,4,13,6,14
2016-04-13 15:00:00,54.4,16.6,2.4,1008.2,6,2.6,4,13,7,15
2016-04-13 16:00:00,57.5,16.6,3.6,1008.3,6,2.1,4,13,1,16
2016-04-13 17:00:00,58.0,15.5,3.5,1008.3,4,3.1,4,13,2,17
2016-04-13 18:00:00,63.0,15.2,3.6,1008.5,5,1.0,4,13,3,18
2016-04-13 19:00:00,67.8,13.3,5.1,1009.2,4,4.6,4,13,4,19
2016-04-13 20:00:00,67.9,12.9,5.2,1009.5,4,3.1,4,13,5,20
2016-04-13 21:00:00,64.9,12.0,6.4,1010.2,6,2.6,4,13,6,21
2016-04-13 22:00:00,60.0,12.2,6.5,1010.4,5,1.0,4,13,7,22
2016-04-13 23:00:00,54.9,10.9,7.9,1010.4,4,1.5,4,13,1,23
2016-04-14 00:00:00,47.4,10.7,7.5,1010.7,5,2.1,4,14,2,0
2016-04-14 01:00:00,44.1,9.2,7.4,1010.5,3,2.1,4,14,3,1
2016-04-14 02:00:00,42.4,9.3,6.9,1010.6,4,2.6,4,14,4,2
2016-04-14 03:00:00,39.5,8.6,6.3,1010.5,4,3.1,4,14,5,3
2016-04-14 04:00:00,38.4,8.0,6.1,1010.5,5,3.1,4,14,6,4
2016-04-14 05:00:00,37.5,8.0,5.6,1010.3,5,3.1,4,14,7,5
2016-04-14 06:00:00,39.4,8.5,5.8,1010.1,5,1.5,4,14,1,6
2016-04-14 07:00:00,44.6,8.7,6.1,1010.6,6,1.5,4,14,2,7
2016-04-14 08:00:00,57.5,10.2,6.6,1011.0,5,1.5,4,14,3,8
2016-04-14 09:00:00,61.4,12.2,6.7,1011.0,2,1.5,4,14,4,9
2016-04-14 10:00:00,55.6,13.1,5.8,1010.9,4,1.0,4,14,5,10
2016-04-14 11:00:00,53.7,15.1,6.1,1010.6,3,2.1,4,14,6,11
2016-04-14 12:00:00,52.9,15.3,6.2,1010.1,3,3.1,4,14,7,12
2016-04-14 13:00:00,54.0,16.6,7.1,1009.5,3,4.6,4,14,1,13
2016-04-14 14:00:00,53.1,16.4,6.4,1008.9,3,4.6,4,14,2,14
2016-04-14 15:00:00,53.2,15.7,5.2,1008.2,4,4.6,4,14,3,15
2016-04-14 16:00:00,52.1,15.6,5.6,1007.7,4,5.1,4,14,4,16
2016-04-14 17:00:00,60.9,15.3,5.3,1007.4,4,5.1,4,14,5,17
2016-04-14 18:00:00,63.8,13.7,5.4,1007.2,4,5.1,4,14,6,18
2016-04-14 19:00:00,66.1,12.9,4.9,1006.8,4,3.6,4,14,7,19
2016-04-14 20:00:00,58.8,12.4,5.9,1006.9,4,3.6,4,14,1,20
2016-04-14 21:00:00,61.3,11.6,6.9,1006.8,4,4.6,4,14,2,21
2016-04-14 22:00:00,62.6,10.3,8.2,1006.2,4,2.1,4,14,3,22
2016-04-14 23:00:00,53.2,9.6,8.5,1005.5,3,1.5,4,14,4,23
2016-04-15 00:00:00,52.2,9.6,8.8,1005.1,2,1.0,4,15,5,0
2016-04-15 01:00:00,40.2,9.3,8.5,1004.7,2,1.0,4,15,6,1
2016-04-15 02:00:00,37.6,9.3,8.7,1003.9,1,1.0,4,15,7,2
2016-04-15 03:00:00,37.4,9.0,8.2,1003.3,3,1.0,4,15,1,3
2016-04-15 04:00:00,38.8,8.9,8.6,1002.6,2,1.0,4,15,2,4
2016-04-15 05:00:00,38.4,9.0,8.6,1002.3,2,1.5,4,15,3,5
2016-04-15 06:00:00,38.8,9.2,9.0,1002.3,0,1.0,4,15,4,6
2016-04-15 07:00:00,47.3,9.5,8.9,1002.2,0,1.0,4,15,5,7
2016-04-15 08:00:00,60.6,10.3,9.2,1002.0,7,1.0,4,15,6,8
2016-04-15 09:00:00,61.1,11.4,9.9,1001.9,5,2.6,4,15,7,9
2016-04-15 10:00:00,55.9,13.2,9.2,1001.2,6,1.0,4,15,1,10
2016-04-15 11:00:00,61.5,11.1,9.3,1000.9,6,1.5,4,15,2,11
2016-04-15 12:00:00,56.8,10.5,9.4,1000.5,4,2.6,4,15,3,12
2016-04-15 13:00:00,54.4,10.6,10.0,999.9,5,3.1,4,15,4,13
2016-04-15 14:00:00,57.8,10.6,10.0,999.3,5,2.6,4,15,5,14
2016-04-15 15:00:00,58.8,11.0,9.9,998.5,4,4.1,4,15,6,15
2016-04-15 16:00:00,58.8,9.7,8.9,997.7,0,4.6,4,15,7,16
2016-04-15 17:00:00,59.3,9.2,8.8,997.3,1,2.6,4,15,1,17
2016-04-15 18:00:00,64.1,9.8,9.4,996.9,0,3.1,4,15,2,18
2016-04-15 19:00:00,62.4,9.6,8.8,997.4,0,2.1,4,15,3,19
2016-04-15 20:00:00,68.8,9.3,8.7,998.4,7,3.6,4,15,4,20
2016-04-15 21:00:00,71.0,8.8,8.2,998.8,7,2.6,4,15,5,21
2016-04-15 22:00:00,62.8,8.6,8.0,999.3,6,2.6,4,15,6,22
2016-04-15 23:00:00,56.5,8.4,8.1,999.4,6,4.6,4,15,7,23
2016-04-16 00:00:00,50.9,7.5,6.2,999.5,7,5.1,4,16,1,0
2016-04-16 01:00:00,43.4,6.8,5.6,999.4,7,3.6,4,16,2,1
2016-04-16 02:00:00,39.7,6.2,4.7,999.8,7,4.1,4,16,3,2
2016-04-16 03:00:00,39.5,5.7,4.0,1000.0,7,3.6,4,16,4,3
2016-04-16 04:00:00,39.3,5.2,3.6,1000.2,7,2.6,4,16,5,4
2016-04-16 05:00:00,39.6,5.0,3.8,1000.7,7,2.1,4,16,6,5
2016-04-16 06:00:00,43.2,5.2,3.5,1001.3,6,2.6,4,16,7,6
2016-04-16 07:00:00,45.9,5.5,3.6,1001.8,6,3.6,4,16,1,7
2016-04-16 08:00:00,48.9,5.9,4.7,1002.3,6,2.6,4,16,2,8
2016-04-16 09:00:00,53.4,5.8,2.7,1003.0,0,3.6,4,16,3,9
2016-04-16 10:00:00,59.8,5.4,3.2,1003.9,0,3.6,4,16,4,10
2016-04-16 11:00:00,57.5,5.9,3.9,1004.6,7,4.1,4,16,5,11
2016-04-16 12:00:00,57.8,6.1,2.9,1005.1,0,4.1,4,16,6,12
2016-04-16 13:00:00,59.3,6.2,2.5,1006.0,0,3.6,4,16,7,13
2016-04-16 14:00:00,53.9,6.9,2.0,1006.3,7,4.6,4,16,1,14
2016-04-16 15:00:00,60.3,6.4,3.0,1006.6,7,3.1,4,16,2,15
2016-04-16 16:00:00,59.7,8.0,-0.4,1006.7,0,3.1,4,16,3,16
2016-04-16 17:00:00,64.1,9.1,-1.3,1006.9,0,2.6,4,16,4,17
2016-04-16 18:00:00,69.3,8.8,-1.7,1007.1,7,3.6,4,16,5,18
2016-04-16 19:00:00,73.1,6.8,1.9,1008.2,0,2.6,4,16,6,19
2016-04-16 20:00:00,64.9,5.8,2.0,1009.1,7,1.5,4,16,7,20
2016-04-16 21:00:00,65.2,5.1,1.9,1009.6,0,1.0,4,16,1,21
2016-04-16 22:00:00,65.3,3.9,1.9,1010.5,7,1.5,4,16,2,22
2016-04-16 23:00:00,60.8,4.1,1.7,1011.0,0,3.1,4,16,3,23
2016-04-17 00:00:00,55.6,2.8,1.3,1011.2,7,1.0,4,17,4,0
2016-04-17 01:00:00,50.0,2.6,1.6,1011.4,6,2.1,4,17,5,1
2016-04-17 02:00:00,47.1,1.8,0.6,1011.9,7,1.5,4,17,6,2
2016-04-17 03:00:00,46.0,1.4,0.6,1012.3,7,1.0,4,17,7,3
2016-04-17 04:00:00,41.7,1.0,0.3,1012.6,7,1.0,4,17,1,4
2016-04-17 05:00:00,40.8,0.6,-0.1,1013.2,6,1.5,4,17,2,5
2016-04-17 06:00:00,45.1,1.6,1.1,1013.8,6,1.5,4,17,3,6
2016-04-17 07:00:00,44.4,3.0,1.5,1014.6,6,1.5,4,17,4,7
2016-04-17 08:00:00,47.1,5.6,2.4,1015.1,7,1.0,4,17,5,8
2016-04-17 09:00:00,52.6,7.1,1.0,1015.7,7,2.6,4,17,6,9
2016-04-17 10:00:00,52.1,8.2,-1.1,1016.2,7,3.1,4,17,7,10
2016-04-17 11:00:00,53.3,9.3,-0.6,1016.5,7,3.1,4,17,1,11
2016-04-17 12:00:00,61.1,9.9,-0.5,1016.8,0,3.6,4,17,2,12
2016-04-17 13:00:00,62.2,10.1,-0.7,1017.1,0,4.1,4,17,3,13
2016-04-17 14:00:00,58.9,11.3,0.2,1017.4,7,2.6,4,17,4,14
2016-04-17 15:00:00,55.9,10.4,-2.8,1017.5,7,2.6,4,17,5,15
2016-04-17 16:00:00,54.4,11.3,-1.6,1017.5,6,2.6,4,17,6,16
2016-04-17 17:00:00,60.2,11.3,-2.7,1017.7,6,2.1,4,17,7,17
2016-04-17 18:00:00,65.3,11.5,-3.6,1018.0,6,3.1,4,17,1,18
2016-04-17 19:00:00,70.8,9.8,-1.4,1018.5,7,2.1,4,17,2,19
2016-04-17 20:00:00,60.8,8.9,-1.8,1019.1,6,1.0,4,17,3,20
2016-04-17 21:00:00,65.6,8.6,-1.5,1019.5,6,1.5,4,17,4,21
2016-04-17 22:00:00,64.7,7.1,-0.5,1019.8,5,2.1,4,17,5,22
2016-04-17 23:00:00,61.7,5.7,0.4,1020.3,6,2.1,4,17,6,23
2016-04-18 00:00:00,55.2,5.4,0.5,1020.4,5,2.6,4,18,7,0
2016-04-18 01:00:00,48.7,3.4,-0.4,1020.7,6,3.1,4,18,1,1
2016-04-18 02:00:00,45.1,3.6,0.5,1020.6,6,2.1,4,18,2,2
2016-04-18 03:00:00,42.5,3.9,1.8,1020.8,5,3.1,4,18,3,3
2016-04-18 04:00:00,41.3,3.0,1.2,1020.7,6,2.6,4,18,4,4
2016-04-18 05:00:00,41.4,3.0,1.0,1020.933123873118,6,3.1,4,18,5,5
2016-04-18 06:00:00,43.1,4.8,2.4,1021.3,6,2.6,4,18,6,6
2016-04-18 07:00:00,50.0,6.1,3.2,1021.5,5,3.6,4,18,7,7
2016-04-18 08:00:00,62.2,7.8,2.5,1021.7,6,4.1,4,18,1,8
2016-04-18 09:00:00,63.4,10.0,3.3,1021.9,6,5.7,4,18,2,9
2016-04-18 10:00:00,63.4,10.0,2.8,1022.2,6,7.2,4,18,3,10
2016-04-18 11:00:00,62.8,9.8,3.2,1022.5,6,6.7,4,18,4,11
2016-04-18 12:00:00,61.2,10.6,4.0,1022.6,6,6.7,4,18,5,12
2016-04-18 13:00:00,60.7,10.9,2.9,1022.5,6,6.2,4,18,6,13
2016-04-18 14:00:00,62.8,12.0,3.3,1022.3,6,6.2,4,18,7,14
2016-04-18 15:00:00,61.6,11.5,3.4,1022.3,6,7.2,4,18,1,15
2016-04-18 16:00:00,58.2,12.1,3.9,1022.2,6,6.7,4,18,2,16
2016-04-18 17:00:00,68.1,11.7,3.9,1022.5,6,6.2,4,18,3,17
2016-04-18 18:00:00,75.7,11.5,3.9,1022.8,6,5.1,4,18,4,18
2016-04-18 19:00:00,71.5,11.1,4.3,1023.4,6,5.1,4,18,5,19
2016-04-18 20:00:00,67.2,10.9,4.4,1024.0,6,3.6,4,18,6,20
2016-04-18 21:00:00,67.8,10.7,5.2,1024.5,6,3.1,4,18,7,21
2016-04-18 22:00:00,62.5,10.3,5.5,1024.9,6,5.7,4,18,1,22
2016-04-18 23:00:00,57.2,9.7,5.6,1025.4,6,3.6,4,18,2,23
2016-04-19 00:00:00,56.5,9.2,5.9,1025.8,6,4.1,4,19,3,0
2016-04-19 01:00:00,44.8,9.1,6.0,1025.9,6,3.6,4,19,4,1
2016-04-19 02:00:00,39.4,8.9,6.1,1026.0,6,3.6,4,19,5,2
2016-04-19 03:00:00,38.4,8.9,6.2,1026.4,6,2.6,4,19,6,3
2016-04-19 04:00:00,35.6,9.1,6.2,1026.3,6,2.1,4,19,7,4
2016-04-19 05:00:00,37.1,9.0,6.3,1026.5,7,2.1,4,19,1,5
2016-04-19 06:00:00,42.9,9.0,6.5,1027.0,7,1.0,4,19,2,6
2016-04-19 07:00:00,50.2,9.7,6.4,1027.5,7,2.1,4,19,3,7
2016-04-19 08:00:00,61.5,10.6,6.2,1028.1,0,2.1,4,19,4,8
2016-04-19 09:00:00,65.5,12.3,3.2,1028.2,1,2.6,4,19,5,9
2016-04-19 10:00:00,57.3,12.2,1.9,1028.5,0,3.6,4,19,6,10
2016-04-19 11:00:00,56.2,12.9,2.1,1028.9,0,3.6,4,19,7,11
2016-04-19 12:00:00,56.6,13.5,2.6,1028.8,6,1.5,4,19,1,12
2016-04-19 13:00:00,56.8,14.2,2.2,1028.7,0,2.1,4,19,2,13
2016-04-19 14:00:00,54.8,15.0,1.5,1028.7,0,3.6,4,19,3,14
2016-04-19 15:00:00,50.8,15.0,1.9,1028.4,1,2.6,4,19,4,15
2016-04-19 16:00:00,57.6,15.0,0.9,1028.2,0,2.6,4,19,5,16
2016-04-19 17:00:00,60.9,15.1,1.6,1028.0,2,3.1,4,19,6,17
2016-04-19 18:00:00,66.9,14.4,1.5,1028.2,1,3.6,4,19,7,18
2016-04-19 19:00:00,76.9,13.3,1.7,1028.7,1,3.1,4,19,1,19
2016-04-19 20:00:00,74.8,10.5,3.5,1029.8,2,5.1,4,19,2,20
2016-04-19 21:00:00,70.9,9.4,4.7,1030.5,2,5.7,4,19,3,21
2016-04-19 22:00:00,67.5,8.3,5.7,1031.1,2,6.2,4,19,4,22
2016-04-19 23:00:00,65.3,7.6,5.1,1031.2,2,4.1,4,19,5,23
2016-04-20 00:00:00,52.2,7.5,4.1,1031.2,2,3.1,4,20,6,0
2016-04-20 01:00:00,50.6,6.8,4.3,1030.8,1,2.6,4,20,7,1
2016-04-20 02:00:00,43.1,6.2,4.4,1030.8,1,3.6,4,20,1,2
2016-04-20 03:00:00,39.6,5.6,4.1,1031.2,1,2.6,4,20,2,3
2016-04-20 04:00:00,38.7,5.0,3.8,1031.3,1,1.5,4,20,3,4
2016-04-20 05:00:00,40.3,4.6,3.7,1031.2,1,2.6,4,20,4,5
2016-04-20 06:00:00,45.8,5.4,4.2,1031.2,1,2.6,4,20,5,6
2016-04-20 07:00:00,49.9,7.3,5.0,1031.4,1,2.6,4,20,6,7
2016-04-20 08:00:00,54.3,9.0,4.4,1031.2,2,6.2,4,20,7,8
2016-04-20 09:00:00,64.8,10.3,4.6,1031.0,2,6.7,4,20,1,9
2016-04-20 10:00:00,56.3,11.7,3.4,1030.7,2,5.1,4,20,2,10
2016-04-20 11:00:00,58.5,12.9,4.2,1030.4,2,5.7,4,20,3,11
2016-04-20 12:00:00,60.1,13.5,3.8,1030.1,2,6.2,4,20,4,12
2016-04-20 13:00:00,54.3,14.3,4.3,1029.8,2,6.2,4,20,5,13
2016-04-20 14:00:00,53.6,14.0,3.3,1029.3,2,6.7,4,20,6,14
2016-04-20 15:00:00,53.6,14.2,3.3,1028.9,2,6.2,4,20,7,15
2016-04-20 16:00:00,56.3,14.5,3.5,1028.3,2,6.2,4,20,1,16
2016-04-20 17:00:00,58.8,13.5,2.1,1027.4,1,5.7,4,20,2,17
2016-04-20 18:00:00,70.0,11.9,2.3,1027.1,2,7.2,4,20,3,18
2016-04-20 19:00:00,73.2,10.4,1.0,1027.5,2,5.1,4,20,4,19
2016-04-20 20:00:00,65.4,9.4,2.0,1027.4,1,5.7,4,20,5,20
2016-04-20 21:00:00,65.8,8.3,3.6,1027.8,2,5.1,4,20,6,21
2016-04-20 22:00:00,66.2,7.8,3.9,1027.6,1,5.7,4,20,7,22
2016-04-20 23:00:00,59.5,7.2,4.1,1027.4,1,3.6,4,20,1,23
2016-04-21 00:00:00,49.8,6.9,4.6,1027.4,1,4.1,4,21,2,0
2016-04-21 01:00:00,46.8,6.6,4.9,1026.7,1,3.1,4,21,3,1
2016-04-21 02:00:00,42.3,6.3,5.0,1026.1,1,3.6,4,21,4,2
2016-04-21 03:00:00,41.9,6.0,4.9,1025.9,1,3.1,4,21,5,3
2016-04-21 04:00:00,42.3,6.2,5.4,1025.0,1,3.6,4,21,6,4
2016-04-21 05:00:00,43.4,6.8,6.0,1024.4,1,3.6,4,21,7,5
2016-04-21 06:00:00,42.5,7.6,6.5,1023.9,1,5.1,4,21,1,6
2016-04-21 07:00:00,51.7,8.4,6.6,1024.1,1,5.1,4,21,2,7
2016-04-21 08:00:00,55.3,9.1,6.6,1024.5,1,4.1,4,21,3,8
2016-04-21 09:00:00,65.6,10.6,7.1,1024.4,2,3.6,4,21,4,9
2016-04-21 10:00:00,62.3,12.4,7.1,1024.3,2,5.7,4,21,5,10
2016-04-21 11:00:00,59.7,14.7,6.3,1023.8,2,5.7,4,21,6,11
2016-04-21 12:00:00,61.5,14.9,4.3,1023.3,2,7.2,4,21,7,12
2016-04-21 13:00:00,59.1,15.3,5.1,1022.8,2,6.7,4,21,1,13
2016-04-21 14:00:00,57.0,16.6,4.5,1022.3,2,5.1,4,21,2,14
2016-04-21 15:00:00,54.4,16.1,2.8,1021.9,2,5.7,4,21,3,15
2016-04-21 16:00:00,56.2,15.6,3.5,1021.8,2,4.6,4,21,4,16
2016-04-21 17:00:00,67.5,14.9,3.7,1021.6,1,4.1,4,21,5,17
2016-04-21 18:00:00,64.4,14.1,1.9,1021.7,1,4.6,4,21,6,18
2016-04-21 19:00:00,65.5,13.2,2.3,1022.0,1,4.1,4,21,7,19
2016-04-21 20:00:00,59.9,11.9,1.9,1022.6,1,4.6,4,21,1,20
2016-04-21 21:00:00,64.0,10.9,0.2,1023.3,1,3.1,4,21,2,21
2016-04-21 22:00:00,70.0,10.1,0.9,1023.6,1,3.6,4,21,3,22
2016-04-21 23:00:00,63.9,9.6,2.8,1023.6,1,4.1,4,21,4,23
2016-04-22 00:00:00,50.7,9.2,3.2,1023.5,1,4.1,4,22,5,0
2016-04-22 01:00:00,42.6,8.9,2.9,1023.0,1,5.1,4,22,6,1
2016-04-22 02:00:00,41.0,8.7,2.7,1022.6,1,4.1,4,22,7,2
2016-04-22 03:00:00,39.5,8.7,2.0,1022.7,1,4.1,4,22,1,3
2016-04-22 04:00:00,37.8,8.5,1.7,1022.7,1,4.1,4,22,2,4
2016-04-22 05:00:00,38.5,8.3,2.1,1022.4,1,4.1,4,22,3,5
2016-04-22 06:00:00,39.6,8.3,2.5,1022.3,1,4.6,4,22,4,6
2016-04-22 07:00:00,47.0,8.3,2.9,1022.4,1,5.7,4,22,5,7
2016-04-22 08:00:00,57.7,8.6,4.9,1022.6,1,4.6,4,22,6,8
2016-04-22 09:00:00,59.6,9.5,5.4,1022.1,1,4.6,4,22,7,9
2016-04-22 10:00:00,56.5,9.7,5.3,1022.1,2,4.1,4,22,1,10
2016-04-22 11:00:00,58.1,10.4,5.5,1021.8,2,4.6,4,22,2,11
2016-04-22 12:00:00,57.3,11.0,5.9,1021.3,1,4.6,4,22,3,12
2016-04-22 13:00:00,57.0,10.9,6.8,1020.9,1,4.6,4,22,4,13
2016-04-22 14:00:00,56.2,10.9,8.3,1020.4,1,4.1,4,22,5,14
2016-04-22 15:00:00,55.2,10.2,8.1,1020.0,2,4.1,4,22,6,15
2016-04-22 16:00:00,56.7,9.8,8.1,1019.7,2,4.1,4,22,7,16
2016-04-22 17:00:00,57.4,8.8,8.1,1019.7,1,4.1,4,22,1,17
2016-04-22 18:00:00,61.9,8.2,7.3,1019.5,1,4.1,4,22,2,18
2016-04-22 19:00:00,63.3,7.7,7.0,1019.7,1,4.1,4,22,3,19
2016-04-22 20:00:00,63.8,7.2,6.3,1019.9,1,4.1,4,22,4,20
2016-04-22 21:00:00,63.5,6.6,5.7,1020.3,1,4.1,4,22,5,21
2016-04-22 22:00:00,59.8,6.0,4.8,1020.6,1,3.1,4,22,6,22
2016-04-22 23:00:00,55.3,6.0,5.4,1020.7,1,2.1,4,22,7,23
2016-04-23 00:00:00,62.2,5.8,4.6,1020.5,1,3.1,4,23,1,0
2016-04-23 01:00:00,51.6,5.6,4.5,1020.4,0,2.1,4,23,2,1
2016-04-23 02:00:00,45.1,5.2,4.0,1019.9,0,2.6,4,23,3,2
2016-04-23 03:00:00,45.9,4.6,3.4,1019.8,0,3.1,4,23,4,3
2016-04-23 04:00:00,44.3,4.0,3.1,1019.8,0,2.6,4,23,5,4
2016-04-23 05:00:00,44.2,3.8,2.8,1020.0,0,3.1,4,23,6,5
2016-04-23 06:00:00,49.1,4.1,2.8,1020.2,0,3.1,4,23,7,6
2016-04-23 07:00:00,55.4,5.1,3.1,1020.6,0,4.1,4,23,1,7
2016-04-23 08:00:00,61.5,6.4,3.4,1020.7,0,4.1,4,23,2,8
2016-04-23 09:00:00,61.7,6.7,2.7,1020.7,0,5.7,4,23,3,9
2016-04-23 10:00:00,62.7,8.2,1.6,1021.1,0,5.7,4,23,4,10
2016-04-23 11:00:00,65.9,8.3,0.9,1021.0,0,4.6,4,23,5,11
2016-04-23 12:00:00,67.9,9.8,0.0,1020.9,0,5.1,4,23,6,12
2016-04-23 13:00:00,69.8,9.9,-2.0,1021.0,0,5.1,4,23,7,13
2016-04-23 14:00:00,68.0,10.0,-1.8,1021.0,0,4.1,4,23,1,14
2016-04-23 15:00:00,65.2,10.3,0.3,1020.8,1,4.6,4,23,2,15
2016-04-23 16:00:00,68.7,9.8,-1.9,1020.7,0,2.1,4,23,3,16
2016-04-23 17:00:00,77.0,10.0,-1.0,1020.7922215965456,1,3.1,4,23,4,17
2016-04-23 18:00:00,80.8,9.7,-2.1,1020.9,0,2.6,4,23,5,18
2016-04-23 19:00:00,80.5,9.5,-2.5,1020.9,0,3.1,4,23,6,19
2016-04-23 20:00:00,73.0,8.5,-1.9,1021.1,7,1.5,4,23,7,20
2016-04-23 21:00:00,78.3,7.3,-1.5,1021.2,7,1.5,4,23,1,21
2016-04-23 22:00:00,74.5,7.8,-1.1,1021.0,6,2.1,4,23,2,22
2016-04-23 23:00:00,70.9,6.2,-0.1,1021.0,7,1.5,4,23,3,23
2016-04-24 00:00:00,64.4,6.0,0.8,1020.6,7,1.5,4,24,4,0
2016-04-24 01:00:00,58.5,6.3,0.9,1020.4,6,2.1,4,24,5,1
2016-04-24 02:00:00,53.3,6.2,1.5,1020.2,7,2.6,4,24,6,2
2016-04-24 03:00:00,48.5,5.8,2.0,1020.0,7,1.5,4,24,7,3
2016-04-24 04:00:00,44.5,5.8,2.1,1019.4,7,1.5,4,24,1,4
2016-04-24 05:00:00,43.1,5.3,2.6,1019.6,1,3.1,4,24,2,5
2016-04-24 06:00:00,45.4,3.6,2.1,1020.6,0,3.6,4,24,3,6
2016-04-24 07:00:00,52.1,3.3,1.8,1020.9,0,3.6,4,24,4,7
2016-04-24 08:00:00,61.3,4.6,2.0,1021.0,0,2.6,4,24,5,8
2016-04-24 09:00:00,63.0,7.0,0.7,1021.0,0,4.1,4,24,6,9
2016-04-24 10:00:00,64.0,8.2,-0.7,1020.9,0,5.1,4,24,7,10
2016-04-24 11:00:00,66.8,8.6,-1.8,1020.9,0,5.7,4,24,1,11
2016-04-24 12:00:00,78.1,8.8,-2.4,1020.7,0,4.1,4,24,2,12
2016-04-24 13:00:00,81.1,9.8,-1.8,1020.4,7,4.1,4,24,3,13
2016-04-24 14:00:00,71.1,9.8,-1.9,1020.3,0,4.1,4,24,4,14
2016-04-24 15:00:00,66.9,9.5,-2.2,1020.3,0,4.1,4,24,5,15
2016-04-24 16:00:00,74.3,9.3,-0.2,1020.0,0,3.1,4,24,6,16
2016-04-24 17:00:00,77.3,9.5,1.1,1019.7,7,3.1,4,24,7,17
2016-04-24 18:00:00,93.6,9.0,2.8,1019.8,7,2.1,4,24,1,18
2016-04-24 19:00:00,93.8,8.5,3.5,1019.4,7,3.1,4,24,2,19
2016-04-24 20:00:00,89.9,8.1,4.5,1019.7,6,3.1,4,24,3,20
2016-04-24 21:00:00,89.2,7.7,5.0,1019.4,6,2.1,4,24,4,21
2016-04-24 22:00:00,80.6,7.5,5.0,1018.8,6,2.6,4,24,5,22
2016-04-24 23:00:00,78.0,6.8,4.6,1018.5,6,2.1,4,24,6,23
2016-04-25 00:00:00,68.0,6.4,4.6,1018.0,6,2.6,4,25,7,0
2016-04-25 01:00:00,60.2,5.7,4.3,1017.1,6,3.1,4,25,1,1
2016-04-25 02:00:00,54.2,5.8,4.1,1016.4,6,3.1,4,25,2,2
2016-04-25 03:00:00,51.7,5.7,4.0,1015.8,6,3.6,4,25,3,3
2016-04-25 04:00:00,48.5,5.9,3.6,1014.8,6,3.1,4,25,4,4
2016-04-25 05:00:00,52.0,6.4,3.3,1013.9,6,4.1,4,25,5,5
2016-04-25 06:00:00,53.2,6.8,4.2,1013.0,6,5.1,4,25,6,6
2016-04-25 07:00:00,62.4,7.2,5.2,1012.3,6,4.6,4,25,7,7
2016-04-25 08:00:00,71.9,8.4,6.0,1011.4,6,5.7,4,25,1,8
2016-04-25 09:00:00,76.4,9.8,4.9,1010.7,6,5.7,4,25,2,9
2016-04-25 10:00:00,69.6,10.3,4.5,1010.0,7,5.7,4,25,3,10
2016-04-25 11:00:00,68.3,10.7,3.7,1009.3,6,6.7,4,25,4,11
2016-04-25 12:00:00,70.5,11.1,3.7,1008.6,6,5.1,4,25,5,12
2016-04-25 13:00:00,67.2,10.4,5.3,1008.1,6,4.6,4,25,6,13
2016-04-25 14:00:00,68.1,11.0,4.8,1007.6,6,5.1,4,25,7,14
2016-04-25 15:00:00,70.3,9.1,5.6,1007.3,7,5.7,4,25,1,15
2016-04-25 16:00:00,77.9,11.4,6.0,1006.4,6,6.2,4,25,2,16
2016-04-25 17:00:00,85.1,11.8,2.2,1006.1,7,5.7,4,25,3,17
2016-04-25 18:00:00,93.5,7.4,3.8,1007.3,1,5.1,4,25,4,18
2016-04-25 19:00:00,89.7,6.2,3.0,1008.3,0,4.6,4,25,5,19
2016-04-25 20:00:00,84.9,4.4,2.9,1008.9,1,3.1,4,25,6,20
2016-04-25 21:00:00,87.7,3.9,2.3,1009.0,0,1.5,4,25,7,21
2016-04-25 22:00:00,82.0,4.1,2.7,1009.0,7,1.5,4,25,1,22
2016-04-25 23:00:00,79.8,4.2,2.9,1008.6,6,3.6,4,25,2,23
2016-04-26 00:00:00,73.0,3.9,1.9,1008.5,6,3.6,4,26,3,0
2016-04-26 01:00:00,61.0,4.3,1.6,1008.2,6,4.6,4,26,4,1
2016-04-26 02:00:00,53.2,3.7,1.4,1007.8,6,4.1,4,26,5,2
2016-04-26 03:00:00,52.5,3.0,0.9,1007.9,6,3.6,4,26,6,3
2016-04-26 04:00:00,51.5,2.7,-0.6,1007.7,6,3.1,4,26,7,4
2016-04-26 05:00:00,50.5,2.8,-1.4,1007.6,6,3.6,4,26,1,5
2016-04-26 06:00:00,55.2,3.1,-1.4,1007.6,6,4.1,4,26,2,6
2016-04-26 07:00:00,64.0,4.5,-1.9,1008.0,7,4.6,4,26,3,7
2016-04-26 08:00:00,71.1,5.8,-1.3,1008.2,7,4.6,4,26,4,8
2016-04-26 09:00:00,75.3,6.7,-1.0,1008.2,7,5.1,4,26,5,9
2016-04-26 10:00:00,74.6,7.0,-2.1,1007.9,7,5.7,4,26,6,10
2016-04-26 11:00:00,82.6,8.7,-1.3,1008.0,7,6.2,4,26,7,11
2016-04-26 12:00:00,86.2,8.4,-2.6,1007.9,7,5.7,4,26,1,12
2016-04-26 13:00:00,84.4,10.3,-2.2,1007.6,7,5.7,4,26,2,13
2016-04-26 14:00:00,79.4,10.2,-3.0,1007.5,7,4.1,4,26,3,14
2016-04-26 15:00:00,73.2,8.4,1.1,1007.6,0,3.6,4,26,4,15
2016-04-26 16:00:00,79.9,7.8,-3.0,1007.9,7,6.2,4,26,5,16
2016-04-26 17:00:00,90.5,8.9,-3.2,1008.2,7,6.7,4,26,6,17
2016-04-26 18:00:00,93.3,7.2,-0.5,1009.1,0,5.7,4,26,7,18
2016-04-26 19:00:00,90.0,5.5,-0.2,1009.4,7,4.6,4,26,1,19
2016-04-26 20:00:00,94.4,4.7,0.7,1009.9,7,3.6,4,26,2,20
2016-04-26 21:00:00,95.4,4.1,0.0,1009.9,7,4.1,4,26,3,21
2016-04-26 22:00:00,91.9,3.5,0.8,1010.4,7,4.1,4,26,4,22
2016-04-26 23:00:00,81.2,3.4,0.8,1010.4,7,4.1,4,26,5,23
2016-04-27 00:00:00,68.3,3.1,0.7,1010.6,7,4.1,4,27,6,0
2016-04-27 01:00:00,54.3,2.8,0.7,1010.8,7,3.6,4,27,7,1
2016-04-27 02:00:00,51.4,2.2,0.4,1011.0,7,3.1,4,27,1,2
2016-04-27 03:00:00,48.2,2.2,0.5,1011.4,6,3.1,4,27,2,3
2016-04-27 04:00:00,43.3,1.9,0.3,1011.6,6,2.6,4,27,3,4
2016-04-27 05:00:00,45.1,1.9,0.4,1011.8,6,3.6,4,27,4,5
2016-04-27 06:00:00,50.4,2.3,0.4,1012.1,6,3.6,4,27,5,6
2016-04-27 07:00:00,63.2,3.9,0.8,1012.4,7,3.6,4,27,6,7
2016-04-27 08:00:00,70.0,5.7,0.7,1012.4,7,3.1,4,27,7,8
2016-04-27 09:00:00,73.8,7.5,0.5,1012.3,7,2.6,4,27,1,9
2016-04-27 10:00:00,71.7,8.4,-1.9,1012.3,0,3.1,4,27,2,10
2016-04-27 11:00:00,75.1,8.9,-2.5,1012.4,0,3.1,4,27,3,11
2016-04-27 12:00:00,73.4,9.4,-3.1,1012.3,0,1.5,4,27,4,12
2016-04-27 13:00:00,71.3,10.6,-4.4,1012.3,0,2.6,4,27,5,13
2016-04-27 14:00:00,69.4,9.1,-3.0,1012.4,4,2.1,4,27,6,14
2016-04-27 15:00:00,70.0,10.4,-3.0,1012.2,7,2.6,4,27,7,15
2016-04-27 16:00:00,76.3,10.9,-5.8,1011.8,5,1.0,4,27,1,16
2016-04-27 17:00:00,81.9,7.6,1.9,1012.3,7,6.7,4,27,2,17
2016-04-27 18:00:00,91.5,9.3,-1.1,1012.3,7,2.1,4,27,3,18
2016-04-27 19:00:00,91.9,8.2,-0.6,1012.7,7,2.6,4,27,4,19
2016-04-27 20:00:00,91.1,6.7,-0.1,1013.5,7,5.1,4,27,5,20
2016-04-27 21:00:00,87.7,5.9,1.0,1013.9,7,3.6,4,27,6,21
2016-04-27 22:00:00,90.1,5.2,2.0,1014.1,0,3.1,4,27,7,22
2016-04-27 23:00:00,79.6,4.5,1.6,1014.2,0,1.5,4,27,1,23
2016-04-28 00:00:00,66.7,3.6,1.8,1014.5,7,2.1,4,28,2,0
2016-04-28 01:00:00,56.3,2.8,1.7,1014.5,7,1.0,4,28,3,1
2016-04-28 02:00:00,51.4,2.0,1.3,1014.6,7,1.0,4,28,4,2
2016-04-28 03:00:00,48.0,1.8,1.1,1014.7,6,1.5,4,28,5,3
2016-04-28 04:00:00,49.2,0.9,0.4,1014.7,6,2.1,4,28,6,4
2016-04-28 05:00:00,48.5,0.1,-0.3,1014.9,6,2.6,4,28,7,5
2016-04-28 06:00:00,54.6,1.7,1.0,1015.0,6,2.1,4,28,1,6
2016-04-28 07:00:00,65.3,3.5,1.6,1015.3,6,3.1,4,28,2,7
2016-04-28 08:00:00,67.3,5.5,1.7,1015.3,5,2.6,4,28,3,8
2016-04-28 09:00:00,66.2,7.5,-1.5,1015.2,6,3.6,4,28,4,9
2016-04-28 10:00:00,71.7,8.5,-4.6,1015.0,6,4.6,4,28,5,10
2016-04-28 11:00:00,76.1,9.9,-2.9,1014.5,6,5.1,4,28,6,11
2016-04-28 12:00:00,71.0,10.3,-2.4,1014.0,6,6.7,4,28,7,12
2016-04-28 13:00:00,62.3,11.5,-2.3,1013.4,5,5.7,4,28,1,13
2016-04-28 14:00:00,64.0,11.8,-1.5,1012.7,5,7.2,4,28,2,14
2016-04-28 15:00:00,69.8,10.5,0.7,1012.3,5,8.2,4,28,3,15
2016-04-28 16:00:00,73.2,10.3,1.6,1011.8,5,7.7,4,28,4,16
2016-04-28 17:00:00,82.3,11.0,3.0,1011.3,5,8.2,4,28,5,17
2016-04-28 18:00:00,97.0,10.1,2.5,1010.9,5,8.8,4,28,6,18
2016-04-28 19:00:00,100.9,9.6,3.0,1010.2,5,8.2,4,28,7,19
2016-04-28 20:00:00,93.8,9.2,4.3,1010.0,5,8.2,4,28,1,20
2016-04-28 21:00:00,87.7,8.3,6.3,1009.6,5,7.2,4,28,2,21
2016-04-28 22:00:00,83.4,8.5,6.1,1009.1,5,6.7,4,28,3,22
2016-04-28 23:00:00,80.1,7.4,6.0,1009.1,5,8.2,4,28,4,23
2016-04-29 00:00:00,69.7,7.2,5.7,1009.0,6,5.7,4,29,5,0
2016-04-29 01:00:00,58.9,6.4,4.4,1009.0,5,5.7,4,29,6,1
2016-04-29 02:00:00,52.2,6.2,4.3,1009.0,6,6.2,4,29,7,2
2016-04-29 03:00:00,49.5,5.6,2.4,1009.2,6,6.2,4,29,1,3
2016-04-29 04:00:00,45.2,5.0,1.7,1009.2,5,5.7,4,29,2,4
2016-04-29 05:00:00,48.7,4.9,0.8,1009.4,5,5.7,4,29,3,5
2016-04-29 06:00:00,50.8,5.5,0.1,1009.6,5,6.2,4,29,4,6
2016-04-29 07:00:00,56.3,6.1,1.1,1009.8,5,6.2,4,29,5,7
2016-04-29 08:00:00,65.9,6.8,1.8,1010.0,5,8.8,4,29,6,8
2016-04-29 09:00:00,71.0,8.6,1.6,1009.9,6,7.7,4,29,7,9
2016-04-29 10:00:00,74.7,9.6,0.4,1009.9,6,8.2,4,29,1,10
2016-04-29 11:00:00,73.2,8.8,5.0,1009.8,6,7.7,4,29,2,11
2016-04-29 12:00:00,84.5,9.5,1.2,1010.1,5,8.7,4,29,3,12
2016-04-29 13:00:00,82.9,9.3,3.3,1010.2,6,5.7,4,29,4,13
2016-04-29 14:00:00,74.2,11.2,-0.1,1010.2,5,8.8,4,29,5,14
2016-04-29 15:00:00,74.4,9.4,1.4,1011.1,7,5.1,4,29,6,15
2016-04-29 16:00:00,82.2,9.9,0.7,1011.1,6,7.2,4,29,7,16
2016-04-29 17:00:00,77.8,10.0,0.3,1011.5,6,6.7,4,29,1,17
2016-04-29 18:00:00,90.1,9.4,2.1,1012.0,6,6.7,4,29,2,18
2016-04-29 19:00:00,93.2,9.1,1.2,1012.6,6,4.1,4,29,3,19
2016-04-29 20:00:00,87.1,8.5,1.5,1013.8,7,2.6,4,29,4,20
2016-04-29 21:00:00,79.4,7.1,0.7,1014.6,7,1.5,4,29,5,21
2016-04-29 22:00:00,82.5,6.2,0.8,1015.0,7,2.6,4,29,6,22
2016-04-29 23:00:00,81.5,5.1,1.1,1015.7,7,1.5,4,29,7,23
2016-04-30 00:00:00,65.2,4.6,1.1,1016.2,7,2.6,4,30,1,0
2016-04-30 01:00:00,63.5,3.9,1.1,1016.7,7,2.1,4,30,2,1
2016-04-30 02:00:00,53.8,3.7,1.3,1017.2,6,2.1,4,30,3,2
2016-04-30 03:00:00,48.4,2.3,0.5,1017.8,6,1.0,4,30,4,3
2016-04-30 04:00:00,46.5,1.8,0.4,1018.4,6,2.1,4,30,5,4
2016-04-30 05:00:00,42.6,2.0,0.8,1018.8,6,2.1,4,30,6,5
2016-04-30 06:00:00,45.5,2.9,0.9,1019.6,6,2.1,4,30,7,6
2016-04-30 07:00:00,45.7,5.1,2.1,1020.2,0,0.0,4,30,1,7
2016-04-30 08:00:00,59.6,8.2,3.2,1020.8,7,3.1,4,30,2,8
2016-04-30 09:00:00,61.4,9.5,1.7,1020.9,7,3.6,4,30,3,9
2016-04-30 10:00:00,65.5,10.5,-1.4,1021.1,7,3.1,4,30,4,10
2016-04-30 11:00:00,71.9,11.2,-1.8,1021.3,7,4.1,4,30,5,11
2016-04-30 12:00:00,75.1,11.7,-0.9,1021.4,6,3.6,4,30,6,12
2016-04-30 13:00:00,69.4,9.5,0.9,1022.0,5,5.1,4,30,7,13
2016-04-30 14:00:00,64.6,13.2,0.4,1021.8,6,2.6,4,30,1,14
2016-04-30 15:00:00,69.5,13.6,-4.8,1021.9,7,4.1,4,30,2,15
2016-04-30 16:00:00,69.5,11.3,0.6,1023.2,0,4.1,4,30,3,16
2016-04-30 17:00:00,79.2,11.3,0.8,1023.7,7,3.6,4,30,4,17
2016-04-30 18:00:00,78.8,11.2,-0.1,1024.2,7,2.6,4,30,5,18
2016-04-30 19:00:00,87.4,10.3,0.1,1024.8,7,3.1,4,30,6,19
2016-04-30 20:00:00,80.7,8.9,0.5,1025.8,7,1.5,4,30,7,20
2016-04-30 21:00:00,78.2,8.4,2.3,1026.6,7,2.1,4,30,1,21
2016-04-30 22:00:00,76.9,5.5,1.9,1027.0,6,1.5,4,30,2,22
2016-04-30 23:00:00,69.2,5.4,2.8,1027.2,6,1.5,4,30,3,23
2016-05-01 00:00:00,57.9,5.0,3.0,1027.4,0,1.0,5,1,4,0
2016-05-01 01:00:00,52.8,3.6,2.1,1027.7,3,1.0,5,1,5,1
2016-05-01 02:00:00,50.4,3.5,2.6,1027.8,5,1.5,5,1,6,2
2016-05-01 03:00:00,46.7,3.1,2.1,1027.8,5,1.5,5,1,7,3
2016-05-01 04:00:00,43.4,2.7,2.0,1028.1,6,1.5,5,1,1,4
2016-05-01 05:00:00,45.2,2.0,1.4,1028.4,5,1.5,5,1,2,5
2016-05-01 06:00:00,45.0,4.3,3.0,1028.7,5,1.5,5,1,3,6
2016-05-01 07:00:00,44.6,6.6,4.2,1029.0,5,2.1,5,1,4,7
2016-05-01 08:00:00,53.2,8.6,3.9,1028.9,5,2.1,5,1,5,8
2016-05-01 09:00:00,63.4,10.5,4.0,1028.9,5,3.1,5,1,6,9
2016-05-01 10:00:00,66.1,12.7,-0.5,1028.6,5,4.6,5,1,7,10
2016-05-01 11:00:00,61.7,13.7,-0.2,1028.1,5,5.1,5,1,1,11
2016-05-01 12:00:00,70.0,14.5,-0.7,1027.7,5,5.7,5,1,2,12
2016-05-01 13:00:00,70.8,15.6,2.2,1027.0,5,5.7,5,1,3,13
2016-05-01 14:00:00,63.9,15.9,1.9,1026.9,5,6.2,5,1,4,14
2016-05-01 15:00:00,69.3,15.8,3.5,1026.7,5,6.2,5,1,5,15
2016-05-01 16:00:00,72.3,15.1,4.5,1026.5,5,7.2,5,1,6,16
2016-05-01 17:00:00,75.1,14.1,4.5,1026.8,5,6.7,5,1,7,17
2016-05-01 18:00:00,78.2,13.2,5.7,1026.7,5,6.2,5,1,1,18
2016-05-01 19:00:00,77.2,12.2,5.3,1026.7,4,5.7,5,1,2,19
2016-05-01 20:00:00,78.9,11.5,6.4,1026.7,4,4.6,5,1,3,20
2016-05-01 21:00:00,76.1,11.1,7.2,1026.5,4,5.1,5,1,4,21
2016-05-01 22:00:00,74.9,10.8,7.8,1026.3,5,5.7,5,1,5,22
2016-05-01 23:00:00,67.0,10.3,8.9,1025.8,5,5.1,5,1,6,23
2016-05-02 00:00:00,62.4,10.4,9.2,1025.4,4,5.1,5,2,7,0
2016-05-02 01:00:00,55.4,10.0,8.0,1024.8413484965358,4,4.6,5,2,1,1
2016-05-02 02:00:00,46.5,10.1,9.5,1024.2,4,4.6,5,2,2,2
2016-05-02 03:00:00,44.9,10.0,9.6,1023.6,4,4.6,5,2,3,3
2016-05-02 04:00:00,43.1,10.3,10.1,1023.0,4,3.6,5,2,4,4
2016-05-02 05:00:00,42.5,10.6,10.6,1022.5,4,3.1,5,2,5,5
2016-05-02 06:00:00,47.6,11.4,10.9,1022.1,4,4.1,5,2,6,6
2016-05-02 07:00:00,58.2,12.1,11.0,1021.6,5,5.1,5,2,7,7
2016-05-02 08:00:00,59.3,12.5,10.7,1021.5,4,5.1,5,2,1,8
2016-05-02 09:00:00,63.9,12.7,10.8,1021.2,4,5.1,5,2,2,9
2016-05-02 10:00:00,65.3,13.7,10.6,1020.9,5,6.2,5,2,3,10
2016-05-02 11:00:00,68.3,14.5,9.9,1020.6,5,7.2,5,2,4,11
2016-05-02 12:00:00,70.9,14.9,9.7,1019.7,5,7.2,5,2,5,12
2016-05-02 13:00:00,72.0,17.0,9.8,1018.9,4,8.2,5,2,6,13
2016-05-02 14:00:00,64.8,15.9,9.5,1018.8,5,9.3,5,2,7,14
2016-05-02 15:00:00,65.1,15.4,9.6,1017.8,5,7.7,5,2,1,15
2016-05-02 16:00:00,68.1,14.0,10.8,1017.4,5,8.2,5,2,2,16
2016-05-02 17:00:00,83.0,12.7,11.8,1017.4,5,8.2,5,2,3,17
2016-05-02 18:00:00,85.7,11.4,9.3,1017.7,6,7.7,5,2,4,18
2016-05-02 19:00:00,81.8,11.3,7.5,1018.2,6,6.7,5,2,5,19
2016-05-02 20:00:00,77.9,10.6,6.2,1018.9,6,6.7,5,2,6,20
2016-05-02 21:00:00,80.2,10.3,6.1,1019.7,6,7.2,5,2,7,21
2016-05-02 22:00:00,76.0,9.6,6.0,1020.9,6,5.1,5,2,1,22
2016-05-02 23:00:00,72.5,9.0,5.9,1021.5,6,3.6,5,2,2,23
2016-05-03 00:00:00,59.0,6.7,5.2,1022.0,6,3.6,5,3,3,0
2016-05-03 01:00:00,51.8,6.2,5.0,1022.2,6,3.6,5,3,4,1
2016-05-03 02:00:00,42.9,6.1,5.1,1022.6,6,3.6,5,3,5,2
2016-05-03 03:00:00,43.4,5.8,4.4,1023.2,6,2.6,5,3,6,3
2016-05-03 04:00:00,38.0,4.3,3.1,1023.7,6,3.6,5,3,7,4
2016-05-03 05:00:00,37.6,4.6,3.3,1024.2,6,3.1,5,3,1,5
2016-05-03 06:00:00,47.7,6.4,3.9,1024.8,6,2.1,5,3,2,6
2016-05-03 07:00:00,55.5,8.6,3.8,1025.2,6,3.6,5,3,3,7
2016-05-03 08:00:00,63.5,9.8,3.7,1025.8,6,3.1,5,3,4,8
2016-05-03 09:00:00,62.3,11.2,2.6,1026.0,6,4.6,5,3,5,9
2016-05-03 10:00:00,60.1,12.2,1.5,1026.3,6,4.6,5,3,6,10
2016-05-03 11:00:00,63.6,12.9,2.3,1026.2,6,4.6,5,3,7,11
2016-05-03 12:00:00,69.4,14.1,0.5,1026.2,6,5.7,5,3,1,12
2016-05-03 13:00:00,68.6,14.7,0.2,1026.4,6,5.7,5,3,2,13
2016-05-03 14:00:00,58.4,14.8,0.9,1026.3,6,4.1,5,3,3,14
2016-05-03 15:00:00,59.9,14.5,1.7,1026.3,6,4.1,5,3,4,15
2016-05-03 16:00:00,63.3,14.5,2.2,1026.4,6,4.6,5,3,5,16
2016-05-03 17:00:00,75.5,14.1,2.8,1026.6,6,3.6,5,3,6,17
2016-05-03 18:00:00,77.2,13.7,3.1,1026.5,6,3.1,5,3,7,18
2016-05-03 19:00:00,82.3,13.1,3.3,1026.7,6,3.1,5,3,1,19
2016-05-03 20:00:00,78.2,12.3,3.7,1027.1,6,3.6,5,3,2,20
2016-05-03 21:00:00,77.4,12.1,3.8,1027.5,6,3.1,5,3,3,21
2016-05-03 22:00:00,73.8,11.4,4.2,1027.7,6,2.6,5,3,4,22
2016-05-03 23:00:00,64.1,9.0,3.9,1028.2,6,2.1,5,3,5,23
2016-05-04 00:00:00,61.4,8.5,4.1,1028.2,6,2.1,5,4,6,0
2016-05-04 01:00:00,49.2,7.9,4.0,1027.9,6,1.0,5,4,7,1
2016-05-04 02:00:00,43.6,6.7,3.0,1027.9,5,1.0,5,4,1,2
2016-05-04 03:00:00,42.1,5.8,3.8,1028.1,3,0.5,5,4,2,3
2016-05-04 04:00:00,40.0,5.7,3.9,1027.9,1,0.5,5,4,3,4
2016-05-04 05:00:00,39.6,4.6,3.1,1028.0,4,1.5,5,4,4,5
2016-05-04 06:00:00,50.7,7.2,4.1,1027.9,5,2.1,5,4,5,6
2016-05-04 07:00:00,55.8,9.4,4.5,1027.7,4,1.0,5,4,6,7
2016-05-04 08:00:00,59.6,12.1,5.3,1027.7,3,2.1,5,4,7,8
2016-05-04 09:00:00,60.6,13.9,4.2,1027.5,4,3.6,5,4,1,9
2016-05-04 10:00:00,58.9,15.4,4.4,1027.2,4,5.7,5,4,2,10
2016-05-04 11:00:00,65.9,15.4,3.8,1027.0,4,4.6,5,4,3,11
2016-05-04 12:00:00,60.4,17.0,5.0,1026.7560398260198,5,5.1,5,4,4,12
2016-05-04 13:00:00,63.5,16.4,4.3,1026.4,4,5.1,5,4,5,13
2016-05-04 14:00:00,58.8,16.8,4.6,1025.9,4,4.6,5,4,6,14
2016-05-04 15:00:00,56.4,16.7,3.5,1025.3,4,4.6,5,4,7,15
2016-05-04 16:00:00,63.0,16.6,3.6,1024.7,5,4.1,5,4,1,16
2016-05-04 17:00:00,72.5,16.5,2.8,1024.4,4,4.6,5,4,2,17
2016-05-04 18:00:00,75.4,15.4,0.3,1024.0,4,4.1,5,4,3,18
2016-05-04 19:00:00,77.3,14.3,0.5,1024.0,4,4.1,5,4,4,19
2016-05-04 20:00:00,73.0,13.1,0.7,1024.1,4,3.6,5,4,5,20
2016-05-04 21:00:00,73.1,12.1,0.1,1024.3,4,3.1,5,4,6,21
2016-05-04 22:00:00,72.1,11.1,-1.1,1024.2,4,3.1,5,4,7,22
2016-05-04 23:00:00,71.1,7.8,0.1,1024.1,3,2.1,5,4,1,23
2016-05-05 00:00:00,59.8,7.5,-0.1,1023.8,3,1.0,5,5,2,0
2016-05-05 01:00:00,51.2,8.0,-1.4,1023.4,3,0.5,5,5,3,1
2016-05-05 02:00:00,42.8,7.8,-0.2,1022.9,1,0.5,5,5,4,2
2016-05-05 03:00:00,39.4,7.0,0.7,1022.6,1,0.5,5,5,5,3
2016-05-05 04:00:00,38.1,6.7,0.8,1022.4,1,1.0,5,5,6,4
2016-05-05 05:00:00,40.0,6.7,1.7,1022.2,1,1.0,5,5,7,5
2016-05-05 06:00:00,40.4,9.6,3.4,1022.1,1,1.0,5,5,1,6
2016-05-05 07:00:00,47.9,11.6,4.7,1022.1,3,2.1,5,5,2,7
2016-05-05 08:00:00,56.0,14.1,5.7,1021.9,3,2.6,5,5,3,8
2016-05-05 09:00:00,60.9,16.8,5.3,1021.6,4,4.1,5,5,4,9
2016-05-05 10:00:00,59.1,16.7,4.1,1021.4,4,5.1,5,5,5,10
2016-05-05 11:00:00,60.0,18.3,4.0,1020.7,3,4.6,5,5,6,11
2016-05-05 12:00:00,61.5,18.8,3.3,1020.0,3,5.1,5,5,7,12
2016-05-05 13:00:00,56.3,19.7,2.6,1019.3,3,4.6,5,5,1,13
2016-05-05 14:00:00,54.0,20.6,3.2,1018.6,3,4.1,5,5,2,14
2016-05-05 15:00:00,55.4,19.7,2.9,1017.9,3,5.1,5,5,3,15
2016-05-05 16:00:00,60.1,19.9,1.6,1017.2,2,4.1,5,5,4,16
2016-05-05 17:00:00,70.8,19.0,0.6,1016.9,3,5.1,5,5,5,17
2016-05-05 18:00:00,76.3,18.0,1.0,1016.8,3,5.7,5,5,6,18
2016-05-05 19:00:00,75.3,15.8,4.5,1016.9,2,5.1,5,5,7,19
2016-05-05 20:00:00,72.2,14.9,2.3,1017.0,2,4.1,5,5,1,20
2016-05-05 21:00:00,70.4,12.4,2.3,1017.0,2,4.6,5,5,2,21
2016-05-05 22:00:00,67.7,13.2,3.0,1016.2,2,3.6,5,5,3,22
2016-05-05 23:00:00,63.2,12.1,3.6,1016.3,2,2.6,5,5,4,23
2016-05-06 00:00:00,56.6,11.5,4.2,1015.9,1,2.1,5,6,5,0
2016-05-06 01:00:00,50.7,10.6,4.7,1015.4,1,1.5,5,6,6,1
2016-05-06 02:00:00,44.5,9.7,4.8,1014.5,1,2.1,5,6,7,2
2016-05-06 03:00:00,40.5,9.2,5.2,1014.0,1,1.0,5,6,1,3
2016-05-06 04:00:00,36.7,8.6,5.3,1013.6,0,1.0,5,6,2,4
2016-05-06 05:00:00,40.4,8.3,5.1,1013.1,1,2.1,5,6,3,5
2016-05-06 06:00:00,44.4,9.3,5.6,1013.1,1,1.5,5,6,4,6
2016-05-06 07:00:00,48.4,12.0,6.8,1012.5,1,2.1,5,6,5,7
2016-05-06 08:00:00,57.1,14.9,8.1,1012.1,2,2.1,5,6,6,8
2016-05-06 09:00:00,58.1,16.6,7.8,1011.6,2,2.1,5,6,7,9
2016-05-06 10:00:00,57.2,18.6,7.6,1011.0,2,3.6,5,6,1,10
2016-05-06 11:00:00,59.4,20.7,9.0,1010.4,2,4.1,5,6,2,11
2016-05-06 12:00:00,56.4,22.0,7.4,1009.7,2,3.6,5,6,3,12
2016-05-06 13:00:00,55.6,21.6,5.6,1009.2,3,4.6,5,6,4,13
2016-05-06 14:00:00,48.7,22.5,6.4,1008.8,2,3.6,5,6,5,14
2016-05-06 15:00:00,53.6,21.7,6.4,1008.4,4,4.6,5,6,6,15
2016-05-06 16:00:00,58.0,22.5,7.3,1008.0,3,2.1,5,6,7,16
2016-05-06 17:00:00,64.6,21.6,7.9,1007.8,2,4.1,5,6,1,17
2016-05-06 18:00:00,64.9,20.3,8.0,1007.7,2,3.6,5,6,2,18
2016-05-06 19:00:00,68.0,19.6,5.4,1007.9,4,3.6,5,6,3,19
2016-05-06 20:00:00,66.5,17.2,8.0,1008.2,2,2.6,5,6,4,20
2016-05-06 21:00:00,69.1,16.7,9.8,1008.4,2,3.1,5,6,5,21
2016-05-06 22:00:00,67.0,16.3,10.1,1008.2,1,2.1,5,6,6,22
2016-05-06 23:00:00,58.9,15.4,10.1,1008.0,2,2.1,5,6,7,23
2016-05-07 00:00:00,50.7,14.9,9.9,1007.8,1,1.5,5,7,1,0
2016-05-07 01:00:00,48.5,14.2,9.7,1007.6,2,1.5,5,7,2,1
2016-05-07 02:00:00,41.2,14.1,9.9,1007.3,1,2.6,5,7,3,2
2016-05-07 03:00:00,38.6,13.6,10.0,1007.0,1,1.5,5,7,4,3
2016-05-07 04:00:00,37.4,13.2,10.0,1006.8,1,1.0,5,7,5,4
2016-05-07 05:00:00,34.5,12.8,9.9,1006.9,1,1.5,5,7,6,5
2016-05-07 06:00:00,34.6,13.3,10.1,1007.0,1,1.5,5,7,7,6
2016-05-07 07:00:00,41.2,15.3,11.3,1007.0,1,2.1,5,7,1,7
2016-05-07 08:00:00,49.2,17.2,10.7,1007.0,2,2.1,5,7,2,8
2016-05-07 09:00:00,54.6,19.6,11.9,1007.0,3,2.1,5,7,3,9
2016-05-07 10:00:00,52.7,21.1,12.3,1006.8,2,2.1,5,7,4,10
2016-05-07 11:00:00,55.8,22.2,12.9,1006.5,4,3.1,5,7,5,11
2016-05-07 12:00:00,60.9,22.5,12.2,1006.3,3,3.6,5,7,6,12
2016-05-07 13:00:00,59.1,22.5,12.7,1006.1,3,5.7,5,7,7,13
2016-05-07 14:00:00,52.7,22.2,11.3,1005.9,3,5.7,5,7,1,14
2016-05-07 15:00:00,51.1,22.2,11.2,1005.5,3,6.7,5,7,2,15
2016-05-07 16:00:00,59.9,21.8,10.9,1005.4,3,6.7,5,7,3,16
2016-05-07 17:00:00,61.4,20.9,7.1,1005.8,4,7.7,5,7,4,17
2016-05-07 18:00:00,65.1,20.0,8.8,1006.1,4,5.1,5,7,5,18
2016-05-07 19:00:00,65.0,19.8,8.6,1006.3,3,5.7,5,7,6,19
2016-05-07 20:00:00,68.6,17.7,8.8,1006.7,3,4.1,5,7,7,20
2016-05-07 21:00:00,67.7,16.9,9.0,1007.2,3,3.6,5,7,1,21
2016-05-07 22:00:00,62.9,16.7,9.4,1007.1,2,3.6,5,7,2,22
2016-05-07 23:00:00,55.9,15.5,9.3,1007.1,3,3.6,5,7,3,23
2016-05-08 00:00:00,51.0,15.0,8.0,1007.3214333777862,2,3.1,5,8,4,0
2016-05-08 01:00:00,42.5,15.2,9.1,1007.5,0,1.0,5,8,5,1
2016-05-08 02:00:00,39.2,14.3,8.8,1007.4,1,1.5,5,8,6,2
2016-05-08 03:00:00,41.3,14.4,9.1,1007.2,1,2.6,5,8,7,3
2016-05-08 04:00:00,36.2,13.6,9.2,1007.1,1,1.5,5,8,1,4
2016-05-08 05:00:00,34.5,13.4,9.2,1007.2,1,2.1,5,8,2,5
2016-05-08 06:00:00,36.8,15.2,9.7,1007.3,1,2.1,5,8,3,6
2016-05-08 07:00:00,38.7,17.8,10.6,1007.4,2,2.6,5,8,4,7
2016-05-08 08:00:00,47.2,19.0,10.9,1007.6,2,3.1,5,8,5,8
2016-05-08 09:00:00,54.6,22.0,11.7,1007.2,2,3.1,5,8,6,9
2016-05-08 10:00:00,52.9,24.6,8.9,1006.9,2,6.2,5,8,7,10
2016-05-08 11:00:00,53.0,24.7,9.0,1006.7,2,7.7,5,8,1,11
2016-05-08 12:00:00,55.3,25.4,8.6,1006.6,3,8.8,5,8,2,12
2016-05-08 13:00:00,57.0,26.2,9.0,1006.5,3,6.7,5,8,3,13
2016-05-08 14:00:00,55.8,25.9,9.3,1006.4,3,5.1,5,8,4,14
2016-05-08 15:00:00,55.5,26.5,8.0,1006.3,3,6.2,5,8,5,15
2016-05-08 16:00:00,57.7,26.0,7.0,1006.3,3,6.7,5,8,6,16
2016-05-08 17:00:00,63.3,25.0,5.0,1006.369854203513,3,6.7,5,8,7,17
2016-05-08 18:00:00,64.9,24.1,6.3,1006.5,2,6.7,5,8,1,18
2016-05-08 19:00:00,66.5,23.0,9.1,1006.7,2,5.7,5,8,2,19
2016-05-08 20:00:00,65.7,21.2,10.0,1007.0,2,3.6,5,8,3,20
2016-05-08 21:00:00,65.5,20.8,9.8,1007.2,2,4.1,5,8,4,21
2016-05-08 22:00:00,62.8,19.7,9.7,1007.3,2,3.6,5,8,5,22
2016-05-08 23:00:00,60.5,18.9,9.3,1007.3,2,3.6,5,8,6,23
2016-05-09 00:00:00,50.9,18.3,9.1,1006.9,1,3.6,5,9,7,0
2016-05-09 01:00:00,47.3,17.5,8.5,1006.9,1,4.1,5,9,1,1
2016-05-09 02:00:00,43.3,16.9,8.5,1007.1,2,3.6,5,9,2,2
2016-05-09 03:00:00,40.6,15.8,8.5,1007.4,2,2.1,5,9,3,3
2016-05-09 04:00:00,36.3,14.7,8.8,1007.6,2,3.1,5,9,4,4
2016-05-09 05:00:00,35.8,15.2,9.6,1007.9,2,2.1,5,9,5,5
2016-05-09 06:00:00,40.5,16.6,9.9,1008.0,1,2.1,5,9,6,6
2016-05-09 07:00:00,49.5,16.9,10.4,1008.2,1,2.6,5,9,7,7
2016-05-09 08:00:00,53.5,18.9,11.1,1008.5,2,3.6,5,9,1,8
2016-05-09 09:00:00,51.0,20.6,11.1,1008.8,2,5.7,5,9,2,9
2016-05-09 10:00:00,53.4,21.3,11.5,1008.6,2,5.7,5,9,3,10
2016-05-09 11:00:00,50.6,22.7,11.5,1008.4,2,4.6,5,9,4,11
2016-05-09 12:00:00,53.9,24.4,10.3,1008.2,2,5.7,5,9,5,12
2016-05-09 13:00:00,56.6,23.9,10.4,1007.9,2,6.7,5,9,6,13
2016-05-09 14:00:00,52.2,23.6,11.1,1007.4,2,6.2,5,9,7,14
2016-05-09 15:00:00,53.3,22.7,10.6,1007.5,2,5.7,5,9,1,15
2016-05-09 16:00:00,60.5,21.2,11.4,1007.6,2,6.2,5,9,2,16
2016-05-09 17:00:00,66.9,18.5,14.6,1008.2,2,4.6,5,9,3,17
2016-05-09 18:00:00,64.1,18.5,14.7,1008.2,2,4.1,5,9,4,18
2016-05-09 19:00:00,70.4,16.9,16.3,1008.4,1,3.1,5,9,5,19
2016-05-09 20:00:00,65.3,16.9,15.5,1008.6,1,3.1,5,9,6,20
2016-05-09 21:00:00,61.9,16.9,15.6,1009.0,1,2.6,5,9,7,21
2016-05-09 22:00:00,59.6,16.8,15.6,1009.0,1,2.6,5,9,1,22
2016-05-09 23:00:00,54.8,16.5,14.7,1008.7,2,2.6,5,9,2,23
2016-05-10 00:00:00,49.4,16.4,14.8,1008.3,1,2.6,5,10,3,0
2016-05-10 01:00:00,43.2,16.3,14.2,1008.1,1,1.5,5,10,4,1
2016-05-10 02:00:00,41.4,16.0,14.7,1007.8,1,1.0,5,10,5,2
2016-05-10 03:00:00,38.6,15.9,14.7,1007.3,2,2.1,5,10,6,3
2016-05-10 04:00:00,35.7,15.8,15.2,1006.8,1,1.5,5,10,7,4
2016-05-10 05:00:00,36.6,15.8,15.1,1006.7,1,2.6,5,10,1,5
2016-05-10 06:00:00,41.6,15.2,14.7,1006.6,1,2.6,5,10,2,6
2016-05-10 07:00:00,52.3,15.3,15.2,1006.5,1,2.6,5,10,3,7
2016-05-10 08:00:00,55.5,15.6,15.4,1006.3,1,3.1,5,10,4,8
2016-05-10 09:00:00,63.1,15.6,15.6,1006.3,1,3.1,5,10,5,9
2016-05-10 10:00:00,59.1,15.7,15.7,1006.3,2,3.1,5,10,6,10
2016-05-10 11:00:00,61.2,16.5,16.5,1006.1,2,3.6,5,10,7,11
2016-05-10 12:00:00,62.7,16.3,16.0,1006.0,2,4.1,5,10,1,12
2016-05-10 13:00:00,61.2,16.7,16.7,1005.6,2,3.1,5,10,2,13
2016-05-10 14:00:00,59.9,16.2,16.2,1005.4,2,3.6,5,10,3,14
2016-05-10 15:00:00,56.2,16.4,16.4,1005.3,2,3.1,5,10,4,15
2016-05-10 16:00:00,56.6,16.8,16.6,1005.0,2,4.6,5,10,5,16
2016-05-10 17:00:00,64.3,16.8,16.3,1004.9,2,4.1,5,10,6,17
2016-05-10 18:00:00,65.4,16.4,16.4,1004.9,2,2.6,5,10,7,18
2016-05-10 19:00:00,65.1,16.1,16.1,1005.0,2,3.6,5,10,1,19
2016-05-10 20:00:00,66.0,16.0,15.9,1005.1,2,4.6,5,10,2,20
2016-05-10 21:00:00,67.6,16.0,16.0,1005.5,2,2.1,5,10,3,21
2016-05-10 22:00:00,61.3,15.8,15.8,1005.3,1,2.6,5,10,4,22
2016-05-10 23:00:00,56.4,15.6,15.6,1005.2,1,2.1,5,10,5,23
2016-05-11 00:00:00,49.4,15.3,15.3,1004.9,1,2.1,5,11,6,0
2016-05-11 01:00:00,41.9,15.0,15.0,1004.6,1,1.5,5,11,7,1
2016-05-11 02:00:00,38.9,14.7,14.7,1004.2,1,2.1,5,11,1,2
2016-05-11 03:00:00,36.8,14.7,14.7,1003.9,1,1.5,5,11,2,3
2016-05-11 04:00:00,37.7,14.7,14.7,1003.6,1,2.1,5,11,3,4
2016-05-11 05:00:00,38.7,14.8,14.8,1003.3,1,1.5,5,11,4,5
2016-05-11 06:00:00,41.2,14.8,14.8,1003.3,2,3.1,5,11,5,6
2016-05-11 07:00:00,48.9,14.8,14.8,1003.4,2,3.1,5,11,6,7
2016-05-11 08:00:00,55.4,15.1,15.1,1003.4,2,3.1,5,11,7,8
2016-05-11 09:00:00,54.9,15.2,15.2,1003.4,2,3.1,5,11,1,9
2016-05-11 10:00:00,56.6,16.0,16.0,1003.3,2,3.1,5,11,2,10
2016-05-11 11:00:00,57.6,18.0,16.5,1002.9,2,4.1,5,11,3,11
2016-05-11 12:00:00,61.9,17.5,15.5,1002.8,3,4.6,5,11,4,12
2016-05-11 13:00:00,60.7,16.6,16.5,1002.9,3,2.6,5,11,5,13
2016-05-11 14:00:00,57.1,16.4,15.6,1003.0,3,3.1,5,11,6,14
2016-05-11 15:00:00,58.2,17.9,16.6,1002.6,0,1.5,5,11,7,15
2016-05-11 16:00:00,59.2,18.6,16.0,1002.6,1,1.5,5,11,1,16
2016-05-11 17:00:00,66.5,17.9,16.7,1002.5,1,2.1,5,11,2,17
2016-05-11 18:00:00,62.7,18.7,16.8,1002.4,0,2.6,5,11,3,18
2016-05-11 19:00:00,65.9,17.5,16.0,1002.6,2,4.6,5,11,4,19
2016-05-11 20:00:00,64.8,16.5,15.9,1002.8,2,2.6,5,11,5,20
2016-05-11 21:00:00,64.1,16.6,15.4,1003.3,2,3.6,5,11,6,21
2016-05-11 22:00:00,62.0,16.0,15.2,1003.4,1,2.1,5,11,7,22
2016-05-11 23:00:00,59.3,15.4,15.2,1003.1,0,1.5,5,11,1,23
2016-05-12 00:00:00,50.6,14.9,14.9,1003.1,0,1.0,5,12,2,0
2016-05-12 01:00:00,45.4,14.9,14.9,1003.3,2,1.5,5,12,3,1
2016-05-12 02:00:00,44.1,14.3,14.3,1001.8,7,3.1,5,12,4,2
2016-05-12 03:00:00,41.6,14.2,14.2,1001.8,0,2.6,5,12,5,3
2016-05-12 04:00:00,38.9,12.7,12.6,1001.5,0,2.6,5,12,6,4
2016-05-12 05:00:00,37.0,12.0,11.8,1001.8,0,2.6,5,12,7,5
2016-05-12 06:00:00,40.6,11.9,11.6,1002.0,0,3.1,5,12,1,6
2016-05-12 07:00:00,46.9,13.4,12.0,1001.9,0,3.1,5,12,2,7
2016-05-12 08:00:00,53.7,15.0,12.1,1001.9,1,3.6,5,12,3,8
2016-05-12 09:00:00,58.2,16.7,12.5,1002.0,0,4.1,5,12,4,9
2016-05-12 10:00:00,57.5,17.6,12.8,1002.0,1,4.1,5,12,5,10
2016-05-12 11:00:00,54.3,21.0,14.0,1001.8,1,5.1,5,12,6,11
2016-05-12 12:00:00,58.5,21.3,13.4,1001.7,1,5.1,5,12,7,12
2016-05-12 13:00:00,51.3,22.5,12.8,1001.7,1,4.6,5,12,1,13
2016-05-12 14:00:00,51.4,23.2,10.4,1001.7,1,5.7,5,12,2,14
2016-05-12 15:00:00,49.9,23.7,9.1,1001.5,1,5.7,5,12,3,15
2016-05-12 16:00:00,56.0,23.5,8.3,1001.5,1,6.2,5,12,4,16
2016-05-12 17:00:00,62.3,23.1,8.7,1001.7,1,5.7,5,12,5,17
2016-05-12 18:00:00,61.6,22.6,9.0,1002.0,1,6.2,5,12,6,18
2016-05-12 19:00:00,61.9,20.5,13.8,1002.6,0,5.7,5,12,7,19
2016-05-12 20:00:00,61.6,18.0,12.8,1003.4,0,5.1,5,12,1,20
2016-05-12 21:00:00,64.5,15.0,11.7,1004.4,0,5.1,5,12,2,21
2016-05-12 22:00:00,65.5,13.1,10.6,1004.9,0,4.6,5,12,3,22
2016-05-12 23:00:00,58.4,12.4,10.6,1005.6,0,2.6,5,12,4,23
2016-05-13 00:00:00,54.2,11.9,10.4,1005.9,0,3.6,5,13,5,0
2016-05-13 01:00:00,46.3,11.8,10.4,1006.0,0,3.1,5,13,6,1
2016-05-13 02:00:00,43.4,11.7,10.4,1006.1,0,5.1,5,13,7,2
2016-05-13 03:00:00,37.2,11.4,10.1,1006.5,0,4.1,5,13,1,3
2016-05-13 04:00:00,37.6,11.3,9.8,1006.6,0,4.1,5,13,2,4
2016-05-13 05:00:00,36.1,11.3,9.6,1007.3,0,3.1,5,13,3,5
2016-05-13 06:00:00,37.6,11.4,9.6,1007.9,0,4.1,5,13,4,6
2016-05-13 07:00:00,48.1,11.5,9.5,1008.3,1,5.1,5,13,5,7
2016-05-13 08:00:00,54.2,12.1,9.7,1008.9,1,4.6,5,13,6,8
2016-05-13 09:00:00,52.7,13.9,10.6,1009.4,1,6.7,5,13,7,9
2016-05-13 10:00:00,57.2,15.1,10.4,1009.8,0,5.1,5,13,1,10
2016-05-13 11:00:00,58.2,15.8,10.1,1010.1,0,6.2,5,13,2,11
2016-05-13 12:00:00,61.3,16.1,10.1,1010.3,0,6.2,5,13,3,12
2016-05-13 13:00:00,55.0,16.6,10.1,1010.7,0,6.2,5,13,4,13
2016-05-13 14:00:00,48.7,16.3,9.8,1011.1,1,6.2,5,13,5,14
2016-05-13 15:00:00,52.7,16.2,9.2,1011.4,0,6.7,5,13,6,15
2016-05-13 16:00:00,56.6,15.1,8.6,1012.2,0,6.2,5,13,7,16
2016-05-13 17:00:00,68.3,12.8,8.0,1012.7,1,6.2,5,13,1,17
2016-05-13 18:00:00,73.3,11.8,7.1,1013.4,1,5.7,5,13,2,18
2016-05-13 19:00:00,70.4,11.1,6.7,1014.2,0,5.1,5,13,3,19
2016-05-13 20:00:00,72.3,10.1,5.4,1015.0,1,5.7,5,13,4,20
2016-05-13 21:00:00,69.7,9.6,5.3,1015.8,1,5.1,5,13,5,21
2016-05-13 22:00:00,65.4,9.3,4.2,1016.2,1,5.7,5,13,6,22
2016-05-13 23:00:00,60.2,9.3,4.1,1016.6,1,4.1,5,13,7,23
2016-05-14 00:00:00,58.7,8.8,3.3,1016.8,1,4.1,5,14,1,0
2016-05-14 01:00:00,51.0,8.8,4.8,1017.1,0,4.1,5,14,2,1
2016-05-14 02:00:00,46.5,8.5,4.0,1017.3,0,3.6,5,14,3,2
2016-05-14 03:00:00,43.5,8.3,3.0,1017.6,1,3.6,5,14,4,3
2016-05-14 04:00:00,43.3,8.0,2.1,1017.8,0,4.1,5,14,5,4
2016-05-14 05:00:00,44.1,7.7,1.6,1018.2,0,2.6,5,14,6,5
2016-05-14 06:00:00,42.3,7.8,1.6,1018.8,0,3.6,5,14,7,6
2016-05-14 07:00:00,43.2,8.0,1.0,1019.2,0,3.6,5,14,1,7
2016-05-14 08:00:00,47.6,8.6,0.5,1019.5,0,4.6,5,14,2,8
2016-05-14 09:00:00,53.6,10.0,0.6,1019.9,0,4.1,5,14,3,9
2016-05-14 10:00:00,57.5,10.2,0.4,1020.3,0,3.6,5,14,4,10
2016-05-14 11:00:00,62.6,11.5,0.6,1020.4,0,2.6,5,14,5,11
2016-05-14 12:00:00,62.2,11.9,0.2,1020.7,0,2.6,5,14,6,12
2016-05-14 13:00:00,64.0,13.1,1.6,1020.7,0,4.1,5,14,7,13
2016-05-14 14:00:00,58.8,13.5,1.2,1020.8,0,2.6,5,14,1,14
2016-05-14 15:00:00,60.9,13.8,0.9,1020.8,0,3.1,5,14,2,15
2016-05-14 16:00:00,62.6,12.9,1.3,1021.0,0,2.6,5,14,3,16
2016-05-14 17:00:00,72.9,13.5,1.3,1021.2,0,3.6,5,14,4,17
2016-05-14 18:00:00,67.9,12.9,0.0,1021.4,0,3.1,5,14,5,18
2016-05-14 19:00:00,71.0,12.4,1.0,1021.6,7,2.1,5,14,6,19
2016-05-14 20:00:00,71.1,11.4,1.2,1021.9,1,2.1,5,14,7,20
2016-05-14 21:00:00,70.7,10.6,2.2,1022.4,1,1.5,5,14,1,21
2016-05-14 22:00:00,70.1,9.6,3.7,1022.8,1,2.6,5,14,2,22
2016-05-14 23:00:00,65.5,8.9,3.8,1023.3,1,1.5,5,14,3,23
2016-05-15 00:00:00,57.1,6.9,3.6,1023.4,2,1.5,5,15,4,0
2016-05-15 01:00:00,53.9,6.7,3.9,1023.2,3,1.5,5,15,5,1
2016-05-15 02:00:00,49.8,5.9,2.9,1023.0,3,1.5,5,15,6,2
2016-05-15 03:00:00,45.4,5.5,3.3,1022.9,4,1.0,5,15,7,3
2016-05-15 04:00:00,39.9,6.0,4.4,1022.7,1,1.0,5,15,1,4
2016-05-15 05:00:00,38.1,6.0,4.1,1022.4,5,1.5,5,15,2,5
2016-05-15 06:00:00,42.2,7.8,4.4,1022.6,5,2.1,5,15,3,6
2016-05-15 07:00:00,46.0,8.6,4.9,1023.0,6,3.1,5,15,4,7
2016-05-15 08:00:00,48.4,10.1,5.6,1022.9,6,2.1,5,15,5,8
2016-05-15 09:00:00,52.3,12.6,6.0,1022.9,6,2.6,5,15,6,9
2016-05-15 10:00:00,59.1,14.2,5.0,1022.6,6,3.1,5,15,7,10
2016-05-15 11:00:00,54.3,14.9,3.1,1022.6,6,4.6,5,15,1,11
2016-05-15 12:00:00,56.5,15.0,1.8,1022.3,7,3.6,5,15,2,12
2016-05-15 13:00:00,60.9,15.9,1.2,1022.0,6,3.6,5,15,3,13
2016-05-15 14:00:00,58.4,15.9,0.4,1021.7,7,4.1,5,15,4,14
2016-05-15 15:00:00,57.2,16.2,2.8,1021.5,7,3.6,5,15,5,15
2016-05-15 16:00:00,57.5,16.2,3.5,1021.3,0,4.1,5,15,6,16
2016-05-15 17:00:00,68.2,16.9,3.7,1021.0,7,3.1,5,15,7,17
2016-05-15 18:00:00,72.6,15.8,3.4,1021.0,0,1.5,5,15,1,18
2016-05-15 19:00:00,72.3,15.3,3.8,1021.0,7,2.1,5,15,2,19
2016-05-15 20:00:00,74.5,14.5,4.4,1021.4,1,1.5,5,15,3,20
2016-05-15 21:00:00,70.3,13.8,4.4,1021.4,1,1.0,5,15,4,21
2016-05-15 22:00:00,67.4,12.7,5.5,1021.4,2,1.5,5,15,5,22
2016-05-15 23:00:00,65.5,11.9,8.0,1021.7,2,4.1,5,15,6,23
2016-05-16 00:00:00,54.4,11.3,8.3,1021.6,3,3.6,5,16,7,0
2016-05-16 01:00:00,48.0,11.1,8.3,1021.5,1,2.6,5,16,1,1
2016-05-16 02:00:00,44.3,9.5,7.6,1021.3,2,1.5,5,16,2,2
2016-05-16 03:00:00,39.7,9.3,7.9,1021.0,2,1.5,5,16,3,3
2016-05-16 04:00:00,41.2,9.1,8.0,1020.8,1,1.0,5,16,4,4
2016-05-16 05:00:00,38.4,8.6,7.4,1021.1,0,2.6,5,16,5,5
2016-05-16 06:00:00,41.8,9.5,7.5,1021.5,0,2.6,5,16,6,6
2016-05-16 07:00:00,48.9,10.8,7.8,1021.8,0,2.6,5,16,7,7
2016-05-16 08:00:00,51.3,11.8,6.9,1021.8,0,2.6,5,16,1,8
2016-05-16 09:00:00,57.5,13.3,6.0,1021.8,7,3.1,5,16,2,9
2016-05-16 10:00:00,59.1,14.5,6.6,1021.8,7,2.1,5,16,3,10
2016-05-16 11:00:00,64.7,15.8,6.4,1021.5,6,1.5,5,16,4,11
2016-05-16 12:00:00,63.5,15.6,6.3,1021.3,6,3.6,5,16,5,12
2016-05-16 13:00:00,56.8,17.3,7.4,1020.9,6,4.1,5,16,6,13
2016-05-16 14:00:00,54.4,17.0,7.0,1020.509623969349,6,3.6,5,16,7,14
2016-05-16 15:00:00,58.3,17.4,5.2,1020.3,7,3.6,5,16,1,15
2016-05-16 16:00:00,62.9,17.6,5.0,1020.3,7,3.6,5,16,2,16
2016-05-16 17:00:00,71.5,16.7,5.8,1020.0,7,3.1,5,16,3,17
2016-05-16 18:00:00,76.3,16.9,5.8,1019.7,7,2.6,5,16,4,18
2016-05-16 19:00:00,69.7,16.7,5.6,1019.6,0,1.5,5,16,5,19
2016-05-16 20:00:00,69.3,15.3,6.0,1019.6,1,1.0,5,16,6,20
2016-05-16 21:00:00,69.0,14.6,6.1,1019.6,1,1.0,5,16,7,21
2016-05-16 22:00:00,66.0,14.4,7.6,1019.6,5,4.1,5,16,1,22
2016-05-16 23:00:00,64.0,13.0,9.7,1019.5,6,3.1,5,16,2,23
2016-05-17 00:00:00,54.3,11.6,9.6,1019.4,6,3.1,5,17,3,0
2016-05-17 01:00:00,48.7,10.0,8.7,1019.2,6,2.1,5,17,4,1
2016-05-17 02:00:00,46.4,9.8,8.7,1019.0,7,2.1,5,17,5,2
2016-05-17 03:00:00,43.1,9.0,8.2,1018.6,0,1.0,5,17,6,3
2016-05-17 04:00:00,39.2,8.5,7.9,1018.3,6,2.1,5,17,7,4
2016-05-17 05:00:00,40.5,8.7,7.8,1018.3,7,1.0,5,17,1,5
2016-05-17 06:00:00,43.5,9.6,7.5,1018.3,6,1.5,5,17,2,6
2016-05-17 07:00:00,49.0,11.3,7.6,1018.4,6,2.1,5,17,3,7
2016-05-17 08:00:00,55.1,13.0,6.8,1018.3,6,2.1,5,17,4,8
2016-05-17 09:00:00,59.5,14.4,8.6,1018.2,5,3.1,5,17,5,9
2016-05-17 10:00:00,57.9,15.3,7.9,1017.7,6,2.1,5,17,6,10
2016-05-17 11:00:00,57.4,15.6,7.0,1017.1,6,4.1,5,17,7,11
2016-05-17 12:00:00,62.3,16.5,7.4,1016.6,5,5.1,5,17,1,12
2016-05-17 13:00:00,58.6,17.1,7.0,1016.0,6,5.1,5,17,2,13
2016-05-17 14:00:00,60.0,16.6,6.6,1015.6,5,4.6,5,17,3,14
2016-05-17 15:00:00,55.3,17.4,6.7,1014.8,6,3.6,5,17,4,15
2016-05-17 16:00:00,57.6,16.1,9.1,1014.4,5,7.2,5,17,5,16
2016-05-17 17:00:00,66.0,15.8,9.0,1014.1,5,7.7,5,17,6,17
2016-05-17 18:00:00,67.7,14.6,9.7,1013.8,5,7.7,5,17,7,18
2016-05-17 19:00:00,63.8,13.9,10.4,1013.4,5,6.2,5,17,1,19
2016-05-17 20:00:00,69.9,13.6,10.7,1013.0,5,5.1,5,17,2,20
2016-05-17 21:00:00,67.8,13.5,10.8,1012.6,5,4.1,5,17,3,21
2016-05-17 22:00:00,67.7,12.9,10.2,1012.1,4,4.1,5,17,4,22
2016-05-17 23:00:00,60.2,12.2,9.5,1011.5,5,5.7,5,17,5,23
2016-05-18 00:00:00,51.5,11.5,9.5,1010.7,5,4.6,5,18,6,0
2016-05-18 01:00:00,49.3,11.6,9.5,1009.8,4,4.1,5,18,7,1
2016-05-18 02:00:00,43.1,11.6,9.6,1008.9,4,3.6,5,18,1,2
2016-05-18 03:00:00,43.9,12.0,9.7,1007.7,5,5.1,5,18,2,3
2016-05-18 04:00:00,40.1,12.4,9.5,1006.9,5,6.2,5,18,3,4
2016-05-18 05:00:00,36.1,12.4,9.9,1006.4,4,5.7,5,18,4,5
2016-05-18 06:00:00,43.7,12.4,10.2,1006.0,4,4.6,5,18,5,6
2016-05-18 07:00:00,45.6,12.6,10.4,1005.4,4,4.1,5,18,6,7
2016-05-18 08:00:00,53.5,12.5,10.8,1004.9,4,5.1,5,18,7,8
2016-05-18 09:00:00,58.5,12.6,10.7,1004.3,4,5.1,5,18,1,9
2016-05-18 10:00:00,63.1,12.5,10.9,1003.7,4,5.1,5,18,2,10
2016-05-18 11:00:00,67.3,11.7,11.0,1003.3,4,4.6,5,18,3,11
2016-05-18 12:00:00,68.8,12.7,11.0,1003.2,4,4.6,5,18,4,12
2016-05-18 13:00:00,64.8,13.6,11.9,1002.6,4,4.1,5,18,5,13
2016-05-18 14:00:00,61.7,13.5,9.6,1002.5,4,5.1,5,18,6,14
2016-05-18 15:00:00,60.2,13.2,10.6,1002.4,4,4.6,5,18,7,15
2016-05-18 16:00:00,65.0,12.2,9.7,1002.5,7,3.6,5,18,1,16
2016-05-18 17:00:00,68.8,12.5,10.8,1002.6,6,4.6,5,18,2,17
2016-05-18 18:00:00,72.4,12.6,10.7,1002.7,6,3.6,5,18,3,18
2016-05-18 19:00:00,68.0,12.1,9.4,1003.1,7,3.6,5,18,4,19
2016-05-18 20:00:00,65.8,11.4,9.5,1003.9,7,3.6,5,18,5,20
2016-05-18 21:00:00,71.0,11.2,10.1,1004.8,6,3.6,5,18,6,21
2016-05-18 22:00:00,69.8,10.8,10.7,1005.3,6,3.1,5,18,7,22
2016-05-18 23:00:00,64.1,11.0,10.4,1005.8,7,4.1,5,18,1,23
2016-05-19 00:00:00,52.6,10.5,9.7,1006.2,7,4.1,5,19,2,0
2016-05-19 01:00:00,49.1,10.3,8.9,1006.5,7,4.1,5,19,3,1
2016-05-19 02:00:00,46.8,10.0,8.6,1007.3,7,4.1,5,19,4,2
2016-05-19 03:00:00,43.4,10.1,8.6,1007.9,7,3.6,5,19,5,3
2016-05-19 04:00:00,44.6,10.1,8.9,1008.6,7,1.5,5,19,6,4
2016-05-19 05:00:00,40.7,10.3,8.9,1009.6,7,3.1,5,19,7,5
2016-05-19 06:00:00,46.4,10.8,9.2,1010.4,7,2.6,5,19,1,6
2016-05-19 07:00:00,51.5,11.3,9.5,1011.3,6,3.6,5,19,2,7
2016-05-19 08:00:00,53.2,12.3,9.7,1011.9,7,3.1,5,19,3,8
2016-05-19 09:00:00,61.0,13.1,10.0,1012.7,7,3.1,5,19,4,9
2016-05-19 10:00:00,59.5,13.9,9.9,1013.2,7,2.1,5,19,5,10
2016-05-19 11:00:00,65.1,14.9,9.9,1013.2,6,2.1,5,19,6,11
2016-05-19 12:00:00,64.0,16.5,11.4,1013.3,6,3.1,5,19,7,12
2016-05-19 13:00:00,57.5,17.6,11.5,1012.9,5,2.6,5,19,1,13
2016-05-19 14:00:00,59.2,17.8,10.6,1012.6,5,5.1,5,19,2,14
2016-05-19 15:00:00,57.7,18.1,9.3,1012.8,5,6.2,5,19,3,15
2016-05-19 16:00:00,58.3,18.3,9.9,1012.3,5,6.7,5,19,4,16
2016-05-19 17:00:00,64.3,17.1,6.2,1012.6,5,7.2,5,19,5,17
2016-05-19 18:00:00,73.7,15.5,7.7,1012.8,5,6.2,5,19,6,18
2016-05-19 19:00:00,71.8,14.2,9.4,1013.1,5,6.7,5,19,7,19
2016-05-19 20:00:00,67.0,13.6,10.7,1013.3,5,6.7,5,19,1,20
2016-05-19 21:00:00,70.2,13.3,11.4,1013.7,5,6.7,5,19,2,21
2016-05-19 22:00:00,67.6,13.5,11.7,1013.0,5,6.2,5,19,3,22
2016-05-19 23:00:00,59.1,13.3,12.0,1013.2,5,5.7,5,19,4,23
2016-05-20 00:00:00,52.0,13.4,12.3,1013.0,5,5.1,5,20,5,0
2016-05-20 01:00:00,46.3,13.4,12.4,1012.9,5,4.6,5,20,6,1
2016-05-20 02:00:00,41.7,13.4,12.7,1013.1,5,4.6,5,20,7,2
2016-05-20 03:00:00,41.2,13.5,12.4,1013.1,5,4.1,5,20,1,3
2016-05-20 04:00:00,38.6,13.6,12.0,1013.1,5,5.1,5,20,2,4
2016-05-20 05:00:00,38.0,13.4,11.6,1013.4,5,5.1,5,20,3,5
2016-05-20 06:00:00,40.5,13.9,11.6,1013.8,5,4.6,5,20,4,6
2016-05-20 07:00:00,44.0,14.2,11.6,1014.4,6,6.2,5,20,5,7
2016-05-20 08:00:00,51.8,14.7,10.3,1014.8,6,7.2,5,20,6,8
2016-05-20 09:00:00,53.5,15.7,10.0,1015.3,6,6.2,5,20,7,9
2016-05-20 10:00:00,54.8,15.9,9.8,1015.4,6,6.2,5,20,1,10
2016-05-20 11:00:00,57.2,16.4,9.9,1015.6,6,6.7,5,20,2,11
2016-05-20 12:00:00,56.4,17.8,9.7,1015.4,5,6.2,5,20,3,12
2016-05-20 13:00:00,55.5,19.1,10.4,1015.1,5,6.2,5,20,4,13
2016-05-20 14:00:00,53.1,18.7,9.4,1015.1,5,5.7,5,20,5,14
2016-05-20 15:00:00,56.4,18.5,9.6,1014.8,5,6.2,5,20,6,15
2016-05-20 16:00:00,55.8,18.4,10.4,1014.4,5,5.7,5,20,7,16
2016-05-20 17:00:00,57.5,17.4,8.4,1014.3,5,7.2,5,20,1,17
2016-05-20 18:00:00,61.7,16.0,9.2,1014.4,5,7.7,5,20,2,18
2016-05-20 19:00:00,66.9,15.0,8.7,1014.7,5,9.3,5,20,3,19
2016-05-20 20:00:00,64.7,14.8,9.8,1014.6,5,4.6,5,20,4,20
2016-05-20 21:00:00,62.7,14.5,10.1,1014.3,5,5.7,5,20,5,21
2016-05-20 22:00:00,58.7,14.0,10.8,1013.4,4,3.1,5,20,6,22
2016-05-20 23:00:00,57.2,13.4,10.9,1012.9,4,4.6,5,20,7,23
2016-05-21 00:00:00,50.5,13.3,11.1,1012.4,4,5.1,5,21,1,0
2016-05-21 01:00:00,51.2,13.0,11.4,1012.1,4,5.1,5,21,2,1
2016-05-21 02:00:00,45.7,12.8,12.2,1011.2,4,4.6,5,21,3,2
2016-05-21 03:00:00,40.7,13.0,13.0,1010.6,4,4.1,5,21,4,3
2016-05-21 04:00:00,41.0,13.9,13.7,1010.1,5,5.7,5,21,5,4
2016-05-21 05:00:00,35.2,14.0,12.8,1010.2,4,6.7,5,21,6,5
2016-05-21 06:00:00,38.0,14.3,12.3,1010.0,5,7.2,5,21,7,6
2016-05-21 07:00:00,39.7,14.4,12.1,1010.0,4,6.7,5,21,1,7
2016-05-21 08:00:00,43.4,15.0,12.3,1009.7,4,6.2,5,21,2,8
2016-05-21 09:00:00,48.2,14.6,11.9,1009.8,5,7.2,5,21,3,9
2016-05-21 10:00:00,54.3,15.1,11.8,1009.6,5,7.2,5,21,4,10
2016-05-21 11:00:00,58.9,15.8,12.2,1009.3,4,6.2,5,21,5,11
2016-05-21 12:00:00,65.8,16.7,12.1,1008.9,5,7.2,5,21,6,12
2016-05-21 13:00:00,60.7,17.6,11.7,1008.5,4,8.2,5,21,7,13
2016-05-21 14:00:00,58.6,17.0,11.6,1008.4,5,8.2,5,21,1,14
2016-05-21 15:00:00,58.2,15.3,13.6,1008.3,4,8.2,5,21,2,15
2016-05-21 16:00:00,59.5,15.1,14.1,1007.9,4,6.2,5,21,3,16
2016-05-21 17:00:00,61.6,15.5,13.9,1007.4,4,5.7,5,21,4,17
2016-05-21 18:00:00,66.3,15.4,13.5,1006.8,4,3.6,5,21,5,18
2016-05-21 19:00:00,63.1,15.8,12.9,1006.1,4,4.1,5,21,6,19
2016-05-21 20:00:00,65.0,15.4,13.4,1006.0,5,6.2,5,21,7,20
2016-05-21 21:00:00,64.3,14.8,13.1,1005.8,5,4.6,5,21,1,21
2016-05-21 22:00:00,62.1,14.3,13.0,1005.9,5,3.6,5,21,2,22
2016-05-21 23:00:00,57.0,13.5,12.2,1006.1,5,5.1,5,21,3,23
2016-05-22 00:00:00,53.8,13.0,11.9,1006.5,6,3.6,5,22,4,0
2016-05-22 01:00:00,49.3,12.6,9.6,1006.0,6,2.1,5,22,5,1
2016-05-22 02:00:00,45.5,12.0,9.4,1005.8,6,2.1,5,22,6,2
2016-05-22 03:00:00,43.4,11.4,9.6,1006.0,6,1.5,5,22,7,3
2016-05-22 04:00:00,40.1,11.5,9.8,1006.1,6,1.5,5,22,1,4
2016-05-22 05:00:00,37.9,11.4,10.0,1006.3,6,2.1,5,22,2,5
2016-05-22 06:00:00,36.2,11.3,10.4,1006.3,6,2.6,5,22,3,6
2016-05-22 07:00:00,35.4,12.4,10.6,1006.6,6,1.5,5,22,4,7
2016-05-22 08:00:00,42.0,14.1,11.4,1006.9,6,1.5,5,22,5,8
2016-05-22 09:00:00,45.5,15.0,9.3,1007.3,6,2.6,5,22,6,9
2016-05-22 10:00:00,51.2,15.4,8.9,1007.4,6,3.1,5,22,7,10
2016-05-22 11:00:00,52.4,16.5,9.6,1006.8,7,2.6,5,22,1,11
2016-05-22 12:00:00,53.6,18.2,8.6,1007.4,6,2.6,5,22,2,12
2016-05-22 13:00:00,51.7,18.1,7.3,1007.3,6,2.6,5,22,3,13
2016-05-22 14:00:00,54.2,17.9,8.0,1007.4,6,3.6,5,22,4,14
2016-05-22 15:00:00,55.3,17.5,8.2,1007.7,6,4.6,5,22,5,15
2016-05-22 16:00:00,58.4,15.1,10.4,1008.5,6,3.6,5,22,6,16
2016-05-22 17:00:00,63.8,15.2,8.9,1008.5,7,4.1,5,22,7,17
2016-05-22 18:00:00,67.8,14.8,8.5,1009.0,7,2.6,5,22,1,18
2016-05-22 19:00:00,69.6,15.3,10.2,1009.8,7,2.6,5,22,2,19
2016-05-22 20:00:00,61.7,14.7,9.7,1010.1,0,2.6,5,22,3,20
2016-05-22 21:00:00,58.4,14.1,9.6,1010.9,7,2.6,5,22,4,21
2016-05-22 22:00:00,59.6,13.6,9.9,1011.6,7,2.1,5,22,5,22
2016-05-22 23:00:00,59.8,13.1,9.9,1012.4,6,3.1,5,22,6,23
2016-05-23 00:00:00,53.3,12.3,9.9,1012.5,6,3.1,5,23,7,0
2016-05-23 01:00:00,45.0,11.5,9.5,1012.9,7,3.1,5,23,1,1
2016-05-23 02:00:00,42.6,11.0,7.7,1013.4,7,3.1,5,23,2,2
2016-05-23 03:00:00,38.0,10.4,6.4,1014.1,6,2.6,5,23,3,3
2016-05-23 04:00:00,37.3,9.7,6.5,1014.7,6,3.1,5,23,4,4
2016-05-23 05:00:00,34.9,9.5,7.1,1015.5,6,2.6,5,23,5,5
2016-05-23 06:00:00,35.9,10.7,7.6,1016.0,7,2.6,5,23,6,6
2016-05-23 07:00:00,41.1,12.5,7.9,1016.5,7,5.1,5,23,7,7
2016-05-23 08:00:00,45.3,13.6,7.8,1016.9,7,4.1,5,23,1,8
2016-05-23 09:00:00,53.2,14.8,8.0,1017.4,7,4.1,5,23,2,9
2016-05-23 10:00:00,54.3,15.8,8.6,1017.7,7,3.6,5,23,3,10
2016-05-23 11:00:00,55.8,16.8,7.4,1018.1,7,3.1,5,23,4,11
2016-05-23 12:00:00,56.8,17.6,7.6,1018.3,7,3.1,5,23,5,12
2016-05-23 13:00:00,56.9,18.5,7.2,1018.5,0,3.6,5,23,6,13
2016-05-23 14:00:00,56.8,18.6,7.7,1018.8,7,3.1,5,23,7,14
2016-05-23 15:00:00,51.4,19.2,6.1,1018.7,7,3.1,5,23,1,15
2016-05-23 16:00:00,53.7,16.5,9.5,1018.9,0,1.5,5,23,2,16
2016-05-23 17:00:00,64.0,17.1,7.8,1019.1,7,2.6,5,23,3,17
2016-05-23 18:00:00,63.7,17.3,7.7,1019.6,7,4.1,5,23,4,18
2016-05-23 19:00:00,65.3,15.9,8.3,1020.6,0,5.7,5,23,5,19
2016-05-23 20:00:00,67.8,13.2,8.2,1021.1,0,4.6,5,23,6,20
2016-05-23 21:00:00,62.0,13.6,7.7,1021.5,1,2.1,5,23,7,21
2016-05-23 22:00:00,61.6,12.9,8.5,1022.0,1,3.6,5,23,1,22
2016-05-23 23:00:00,60.5,11.0,8.9,1022.3,1,2.1,5,23,2,23
2016-05-24 00:00:00,53.2,10.2,9.1,1022.4,0,1.5,5,24,3,0
2016-05-24 01:00:00,44.4,9.6,8.6,1022.4,1,2.1,5,24,4,1
2016-05-24 02:00:00,42.9,9.0,8.0,1022.6,1,1.5,5,24,5,2
2016-05-24 03:00:00,40.8,8.4,7.4,1022.5,1,2.1,5,24,6,3
2016-05-24 04:00:00,37.7,7.7,7.1,1022.7,1,1.5,5,24,7,4
2016-05-24 05:00:00,37.2,7.9,7.4,1022.8,0,1.5,5,24,1,5
2016-05-24 06:00:00,35.6,8.9,7.6,1022.7,0,2.1,5,24,2,6
2016-05-24 07:00:00,39.6,10.6,7.2,1022.7,1,2.1,5,24,3,7
2016-05-24 08:00:00,47.1,13.9,7.6,1022.5,1,2.6,5,24,4,8
2016-05-24 09:00:00,53.0,14.6,3.6,1022.2,1,4.6,5,24,5,9
2016-05-24 10:00:00,56.2,15.7,3.6,1021.9,1,4.6,5,24,6,10
2016-05-24 11:00:00,58.2,15.7,3.9,1021.7,0,4.6,5,24,7,11
2016-05-24 12:00:00,60.7,16.8,7.7,1021.4,1,3.6,5,24,1,12
2016-05-24 13:00:00,53.8,16.2,5.6,1021.0,1,4.1,5,24,2,13
2016-05-24 14:00:00,53.6,16.0,5.7,1020.6,1,4.6,5,24,3,14
2016-05-24 15:00:00,52.1,16.8,5.4,1020.2,0,4.1,5,24,4,15
2016-05-24 16:00:00,59.9,16.1,5.6,1019.9,1,5.1,5,24,5,16
2016-05-24 17:00:00,65.8,16.5,5.2,1019.6,1,5.1,5,24,6,17
2016-05-24 18:00:00,61.3,15.4,5.1,1019.6,1,6.2,5,24,7,18
2016-05-24 19:00:00,60.6,14.0,5.3,1019.5,0,6.2,5,24,1,19
2016-05-24 20:00:00,62.7,12.4,5.1,1019.8,1,6.2,5,24,2,20
2016-05-24 21:00:00,61.3,10.9,5.5,1020.3,1,5.1,5,24,3,21
2016-05-24 22:00:00,57.5,9.8,4.2,1020.4,1,4.1,5,24,4,22
2016-05-24 23:00:00,56.8,9.3,3.8,1020.4,1,3.6,5,24,5,23
2016-05-25 00:00:00,48.6,9.2,4.2,1020.2,0,2.6,5,25,6,0
2016-05-25 01:00:00,47.1,9.5,4.1,1019.7,0,2.6,5,25,7,1
2016-05-25 02:00:00,45.7,9.6,3.6,1019.4,1,4.1,5,25,1,2
2016-05-25 03:00:00,44.6,9.4,3.8,1019.0,1,3.1,5,25,2,3
2016-05-25 04:00:00,41.3,9.3,3.8,1018.4,1,3.6,5,25,3,4
2016-05-25 05:00:00,36.6,9.1,5.6,1018.3,0,3.1,5,25,4,5
2016-05-25 06:00:00,37.4,9.1,5.6,1018.5,0,3.1,5,25,5,6
2016-05-25 07:00:00,43.2,9.4,6.0,1018.7,0,3.6,5,25,6,7
2016-05-25 08:00:00,48.0,9.8,6.0,1018.7,0,3.1,5,25,7,8
2016-05-25 09:00:00,49.1,10.3,7.0,1018.6,0,3.1,5,25,1,9
2016-05-25 10:00:00,54.5,10.1,8.4,1018.2,0,3.1,5,25,2,10
2016-05-25 11:00:00,60.2,10.9,7.8,1017.7,0,2.6,5,25,3,11
2016-05-25 12:00:00,61.8,11.5,7.3,1017.4,0,3.1,5,25,4,12
2016-05-25 13:00:00,60.0,12.1,7.8,1017.1,0,2.6,5,25,5,13
2016-05-25 14:00:00,61.6,12.5,7.9,1017.0,0,3.1,5,25,6,14
2016-05-25 15:00:00,61.6,11.9,7.9,1016.9,0,2.6,5,25,7,15
2016-05-25 16:00:00,61.3,12.1,7.8,1016.9,0,2.6,5,25,1,16
2016-05-25 17:00:00,59.6,12.0,8.0,1016.7,0,1.5,5,25,2,17
2016-05-25 18:00:00,63.0,12.1,7.9,1016.7,1,1.5,5,25,3,18
2016-05-25 19:00:00,62.4,11.8,8.2,1016.7,0,2.1,5,25,4,19
2016-05-25 20:00:00,66.1,11.6,7.9,1016.9,0,1.5,5,25,5,20
2016-05-25 21:00:00,64.8,11.4,8.0,1017.0,0,2.1,5,25,6,21
2016-05-25 22:00:00,61.7,11.2,8.3,1016.8,0,2.1,5,25,7,22
2016-05-25 23:00:00,56.2,11.0,8.3,1016.6,0,2.1,5,25,1,23
2016-05-26 00:00:00,49.9,10.8,8.1,1016.5,0,2.1,5,26,2,0
2016-05-26 01:00:00,46.6,10.6,8.3,1016.4,0,1.5,5,26,3,1
2016-05-26 02:00:00,42.1,9.4,7.9,1016.4,0,0.5,5,26,4,2
2016-05-26 03:00:00,42.0,8.8,8.1,1016.5,1,0.5,5,26,5,3
2016-05-26 04:00:00,38.4,7.9,7.6,1016.4,0,0.0,5,26,6,4
2016-05-26 05:00:00,35.3,8.0,7.7,1016.7,4,0.5,5,26,7,5
2016-05-26 06:00:00,35.7,9.9,9.7,1016.7,2,0.5,5,26,1,6
2016-05-26 07:00:00,37.7,11.8,8.9,1017.0,4,2.1,5,26,2,7
2016-05-26 08:00:00,45.7,13.7,8.9,1017.0,4,1.0,5,26,3,8
2016-05-26 09:00:00,53.3,14.5,8.0,1016.8,5,1.0,5,26,4,9
2016-05-26 10:00:00,51.5,15.5,6.7,1016.6,5,1.5,5,26,5,10
2016-05-26 11:00:00,52.1,16.9,7.1,1016.4,5,1.5,5,26,6,11
2016-05-26 12:00:00,58.0,17.7,8.0,1016.3,4,3.1,5,26,7,12
2016-05-26 13:00:00,53.8,17.8,7.3,1015.9,2,2.1,5,26,1,13
2016-05-26 14:00:00,50.1,19.4,7.4,1015.6,4,2.6,5,26,2,14
2016-05-26 15:00:00,47.4,20.0,6.7,1015.3,4,3.1,5,26,3,15
2016-05-26 16:00:00,53.3,20.4,7.2,1014.7,0,1.5,5,26,4,16
2016-05-26 17:00:00,59.9,19.1,6.7,1014.6,1,1.5,5,26,5,17
2016-05-26 18:00:00,61.6,20.4,7.1,1014.6,7,1.5,5,26,6,18
2016-05-26 19:00:00,60.2,17.6,10.4,1015.1,3,5.7,5,26,7,19
2016-05-26 20:00:00,63.9,16.5,11.0,1015.4,2,5.1,5,26,1,20
2016-05-26 21:00:00,60.0,15.0,10.9,1015.9,2,4.6,5,26,2,21
2016-05-26 22:00:00,59.9,14.3,9.4,1016.2,2,4.6,5,26,3,22
2016-05-26 23:00:00,58.7,13.5,9.3,1016.3,2,3.1,5,26,4,23
2016-05-27 00:00:00,49.2,12.9,9.4,1016.2,2,3.1,5,27,5,0
2016-05-27 01:00:00,45.5,11.6,9.2,1016.6,2,2.1,5,27,6,1
2016-05-27 02:00:00,41.9,11.3,9.0,1016.7,1,2.1,5,27,7,2
2016-05-27 03:00:00,39.5,11.3,9.2,1016.9,1,2.1,5,27,1,3
2016-05-27 04:00:00,35.8,11.3,9.1,1016.9,1,1.5,5,27,2,4
2016-05-27 05:00:00,35.8,11.5,8.4,1016.6,1,3.1,5,27,3,5
2016-05-27 06:00:00,35.4,12.3,7.7,1016.8,2,3.1,5,27,4,6
2016-05-27 07:00:00,38.7,13.0,8.0,1017.3,2,3.6,5,27,5,7
2016-05-27 08:00:00,44.6,14.6,7.9,1017.4,1,3.6,5,27,6,8
2016-05-27 09:00:00,49.9,15.9,8.2,1017.2,1,4.1,5,27,7,9
2016-05-27 10:00:00,53.6,16.2,7.7,1017.2,1,4.1,5,27,1,10
2016-05-27 11:00:00,54.0,18.2,9.4,1017.1,2,4.6,5,27,2,11
2016-05-27 12:00:00,56.5,19.3,8.6,1016.8,1,3.6,5,27,3,12
2016-05-27 13:00:00,51.4,20.9,10.0,1016.6,2,3.6,5,27,4,13
2016-05-27 14:00:00,48.9,21.5,9.5,1016.4,1,3.6,5,27,5,14
2016-05-27 15:00:00,49.3,20.6,9.2,1016.3,1,3.6,5,27,6,15
2016-05-27 16:00:00,54.5,20.0,9.0,1015.9211312090064,2,3.1,5,27,7,16
2016-05-27 17:00:00,61.1,20.1,10.2,1015.6,2,3.6,5,27,1,17
2016-05-27 18:00:00,62.8,20.5,11.2,1015.7,1,3.6,5,27,2,18
2016-05-27 19:00:00,63.6,18.1,12.7,1016.0,2,5.1,5,27,3,19
2016-05-27 20:00:00,57.0,16.8,12.0,1016.6,2,4.1,5,27,4,20
2016-05-27 21:00:00,56.4,14.9,12.0,1017.2,2,4.1,5,27,5,21
2016-05-27 22:00:00,57.0,14.0,12.1,1017.3,2,4.6,5,27,6,22
2016-05-27 23:00:00,55.6,14.2,11.9,1017.2,1,3.1,5,27,7,23
2016-05-28 00:00:00,50.0,13.5,11.4,1017.2,1,2.6,5,28,1,0
2016-05-28 01:00:00,44.7,12.5,10.9,1017.0,1,2.1,5,28,2,1
2016-05-28 02:00:00,41.0,11.8,10.4,1016.8,1,3.6,5,28,3,2
2016-05-28 03:00:00,39.9,11.1,9.7,1016.5,1,3.1,5,28,4,3
2016-05-28 04:00:00,37.3,10.4,9.0,1016.5,1,3.1,5,28,5,4
2016-05-28 05:00:00,32.7,11.0,9.0,1016.51540365011,1,2.1,5,28,6,5
2016-05-28 06:00:00,33.8,11.4,9.3,1016.5,1,3.1,5,28,7,6
2016-05-28 07:00:00,37.5,12.2,9.9,1016.5,1,2.6,5,28,1,7
2016-05-28 08:00:00,36.6,12.7,9.8,1016.6,2,3.6,5,28,2,8
2016-05-28 09:00:00,39.8,13.8,9.6,1016.3,1,3.1,5,28,3,9
2016-05-28 10:00:00,45.2,16.2,10.3,1016.0,1,3.1,5,28,4,10
2016-05-28 11:00:00,51.6,17.0,10.2,1015.8,2,3.6,5,28,5,11
2016-05-28 12:00:00,52.6,18.3,11.0,1015.3,1,3.1,5,28,6,12
2016-05-28 13:00:00,57.3,19.1,11.4,1015.1,2,4.1,5,28,7,13
2016-05-28 14:00:00,52.8,19.6,10.8,1014.6,1,3.6,5,28,1,14
2016-05-28 15:00:00,52.6,20.1,10.3,1014.1,2,4.1,5,28,2,15
2016-05-28 16:00:00,51.1,20.5,11.3,1013.4,1,3.6,5,28,3,16
2016-05-28 17:00:00,53.8,20.0,10.5,1012.9,1,4.6,5,28,4,17
2016-05-28 18:00:00,57.1,19.3,10.1,1013.1,1,3.6,5,28,5,18
2016-05-28 19:00:00,60.5,18.6,10.0,1013.5,1,3.6,5,28,6,19
2016-05-28 20:00:00,55.4,17.7,10.2,1013.5,1,3.6,5,28,7,20
2016-05-28 21:00:00,56.2,16.1,11.0,1014.1,1,4.6,5,28,1,21
2016-05-28 22:00:00,57.0,14.7,10.3,1014.0,1,3.6,5,28,2,22
2016-05-28 23:00:00,51.0,13.7,9.5,1014.0,1,3.6,5,28,3,23
2016-05-29 00:00:00,48.1,12.7,9.1,1013.8,1,3.1,5,29,4,0
2016-05-29 01:00:00,46.5,11.8,8.6,1013.6,0,2.1,5,29,5,1
2016-05-29 02:00:00,44.7,10.9,8.1,1013.5,0,2.6,5,29,6,2
2016-05-29 03:00:00,39.5,10.2,7.5,1013.3,0,3.1,5,29,7,3
2016-05-29 04:00:00,35.2,9.8,7.4,1013.0,0,2.6,5,29,1,4
2016-05-29 05:00:00,35.8,9.3,7.8,1012.9,0,2.1,5,29,2,5
2016-05-29 06:00:00,34.4,9.9,8.2,1012.9,0,4.1,5,29,3,6
2016-05-29 07:00:00,33.8,11.1,9.0,1013.0,0,4.1,5,29,4,7
2016-05-29 08:00:00,41.1,11.4,9.0,1013.1,0,4.1,5,29,5,8
2016-05-29 09:00:00,41.4,11.3,9.2,1013.5,0,4.1,5,29,6,9
2016-05-29 10:00:00,45.7,12.3,9.6,1013.7,0,4.1,5,29,7,10
2016-05-29 11:00:00,52.5,13.7,10.2,1013.8,0,4.6,5,29,1,11
2016-05-29 12:00:00,54.5,15.1,10.4,1013.6,0,4.1,5,29,2,12
2016-05-29 13:00:00,53.0,16.3,10.6,1013.6,0,4.6,5,29,3,13
2016-05-29 14:00:00,48.1,17.5,11.0,1013.4,0,4.6,5,29,4,14
2016-05-29 15:00:00,51.7,18.4,12.1,1013.3,0,4.1,5,29,5,15
2016-05-29 16:00:00,54.5,19.0,12.2,1012.9,0,4.6,5,29,6,16
2016-05-29 17:00:00,53.3,18.9,12.0,1013.0,0,5.1,5,29,7,17
2016-05-29 18:00:00,58.0,18.9,11.6,1013.3,0,4.1,5,29,1,18
2016-05-29 19:00:00,60.5,17.5,10.9,1013.8,0,5.1,5,29,2,19
2016-05-29 20:00:00,60.5,16.0,10.5,1014.1,0,4.6,5,29,3,20
2016-05-29 21:00:00,59.0,14.4,11.4,1014.8,0,4.1,5,29,4,21
2016-05-29 22:00:00,55.3,12.7,10.9,1015.3,0,3.6,5,29,5,22
2016-05-29 23:00:00,54.5,12.4,10.6,1015.9,0,4.1,5,29,6,23
2016-05-30 00:00:00,49.5,12.3,10.9,1016.3,1,4.6,5,30,7,0
2016-05-30 01:00:00,43.9,12.3,10.7,1015.2,0,4.1,5,30,1,1
2016-05-30 02:00:00,41.7,12.2,10.5,1015.4,0,5.1,5,30,2,2
2016-05-30 03:00:00,39.2,12.1,10.4,1015.4,0,4.1,5,30,3,3
2016-05-30 04:00:00,39.0,12.0,10.2,1015.1,0,3.6,5,30,4,4
2016-05-30 05:00:00,37.8,12.1,10.0,1015.3,0,3.6,5,30,5,5
2016-05-30 06:00:00,35.1,12.3,9.9,1015.7,0,5.1,5,30,6,6
2016-05-30 07:00:00,35.2,12.7,10.1,1015.7,0,4.6,5,30,7,7
2016-05-30 08:00:00,41.6,13.2,10.5,1016.1,0,4.6,5,30,1,8
2016-05-30 09:00:00,45.1,13.0,10.4,1016.3,0,4.1,5,30,2,9
2016-05-30 10:00:00,50.7,12.7,10.6,1016.6,0,4.6,5,30,3,10
2016-05-30 11:00:00,53.3,13.6,11.0,1016.5,0,4.6,5,30,4,11
2016-05-30 12:00:00,56.1,14.7,11.4,1016.3,0,5.7,5,30,5,12
2016-05-30 13:00:00,59.1,15.1,11.3,1016.2,0,4.6,5,30,6,13
2016-05-30 14:00:00,58.7,16.6,11.7,1016.0,0,4.6,5,30,7,14
2016-05-30 15:00:00,53.4,17.5,11.2,1015.7,0,5.7,5,30,1,15
2016-05-30 16:00:00,52.1,17.3,11.5,1015.4,0,4.6,5,30,2,16
2016-05-30 17:00:00,56.5,17.5,11.7,1015.2,0,5.1,5,30,3,17
2016-05-30 18:00:00,63.0,17.6,10.1,1015.2,0,5.7,5,30,4,18
2016-05-30 19:00:00,66.2,17.4,10.1,1016.0,0,5.7,5,30,5,19
2016-05-30 20:00:00,67.3,16.3,8.9,1016.0,0,6.2,5,30,6,20
2016-05-30 21:00:00,63.7,15.2,9.3,1016.0,0,5.1,5,30,7,21
2016-05-30 22:00:00,59.2,14.5,9.2,1016.0,0,4.6,5,30,1,22
2016-05-30 23:00:00,55.0,13.9,8.3,1016.1,0,4.6,5,30,2,23
2016-05-31 00:00:00,50.3,13.3,7.4,1015.6,0,4.6,5,31,3,0
2016-05-31 01:00:00,48.6,13.1,8.0,1014.9,0,5.1,5,31,4,1
2016-05-31 02:00:00,42.3,12.9,8.2,1015.1,0,5.7,5,31,5,2
2016-05-31 03:00:00,41.2,12.4,8.3,1014.8,0,5.7,5,31,6,3
2016-05-31 04:00:00,40.6,12.2,9.0,1014.8,0,4.6,5,31,7,4
2016-05-31 05:00:00,37.2,11.9,8.8,1014.4,0,6.2,5,31,1,5
2016-05-31 06:00:00,41.4,11.9,9.0,1013.8,0,5.7,5,31,2,6
2016-05-31 07:00:00,46.4,12.2,9.3,1014.7,0,6.7,5,31,3,7
2016-05-31 08:00:00,53.3,11.8,9.7,1015.1,0,5.7,5,31,4,8
2016-05-31 09:00:00,53.2,11.6,10.5,1015.1,0,6.2,5,31,5,9
2016-05-31 10:00:00,54.1,11.4,11.1,1015.7,0,5.7,5,31,6,10
2016-05-31 11:00:00,53.0,11.6,11.2,1016.2,0,4.1,5,31,7,11
2016-05-31 12:00:00,59.8,11.5,11.1,1016.3,0,5.7,5,31,1,12
2016-05-31 13:00:00,63.4,12.2,11.5,1016.5,0,5.1,5,31,2,13
2016-05-31 14:00:00,59.1,12.2,11.2,1017.1,0,4.1,5,31,3,14
2016-05-31 15:00:00,54.5,12.4,11.0,1017.4,0,3.6,5,31,4,15
2016-05-31 16:00:00,64.3,12.7,11.2,1017.3,0,6.2,5,31,5,16
2016-05-31 17:00:00,67.7,12.5,11.0,1017.4,0,6.2,5,31,6,17
2016-05-31 18:00:00,67.7,12.3,11.1,1018.0,0,6.2,5,31,7,18
2016-05-31 19:00:00,71.7,12.2,11.3,1018.3,0,5.7,5,31,1,19
2016-05-31 20:00:00,69.6,12.2,11.5,1019.0,0,4.6,5,31,2,20
2016-05-31 21:00:00,69.1,12.2,11.6,1019.7,0,4.6,5,31,3,21
2016-05-31 22:00:00,64.9,12.3,11.7,1019.8,0,3.6,5,31,4,22
2016-05-31 23:00:00,59.7,12.3,11.8,1019.8,0,4.1,5,31,5,23
2016-06-01 00:00:00,51.1,12.3,11.7,1019.7,0,4.6,6,1,6,0
2016-06-01 01:00:00,47.5,12.6,11.6,1019.8,0,3.6,6,1,7,1
2016-06-01 02:00:00,45.0,12.6,11.6,1019.6,0,5.7,6,1,1,2
2016-06-01 03:00:00,44.9,12.6,11.7,1019.9,0,4.6,6,1,2,3
2016-06-01 04:00:00,40.7,12.6,11.8,1020.0,0,3.6,6,1,3,4
2016-06-01 05:00:00,38.9,12.7,11.8,1020.5,0,3.1,6,1,4,5
2016-06-01 06:00:00,39.0,12.7,11.8,1020.8,0,4.6,6,1,5,6
2016-06-01 07:00:00,41.3,12.9,11.7,1021.4,0,4.1,6,1,6,7
2016-06-01 08:00:00,49.7,12.7,11.4,1021.7,0,4.1,6,1,7,8
2016-06-01 09:00:00,54.0,12.9,11.5,1021.6,0,5.1,6,1,1,9
2016-06-01 10:00:00,54.9,13.1,11.6,1021.7,0,5.7,6,1,2,10
2016-06-01 11:00:00,56.1,13.2,11.8,1021.7,0,5.7,6,1,3,11
2016-06-01 12:00:00,57.9,13.4,11.7,1021.8,0,3.6,6,1,4,12
2016-06-01 13:00:00,52.8,13.2,11.9,1022.1,0,5.1,6,1,5,13
2016-06-01 14:00:00,56.8,13.4,12.0,1022.2,0,4.6,6,1,6,14
2016-06-01 15:00:00,57.1,13.4,11.9,1022.1,0,5.7,6,1,7,15
2016-06-01 16:00:00,60.6,13.7,11.7,1021.9,0,5.7,6,1,1,16
2016-06-01 17:00:00,60.5,13.0,11.9,1021.8,0,5.7,6,1,2,17
2016-06-01 18:00:00,62.0,12.7,11.9,1021.7,0,5.7,6,1,3,18
2016-06-01 19:00:00,66.3,12.7,11.8,1021.9,0,4.6,6,1,4,19
2016-06-01 20:00:00,66.7,12.4,11.6,1021.7,0,6.2,6,1,5,20
2016-06-01 21:00:00,64.7,12.2,11.1,1022.2,0,5.1,6,1,6,21
2016-06-01 22:00:00,60.0,11.7,10.9,1022.3,0,5.7,6,1,7,22
2016-06-01 23:00:00,55.4,11.4,10.7,1022.4,0,4.1,6,1,1,23
2016-06-02 00:00:00,55.2,11.2,10.3,1022.1,0,6.2,6,2,2,0
2016-06-02 01:00:00,50.5,10.9,10.0,1021.9,0,5.7,6,2,3,1
2016-06-02 02:00:00,51.5,10.5,9.7,1021.8,0,5.7,6,2,4,2
2016-06-02 03:00:00,45.6,10.3,9.4,1021.5,0,5.7,6,2,5,3
2016-06-02 04:00:00,42.8,10.3,9.3,1021.4,0,4.6,6,2,6,4
2016-06-02 05:00:00,38.6,10.4,9.1,1021.1,0,4.6,6,2,7,5
2016-06-02 06:00:00,39.4,10.4,8.9,1021.0,0,4.6,6,2,1,6
2016-06-02 07:00:00,44.7,10.4,8.7,1021.2,0,5.1,6,2,2,7
2016-06-02 08:00:00,52.5,10.6,8.4,1021.4,0,5.7,6,2,3,8
2016-06-02 09:00:00,61.0,10.8,8.4,1021.4,0,6.7,6,2,4,9
2016-06-02 10:00:00,57.3,11.6,8.9,1020.8,0,6.7,6,2,5,10
2016-06-02 11:00:00,60.4,12.2,8.9,1020.9,0,5.1,6,2,6,11
2016-06-02 12:00:00,59.8,12.7,9.1,1020.9,0,5.7,6,2,7,12
2016-06-02 13:00:00,66.9,13.4,9.3,1020.6,1,6.7,6,2,1,13
2016-06-02 14:00:00,59.0,13.4,9.0,1020.3,0,5.1,6,2,2,14
2016-06-02 15:00:00,60.4,12.6,9.2,1020.3,0,5.7,6,2,3,15
2016-06-02 16:00:00,65.5,12.5,9.1,1020.0,1,6.2,6,2,4,16
2016-06-02 17:00:00,63.9,12.0,9.0,1020.1,0,6.2,6,2,5,17
2016-06-02 18:00:00,74.4,11.8,8.4,1019.9,1,5.7,6,2,6,18
2016-06-02 19:00:00,70.3,11.1,8.4,1020.0,0,4.6,6,2,7,19
2016-06-02 20:00:00,67.0,10.7,8.1,1020.1,1,4.6,6,2,1,20
2016-06-02 21:00:00,68.8,10.3,7.8,1020.2,1,4.6,6,2,2,21
2016-06-02 22:00:00,65.9,10.1,7.7,1020.4,0,5.7,6,2,3,22
2016-06-02 23:00:00,59.0,9.8,7.8,1020.1,0,3.6,6,2,4,23
2016-06-03 00:00:00,52.5,9.7,7.6,1019.5,0,4.1,6,3,5,0
2016-06-03 01:00:00,49.5,9.5,7.6,1019.2,0,3.6,6,3,6,1
2016-06-03 02:00:00,47.2,9.3,7.5,1018.8,0,4.1,6,3,7,2
2016-06-03 03:00:00,44.2,9.2,7.8,1018.4,0,2.6,6,3,1,3
2016-06-03 04:00:00,44.4,9.2,7.8,1018.1,0,3.1,6,3,2,4
2016-06-03 05:00:00,40.4,9.1,7.6,1018.1,0,3.6,6,3,3,5
2016-06-03 06:00:00,42.2,9.2,7.6,1018.2,1,4.6,6,3,4,6
2016-06-03 07:00:00,45.0,9.3,7.7,1018.3,1,3.6,6,3,5,7
2016-06-03 08:00:00,55.2,9.7,7.6,1018.3,1,3.6,6,3,6,8
2016-06-03 09:00:00,57.7,9.9,7.6,1018.1,0,3.6,6,3,7,9
2016-06-03 10:00:00,56.4,10.7,7.9,1018.0,0,2.6,6,3,1,10
2016-06-03 11:00:00,55.7,11.4,8.0,1017.9,0,3.6,6,3,2,11
2016-06-03 12:00:00,58.0,11.2,8.1,1017.9,0,3.6,6,3,3,12
2016-06-03 13:00:00,55.5,12.4,8.6,1017.5,0,3.6,6,3,4,13
2016-06-03 14:00:00,53.4,12.8,8.9,1017.4,0,3.1,6,3,5,14
2016-06-03 15:00:00,57.9,14.1,9.1,1016.9,0,2.1,6,3,6,15
2016-06-03 16:00:00,58.0,13.9,9.5,1016.9,0,2.6,6,3,7,16
2016-06-03 17:00:00,61.4,14.1,9.8,1016.7,0,3.1,6,3,1,17
2016-06-03 18:00:00,65.2,13.7,9.9,1016.6,0,3.1,6,3,2,18
2016-06-03 19:00:00,64.3,13.2,10.1,1016.7,0,2.6,6,3,3,19
2016-06-03 20:00:00,61.0,12.8,10.3,1016.8,0,2.1,6,3,4,20
2016-06-03 21:00:00,62.8,12.6,10.6,1017.0,1,2.6,6,3,5,21
2016-06-03 22:00:00,59.0,12.5,10.9,1017.1,0,1.5,6,3,6,22
2016-06-03 23:00:00,58.3,12.2,11.4,1017.0,0,1.0,6,3,7,23
2016-06-04 00:00:00,50.6,12.2,11.8,1017.1,0,1.5,6,4,1,0
2016-06-04 01:00:00,42.6,12.1,11.9,1017.1,0,1.0,6,4,2,1
2016-06-04 02:00:00,46.8,12.1,11.9,1016.9,0,1.5,6,4,3,2
2016-06-04 03:00:00,40.5,12.3,11.9,1016.9,0,1.5,6,4,4,3
2016-06-04 04:00:00,39.2,12.3,12.1,1016.6,0,1.5,6,4,5,4
2016-06-04 05:00:00,39.1,12.6,12.3,1016.7,0,1.5,6,4,6,5
2016-06-04 06:00:00,42.5,12.9,12.2,1016.7,0,2.1,6,4,7,6
2016-06-04 07:00:00,40.5,13.3,12.5,1017.0,0,2.1,6,4,1,7
2016-06-04 08:00:00,41.3,13.8,12.7,1017.3,0,2.1,6,4,2,8
2016-06-04 09:00:00,46.9,14.3,13.0,1017.4,0,2.1,6,4,3,9
2016-06-04 10:00:00,48.8,15.2,13.5,1017.4,0,2.1,6,4,4,10
2016-06-04 11:00:00,53.9,16.3,14.1,1017.5,0,2.1,6,4,5,11
2016-06-04 12:00:00,48.0,17.8,14.9,1017.4,0,2.6,6,4,6,12
2016-06-04 13:00:00,51.0,18.6,15.1,1017.3,0,2.6,6,4,7,13
2016-06-04 14:00:00,51.1,18.6,14.9,1017.3,0,2.6,6,4,1,14
2016-06-04 15:00:00,50.8,18.3,15.0,1017.4,0,2.6,6,4,2,15
2016-06-04 16:00:00,46.9,18.6,15.7,1017.3,0,2.6,6,4,3,16
2016-06-04 17:00:00,54.2,18.6,15.8,1017.3,1,2.6,6,4,4,17
2016-06-04 18:00:00,55.6,18.3,15.6,1017.5,1,3.1,6,4,5,18
2016-06-04 19:00:00,60.8,18.2,15.7,1017.7,0,1.5,6,4,6,19
2016-06-04 20:00:00,58.3,18.3,15.9,1018.1,0,1.5,6,4,7,20
2016-06-04 21:00:00,61.6,18.0,15.8,1018.5,0,2.6,6,4,1,21
2016-06-04 22:00:00,57.3,16.6,15.6,1019.1,0,2.1,6,4,2,22
2016-06-04 23:00:00,52.6,15.7,14.7,1019.2,0,2.1,6,4,3,23
2016-06-05 00:00:00,50.9,14.4,13.9,1019.3,0,2.1,6,5,4,0
2016-06-05 01:00:00,47.5,13.2,12.8,1019.4,0,1.5,6,5,5,1
2016-06-05 02:00:00,42.7,12.1,11.9,1019.5,1,2.6,6,5,6,2
2016-06-05 03:00:00,45.4,12.0,11.9,1019.7,1,2.6,6,5,7,3
2016-06-05 04:00:00,43.8,11.9,11.7,1019.9,1,2.1,6,5,1,4
2016-06-05 05:00:00,36.7,11.8,11.1,1020.2,1,2.1,6,5,2,5
2016-06-05 06:00:00,35.8,12.1,11.5,1020.4,0,3.1,6,5,3,6
2016-06-05 07:00:00,38.6,13.0,11.7,1020.6,1,3.1,6,5,4,7
2016-06-05 08:00:00,38.2,13.4,11.5,1021.1,0,3.6,6,5,5,8
2016-06-05 09:00:00,40.6,15.3,12.4,1021.1,1,3.1,6,5,6,9
2016-06-05 10:00:00,41.7,16.6,13.3,1021.5,0,3.6,6,5,7,10
2016-06-05 11:00:00,45.4,18.1,13.2,1021.4,1,3.6,6,5,1,11
2016-06-05 12:00:00,44.2,19.7,13.5,1021.2,1,3.1,6,5,2,12
2016-06-05 13:00:00,44.7,20.7,13.4,1021.0,2,3.6,6,5,3,13
2016-06-05 14:00:00,46.9,21.9,13.5,1020.9,1,4.1,6,5,4,14
2016-06-05 15:00:00,46.7,22.9,14.2,1020.4,2,4.1,6,5,5,15
2016-06-05 16:00:00,45.1,24.0,15.0,1019.9,1,3.1,6,5,6,16
2016-06-05 17:00:00,49.6,23.8,15.6,1020.0,1,3.1,6,5,7,17
2016-06-05 18:00:00,52.5,23.7,15.8,1020.1,1,3.6,6,5,1,18
2016-06-05 19:00:00,53.9,22.8,15.3,1020.2,2,3.1,6,5,2,19
2016-06-05 20:00:00,56.6,20.2,16.0,1020.6,2,4.1,6,5,3,20
2016-06-05 21:00:00,57.9,19.2,15.9,1021.3,2,2.6,6,5,4,21
2016-06-05 22:00:00,55.8,17.1,14.4,1022.0,2,3.1,6,5,5,22
2016-06-05 23:00:00,53.0,15.1,13.2,1022.3,2,4.1,6,5,6,23
2016-06-06 00:00:00,50.4,14.9,13.2,1022.3,1,2.1,6,6,7,0
2016-06-06 01:00:00,45.8,13.9,12.6,1022.2,1,1.5,6,6,1,1
2016-06-06 02:00:00,40.9,13.1,12.2,1021.9,1,2.6,6,6,2,2
2016-06-06 03:00:00,36.8,12.4,12.0,1021.8,1,1.5,6,6,3,3
2016-06-06 04:00:00,36.2,12.2,11.7,1021.6,1,2.6,6,6,4,4
2016-06-06 05:00:00,33.8,11.9,11.3,1021.8,1,2.6,6,6,5,5
2016-06-06 06:00:00,34.7,13.4,11.2,1022.1,1,3.6,6,6,6,6
2016-06-06 07:00:00,36.6,14.9,11.3,1022.1,1,3.1,6,6,7,7
2016-06-06 08:00:00,41.1,16.5,9.7,1022.3,2,3.1,6,6,1,8
2016-06-06 09:00:00,49.0,18.3,9.4,1022.0,2,3.1,6,6,2,9
2016-06-06 10:00:00,46.8,20.9,7.1,1021.8,2,3.1,6,6,3,10
2016-06-06 11:00:00,48.9,22.0,7.4,1021.7,2,4.1,6,6,4,11
2016-06-06 12:00:00,48.7,23.0,8.0,1021.5257506687277,3,5.1,6,6,5,12
2016-06-06 13:00:00,49.0,23.7,10.3,1021.3,2,4.6,6,6,6,13
2016-06-06 14:00:00,45.5,24.5,10.8,1021.1,2,5.1,6,6,7,14
2016-06-06 15:00:00,43.0,23.7,7.3,1021.0,2,5.1,6,6,1,15
2016-06-06 16:00:00,47.3,24.1,7.6,1020.6,2,4.6,6,6,2,16
2016-06-06 17:00:00,49.6,23.6,7.2,1020.6,2,4.6,6,6,3,17
2016-06-06 18:00:00,53.2,22.7,6.6,1020.7,2,5.1,6,6,4,18
2016-06-06 19:00:00,55.1,20.9,5.8,1021.0,2,5.1,6,6,5,19
2016-06-06 20:00:00,57.4,19.0,3.6,1021.4,3,3.6,6,6,6,20
2016-06-06 21:00:00,54.1,17.0,0.4,1021.9,2,4.1,6,6,7,21
2016-06-06 22:00:00,54.9,14.9,5.3,1022.0,2,3.1,6,6,1,22
2016-06-06 23:00:00,55.3,15.7,6.1,1022.1,1,2.1,6,6,2,23
2016-06-07 00:00:00,49.1,14.8,6.8,1022.2,2,2.1,6,7,3,0
2016-06-07 01:00:00,44.1,13.3,7.4,1022.1,2,1.5,6,7,4,1
2016-06-07 02:00:00,40.3,13.6,7.4,1022.1,0,1.0,6,7,5,2
2016-06-07 03:00:00,38.7,13.1,7.8,1022.0,1,2.1,6,7,6,3
2016-06-07 04:00:00,34.6,12.8,7.8,1022.3,1,1.5,6,7,7,4
2016-06-07 05:00:00,32.2,13.3,9.3,1022.3,1,1.0,6,7,1,5
2016-06-07 06:00:00,31.8,14.1,9.7,1022.7,1,1.0,6,7,2,6
2016-06-07 07:00:00,35.1,15.8,10.8,1022.8,7,1.5,6,7,3,7
2016-06-07 08:00:00,40.3,18.2,12.0,1022.8,2,1.0,6,7,4,8
2016-06-07 09:00:00,48.8,20.1,12.3,1023.0,0,1.0,6,7,5,9
2016-06-07 10:00:00,48.5,21.6,13.6,1022.9,1,1.5,6,7,6,10
2016-06-07 11:00:00,50.7,23.7,14.6,1022.9,6,1.0,6,7,7,11
2016-06-07 12:00:00,52.7,23.8,14.1,1022.8,6,1.5,6,7,1,12
2016-06-07 13:00:00,53.8,23.1,15.1,1022.7,6,3.1,6,7,2,13
2016-06-07 14:00:00,51.6,21.9,18.9,1022.9,5,1.5,6,7,3,14
2016-06-07 15:00:00,49.9,21.5,17.9,1022.6,3,3.6,6,7,4,15
2016-06-07 16:00:00,48.4,21.9,18.2,1022.2,3,2.6,6,7,5,16
2016-06-07 17:00:00,50.5,22.6,16.4,1022.2,1,1.5,6,7,6,17
2016-06-07 18:00:00,51.3,22.5,16.4,1022.4,2,1.5,6,7,7,18
2016-06-07 19:00:00,54.4,22.5,16.7,1022.5,0,1.5,6,7,1,19
2016-06-07 20:00:00,52.2,21.1,18.5,1022.9,0,1.5,6,7,2,20
2016-06-07 21:00:00,55.7,19.4,18.2,1023.2,3,4.1,6,7,3,21
2016-06-07 22:00:00,57.7,19.1,18.4,1023.8,7,1.5,6,7,4,22
2016-06-07 23:00:00,54.4,18.0,17.7,1023.9,1,0.5,6,7,5,23
2016-06-08 00:00:00,47.9,17.6,17.6,1024.0,1,2.1,6,8,6,0
2016-06-08 01:00:00,44.3,16.3,15.6,1023.8,2,1.5,6,8,7,1
2016-06-08 02:00:00,42.0,16.1,14.6,1023.7,1,1.5,6,8,1,2
2016-06-08 03:00:00,39.5,15.6,14.3,1023.5,0,2.1,6,8,2,3
2016-06-08 04:00:00,36.2,15.4,14.8,1023.2,0,1.5,6,8,3,4
2016-06-08 05:00:00,36.6,15.6,15.3,1023.5,0,1.0,6,8,4,5
2016-06-08 06:00:00,34.3,16.6,16.5,1023.8,0,2.1,6,8,5,6
2016-06-08 07:00:00,36.9,17.6,17.2,1023.9,7,2.1,6,8,6,7
2016-06-08 08:00:00,43.7,18.6,17.4,1024.2,3,1.0,6,8,7,8
2016-06-08 09:00:00,47.4,19.7,17.0,1024.4,7,1.0,6,8,1,9
2016-06-08 10:00:00,49.0,20.6,17.4,1024.4,4,0.5,6,8,2,10
2016-06-08 11:00:00,49.6,22.4,16.8,1024.2,6,2.1,6,8,3,11
2016-06-08 12:00:00,52.8,22.9,16.6,1024.2,6,2.6,6,8,4,12
2016-06-08 13:00:00,53.6,24.0,14.7,1023.7,6,2.6,6,8,5,13
2016-06-08 14:00:00,50.1,24.9,16.2,1023.2,7,3.6,6,8,6,14
2016-06-08 15:00:00,53.2,21.1,15.1,1023.6,7,1.5,6,8,7,15
2016-06-08 16:00:00,54.8,19.9,15.7,1023.9,1,4.6,6,8,1,16
2016-06-08 17:00:00,56.9,19.2,16.7,1023.1,1,1.5,6,8,2,17
2016-06-08 18:00:00,58.5,20.2,16.9,1023.0,7,1.0,6,8,3,18
2016-06-08 19:00:00,52.8,21.1,17.5,1022.9,0,1.0,6,8,4,19
2016-06-08 20:00:00,55.9,20.5,17.9,1023.1,0,1.5,6,8,5,20
2016-06-08 21:00:00,56.7,18.4,15.7,1023.7,1,3.1,6,8,6,21
2016-06-08 22:00:00,59.5,16.8,14.5,1024.0,1,2.6,6,8,7,22
2016-06-08 23:00:00,53.4,14.1,13.3,1024.0,2,3.6,6,8,1,23
2016-06-09 00:00:00,48.3,13.8,13.6,1024.2,2,2.6,6,9,2,0
2016-06-09 01:00:00,44.7,13.8,13.5,1024.0,1,3.1,6,9,3,1
2016-06-09 02:00:00,41.2,13.6,13.2,1023.9,2,1.5,6,9,4,2
2016-06-09 03:00:00,39.8,13.4,12.2,1023.7,1,2.6,6,9,5,3
2016-06-09 04:00:00,35.0,13.4,12.2,1023.7,0,2.1,6,9,6,4
2016-06-09 05:00:00,35.9,13.6,12.0,1023.6,1,1.5,6,9,7,5
2016-06-09 06:00:00,38.4,13.5,11.3,1023.6,1,2.1,6,9,1,6
2016-06-09 07:00:00,40.4,13.8,11.4,1023.4,1,2.6,6,9,2,7
2016-06-09 08:00:00,45.2,14.1,11.8,1023.4,1,2.1,6,9,3,8
2016-06-09 09:00:00,50.3,14.8,11.8,1023.1,1,2.1,6,9,4,9
2016-06-09 10:00:00,50.5,16.7,11.9,1022.9,2,1.5,6,9,5,10
2016-06-09 11:00:00,49.8,18.5,12.2,1022.3,1,2.1,6,9,6,11
2016-06-09 12:00:00,49.7,19.8,12.0,1021.7,1,3.1,6,9,7,12
2016-06-09 13:00:00,47.3,21.2,11.9,1021.3,2,2.1,6,9,1,13
2016-06-09 14:00:00,47.3,22.2,11.8,1020.5,2,2.1,6,9,2,14
2016-06-09 15:00:00,47.0,22.9,12.2,1020.3,1,2.1,6,9,3,15
2016-06-09 16:00:00,48.2,23.1,12.1,1019.4,3,1.5,6,9,4,16
2016-06-09 17:00:00,49.6,22.3,11.1,1019.0,1,2.6,6,9,5,17
2016-06-09 18:00:00,53.9,21.5,12.1,1018.6,2,3.1,6,9,6,18
2016-06-09 19:00:00,52.8,20.0,11.4,1018.3,2,3.6,6,9,7,19
2016-06-09 20:00:00,57.9,18.7,12.7,1018.1,2,4.1,6,9,1,20
2016-06-09 21:00:00,53.7,17.3,13.7,1018.2,2,4.1,6,9,2,21
2016-06-09 22:00:00,51.9,15.7,13.4,1018.4,2,2.6,6,9,3,22
2016-06-09 23:00:00,49.1,15.7,13.3,1018.1,2,2.1,6,9,4,23
2016-06-10 00:00:00,48.9,15.4,13.7,1017.7,3,2.1,6,10,5,0
2016-06-10 01:00:00,45.8,15.1,14.2,1017.0,3,2.1,6,10,6,1
2016-06-10 02:00:00,41.4,14.6,13.9,1016.5,3,2.1,6,10,7,2
2016-06-10 03:00:00,39.1,14.1,13.6,1015.8,3,1.5,6,10,1,3
2016-06-10 04:00:00,34.1,13.8,13.2,1015.4,2,1.5,6,10,2,4
2016-06-10 05:00:00,38.2,14.2,13.1,1015.2,3,1.0,6,10,3,5
2016-06-10 06:00:00,34.6,15.1,13.3,1014.9,1,2.1,6,10,4,6
2016-06-10 07:00:00,35.4,15.9,10.7,1015.1,3,2.1,6,10,5,7
2016-06-10 08:00:00,44.6,16.6,10.0,1015.1,3,2.1,6,10,6,8
2016-06-10 09:00:00,44.3,17.3,9.0,1015.0,3,2.1,6,10,7,9
2016-06-10 10:00:00,50.5,18.3,6.1,1014.5,3,2.1,6,10,1,10
2016-06-10 11:00:00,45.8,19.7,6.5,1014.1,3,2.1,6,10,2,11
2016-06-10 12:00:00,47.3,21.3,7.8,1013.4,2,2.1,6,10,3,12
2016-06-10 13:00:00,42.5,23.0,9.6,1013.0,3,2.6,6,10,4,13
2016-06-10 14:00:00,43.1,22.9,8.9,1012.4,3,2.1,6,10,5,14
2016-06-10 15:00:00,46.3,22.8,9.6,1012.1,4,2.6,6,10,6,15
2016-06-10 16:00:00,48.8,22.4,11.2,1011.5,4,3.1,6,10,7,16
2016-06-10 17:00:00,50.1,22.5,11.8,1010.9,5,2.1,6,10,1,17
2016-06-10 18:00:00,57.2,21.9,12.8,1010.7,5,3.1,6,10,2,18
2016-06-10 19:00:00,55.7,19.0,14.4,1011.2,6,4.6,6,10,3,19
2016-06-10 20:00:00,59.6,18.0,14.0,1010.9,7,2.1,6,10,4,20
2016-06-10 21:00:00,55.0,18.0,14.4,1011.2,0,1.0,6,10,5,21
2016-06-10 22:00:00,54.2,17.2,14.4,1011.3,2,1.5,6,10,6,22
2016-06-10 23:00:00,53.2,17.4,14.7,1010.9,1,1.0,6,10,7,23
2016-06-11 00:00:00,47.8,17.5,15.3,1010.9,5,2.1,6,11,1,0
2016-06-11 01:00:00,48.1,17.0,14.2,1010.6,5,1.5,6,11,2,1
2016-06-11 02:00:00,42.2,16.3,14.0,1010.5,4,1.5,6,11,3,2
2016-06-11 03:00:00,39.5,16.4,14.3,1010.3,5,2.1,6,11,4,3
2016-06-11 04:00:00,37.3,16.2,14.6,1010.3,5,1.5,6,11,5,4
2016-06-11 05:00:00,35.1,16.3,15.0,1010.5,5,2.6,6,11,6,5
2016-06-11 06:00:00,33.6,16.6,15.5,1010.6,6,2.6,6,11,7,6
2016-06-11 07:00:00,35.1,17.1,16.0,1011.0,7,0.5,6,11,1,7
2016-06-11 08:00:00,35.2,18.5,15.8,1010.9,7,2.1,6,11,2,8
2016-06-11 09:00:00,34.9,20.4,15.3,1011.0,0,1.5,6,11,3,9
2016-06-11 10:00:00,40.2,20.4,13.9,1011.0,7,2.1,6,11,4,10
2016-06-11 11:00:00,39.5,21.2,13.5,1011.1,7,2.1,6,11,5,11
2016-06-11 12:00:00,44.4,21.4,12.7,1011.1,7,2.6,6,11,6,12
2016-06-11 13:00:00,52.1,21.9,12.8,1010.9,7,2.1,6,11,7,13
2016-06-11 14:00:00,48.5,21.7,12.9,1010.8,6,3.6,6,11,1,14
2016-06-11 15:00:00,47.0,21.5,13.8,1010.6,7,3.1,6,11,2,15
2016-06-11 16:00:00,47.7,21.8,12.1,1010.4,7,2.6,6,11,3,16
2016-06-11 17:00:00,51.5,21.2,12.6,1010.3,6,2.6,6,11,4,17
2016-06-11 18:00:00,51.8,20.4,13.8,1010.3,6,2.1,6,11,5,18
2016-06-11 19:00:00,55.6,19.9,13.6,1010.4,5,2.6,6,11,6,19
2016-06-11 20:00:00,51.8,18.6,14.5,1010.3,4,3.6,6,11,7,20
2016-06-11 21:00:00,51.3,18.1,14.7,1010.5,4,3.6,6,11,1,21
2016-06-11 22:00:00,49.1,17.9,14.8,1010.5,4,3.1,6,11,2,22
2016-06-11 23:00:00,46.6,17.5,14.9,1010.4,4,3.1,6,11,3,23
2016-06-12 00:00:00,44.5,17.2,14.3,1010.3,5,3.6,6,12,4,0
2016-06-12 01:00:00,39.8,16.4,13.4,1009.9,5,3.6,6,12,5,1
2016-06-12 02:00:00,39.3,15.4,13.5,1009.7,4,3.1,6,12,6,2
2016-06-12 03:00:00,37.4,14.6,13.7,1009.3,5,4.6,6,12,7,3
2016-06-12 04:00:00,31.7,14.4,13.8,1009.2,5,3.1,6,12,1,4
2016-06-12 05:00:00,30.3,14.3,13.0,1009.0,4,3.6,6,12,2,5
2016-06-12 06:00:00,30.9,14.3,12.5,1009.0,5,3.6,6,12,3,6
2016-06-12 07:00:00,34.4,14.4,13.1,1008.8,4,3.1,6,12,4,7
2016-06-12 08:00:00,40.4,15.1,13.9,1008.4,4,3.6,6,12,5,8
2016-06-12 09:00:00,41.9,15.7,14.5,1008.0,4,3.6,6,12,6,9
2016-06-12 10:00:00,41.0,14.8,14.8,1007.7,4,3.6,6,12,7,10
2016-06-12 11:00:00,44.5,15.3,15.3,1007.2,4,3.1,6,12,1,11
2016-06-12 12:00:00,45.5,15.8,15.6,1006.9,4,3.1,6,12,2,12
2016-06-12 13:00:00,45.8,17.3,16.7,1006.6,5,3.1,6,12,3,13
2016-06-12 14:00:00,43.5,20.0,15.7,1005.8,5,3.6,6,12,4,14
2016-06-12 15:00:00,44.6,20.7,17.2,1005.2,5,4.1,6,12,5,15
2016-06-12 16:00:00,47.7,18.8,16.8,1004.9,5,4.1,6,12,6,16
2016-06-12 17:00:00,52.5,19.1,17.0,1004.7,5,4.6,6,12,7,17
2016-06-12 18:00:00,52.2,19.2,16.4,1004.2,5,5.1,6,12,1,18
2016-06-12 19:00:00,49.1,19.1,16.1,1004.1,5,3.6,6,12,2,19
2016-06-12 20:00:00,54.6,18.9,16.1,1004.1,6,3.6,6,12,3,20
2016-06-12 21:00:00,53.6,17.9,14.8,1004.5,6,3.6,6,12,4,21
2016-06-12 22:00:00,52.3,17.1,14.6,1004.6,6,3.1,6,12,5,22
2016-06-12 23:00:00,51.1,16.5,14.6,1004.6,6,3.1,6,12,6,23
2016-06-13 00:00:00,47.1,15.6,14.5,1004.4,6,4.6,6,13,7,0
2016-06-13 01:00:00,41.5,15.4,14.6,1004.3,6,4.6,6,13,1,1
2016-06-13 02:00:00,36.6,15.5,14.3,1004.1,6,3.6,6,13,2,2
2016-06-13 03:00:00,36.8,13.8,13.4,1003.8,6,4.6,6,13,3,3
2016-06-13 04:00:00,33.2,14.2,13.9,1003.7,6,4.6,6,13,4,4
2016-06-13 05:00:00,33.4,15.0,13.0,1003.5683809277783,6,4.1,6,13,5,5
2016-06-13 06:00:00,34.8,15.2,13.6,1003.3,6,5.1,6,13,6,6
2016-06-13 07:00:00,35.7,15.9,13.9,1002.9,6,3.6,6,13,7,7
2016-06-13 08:00:00,42.4,16.3,14.2,1002.7,6,4.6,6,13,1,8
2016-06-13 09:00:00,46.6,15.5,15.2,1002.5,5,4.6,6,13,2,9
2016-06-13 10:00:00,47.4,16.4,16.1,1002.2,6,4.6,6,13,3,10
2016-06-13 11:00:00,54.3,17.3,14.8,1002.1,6,4.1,6,13,4,11
2016-06-13 12:00:00,51.0,18.8,14.4,1001.7,6,4.1,6,13,5,12
2016-06-13 13:00:00,49.3,17.7,14.2,1001.4,6,4.1,6,13,6,13
2016-06-13 14:00:00,46.4,16.0,14.4,1001.5,6,5.7,6,13,7,14
2016-06-13 15:00:00,49.3,19.0,14.3,1001.2,6,4.1,6,13,1,15
2016-06-13 16:00:00,46.2,17.6,12.9,1001.3,6,5.7,6,13,2,16
2016-06-13 17:00:00,51.6,17.5,12.8,1001.0,6,4.1,6,13,3,17
2016-06-13 18:00:00,54.1,18.0,12.8,1001.0,7,3.6,6,13,4,18
2016-06-13 19:00:00,53.1,17.7,12.4,1001.0,6,4.1,6,13,5,19
2016-06-13 20:00:00,50.5,17.2,13.7,1000.9,6,3.1,6,13,6,20
2016-06-13 21:00:00,45.8,16.8,14.1,1000.9,5,3.6,6,13,7,21
2016-06-13 22:00:00,49.5,16.1,14.0,1000.5,5,4.6,6,13,1,22
2016-06-13 23:00:00,47.5,14.8,14.7,1000.4,5,5.1,6,13,2,23
2016-06-14 00:00:00,44.8,13.7,13.4,1000.3,6,3.6,6,14,3,0
2016-06-14 01:00:00,40.8,14.0,13.9,999.7,4,2.1,6,14,4,1
2016-06-14 02:00:00,38.7,13.8,13.7,999.2,5,3.1,6,14,5,2
2016-06-14 03:00:00,37.1,13.9,13.9,998.6,5,2.6,6,14,6,3
2016-06-14 04:00:00,33.8,13.5,13.3,998.2,5,4.1,6,14,7,4
2016-06-14 05:00:00,35.1,14.1,13.9,997.7,5,3.1,6,14,1,5
2016-06-14 06:00:00,34.4,13.9,13.7,997.4,5,3.1,6,14,2,6
2016-06-14 07:00:00,33.7,14.9,14.0,997.0,5,4.1,6,14,3,7
2016-06-14 08:00:00,39.4,15.6,14.3,997.0,5,3.6,6,14,4,8
2016-06-14 09:00:00,46.3,16.0,14.7,996.7,5,5.7,6,14,5,9
2016-06-14 10:00:00,49.5,15.8,15.0,996.5,5,6.2,6,14,6,10
2016-06-14 11:00:00,49.7,16.1,15.5,996.2,5,4.6,6,14,7,11
2016-06-14 12:00:00,50.1,18.6,14.5,995.8,5,7.2,6,14,1,12
2016-06-14 13:00:00,47.7,16.2,14.9,995.8,6,7.2,6,14,2,13
2016-06-14 14:00:00,50.2,17.0,14.3,995.6,5,6.2,6,14,3,14
2016-06-14 15:00:00,47.9,17.0,15.4,995.4,5,5.1,6,14,4,15
2016-06-14 16:00:00,49.3,18.0,12.9,995.1,5,6.2,6,14,5,16
2016-06-14 17:00:00,51.5,17.5,12.8,995.0,5,5.7,6,14,6,17
2016-06-14 18:00:00,48.0,17.4,12.6,994.8,5,5.1,6,14,7,18
2016-06-14 19:00:00,51.4,17.0,12.2,995.0,5,6.7,6,14,1,19
2016-06-14 20:00:00,48.5,16.2,12.3,995.1,5,4.1,6,14,2,20
2016-06-14 21:00:00,45.5,15.5,12.4,995.5,5,4.6,6,14,3,21
2016-06-14 22:00:00,48.5,14.9,11.8,995.5,6,6.2,6,14,4,22
2016-06-14 23:00:00,48.0,14.0,11.0,995.6,6,4.6,6,14,5,23
2016-06-15 00:00:00,42.3,14.0,11.3,995.6,5,4.1,6,15,6,0
2016-06-15 01:00:00,37.1,13.4,11.3,995.5,5,3.6,6,15,7,1
2016-06-15 02:00:00,34.8,12.8,11.3,995.2,5,3.6,6,15,1,2
2016-06-15 03:00:00,32.2,12.4,11.4,995.2,5,2.6,6,15,2,3
2016-06-15 04:00:00,32.4,11.9,11.4,995.3,4,2.6,6,15,3,4
2016-06-15 05:00:00,30.2,12.5,12.0,995.6,4,3.1,6,15,4,5
2016-06-15 06:00:00,30.6,13.8,12.0,995.8,5,3.6,6,15,5,6
2016-06-15 07:00:00,31.9,14.7,12.1,996.0,4,3.6,6,15,6,7
2016-06-15 08:00:00,38.1,15.8,11.5,996.2,5,4.6,6,15,7,8
2016-06-15 09:00:00,43.9,17.0,11.4,996.3,5,4.1,6,15,1,9
2016-06-15 10:00:00,43.5,17.6,11.2,996.3,4,3.6,6,15,2,10
2016-06-15 11:00:00,51.0,19.4,11.8,996.3,5,2.6,6,15,3,11
2016-06-15 12:00:00,48.1,14.6,11.9,996.9,5,7.2,6,15,4,12
2016-06-15 13:00:00,47.1,16.8,15.2,997.0,4,4.6,6,15,5,13
2016-06-15 14:00:00,41.3,14.8,12.9,997.1,4,4.1,6,15,6,14
2016-06-15 15:00:00,42.0,16.5,13.5,996.9,4,4.1,6,15,7,15
2016-06-15 16:00:00,44.6,18.2,12.3,996.8,5,4.6,6,15,1,16
2016-06-15 17:00:00,51.4,18.3,10.2,997.1,5,8.2,6,15,2,17
2016-06-15 18:00:00,51.9,16.3,12.1,997.4,6,5.1,6,15,3,18
2016-06-15 19:00:00,48.0,16.4,11.3,997.9,5,4.1,6,15,4,19
2016-06-15 20:00:00,51.2,16.1,11.1,998.1,4,4.1,6,15,5,20
2016-06-15 21:00:00,50.8,15.3,11.3,998.9,4,3.6,6,15,6,21
2016-06-15 22:00:00,47.4,14.6,11.7,999.5,5,3.6,6,15,7,22
2016-06-15 23:00:00,44.0,13.2,11.8,999.6,4,3.1,6,15,1,23
2016-06-16 00:00:00,42.5,12.6,11.9,999.7,3,2.6,6,16,2,0
2016-06-16 01:00:00,36.2,12.9,12.4,999.6,4,2.1,6,16,3,1
2016-06-16 02:00:00,35.7,13.0,12.5,999.7,3,2.1,6,16,4,2
2016-06-16 03:00:00,34.8,13.5,12.8,999.5,4,2.6,6,16,5,3
2016-06-16 04:00:00,32.0,13.2,12.4,999.3,3,2.1,6,16,6,4
2016-06-16 05:00:00,31.1,13.5,12.7,999.5,3,3.1,6,16,7,5
2016-06-16 06:00:00,31.5,13.9,12.2,999.8,3,3.1,6,16,1,6
2016-06-16 07:00:00,33.3,14.6,12.6,1000.2,4,3.1,6,16,2,7
2016-06-16 08:00:00,39.5,15.1,12.9,1000.5,3,3.1,6,16,3,8
2016-06-16 09:00:00,46.0,14.1,13.9,1000.8,2,4.1,6,16,4,9
2016-06-16 10:00:00,48.6,15.3,14.1,1000.8,2,2.6,6,16,5,10
2016-06-16 11:00:00,50.1,16.2,14.4,1000.8,2,2.1,6,16,6,11
2016-06-16 12:00:00,49.9,16.1,13.9,1000.7,3,2.1,6,16,7,12
2016-06-16 13:00:00,48.0,17.4,13.1,1000.5,2,3.6,6,16,1,13
2016-06-16 14:00:00,45.9,17.4,13.8,1000.5,2,3.1,6,16,2,14
2016-06-16 15:00:00,46.7,16.7,13.9,1000.6,3,3.1,6,16,3,15
2016-06-16 16:00:00,47.0,17.7,13.8,1000.2,3,2.6,6,16,4,16
2016-06-16 17:00:00,49.9,17.6,13.7,1000.5,5,2.6,6,16,5,17
2016-06-16 18:00:00,53.3,17.4,12.8,1000.4,5,2.1,6,16,6,18
2016-06-16 19:00:00,49.0,13.3,11.6,1001.2,3,2.6,6,16,7,19
2016-06-16 20:00:00,55.1,13.8,12.8,1001.5,1,0.5,6,16,1,20
2016-06-16 21:00:00,53.7,13.7,13.5,1001.7,7,1.5,6,16,2,21
2016-06-16 22:00:00,50.1,13.5,13.5,1001.9,0,1.5,6,16,3,22
2016-06-16 23:00:00,49.1,13.3,13.3,1002.2,1,1.0,6,16,4,23
2016-06-17 00:00:00,43.1,13.1,13.1,1002.4,7,1.5,6,17,5,0
2016-06-17 01:00:00,40.2,13.0,13.0,1002.6,0,2.6,6,17,6,1
2016-06-17 02:00:00,37.7,13.0,12.9,1002.8,0,2.6,6,17,7,2
2016-06-17 03:00:00,31.9,12.9,12.9,1002.8,0,2.1,6,17,1,3
2016-06-17 04:00:00,33.0,12.9,12.9,1003.1,1,1.5,6,17,2,4
2016-06-17 05:00:00,30.9,13.1,12.9,1003.7,1,2.6,6,17,3,5
2016-06-17 06:00:00,34.8,13.4,12.7,1004.4,0,2.6,6,17,4,6
2016-06-17 07:00:00,36.4,13.7,12.7,1004.9,0,3.6,6,17,5,7
2016-06-17 08:00:00,41.5,14.9,13.1,1005.6,0,3.6,6,17,6,8
2016-06-17 09:00:00,50.5,14.7,12.9,1006.2,0,4.1,6,17,7,9
2016-06-17 10:00:00,52.4,15.5,12.7,1006.7,0,3.6,6,17,1,10
2016-06-17 11:00:00,51.9,16.4,12.9,1007.4,0,3.1,6,17,2,11
2016-06-17 12:00:00,55.7,17.0,12.3,1007.7,7,2.6,6,17,3,12
2016-06-17 13:00:00,53.0,19.1,12.3,1007.9,0,3.1,6,17,4,13
2016-06-17 14:00:00,48.3,18.4,12.1,1008.4,7,3.1,6,17,5,14
2016-06-17 15:00:00,45.8,18.7,12.3,1009.0,0,3.6,6,17,6,15
2016-06-17 16:00:00,51.4,19.1,11.7,1009.2,0,3.6,6,17,7,16
2016-06-17 17:00:00,48.3,18.7,11.7,1009.8,1,5.1,6,17,1,17
2016-06-17 18:00:00,45.2,18.4,12.7,1010.9,1,3.6,6,17,2,18
2016-06-17 19:00:00,49.5,16.5,13.6,1011.5,4,2.6,6,17,3,19
2016-06-17 20:00:00,51.2,16.1,13.4,1012.0,4,2.6,6,17,4,20
2016-06-17 21:00:00,47.2,15.2,13.0,1012.9,6,2.6,6,17,5,21
2016-06-17 22:00:00,48.9,14.4,12.1,1013.8,0,3.6,6,17,6,22
2016-06-17 23:00:00,46.7,13.1,12.7,1014.0,4,0.5,6,17,7,23
2016-06-18 00:00:00,41.3,13.4,13.2,1014.4,6,2.6,6,18,1,0
2016-06-18 01:00:00,39.2,13.4,13.3,1014.7,7,2.1,6,18,2,1
2016-06-18 02:00:00,35.1,13.1,12.8,1014.8,6,2.6,6,18,3,2
2016-06-18 03:00:00,31.3,12.0,11.5,1015.1,7,2.1,6,18,4,3
2016-06-18 04:00:00,31.3,12.3,11.5,1015.6,7,2.6,6,18,5,4
2016-06-18 05:00:00,30.8,12.7,11.5,1016.0,6,2.6,6,18,6,5
2016-06-18 06:00:00,32.3,13.1,11.6,1016.6,7,2.6,6,18,7,6
2016-06-18 07:00:00,36.0,13.9,11.8,1017.1,7,3.1,6,18,1,7
2016-06-18 08:00:00,38.4,14.3,11.5,1018.1,7,3.1,6,18,2,8
2016-06-18 09:00:00,43.8,14.7,12.0,1018.7,7,3.6,6,18,3,9
2016-06-18 10:00:00,45.4,15.3,12.3,1019.3,0,2.6,6,18,4,10
2016-06-18 11:00:00,46.6,14.1,12.4,1020.0,6,2.6,6,18,5,11
2016-06-18 12:00:00,49.1,16.0,11.9,1020.1,6,2.6,6,18,6,12
2016-06-18 13:00:00,45.9,16.1,11.4,1020.7,7,2.6,6,18,7,13
2016-06-18 14:00:00,47.4,16.9,11.0,1021.0,7,4.1,6,18,1,14
2016-06-18 15:00:00,44.9,16.3,11.3,1021.5,7,3.1,6,18,2,15
2016-06-18 16:00:00,46.0,16.8,10.5,1021.7,7,3.1,6,18,3,16
2016-06-18 17:00:00,44.5,15.9,11.0,1022.1,6,3.1,6,18,4,17
2016-06-18 18:00:00,52.1,16.0,11.3,1022.4,7,1.5,6,18,5,18
2016-06-18 19:00:00,49.8,16.0,11.6,1022.8,7,1.0,6,18,6,19
2016-06-18 20:00:00,46.7,15.9,11.3,1023.0,7,1.0,6,18,7,20
2016-06-18 21:00:00,49.0,14.4,11.3,1023.5,4,1.0,6,18,1,21
2016-06-18 22:00:00,44.2,15.0,12.2,1023.8,4,2.1,6,18,2,22
2016-06-18 23:00:00,42.2,13.9,12.4,1024.0,4,2.1,6,18,3,23
2016-06-19 00:00:00,41.1,13.8,12.4,1024.0,4,2.6,6,19,4,0
2016-06-19 01:00:00,37.2,13.2,11.7,1023.9,5,2.6,6,19,5,1
2016-06-19 02:00:00,34.1,12.7,12.1,1024.0,5,2.6,6,19,6,2
2016-06-19 03:00:00,32.9,12.4,12.0,1023.9,5,3.1,6,19,7,3
2016-06-19 04:00:00,32.1,11.8,11.6,1023.9,5,2.6,6,19,1,4
2016-06-19 05:00:00,29.8,12.0,11.7,1024.1,5,3.6,6,19,2,5
2016-06-19 06:00:00,32.5,13.4,12.1,1024.3,6,2.6,6,19,3,6
2016-06-19 07:00:00,31.5,15.0,12.3,1024.4,6,2.6,6,19,4,7
2016-06-19 08:00:00,30.2,16.5,12.6,1024.3,5,2.1,6,19,5,8
2016-06-19 09:00:00,36.8,17.7,11.8,1024.1,5,4.6,6,19,6,9
2016-06-19 10:00:00,39.9,18.6,11.3,1024.0,5,5.7,6,19,7,10
2016-06-19 11:00:00,43.8,20.1,12.5,1023.8,6,5.1,6,19,1,11
2016-06-19 12:00:00,44.4,20.0,12.0,1023.5,5,4.6,6,19,2,12
2016-06-19 13:00:00,43.3,18.3,12.2,1023.3,5,5.1,6,19,3,13
2016-06-19 14:00:00,44.0,19.0,12.9,1022.9,5,4.1,6,19,4,14
2016-06-19 15:00:00,41.3,18.7,13.1,1022.3,5,7.2,6,19,5,15
2016-06-19 16:00:00,41.0,18.3,13.6,1021.8,5,6.2,6,19,6,16
2016-06-19 17:00:00,40.9,17.4,14.0,1021.6,5,6.7,6,19,7,17
2016-06-19 18:00:00,47.4,16.7,14.6,1021.1,5,6.2,6,19,1,18
2016-06-19 19:00:00,50.4,15.9,15.1,1020.6,5,5.7,6,19,2,19
2016-06-19 20:00:00,48.5,15.6,15.2,1020.1,5,4.6,6,19,3,20
2016-06-19 21:00:00,47.6,15.5,15.5,1019.9,4,5.7,6,19,4,21
2016-06-19 22:00:00,47.3,15.6,15.6,1019.3,4,4.6,6,19,5,22
2016-06-19 23:00:00,46.8,15.5,15.5,1018.6,5,5.7,6,19,6,23
2016-06-20 00:00:00,39.9,15.4,15.4,1017.8,4,5.1,6,20,7,0
2016-06-20 01:00:00,38.6,15.4,15.4,1017.0,5,6.2,6,20,1,1
2016-06-20 02:00:00,34.7,15.5,15.5,1016.6,5,6.7,6,20,2,2
2016-06-20 03:00:00,32.8,15.2,15.2,1015.7,5,6.7,6,20,3,3
2016-06-20 04:00:00,32.6,15.2,15.1,1015.0,5,7.2,6,20,4,4
2016-06-20 05:00:00,32.1,15.2,15.2,1014.4,5,6.2,6,20,5,5
2016-06-20 06:00:00,32.8,15.2,15.2,1014.0,5,6.7,6,20,6,6
2016-06-20 07:00:00,38.0,15.2,15.2,1013.5,5,5.1,6,20,7,7
2016-06-20 08:00:00,41.2,15.3,15.3,1013.0,4,4.6,6,20,1,8
2016-06-20 09:00:00,48.5,15.3,15.3,1012.3,4,5.1,6,20,2,9
2016-06-20 10:00:00,46.9,15.9,15.9,1011.7,0,0.0,6,20,3,10
2016-06-20 11:00:00,46.8,16.5,16.5,1011.7,5,4.6,6,20,4,11
2016-06-20 12:00:00,48.5,17.5,17.0,1011.3,6,4.6,6,20,5,12
2016-06-20 13:00:00,42.2,19.3,17.9,1011.6,5,5.1,6,20,6,13
2016-06-20 14:00:00,42.1,21.1,18.9,1011.7,6,5.7,6,20,7,14
2016-06-20 15:00:00,40.4,21.4,16.9,1011.8,6,6.7,6,20,1,15
2016-06-20 16:00:00,40.5,21.6,16.3,1012.0,6,8.8,6,20,2,16
2016-06-20 17:00:00,43.4,22.1,16.7,1012.4,6,6.7,6,20,3,17
2016-06-20 18:00:00,44.0,21.5,14.8,1012.7,6,8.2,6,20,4,18
2016-06-20 19:00:00,41.8,20.8,14.5,1013.1,6,6.7,6,20,5,19
2016-06-20 20:00:00,44.5,19.6,14.4,1013.9,6,4.1,6,20,6,20
2016-06-20 21:00:00,49.4,17.8,14.4,1014.6,6,3.1,6,20,7,21
2016-06-20 22:00:00,46.4,16.9,13.8,1015.1,6,3.1,6,20,1,22
2016-06-20 23:00:00,41.4,15.8,13.7,1015.5,6,3.1,6,20,2,23
2016-06-21 00:00:00,40.0,15.4,13.9,1015.4,5,3.1,6,21,3,0
2016-06-21 01:00:00,38.8,15.1,13.4,1015.0,5,3.1,6,21,4,1
2016-06-21 02:00:00,34.9,14.7,13.1,1015.4,5,4.1,6,21,5,2
2016-06-21 03:00:00,33.0,14.8,12.5,1015.3,6,3.1,6,21,6,3
2016-06-21 04:00:00,31.9,14.3,12.2,1015.6,6,3.1,6,21,7,4
2016-06-21 05:00:00,30.4,14.5,12.3,1015.9,6,3.6,6,21,1,5
2016-06-21 06:00:00,31.6,15.5,13.0,1015.9,5,3.6,6,21,2,6
2016-06-21 07:00:00,35.0,16.4,13.5,1016.1,6,2.6,6,21,3,7
2016-06-21 08:00:00,40.5,17.3,12.4,1016.6,6,4.1,6,21,4,8
2016-06-21 09:00:00,45.4,18.0,12.7,1016.7,6,4.6,6,21,5,9
2016-06-21 10:00:00,47.1,18.3,11.9,1017.0,6,5.1,6,21,6,10
2016-06-21 11:00:00,49.6,19.4,12.2,1017.2,6,4.1,6,21,7,11
2016-06-21 12:00:00,46.6,20.1,11.8,1017.3,6,5.1,6,21,1,12
2016-06-21 13:00:00,46.3,19.8,12.4,1017.4,6,6.2,6,21,2,13
2016-06-21 14:00:00,47.3,20.0,12.8,1017.7,6,4.6,6,21,3,14
2016-06-21 15:00:00,40.7,19.6,12.1,1017.8,6,4.6,6,21,4,15
2016-06-21 16:00:00,42.6,20.2,13.0,1017.8,6,4.1,6,21,5,16
2016-06-21 17:00:00,47.8,20.0,12.0,1017.6,6,3.6,6,21,6,17
2016-06-21 18:00:00,49.4,19.8,12.0,1017.6,6,3.6,6,21,7,18
2016-06-21 19:00:00,47.0,19.2,13.3,1017.8,6,4.1,6,21,1,19
2016-06-21 20:00:00,52.6,18.1,13.1,1018.1,5,5.7,6,21,2,20
2016-06-21 21:00:00,48.1,17.0,13.4,1018.5,4,3.6,6,21,3,21
2016-06-21 22:00:00,50.7,16.6,13.6,1018.9,5,4.6,6,21,4,22
2016-06-21 23:00:00,46.5,15.6,13.8,1019.4,5,5.1,6,21,5,23
2016-06-22 00:00:00,42.9,15.4,13.8,1019.3,4,3.1,6,22,6,0
2016-06-22 01:00:00,36.3,15.2,13.7,1019.3,5,4.1,6,22,7,1
2016-06-22 02:00:00,35.0,15.0,13.8,1019.5,4,3.1,6,22,1,2
2016-06-22 03:00:00,32.5,14.7,13.8,1019.0,4,2.1,6,22,2,3
2016-06-22 04:00:00,32.6,14.7,14.1,1019.2,4,2.1,6,22,3,4
2016-06-22 05:00:00,31.2,15.0,14.0,1019.1,4,1.5,6,22,4,5
2016-06-22 06:00:00,32.3,15.6,14.0,1019.1,3,1.5,6,22,5,6
2016-06-22 07:00:00,35.1,16.3,14.6,1019.1,4,1.0,6,22,6,7
2016-06-22 08:00:00,42.4,16.5,15.0,1019.2,1,1.5,6,22,7,8
2016-06-22 09:00:00,46.5,16.3,16.1,1019.3,4,2.1,6,22,1,9
2016-06-22 10:00:00,48.9,17.5,17.1,1019.2,3,3.6,6,22,2,10
2016-06-22 11:00:00,50.6,19.7,17.8,1019.0,4,4.6,6,22,3,11
2016-06-22 12:00:00,46.5,19.5,17.9,1019.0,4,4.1,6,22,4,12
2016-06-22 13:00:00,42.2,20.5,18.1,1019.0,5,4.6,6,22,5,13
2016-06-22 14:00:00,44.9,21.7,18.6,1018.8,5,6.7,6,22,6,14
2016-06-22 15:00:00,42.5,21.6,17.8,1018.6,4,5.7,6,22,7,15
2016-06-22 16:00:00,41.0,21.6,17.9,1018.5,4,5.1,6,22,1,16
2016-06-22 17:00:00,43.7,21.7,17.9,1018.5,5,4.6,6,22,2,17
2016-06-22 18:00:00,43.2,21.4,17.7,1018.4,4,4.6,6,22,3,18
2016-06-22 19:00:00,51.0,20.8,17.5,1018.2,4,3.6,6,22,4,19
2016-06-22 20:00:00,49.3,20.4,17.3,1017.8,4,3.1,6,22,5,20
2016-06-22 21:00:00,47.8,19.8,17.2,1017.9,4,2.1,6,22,6,21
2016-06-22 22:00:00,48.9,19.8,18.0,1018.4,4,4.1,6,22,7,22
2016-06-22 23:00:00,48.1,18.8,18.2,1017.6,2,1.0,6,22,1,23
2016-06-23 00:00:00,45.7,18.5,18.5,1017.0,2,1.0,6,23,2,0
2016-06-23 01:00:00,36.1,18.4,18.4,1017.4,3,2.6,6,23,3,1
2016-06-23 02:00:00,32.2,17.7,17.7,1016.6,2,1.5,6,23,4,2
2016-06-23 03:00:00,32.2,17.9,17.9,1016.1,2,2.1,6,23,5,3
2016-06-23 04:00:00,31.6,18.0,18.0,1015.8,1,1.5,6,23,6,4
2016-06-23 05:00:00,31.1,18.1,18.1,1015.9,0,1.0,6,23,7,5
2016-06-23 06:00:00,33.9,18.4,18.4,1015.4,2,2.1,6,23,1,6
2016-06-23 07:00:00,37.4,18.9,18.9,1015.3,3,1.5,6,23,2,7
2016-06-23 08:00:00,42.4,19.6,19.6,1015.4,3,2.6,6,23,3,8
2016-06-23 09:00:00,48.4,20.4,19.8,1015.5,6,1.5,6,23,4,9
2016-06-23 10:00:00,51.0,20.4,19.8,1015.3,0,1.5,6,23,5,10
2016-06-23 11:00:00,52.8,20.0,19.7,1015.8,4,2.6,6,23,6,11
2016-06-23 12:00:00,46.3,19.9,19.9,1015.9,4,3.1,6,23,7,12
2016-06-23 13:00:00,46.1,20.7,20.7,1016.1,4,3.6,6,23,1,13
2016-06-23 14:00:00,48.8,21.0,20.4,1015.9,4,3.6,6,23,2,14
2016-06-23 15:00:00,47.4,20.2,19.9,1015.7,5,2.6,6,23,3,15
2016-06-23 16:00:00,46.9,20.3,20.3,1015.3,4,3.6,6,23,4,16
2016-06-23 17:00:00,49.3,19.8,19.8,1015.3,4,4.1,6,23,5,17
2016-06-23 18:00:00,52.7,19.1,19.1,1015.3,6,2.6,6,23,6,18
2016-06-23 19:00:00,51.3,19.5,19.3,1015.4,6,2.1,6,23,7,19
2016-06-23 20:00:00,48.7,19.0,18.7,1015.7,6,2.6,6,23,1,20
2016-06-23 21:00:00,48.2,18.9,18.7,1016.1,6,3.6,6,23,2,21
2016-06-23 22:00:00,50.6,17.8,17.2,1016.5,6,5.1,6,23,3,22
2016-06-23 23:00:00,47.8,15.1,14.0,1016.8,6,4.6,6,23,4,23
2016-06-24 00:00:00,42.7,14.1,13.5,1017.2,5,4.1,6,24,5,0
2016-06-24 01:00:00,40.0,13.4,12.9,1017.2,6,4.1,6,24,6,1
2016-06-24 02:00:00,37.3,12.6,12.5,1017.5,6,4.1,6,24,7,2
2016-06-24 03:00:00,33.5,12.1,12.1,1017.7,6,3.6,6,24,1,3
2016-06-24 04:00:00,34.0,11.4,11.4,1017.6,6,2.6,6,24,2,4
2016-06-24 05:00:00,32.3,12.2,12.2,1018.0,6,2.6,6,24,3,5
2016-06-24 06:00:00,30.9,13.9,13.2,1018.4,5,2.6,6,24,4,6
2016-06-24 07:00:00,36.0,15.3,13.7,1018.5,5,3.6,6,24,5,7
2016-06-24 08:00:00,43.0,16.8,14.1,1018.7,6,4.1,6,24,6,8
2016-06-24 09:00:00,44.6,18.5,13.9,1018.7,6,3.1,6,24,7,9
2016-06-24 10:00:00,48.8,19.6,13.6,1018.8,5,3.6,6,24,1,10
2016-06-24 11:00:00,48.6,19.3,13.7,1018.7,5,4.6,6,24,2,11
2016-06-24 12:00:00,51.3,21.1,13.4,1018.0,5,5.7,6,24,3,12
2016-06-24 13:00:00,48.6,21.5,13.7,1017.5,5,6.7,6,24,4,13
2016-06-24 14:00:00,46.6,21.6,12.1,1017.2,5,8.2,6,24,5,14
2016-06-24 15:00:00,46.4,20.6,11.9,1017.1,5,9.3,6,24,6,15
2016-06-24 16:00:00,45.9,21.2,12.7,1016.9,5,7.7,6,24,7,16
2016-06-24 17:00:00,47.1,19.4,12.3,1017.1,5,8.2,6,24,1,17
2016-06-24 18:00:00,48.6,18.3,10.8,1017.4,6,7.2,6,24,2,18
2016-06-24 19:00:00,46.2,18.2,10.4,1017.4,6,4.6,6,24,3,19
2016-06-24 20:00:00,45.5,16.9,10.8,1017.5,5,3.1,6,24,4,20
2016-06-24 21:00:00,48.5,16.1,10.8,1017.9,5,3.6,6,24,5,21
2016-06-24 22:00:00,49.7,15.5,11.8,1018.1,5,4.1,6,24,6,22
2016-06-24 23:00:00,48.1,14.9,13.1,1018.2,5,3.6,6,24,7,23
2016-06-25 00:00:00,43.4,14.3,11.7,1017.9,5,3.6,6,25,1,0
2016-06-25 01:00:00,41.9,14.1,11.4,1017.4,6,4.6,6,25,2,1
2016-06-25 02:00:00,36.3,12.9,11.3,1017.3,6,4.1,6,25,3,2
2016-06-25 03:00:00,32.9,12.5,11.4,1017.2,6,3.1,6,25,4,3
2016-06-25 04:00:00,32.8,11.9,11.1,1017.0,6,2.6,6,25,5,4
2016-06-25 05:00:00,31.7,12.2,11.0,1016.9,6,3.1,6,25,6,5
2016-06-25 06:00:00,34.2,13.0,11.5,1017.2,6,3.6,6,25,7,6
2016-06-25 07:00:00,36.8,13.6,11.5,1017.6,6,3.1,6,25,1,7
2016-06-25 08:00:00,46.5,15.0,11.8,1017.4,7,2.1,6,25,2,8
2016-06-25 09:00:00,47.3,16.4,11.9,1017.2,6,2.6,6,25,3,9
2016-06-25 10:00:00,44.4,17.0,11.7,1017.0,5,4.1,6,25,4,10
2016-06-25 11:00:00,45.5,17.6,10.0,1016.6,6,3.1,6,25,5,11
2016-06-25 12:00:00,45.9,17.8,11.3,1016.5,7,5.1,6,25,6,12
2016-06-25 13:00:00,40.4,15.3,11.6,1016.5,6,4.1,6,25,7,13
2016-06-25 14:00:00,41.3,18.9,12.4,1016.5,6,4.1,6,25,1,14
2016-06-25 15:00:00,44.1,19.6,11.7,1016.2,6,4.1,6,25,2,15
2016-06-25 16:00:00,41.7,19.6,11.0,1016.0,6,5.7,6,25,3,16
2016-06-25 17:00:00,39.3,19.1,11.1,1016.0,6,6.7,6,25,4,17
2016-06-25 18:00:00,38.9,17.2,11.6,1016.3,6,4.1,6,25,5,18
2016-06-25 19:00:00,37.4,16.6,11.2,1016.5,6,4.1,6,25,6,19
2016-06-25 20:00:00,41.1,16.1,11.1,1016.9,6,4.1,6,25,7,20
2016-06-25 21:00:00,39.3,15.7,11.8,1017.3,6,4.6,6,25,1,21
2016-06-25 22:00:00,40.4,15.2,11.9,1017.5,7,4.6,6,25,2,22
2016-06-25 23:00:00,39.6,13.0,12.4,1017.7,7,2.1,6,25,3,23
2016-06-26 00:00:00,39.6,12.4,12.0,1017.6,6,3.6,6,26,4,0
2016-06-26 01:00:00,33.9,12.4,12.0,1017.7,6,3.1,6,26,5,1
2016-06-26 02:00:00,30.9,12.7,12.5,1017.6,6,3.1,6,26,6,2
2016-06-26 03:00:00,30.0,13.2,12.8,1017.4,6,3.1,6,26,7,3
2016-06-26 04:00:00,28.9,13.3,12.6,1017.5,6,3.6,6,26,1,4
2016-06-26 05:00:00,29.6,13.7,12.4,1017.9,6,4.1,6,26,2,5
2016-06-26 06:00:00,29.4,13.7,12.1,1018.2,6,4.1,6,26,3,6
2016-06-26 07:00:00,30.8,13.8,11.7,1018.3,6,3.6,6,26,4,7
2016-06-26 08:00:00,39.4,14.8,11.6,1018.4,6,4.1,6,26,5,8
2016-06-26 09:00:00,46.4,15.5,11.1,1018.6,7,4.1,6,26,6,9
2016-06-26 10:00:00,45.0,16.9,10.5,1018.3,6,4.6,6,26,7,10
2016-06-26 11:00:00,49.2,18.0,11.1,1018.3,7,5.1,6,26,1,11
2016-06-26 12:00:00,45.2,18.9,11.0,1018.0,7,5.1,6,26,2,12
2016-06-26 13:00:00,44.6,19.8,10.7,1017.7,6,6.2,6,26,3,13
2016-06-26 14:00:00,48.1,19.8,12.0,1017.6,6,6.7,6,26,4,14
2016-06-26 15:00:00,48.2,19.5,12.3,1017.7,6,6.7,6,26,5,15
2016-06-26 16:00:00,49.1,18.9,11.4,1017.6,6,7.7,6,26,6,16
2016-06-26 17:00:00,45.6,17.6,10.8,1017.6,6,7.2,6,26,7,17
2016-06-26 18:00:00,48.6,16.0,11.8,1017.7,6,6.2,6,26,1,18
2016-06-26 19:00:00,48.2,15.1,12.9,1017.7,6,3.6,6,26,2,19
2016-06-26 20:00:00,53.5,14.9,13.9,1017.4,5,3.6,6,26,3,20
2016-06-26 21:00:00,54.1,15.1,14.1,1017.3,4,3.1,6,26,4,21
2016-06-26 22:00:00,51.0,15.1,14.4,1017.0,5,4.6,6,26,5,22
2016-06-26 23:00:00,46.7,14.3,14.3,1016.6,5,3.6,6,26,6,23
2016-06-27 00:00:00,43.9,14.6,14.6,1016.2,5,4.6,6,27,7,0
2016-06-27 01:00:00,35.4,15.1,15.1,1015.8,5,3.6,6,27,1,1
2016-06-27 02:00:00,33.6,15.4,15.4,1015.6,5,3.1,6,27,2,2
2016-06-27 03:00:00,33.0,15.7,15.7,1015.4,6,4.1,6,27,3,3
2016-06-27 04:00:00,32.2,15.8,15.8,1015.4,5,3.6,6,27,4,4
2016-06-27 05:00:00,33.4,15.9,15.9,1015.5,6,4.6,6,27,5,5
2016-06-27 06:00:00,36.1,16.1,16.1,1016.0,6,4.1,6,27,6,6
2016-06-27 07:00:00,42.0,16.6,16.0,1016.4,6,4.6,6,27,7,7
2016-06-27 08:00:00,50.9,17.2,15.5,1017.0,6,4.1,6,27,1,8
2016-06-27 09:00:00,47.9,18.1,16.0,1017.3,6,4.6,6,27,2,9
2016-06-27 10:00:00,45.9,18.5,14.3,1017.7,7,3.6,6,27,3,10
2016-06-27 11:00:00,49.1,19.2,13.2,1017.7,6,4.6,6,27,4,11
2016-06-27 12:00:00,45.1,19.7,11.3,1017.9,6,4.6,6,27,5,12
2016-06-27 13:00:00,52.4,20.7,10.7,1018.0,6,5.7,6,27,6,13
2016-06-27 14:00:00,48.1,20.6,9.9,1018.2,6,5.7,6,27,7,14
2016-06-27 15:00:00,40.5,20.7,10.0,1018.4,7,4.6,6,27,1,15
2016-06-27 16:00:00,41.9,20.6,8.4,1018.3,6,4.6,6,27,2,16
2016-06-27 17:00:00,39.3,20.2,8.6,1018.4,7,4.1,6,27,3,17
2016-06-27 18:00:00,43.0,19.6,8.9,1018.3,7,3.1,6,27,4,18
2016-06-27 19:00:00,40.1,18.7,8.9,1018.8,7,2.6,6,27,5,19
2016-06-27 20:00:00,42.0,17.9,9.1,1019.0,7,2.1,6,27,6,20
2016-06-27 21:00:00,44.9,16.8,8.8,1019.7,7,3.1,6,27,7,21
2016-06-27 22:00:00,53.9,15.9,9.3,1019.6,7,1.5,6,27,1,22
2016-06-27 23:00:00,51.8,15.1,9.7,1019.8,7,1.5,6,27,2,23
2016-06-28 00:00:00,46.2,14.4,9.6,1019.8,7,1.5,6,28,3,0
2016-06-28 01:00:00,39.9,13.5,9.4,1019.2,7,1.5,6,28,4,1
2016-06-28 02:00:00,36.5,12.8,9.3,1018.9,7,1.5,6,28,5,2
2016-06-28 03:00:00,35.2,11.5,9.2,1018.8,6,0.5,6,28,6,3
2016-06-28 04:00:00,33.2,10.9,9.0,1018.6,6,1.0,6,28,7,4
2016-06-28 05:00:00,32.7,12.2,9.8,1018.7,6,1.5,6,28,1,5
2016-06-28 06:00:00,33.0,13.9,10.4,1018.2,7,1.0,6,28,2,6
2016-06-28 07:00:00,40.3,15.3,10.6,1017.7,0,0.5,6,28,3,7
2016-06-28 08:00:00,49.1,16.8,8.8,1017.2,2,1.5,6,28,4,8
2016-06-28 09:00:00,51.2,18.0,9.7,1016.7,4,2.6,6,28,5,9
2016-06-28 10:00:00,49.3,18.4,9.6,1016.1,4,3.1,6,28,6,10
2016-06-28 11:00:00,47.0,19.4,8.5,1015.1,4,4.1,6,28,7,11
2016-06-28 12:00:00,43.4,19.6,8.7,1014.3,4,5.1,6,28,1,12
2016-06-28 13:00:00,42.6,20.3,8.8,1013.3,4,5.7,6,28,2,13
2016-06-28 14:00:00,41.9,20.4,9.4,1012.3,5,6.7,6,28,3,14
2016-06-28 15:00:00,47.0,19.1,7.8,1011.8,5,6.2,6,28,4,15
2016-06-28 16:00:00,45.8,15.7,11.5,1011.0,5,6.7,6,28,5,16
2016-06-28 17:00:00,48.7,14.1,12.6,1010.4,4,4.1,6,28,6,17
2016-06-28 18:00:00,54.4,13.9,12.8,1009.2,4,7.2,6,28,7,18
2016-06-28 19:00:00,51.6,13.4,12.8,1008.7,4,5.1,6,28,1,19
2016-06-28 20:00:00,54.0,14.0,13.1,1006.9,4,5.7,6,28,2,20
2016-06-28 21:00:00,53.1,14.4,14.1,1006.6,4,5.1,6,28,3,21
2016-06-28 22:00:00,52.6,13.3,12.6,1007.2,5,7.2,6,28,4,22
2016-06-28 23:00:00,48.1,13.6,13.2,1007.8,6,5.1,6,28,5,23
2016-06-29 00:00:00,43.3,13.9,13.7,1008.5,6,4.6,6,29,6,0
2016-06-29 01:00:00,36.7,13.5,11.0,1009.5,6,8.8,6,29,7,1
2016-06-29 02:00:00,36.5,11.9,10.0,1010.2,6,6.7,6,29,1,2
2016-06-29 03:00:00,32.7,11.0,10.3,1010.6,6,4.6,6,29,2,3
2016-06-29 04:00:00,32.5,11.2,10.6,1010.6,6,3.1,6,29,3,4
2016-06-29 05:00:00,32.1,11.9,11.4,1010.6,5,3.1,6,29,4,5
2016-06-29 06:00:00,33.2,13.3,12.1,1010.6,5,2.6,6,29,5,6
2016-06-29 07:00:00,40.4,14.5,12.2,1010.5,5,4.1,6,29,6,7
2016-06-29 08:00:00,48.3,15.2,12.5,1010.6,4,6.2,6,29,7,8
2016-06-29 09:00:00,48.1,16.0,11.5,1010.3,5,7.7,6,29,1,9
2016-06-29 10:00:00,46.2,15.4,13.1,1009.6,5,8.2,6,29,2,10
2016-06-29 11:00:00,44.6,15.3,12.2,1009.1,5,7.2,6,29,3,11
2016-06-29 12:00:00,49.4,15.3,12.8,1008.7,5,8.8,6,29,4,12
2016-06-29 13:00:00,45.4,14.9,13.5,1008.4,5,8.8,6,29,5,13
2016-06-29 14:00:00,45.8,14.8,14.4,1008.2,5,8.2,6,29,6,14
2016-06-29 15:00:00,40.7,15.0,14.0,1007.9,5,8.2,6,29,7,15
2016-06-29 16:00:00,43.2,15.0,14.4,1007.3,4,6.2,6,29,1,16
2016-06-29 17:00:00,49.5,15.5,14.0,1007.0,5,7.7,6,29,2,17
2016-06-29 18:00:00,48.8,15.5,13.8,1007.0,5,7.7,6,29,3,18
2016-06-29 19:00:00,48.5,15.3,14.0,1006.8,5,7.7,6,29,4,19
2016-06-29 20:00:00,52.3,15.0,13.4,1007.1,5,6.2,6,29,5,20
2016-06-29 21:00:00,49.3,15.0,13.6,1007.5,5,5.7,6,29,6,21
2016-06-29 22:00:00,52.0,14.4,13.9,1007.7,5,5.7,6,29,7,22
2016-06-29 23:00:00,45.1,14.1,13.5,1007.8,5,5.1,6,29,1,23
2016-06-30 00:00:00,42.4,14.1,13.7,1007.9,5,4.6,6,30,2,0
2016-06-30 01:00:00,38.5,14.0,13.5,1008.0,5,3.6,6,30,3,1
2016-06-30 02:00:00,37.5,14.0,13.7,1008.1,5,3.1,6,30,4,2
2016-06-30 03:00:00,33.8,13.7,13.5,1008.3,5,3.6,6,30,5,3
2016-06-30 04:00:00,33.0,13.4,13.4,1008.3,5,3.1,6,30,6,4
2016-06-30 05:00:00,33.4,13.4,13.4,1008.4,4,3.6,6,30,7,5
2016-06-30 06:00:00,33.0,13.7,13.7,1008.7,5,2.6,6,30,1,6
2016-06-30 07:00:00,37.9,14.6,13.9,1008.8,5,2.6,6,30,2,7
2016-06-30 08:00:00,48.1,15.8,14.2,1009.2,6,2.1,6,30,3,8
2016-06-30 09:00:00,49.5,17.2,14.6,1009.4,5,3.1,6,30,4,9
2016-06-30 10:00:00,45.4,17.5,13.4,1009.7,5,4.1,6,30,5,10
2016-06-30 11:00:00,46.6,19.2,11.8,1009.8,5,5.7,6,30,6,11
2016-06-30 12:00:00,44.2,19.5,11.9,1009.8,5,4.6,6,30,7,12
2016-06-30 13:00:00,47.3,19.3,11.8,1009.7391398001511,0,0.0,6,30,1,13
2016-06-30 14:00:00,49.0,19.5,12.8,1009.7,4,5.1,6,30,2,14
2016-06-30 15:00:00,44.7,20.0,12.3,1009.7,5,8.2,6,30,3,15
2016-06-30 16:00:00,42.5,19.7,11.9,1009.4,5,7.2,6,30,4,16
2016-06-30 17:00:00,44.2,19.2,12.2,1009.1,5,8.2,6,30,5,17
2016-06-30 18:00:00,49.8,18.1,11.7,1009.4,5,8.2,6,30,6,18
2016-06-30 19:00:00,51.4,17.6,12.2,1009.4,5,6.7,6,30,7,19
2016-06-30 20:00:00,49.4,17.0,12.5,1009.0,5,6.7,6,30,1,20
2016-06-30 21:00:00,50.3,16.9,13.2,1009.2,5,6.7,6,30,2,21
2016-06-30 22:00:00,49.2,16.3,13.7,1008.9,5,7.2,6,30,3,22
2016-06-30 23:00:00,48.0,16.3,13.4,1008.6,5,7.2,6,30,4,23
2016-07-01 00:00:00,43.2,16.5,13.5,1008.5,5,6.7,7,1,5,0
2016-07-01 01:00:00,38.3,16.2,13.1,1008.4,5,7.7,7,1,6,1
2016-07-01 02:00:00,35.0,15.9,12.9,1008.4,5,6.2,7,1,7,2
2016-07-01 03:00:00,33.3,15.8,12.9,1008.4,5,7.7,7,1,1,3
2016-07-01 04:00:00,32.7,15.2,13.4,1008.6,5,6.2,7,1,2,4
2016-07-01 05:00:00,30.9,15.4,13.6,1008.6,5,5.1,7,1,3,5
2016-07-01 06:00:00,35.7,14.5,13.0,1008.9,6,5.7,7,1,4,6
2016-07-01 07:00:00,43.8,14.6,13.5,1009.2,5,5.1,7,1,5,7
2016-07-01 08:00:00,50.2,15.8,13.6,1009.2,5,5.1,7,1,6,8
2016-07-01 09:00:00,46.4,17.6,12.9,1009.0,6,5.7,7,1,7,9
2016-07-01 10:00:00,46.5,16.8,13.4,1009.0,5,6.2,7,1,1,10
2016-07-01 11:00:00,48.3,16.8,13.1,1008.9,5,5.7,7,1,2,11
2016-07-01 12:00:00,47.0,15.6,13.2,1008.9,6,5.1,7,1,3,12
2016-07-01 13:00:00,45.9,15.9,12.1,1008.6,5,6.7,7,1,4,13
2016-07-01 14:00:00,42.7,18.3,12.7,1008.1,5,7.2,7,1,5,14
2016-07-01 15:00:00,39.2,18.2,11.2,1007.6,5,7.2,7,1,6,15
2016-07-01 16:00:00,43.6,18.1,10.4,1007.9,6,7.2,7,1,7,16
2016-07-01 17:00:00,48.7,16.8,8.9,1008.1,6,7.7,7,1,1,17
2016-07-01 18:00:00,49.5,17.2,9.3,1008.3,6,8.8,7,1,2,18
2016-07-01 19:00:00,50.3,14.3,10.3,1008.8,6,9.3,7,1,3,19
2016-07-01 20:00:00,53.7,14.0,10.4,1009.1,5,6.7,7,1,4,20
2016-07-01 21:00:00,50.6,13.4,10.4,1009.6,5,6.2,7,1,5,21
2016-07-01 22:00:00,49.3,12.7,8.9,1010.0,5,6.2,7,1,6,22
2016-07-01 23:00:00,50.7,12.0,8.6,1010.3,5,5.7,7,1,7,23
2016-07-02 00:00:00,47.3,11.5,8.3,1010.5,5,5.7,7,2,1,0
2016-07-02 01:00:00,42.9,11.2,8.4,1010.7,5,6.2,7,2,2,1
2016-07-02 02:00:00,38.8,10.7,8.2,1010.9,5,4.6,7,2,3,2
2016-07-02 03:00:00,40.8,10.5,8.1,1011.2,5,5.7,7,2,4,3
2016-07-02 04:00:00,35.7,10.7,8.4,1011.3,5,5.1,7,2,5,4
2016-07-02 05:00:00,32.5,11.0,9.3,1011.5,5,5.7,7,2,6,5
2016-07-02 06:00:00,34.8,12.1,9.5,1012.0,5,6.2,7,2,7,6
2016-07-02 07:00:00,41.2,13.4,8.9,1012.4,6,7.2,7,2,1,7
2016-07-02 08:00:00,42.2,14.6,8.7,1012.8,6,7.7,7,2,2,8
2016-07-02 09:00:00,42.3,15.4,7.4,1013.4,6,8.8,7,2,3,9
2016-07-02 10:00:00,45.8,16.6,8.0,1013.6,6,7.7,7,2,4,10
2016-07-02 11:00:00,45.0,17.8,7.0,1013.5,6,8.2,7,2,5,11
2016-07-02 12:00:00,41.6,17.4,9.5,1014.1,6,8.2,7,2,6,12
2016-07-02 13:00:00,44.0,16.8,8.6,1014.2,5,7.7,7,2,7,13
2016-07-02 14:00:00,39.4,20.0,8.1,1014.0,6,8.2,7,2,1,14
2016-07-02 15:00:00,40.2,19.2,7.7,1014.1,6,8.8,7,2,2,15
2016-07-02 16:00:00,42.3,19.0,8.6,1014.2,5,8.8,7,2,3,16
2016-07-02 17:00:00,45.1,18.6,10.3,1014.3,6,5.1,7,2,4,17
2016-07-02 18:00:00,48.6,19.1,6.1,1014.8,6,8.2,7,2,5,18
2016-07-02 19:00:00,51.2,18.3,5.4,1015.2,6,7.7,7,2,6,19
2016-07-02 20:00:00,59.4,16.2,5.7,1015.8,6,6.7,7,2,7,20
2016-07-02 21:00:00,54.8,15.3,6.7,1016.6,6,5.7,7,2,1,21
2016-07-02 22:00:00,52.4,14.2,7.2,1017.0,5,5.1,7,2,2,22
2016-07-02 23:00:00,48.6,13.1,7.9,1017.3,6,4.6,7,2,3,23
2016-07-03 00:00:00,43.6,12.6,8.4,1017.4,5,4.6,7,3,4,0
2016-07-03 01:00:00,40.0,12.0,8.9,1017.3,5,4.1,7,3,5,1
2016-07-03 02:00:00,36.7,11.5,9.1,1017.3,5,3.1,7,3,6,2
2016-07-03 03:00:00,32.1,10.7,8.8,1017.5,5,1.5,7,3,7,3
2016-07-03 04:00:00,32.7,10.6,9.0,1017.6,4,2.1,7,3,1,4
2016-07-03 05:00:00,30.7,11.3,9.7,1017.8,5,2.6,7,3,2,5
2016-07-03 06:00:00,30.6,12.5,10.0,1018.1,5,3.1,7,3,3,6
2016-07-03 07:00:00,36.4,14.0,10.5,1018.2,6,2.1,7,3,4,7
2016-07-03 08:00:00,38.8,15.5,10.2,1018.3,6,3.1,7,3,5,8
2016-07-03 09:00:00,38.6,16.0,9.0,1018.5,5,3.6,7,3,6,9
2016-07-03 10:00:00,39.2,18.9,10.9,1018.6,5,2.6,7,3,7,10
2016-07-03 11:00:00,42.0,18.3,9.5,1018.6,4,2.1,7,3,1,11
2016-07-03 12:00:00,41.4,18.5,10.0,1018.6,5,4.1,7,3,2,12
2016-07-03 13:00:00,41.6,18.4,10.6,1018.6,5,4.1,7,3,3,13
2016-07-03 14:00:00,38.3,20.2,10.4,1018.4,5,4.1,7,3,4,14
2016-07-03 15:00:00,42.6,20.7,11.4,1018.3,4,3.6,7,3,5,15
2016-07-03 16:00:00,43.2,19.9,11.1,1018.5,4,5.1,7,3,6,16
2016-07-03 17:00:00,47.5,19.7,11.6,1018.4,4,5.1,7,3,7,17
2016-07-03 18:00:00,51.4,19.5,11.6,1018.4,4,5.1,7,3,1,18
2016-07-03 19:00:00,52.8,18.9,11.9,1018.9,4,5.1,7,3,2,19
2016-07-03 20:00:00,53.4,17.5,12.0,1019.2,4,5.1,7,3,3,20
2016-07-03 21:00:00,53.0,16.2,12.1,1019.8,4,3.6,7,3,4,21
2016-07-03 22:00:00,49.5,15.2,12.1,1020.1,5,3.6,7,3,5,22
2016-07-03 23:00:00,48.5,14.1,12.1,1020.4,5,3.1,7,3,6,23
2016-07-04 00:00:00,44.3,13.2,11.9,1020.3,5,2.6,7,4,7,0
2016-07-04 01:00:00,39.2,12.6,11.6,1020.2,5,2.6,7,4,1,1
2016-07-04 02:00:00,37.2,12.2,11.4,1019.9,5,2.1,7,4,2,2
2016-07-04 03:00:00,34.8,11.5,10.7,1019.7,5,2.1,7,4,3,3
2016-07-04 04:00:00,31.2,11.4,10.6,1019.7,6,1.5,7,4,4,4
2016-07-04 05:00:00,31.4,11.6,10.3,1019.8,6,2.1,7,4,5,5
2016-07-04 06:00:00,32.5,13.0,10.8,1019.7,5,1.5,7,4,6,6
2016-07-04 07:00:00,37.7,14.8,11.4,1019.8,5,1.5,7,4,7,7
2016-07-04 08:00:00,48.2,16.5,11.6,1019.9,5,2.1,7,4,1,8
2016-07-04 09:00:00,50.0,18.9,11.5,1019.8,5,4.1,7,4,2,9
2016-07-04 10:00:00,44.4,20.1,11.0,1019.7,5,4.6,7,4,3,10
2016-07-04 11:00:00,51.5,19.5,11.7,1019.3,5,4.6,7,4,4,11
2016-07-04 12:00:00,50.5,19.6,11.5,1019.0,5,5.7,7,4,5,12
2016-07-04 13:00:00,50.9,20.2,12.1,1018.6,5,6.7,7,4,6,13
2016-07-04 14:00:00,45.0,19.9,12.5,1018.3,5,6.2,7,4,7,14
2016-07-04 15:00:00,44.6,19.3,13.3,1017.9,4,5.1,7,4,1,15
2016-07-04 16:00:00,43.0,18.9,13.6,1017.8,5,7.2,7,4,2,16
2016-07-04 17:00:00,49.1,17.9,14.1,1017.4,5,6.7,7,4,3,17
2016-07-04 18:00:00,48.7,18.0,14.3,1017.0,5,5.1,7,4,4,18
2016-07-04 19:00:00,51.9,17.8,14.4,1016.7,5,5.1,7,4,5,19
2016-07-04 20:00:00,53.7,17.5,14.0,1016.2,5,5.7,7,4,6,20
2016-07-04 21:00:00,51.8,17.1,13.1,1016.5,5,5.7,7,4,7,21
2016-07-04 22:00:00,51.9,16.3,13.3,1016.2,5,4.6,7,4,1,22
2016-07-04 23:00:00,48.2,15.8,13.4,1016.0,5,6.2,7,4,2,23
2016-07-05 00:00:00,43.7,15.5,13.3,1015.7,5,5.7,7,5,3,0
2016-07-05 01:00:00,37.6,15.6,13.5,1015.2,5,5.1,7,5,4,1
2016-07-05 02:00:00,35.0,15.7,13.8,1014.7,5,4.6,7,5,5,2
2016-07-05 03:00:00,31.9,15.3,14.2,1014.1,5,5.7,7,5,6,3
2016-07-05 04:00:00,31.9,14.8,13.4,1014.5,6,5.1,7,5,7,4
2016-07-05 05:00:00,31.9,15.3,12.6,1014.6,6,5.1,7,5,1,5
2016-07-05 06:00:00,33.8,15.2,12.5,1014.9,6,5.7,7,5,2,6
2016-07-05 07:00:00,40.8,15.6,13.0,1015.5,6,5.7,7,5,3,7
2016-07-05 08:00:00,52.4,17.2,13.3,1016.1,6,5.1,7,5,4,8
2016-07-05 09:00:00,53.7,16.6,11.0,1017.0,7,6.2,7,5,5,9
2016-07-05 10:00:00,47.2,18.0,10.1,1017.6,7,5.7,7,5,6,10
2016-07-05 11:00:00,47.1,18.5,9.3,1018.3,7,4.6,7,5,7,11
2016-07-05 12:00:00,47.2,18.7,9.8,1018.7,7,5.1,7,5,1,12
2016-07-05 13:00:00,43.1,19.4,9.0,1018.8,7,4.1,7,5,2,13
2016-07-05 14:00:00,45.9,20.0,9.2,1019.0,7,3.6,7,5,3,14
2016-07-05 15:00:00,45.7,20.5,9.1,1019.2,7,4.1,7,5,4,15
2016-07-05 16:00:00,40.5,21.1,8.2,1019.2,7,4.6,7,5,5,16
2016-07-05 17:00:00,45.5,20.0,8.0,1019.6,7,4.6,7,5,6,17
2016-07-05 18:00:00,48.7,20.6,8.4,1019.8,7,3.6,7,5,7,18
2016-07-05 19:00:00,52.9,19.8,8.4,1020.0,7,2.6,7,5,1,19
2016-07-05 20:00:00,51.6,18.6,8.5,1020.2,7,1.5,7,5,2,20
2016-07-05 21:00:00,50.8,17.3,8.9,1020.7,0,1.5,7,5,3,21
2016-07-05 22:00:00,50.5,16.6,8.8,1021.2,0,2.6,7,5,4,22
2016-07-05 23:00:00,47.4,15.6,8.6,1021.8,0,2.6,7,5,5,23
2016-07-06 00:00:00,44.0,14.5,7.9,1022.0,7,2.1,7,6,6,0
2016-07-06 01:00:00,37.5,13.4,7.8,1022.1,7,1.5,7,6,7,1
2016-07-06 02:00:00,33.5,12.3,7.2,1022.1,7,1.5,7,6,1,2
2016-07-06 03:00:00,30.5,11.1,6.7,1022.0,6,1.0,7,6,2,3
2016-07-06 04:00:00,29.0,11.2,7.0,1022.3,6,1.5,7,6,3,4
2016-07-06 05:00:00,29.3,10.8,7.0,1022.8,6,1.5,7,6,4,5
2016-07-06 06:00:00,32.0,12.1,7.9,1023.0,7,1.5,7,6,5,6
2016-07-06 07:00:00,37.1,13.7,8.8,1023.3,7,1.5,7,6,6,7
2016-07-06 08:00:00,45.3,16.5,9.3,1023.2,0,1.5,7,6,7,8
2016-07-06 09:00:00,49.4,17.7,7.1,1023.6,1,1.5,7,6,1,9
2016-07-06 10:00:00,45.0,17.7,6.9,1023.6,6,2.1,7,6,2,10
2016-07-06 11:00:00,47.7,18.5,7.1,1023.6,6,2.1,7,6,3,11
2016-07-06 12:00:00,44.9,19.2,5.7,1023.2,7,1.0,7,6,4,12
2016-07-06 13:00:00,37.9,21.2,7.7,1023.0,5,2.6,7,6,5,13
2016-07-06 14:00:00,40.2,20.9,7.5,1022.9,7,2.1,7,6,6,14
2016-07-06 15:00:00,43.8,21.0,7.0,1022.7,6,2.6,7,6,7,15
2016-07-06 16:00:00,42.8,21.5,7.6,1022.3,6,2.1,7,6,1,16
2016-07-06 17:00:00,46.4,20.9,8.5,1021.6,6,2.6,7,6,2,17
2016-07-06 18:00:00,48.8,20.7,7.1,1021.9,7,2.1,7,6,3,18
2016-07-06 19:00:00,47.4,19.8,8.5,1022.1,6,3.6,7,6,4,19
2016-07-06 20:00:00,51.8,19.4,8.5,1021.8,6,3.1,7,6,5,20
2016-07-06 21:00:00,52.3,18.3,9.6,1022.0,5,4.6,7,6,6,21
2016-07-06 22:00:00,51.0,16.6,10.9,1022.3,6,3.6,7,6,7,22
2016-07-06 23:00:00,49.3,16.1,11.0,1022.1,6,2.6,7,6,1,23
2016-07-07 00:00:00,43.3,15.8,10.9,1021.6,5,2.6,7,7,2,0
2016-07-07 01:00:00,35.8,15.6,10.5,1021.5,6,2.1,7,7,3,1
2016-07-07 02:00:00,33.4,15.2,10.6,1020.7,5,2.1,7,7,4,2
2016-07-07 03:00:00,31.1,15.0,10.3,1020.8,5,2.1,7,7,5,3
2016-07-07 04:00:00,31.2,14.6,10.2,1020.7,4,3.1,7,7,6,4
2016-07-07 05:00:00,30.9,15.1,10.0,1021.0,5,2.6,7,7,7,5
2016-07-07 06:00:00,32.2,14.8,10.2,1021.0,5,3.6,7,7,1,6
2016-07-07 07:00:00,40.7,15.8,10.2,1021.1,5,3.6,7,7,2,7
2016-07-07 08:00:00,49.7,16.6,10.8,1020.7,4,3.1,7,7,3,8
2016-07-07 09:00:00,49.5,17.9,11.5,1020.5,5,3.1,7,7,4,9
2016-07-07 10:00:00,45.9,20.1,12.8,1020.2,5,3.6,7,7,5,10
2016-07-07 11:00:00,47.9,20.2,11.7,1019.8,5,3.6,7,7,6,11
2016-07-07 12:00:00,48.2,22.0,12.6,1019.3,6,4.6,7,7,7,12
2016-07-07 13:00:00,44.1,22.3,12.5,1018.9,5,4.1,7,7,1,13
2016-07-07 14:00:00,43.5,22.8,12.0,1018.6,5,5.1,7,7,2,14
2016-07-07 15:00:00,40.5,23.1,13.3,1018.1,6,4.6,7,7,3,15
2016-07-07 16:00:00,42.0,22.0,12.7,1018.0,6,4.1,7,7,4,16
2016-07-07 17:00:00,46.9,21.8,13.1,1017.7,5,4.6,7,7,5,17
2016-07-07 18:00:00,56.6,21.2,12.9,1017.8,5,4.6,7,7,6,18
2016-07-07 19:00:00,52.0,20.6,13.0,1017.3,5,5.1,7,7,7,19
2016-07-07 20:00:00,46.4,19.1,13.6,1017.4,5,4.6,7,7,1,20
2016-07-07 21:00:00,48.9,18.5,13.5,1017.5,5,4.1,7,7,2,21
2016-07-07 22:00:00,52.1,18.0,13.2,1017.7,5,4.1,7,7,3,22
2016-07-07 23:00:00,49.4,17.2,13.0,1017.3,5,4.1,7,7,4,23
2016-07-08 00:00:00,43.2,16.6,12.9,1016.9,5,3.1,7,8,5,0
2016-07-08 01:00:00,38.0,15.9,12.7,1016.4,5,3.6,7,8,6,1
2016-07-08 02:00:00,35.6,15.3,12.6,1016.1,5,3.6,7,8,7,2
2016-07-08 03:00:00,34.3,15.3,12.6,1015.5,5,4.6,7,8,1,3
2016-07-08 04:00:00,33.5,15.0,13.1,1014.7,4,3.1,7,8,2,4
2016-07-08 05:00:00,34.1,15.1,13.2,1014.5,5,4.1,7,8,3,5
2016-07-08 06:00:00,33.8,16.1,13.8,1014.7,5,4.6,7,8,4,6
2016-07-08 07:00:00,41.3,17.2,14.0,1014.6,5,5.7,7,8,5,7
2016-07-08 08:00:00,48.9,17.9,13.4,1015.0,5,7.2,7,8,6,8
2016-07-08 09:00:00,50.8,18.2,14.0,1015.3,6,6.2,7,8,7,9
2016-07-08 10:00:00,51.8,18.9,14.3,1015.4,6,7.2,7,8,1,10
2016-07-08 11:00:00,50.8,20.4,15.0,1015.4,6,6.2,7,8,2,11
2016-07-08 12:00:00,48.8,21.8,14.6,1015.5,6,5.1,7,8,3,12
2016-07-08 13:00:00,44.8,22.9,13.9,1015.8,6,8.2,7,8,4,13
2016-07-08 14:00:00,44.8,22.4,12.3,1016.0,6,8.2,7,8,5,14
2016-07-08 15:00:00,36.9,22.1,12.2,1016.3,6,7.7,7,8,6,15
2016-07-08 16:00:00,38.6,21.4,13.1,1016.8,6,7.2,7,8,7,16
2016-07-08 17:00:00,43.6,21.5,12.5,1016.9,6,8.2,7,8,1,17
2016-07-08 18:00:00,49.6,21.5,12.3,1017.4,6,6.7,7,8,2,18
2016-07-08 19:00:00,47.5,20.7,12.5,1017.7,6,6.7,7,8,3,19
2016-07-08 20:00:00,51.7,19.2,12.6,1018.4,6,4.6,7,8,4,20
2016-07-08 21:00:00,50.4,18.2,12.4,1019.1,6,2.1,7,8,5,21
2016-07-08 22:00:00,48.8,17.2,11.5,1019.5,6,4.1,7,8,6,22
2016-07-08 23:00:00,48.9,16.3,11.9,1019.9,6,3.6,7,8,7,23
2016-07-09 00:00:00,44.1,16.3,12.3,1020.3,6,2.6,7,9,1,0
2016-07-09 01:00:00,38.1,16.2,12.0,1020.1,5,3.1,7,9,2,1
2016-07-09 02:00:00,32.7,16.2,12.1,1019.5,5,3.6,7,9,3,2
2016-07-09 03:00:00,32.8,15.1,11.8,1019.3,5,3.1,7,9,4,3
2016-07-09 04:00:00,31.4,15.0,12.0,1019.1966017997452,4,2.1,7,9,5,4
2016-07-09 05:00:00,32.2,15.7,12.7,1018.9,4,2.6,7,9,6,5
2016-07-09 06:00:00,33.7,17.0,13.9,1018.4,4,3.6,7,9,7,6
2016-07-09 07:00:00,36.5,17.3,13.5,1018.7,5,4.6,7,9,1,7
2016-07-09 08:00:00,38.9,18.0,13.0,1018.626923823508,5,5.7,7,9,2,8
2016-07-09 09:00:00,40.0,20.4,14.1,1018.2,4,6.2,7,9,3,9
2016-07-09 10:00:00,39.5,23.0,14.8,1017.7,5,7.2,7,9,4,10
2016-07-09 11:00:00,41.4,22.2,14.1,1017.4,5,7.2,7,9,5,11
2016-07-09 12:00:00,41.8,21.8,14.6,1017.6,5,8.2,7,9,6,12
2016-07-09 13:00:00,40.5,22.0,14.2,1017.2,5,8.2,7,9,7,13
2016-07-09 14:00:00,38.7,22.1,15.1,1017.0,5,8.2,7,9,1,14
2016-07-09 15:00:00,37.4,21.5,13.9,1016.8,5,7.7,7,9,2,15
2016-07-09 16:00:00,39.0,21.5,14.2,1015.7,5,7.7,7,9,3,16
2016-07-09 17:00:00,45.1,21.6,13.7,1015.7,5,8.2,7,9,4,17
2016-07-09 18:00:00,48.1,20.9,14.0,1015.1,5,8.2,7,9,5,18
2016-07-09 19:00:00,50.0,20.2,14.6,1014.4,5,7.7,7,9,6,19
2016-07-09 20:00:00,47.2,19.8,14.3,1014.4,5,7.2,7,9,7,20
2016-07-09 21:00:00,52.0,18.8,13.5,1014.5,5,6.7,7,9,1,21
2016-07-09 22:00:00,51.7,18.0,13.6,1014.2,5,5.7,7,9,2,22
2016-07-09 23:00:00,47.1,17.7,14.1,1013.9,5,4.6,7,9,3,23
2016-07-10 00:00:00,42.7,17.3,14.4,1013.3,5,4.6,7,10,4,0
2016-07-10 01:00:00,36.3,17.3,14.4,1012.4,5,4.1,7,10,5,1
2016-07-10 02:00:00,34.8,17.9,15.5,1011.7,5,4.6,7,10,6,2
2016-07-10 03:00:00,34.1,17.4,15.7,1011.0,5,4.6,7,10,7,3
2016-07-10 04:00:00,31.6,17.3,15.5,1010.2,5,4.6,7,10,1,4
2016-07-10 05:00:00,33.5,17.4,15.5,1010.0,5,6.2,7,10,2,5
2016-07-10 06:00:00,32.9,17.4,15.7,1009.9,5,5.7,7,10,3,6
2016-07-10 07:00:00,35.4,17.9,15.9,1009.5,4,5.1,7,10,4,7
2016-07-10 08:00:00,39.0,18.3,16.0,1009.5,5,6.7,7,10,5,8
2016-07-10 09:00:00,43.0,18.4,15.9,1009.3,5,6.7,7,10,6,9
2016-07-10 10:00:00,41.0,18.3,16.7,1008.9,5,5.1,7,10,7,10
2016-07-10 11:00:00,46.2,19.1,16.7,1008.5,5,6.7,7,10,1,11
2016-07-10 12:00:00,43.6,19.2,16.2,1008.4,5,7.2,7,10,2,12
2016-07-10 13:00:00,40.7,21.2,15.3,1008.1,5,9.3,7,10,3,13
2016-07-10 14:00:00,39.0,22.4,14.0,1007.8,5,8.8,7,10,4,14
2016-07-10 15:00:00,39.9,22.2,12.6,1007.2,5,8.8,7,10,5,15
2016-07-10 16:00:00,43.1,22.2,12.4,1006.8,5,9.8,7,10,6,16
2016-07-10 17:00:00,48.6,21.5,12.2,1006.6,5,9.8,7,10,7,17
2016-07-10 18:00:00,48.1,20.5,12.6,1006.7,5,8.2,7,10,1,18
2016-07-10 19:00:00,45.7,20.0,12.5,1006.7,5,8.8,7,10,2,19
2016-07-10 20:00:00,48.1,18.5,12.3,1006.8,5,6.7,7,10,3,20
2016-07-10 21:00:00,52.8,17.6,13.0,1007.1,5,6.2,7,10,4,21
2016-07-10 22:00:00,52.0,16.7,12.1,1007.1,5,7.2,7,10,5,22
2016-07-10 23:00:00,49.0,15.9,12.1,1007.0,5,7.2,7,10,6,23
2016-07-11 00:00:00,44.0,16.1,12.4,1006.6,5,6.7,7,11,7,0
2016-07-11 01:00:00,37.7,16.6,12.7,1006.4,5,6.2,7,11,1,1
2016-07-11 02:00:00,34.0,16.3,12.8,1005.9,5,5.7,7,11,2,2
2016-07-11 03:00:00,31.8,16.3,12.8,1005.8,5,6.7,7,11,3,3
2016-07-11 04:00:00,30.9,15.4,13.9,1005.7,5,7.2,7,11,4,4
2016-07-11 05:00:00,30.8,15.9,13.1,1005.6,5,6.7,7,11,5,5
2016-07-11 06:00:00,33.7,16.4,12.4,1006.0,5,8.2,7,11,6,6
2016-07-11 07:00:00,42.6,17.2,12.3,1006.2,5,8.8,7,11,7,7
2016-07-11 08:00:00,46.2,17.7,12.0,1006.5,5,7.7,7,11,1,8
2016-07-11 09:00:00,51.1,18.2,12.7,1007.1,5,8.2,7,11,2,9
2016-07-11 10:00:00,51.5,18.2,13.0,1007.5,5,9.3,7,11,3,10
2016-07-11 11:00:00,51.0,19.1,13.7,1007.8,5,7.2,7,11,4,11
2016-07-11 12:00:00,48.0,21.9,13.9,1007.7,5,8.2,7,11,5,12
2016-07-11 13:00:00,44.7,18.8,15.8,1008.2,5,7.2,7,11,6,13
2016-07-11 14:00:00,42.0,19.9,15.9,1008.2,5,6.2,7,11,7,14
2016-07-11 15:00:00,44.8,18.9,14.5,1008.6,5,8.2,7,11,1,15
2016-07-11 16:00:00,45.3,18.7,15.4,1008.9,5,6.7,7,11,2,16
2016-07-11 17:00:00,47.4,18.9,15.5,1009.0,5,5.7,7,11,3,17
2016-07-11 18:00:00,52.6,18.4,14.9,1009.1,5,5.1,7,11,4,18
2016-07-11 19:00:00,54.4,18.0,15.0,1009.8,5,5.7,7,11,5,19
2016-07-11 20:00:00,54.1,17.6,15.0,1010.2,5,5.1,7,11,6,20
2016-07-11 21:00:00,55.5,16.6,11.9,1010.7,6,5.7,7,11,7,21
2016-07-11 22:00:00,55.4,16.0,12.0,1011.2,6,4.1,7,11,1,22
2016-07-11 23:00:00,50.5,15.0,12.6,1011.3,5,2.6,7,11,2,23
2016-07-12 00:00:00,43.6,14.5,11.4,1011.3,5,3.6,7,12,3,0
2016-07-12 01:00:00,38.1,13.8,10.8,1011.3,6,3.1,7,12,4,1
2016-07-12 02:00:00,33.0,13.8,11.0,1011.2,5,3.1,7,12,5,2
2016-07-12 03:00:00,31.3,13.2,10.8,1011.2,5,3.1,7,12,6,3
2016-07-12 04:00:00,30.1,12.7,10.9,1011.3,5,2.6,7,12,7,4
2016-07-12 05:00:00,30.0,12.5,10.8,1011.4,5,3.1,7,12,1,5
2016-07-12 06:00:00,30.5,13.5,10.9,1011.5,5,2.1,7,12,2,6
2016-07-12 07:00:00,35.8,15.1,11.2,1011.6,5,3.1,7,12,3,7
2016-07-12 08:00:00,45.3,15.9,11.3,1011.9,5,4.6,7,12,4,8
2016-07-12 09:00:00,51.4,16.4,11.1,1011.8,5,4.6,7,12,5,9
2016-07-12 10:00:00,48.0,18.3,11.4,1011.5,5,4.6,7,12,6,10
2016-07-12 11:00:00,53.2,15.6,13.6,1011.7,6,5.1,7,12,7,11
2016-07-12 12:00:00,53.0,17.1,13.9,1011.7,5,4.6,7,12,1,12
2016-07-12 13:00:00,48.7,15.9,14.5,1011.8,6,3.6,7,12,2,13
2016-07-12 14:00:00,44.6,14.7,13.6,1012.2,6,5.7,7,12,3,14
2016-07-12 15:00:00,47.9,16.1,14.3,1012.3,7,2.6,7,12,4,15
2016-07-12 16:00:00,44.2,16.7,12.8,1012.4,7,4.6,7,12,5,16
2016-07-12 17:00:00,46.7,17.5,11.5,1012.7,0,4.1,7,12,6,17
2016-07-12 18:00:00,46.2,17.3,10.6,1012.8,7,4.1,7,12,7,18
2016-07-12 19:00:00,54.2,15.9,10.9,1013.2,0,3.1,7,12,1,19
2016-07-12 20:00:00,55.4,15.2,11.1,1013.9,7,2.6,7,12,2,20
2016-07-12 21:00:00,52.1,14.5,11.0,1014.6,7,3.1,7,12,3,21
2016-07-12 22:00:00,51.0,13.7,11.1,1014.7,7,2.6,7,12,4,22
2016-07-12 23:00:00,47.1,13.5,11.3,1015.0,7,1.5,7,12,5,23
2016-07-13 00:00:00,44.6,13.1,10.9,1015.1,7,2.6,7,13,6,0
2016-07-13 01:00:00,37.8,12.8,10.6,1015.4,7,1.5,7,13,7,1
2016-07-13 02:00:00,32.7,12.8,10.2,1015.6,7,2.1,7,13,1,2
2016-07-13 03:00:00,30.3,12.8,10.5,1015.8,7,1.0,7,13,2,3
2016-07-13 04:00:00,32.0,12.8,10.2,1016.0,7,3.1,7,13,3,4
2016-07-13 05:00:00,31.1,12.6,9.6,1016.2,7,3.1,7,13,4,5
2016-07-13 06:00:00,31.6,12.8,9.5,1016.5,7,3.1,7,13,5,6
2016-07-13 07:00:00,33.8,13.9,9.6,1016.9,7,3.6,7,13,6,7
2016-07-13 08:00:00,45.5,14.7,9.5,1017.4,7,3.6,7,13,7,8
2016-07-13 09:00:00,52.4,15.8,9.4,1017.8,7,4.6,7,13,1,9
2016-07-13 10:00:00,50.3,18.3,8.4,1017.9,6,4.1,7,13,2,10
2016-07-13 11:00:00,53.5,19.6,9.7,1018.0,7,4.1,7,13,3,11
2016-07-13 12:00:00,53.5,15.3,10.5,1018.9,7,4.1,7,13,4,12
2016-07-13 13:00:00,46.3,17.6,10.6,1018.7,7,2.6,7,13,5,13
2016-07-13 14:00:00,46.7,17.1,7.3,1018.8,7,2.1,7,13,6,14
2016-07-13 15:00:00,43.4,17.0,10.2,1018.8,7,3.6,7,13,7,15
2016-07-13 16:00:00,44.5,14.3,10.9,1019.6,6,3.1,7,13,1,16
2016-07-13 17:00:00,47.8,15.9,10.3,1019.5,6,2.6,7,13,2,17
2016-07-13 18:00:00,50.2,16.1,9.9,1019.8,7,3.1,7,13,3,18
2016-07-13 19:00:00,51.7,16.0,9.8,1020.0,6,3.1,7,13,4,19
2016-07-13 20:00:00,51.7,15.8,9.5,1020.3,6,2.6,7,13,5,20
2016-07-13 21:00:00,52.9,15.1,9.6,1020.9,6,3.1,7,13,6,21
2016-07-13 22:00:00,52.0,14.9,8.8,1021.3,6,2.6,7,13,7,22
2016-07-13 23:00:00,54.8,14.3,8.7,1021.5,7,2.6,7,13,1,23
2016-07-14 00:00:00,44.0,13.4,8.9,1021.5,7,1.5,7,14,2,0
2016-07-14 01:00:00,37.7,12.7,8.8,1021.6,6,1.5,7,14,3,1
2016-07-14 02:00:00,32.1,12.4,9.3,1021.6,6,2.1,7,14,4,2
2016-07-14 03:00:00,31.2,12.4,9.6,1021.7,7,2.1,7,14,5,3
2016-07-14 04:00:00,30.8,12.3,9.2,1021.9,6,3.1,7,14,6,4
2016-07-14 05:00:00,30.0,11.6,9.0,1022.4,7,2.1,7,14,7,5
2016-07-14 06:00:00,33.7,12.6,9.5,1022.9,7,3.1,7,14,1,6
2016-07-14 07:00:00,41.5,14.1,9.6,1023.2,7,4.1,7,14,2,7
2016-07-14 08:00:00,46.6,14.9,8.8,1023.5,0,3.6,7,14,3,8
2016-07-14 09:00:00,49.0,16.2,9.2,1023.8,7,3.6,7,14,4,9
2016-07-14 10:00:00,47.6,17.3,9.0,1024.0,7,3.1,7,14,5,10
2016-07-14 11:00:00,53.2,19.0,8.2,1024.3,7,4.1,7,14,6,11
2016-07-14 12:00:00,52.0,19.0,7.4,1024.5,7,4.1,7,14,7,12
2016-07-14 13:00:00,40.8,20.7,8.2,1024.6,6,3.6,7,14,1,13
2016-07-14 14:00:00,43.1,20.5,8.1,1024.6,7,3.6,7,14,2,14
2016-07-14 15:00:00,45.0,20.3,8.0,1024.8,7,3.6,7,14,3,15
2016-07-14 16:00:00,44.1,21.8,7.1,1024.8,7,3.6,7,14,4,16
2016-07-14 17:00:00,46.4,20.2,6.6,1025.0,7,4.1,7,14,5,17
2016-07-14 18:00:00,48.1,20.5,7.1,1025.1,6,3.1,7,14,6,18
2016-07-14 19:00:00,47.0,20.1,7.4,1025.2,7,2.6,7,14,7,19
2016-07-14 20:00:00,47.8,18.6,8.2,1025.4,7,2.1,7,14,1,20
2016-07-14 21:00:00,50.7,18.1,8.7,1026.0,6,2.6,7,14,2,21
2016-07-14 22:00:00,53.6,16.9,9.5,1026.4,6,4.1,7,14,3,22
2016-07-14 23:00:00,50.2,14.9,10.3,1026.5,6,4.1,7,14,4,23
2016-07-15 00:00:00,42.6,14.5,11.1,1026.5,6,3.1,7,15,5,0
2016-07-15 01:00:00,39.2,13.9,10.7,1026.5,6,2.6,7,15,6,1
2016-07-15 02:00:00,36.9,13.1,9.9,1026.6,6,1.5,7,15,7,2
2016-07-15 03:00:00,32.8,12.5,10.2,1026.5,6,3.1,7,15,1,3
2016-07-15 04:00:00,30.1,11.5,10.0,1026.4,6,2.1,7,15,2,4
2016-07-15 05:00:00,31.2,11.2,9.7,1026.7,6,2.6,7,15,3,5
2016-07-15 06:00:00,30.1,12.7,9.9,1026.7,6,2.6,7,15,4,6
2016-07-15 07:00:00,37.5,14.2,9.9,1027.0,6,2.1,7,15,5,7
2016-07-15 08:00:00,47.6,16.0,9.6,1026.9,6,3.1,7,15,6,8
2016-07-15 09:00:00,44.8,17.5,10.1,1026.6,5,3.6,7,15,7,9
2016-07-15 10:00:00,49.0,19.0,9.6,1026.6,6,4.6,7,15,1,10
2016-07-15 11:00:00,53.4,18.4,8.7,1026.9,6,4.6,7,15,2,11
2016-07-15 12:00:00,53.4,19.4,11.3,1026.8,5,5.7,7,15,3,12
2016-07-15 13:00:00,47.2,18.3,11.8,1026.7,6,5.7,7,15,4,13
2016-07-15 14:00:00,47.3,19.3,12.3,1026.5,6,6.2,7,15,5,14
2016-07-15 15:00:00,44.9,18.6,12.7,1026.2,6,5.7,7,15,6,15
2016-07-15 16:00:00,41.5,16.6,14.7,1026.3,6,6.7,7,15,7,16
2016-07-15 17:00:00,48.3,17.3,14.2,1026.0,5,5.7,7,15,1,17
2016-07-15 18:00:00,49.5,18.0,14.5,1025.6,5,4.1,7,15,2,18
2016-07-15 19:00:00,49.8,18.1,14.4,1025.2,5,5.1,7,15,3,19
2016-07-15 20:00:00,50.8,18.5,14.6,1025.3,6,6.2,7,15,4,20
2016-07-15 21:00:00,52.1,18.1,14.9,1025.6,6,5.7,7,15,5,21
2016-07-15 22:00:00,51.1,18.0,15.3,1025.6,6,5.1,7,15,6,22
2016-07-15 23:00:00,46.6,17.7,15.3,1025.5,6,6.2,7,15,7,23
2016-07-16 00:00:00,40.7,17.7,15.5,1025.5,6,5.7,7,16,1,0
2016-07-16 01:00:00,37.9,17.5,15.4,1025.6,6,4.6,7,16,2,1
2016-07-16 02:00:00,34.0,17.4,15.4,1025.3,6,5.7,7,16,3,2
2016-07-16 03:00:00,30.7,17.3,15.2,1025.1,6,4.6,7,16,4,3
2016-07-16 04:00:00,31.7,17.3,15.1,1025.0,6,5.7,7,16,5,4
2016-07-16 05:00:00,34.6,17.4,15.2,1025.3,5,4.1,7,16,6,5
2016-07-16 06:00:00,47.6,17.5,15.2,1025.3,5,4.6,7,16,7,6
2016-07-16 07:00:00,33.8,17.9,15.3,1025.8,6,5.7,7,16,1,7
2016-07-16 08:00:00,33.1,18.2,15.4,1026.0,6,5.7,7,16,2,8
2016-07-16 09:00:00,33.2,20.6,16.0,1025.8,6,5.1,7,16,3,9
2016-07-16 10:00:00,33.6,21.7,16.8,1025.4,6,4.6,7,16,4,10
2016-07-16 11:00:00,35.4,23.5,16.9,1025.1,6,5.1,7,16,5,11
2016-07-16 12:00:00,37.2,24.4,16.6,1025.0,6,5.7,7,16,6,12
2016-07-16 13:00:00,38.2,24.2,16.5,1024.5,6,5.1,7,16,7,13
2016-07-16 14:00:00,34.8,25.5,16.2,1024.2,6,6.2,7,16,1,14
2016-07-16 15:00:00,34.7,25.0,16.5,1023.9,6,4.6,7,16,2,15
2016-07-16 16:00:00,36.9,25.5,16.0,1023.6,6,5.1,7,16,3,16
2016-07-16 17:00:00,38.7,25.4,16.7,1023.4,6,6.7,7,16,4,17
2016-07-16 18:00:00,42.7,23.8,16.6,1023.4,6,6.7,7,16,5,18
2016-07-16 19:00:00,51.4,23.6,16.3,1023.4,6,5.1,7,16,6,19
2016-07-16 20:00:00,56.6,22.3,16.6,1023.5,6,5.1,7,16,7,20
2016-07-16 21:00:00,56.9,21.0,16.5,1023.9,6,5.7,7,16,1,21
2016-07-16 22:00:00,51.0,19.8,16.5,1023.6,6,5.1,7,16,2,22
2016-07-16 23:00:00,45.1,18.6,16.3,1023.6,6,4.6,7,16,3,23
2016-07-17 00:00:00,41.4,18.3,16.5,1023.5,6,4.1,7,17,4,0
2016-07-17 01:00:00,35.5,18.0,16.4,1023.5,6,3.6,7,17,5,1
2016-07-17 02:00:00,33.8,18.8,16.7,1023.3,6,2.6,7,17,6,2
2016-07-17 03:00:00,33.1,18.7,16.8,1023.0,6,3.6,7,17,7,3
2016-07-17 04:00:00,32.2,17.7,16.2,1022.9,6,2.6,7,17,1,4
2016-07-17 05:00:00,32.3,18.4,16.7,1022.8,5,3.1,7,17,2,5
2016-07-17 06:00:00,35.3,18.9,16.5,1023.0,6,5.1,7,17,3,6
2016-07-17 07:00:00,37.8,19.6,16.6,1023.2,6,4.1,7,17,4,7
2016-07-17 08:00:00,40.0,20.2,16.9,1023.1,6,4.1,7,17,5,8
2016-07-17 09:00:00,38.9,22.0,17.2,1022.8,5,4.6,7,17,6,9
2016-07-17 10:00:00,40.4,22.7,17.1,1022.7,6,6.2,7,17,7,10
2016-07-17 11:00:00,41.4,23.6,17.2,1022.6,6,6.2,7,17,1,11
2016-07-17 12:00:00,47.4,24.6,16.8,1022.4,6,5.7,7,17,2,12
2016-07-17 13:00:00,42.5,25.4,17.3,1022.0,6,5.7,7,17,3,13
2016-07-17 14:00:00,44.0,26.7,16.4,1021.7,6,6.2,7,17,4,14
2016-07-17 15:00:00,40.5,25.8,16.3,1021.4,6,6.2,7,17,5,15
2016-07-17 16:00:00,42.6,26.8,15.7,1021.1,6,7.2,7,17,6,16
2016-07-17 17:00:00,48.5,26.2,15.1,1020.9,6,6.7,7,17,7,17
2016-07-17 18:00:00,54.2,25.9,14.9,1020.9,6,6.2,7,17,1,18
2016-07-17 19:00:00,50.3,24.6,15.2,1021.1,6,5.7,7,17,2,19
2016-07-17 20:00:00,53.0,22.9,15.9,1021.4,6,4.6,7,17,3,20
2016-07-17 21:00:00,55.1,21.6,16.4,1021.9,6,5.1,7,17,4,21
2016-07-17 22:00:00,57.1,20.9,16.5,1022.2,6,3.1,7,17,5,22
2016-07-17 23:00:00,51.7,18.9,15.8,1022.3,6,2.1,7,17,6,23
2016-07-18 00:00:00,45.6,17.8,16.1,1022.4,6,2.6,7,18,7,0
2016-07-18 01:00:00,39.6,17.3,15.9,1022.4,6,1.5,7,18,1,1
2016-07-18 02:00:00,36.8,17.0,15.9,1022.2,6,1.0,7,18,2,2
2016-07-18 03:00:00,34.4,16.8,16.0,1022.2,6,1.5,7,18,3,3
2016-07-18 04:00:00,34.5,16.0,15.5,1021.9,6,1.5,7,18,4,4
2016-07-18 05:00:00,33.0,16.2,15.6,1022.2,7,1.5,7,18,5,5
2016-07-18 06:00:00,33.2,16.7,15.6,1022.4,6,2.1,7,18,6,6
2016-07-18 07:00:00,38.1,18.2,15.2,1022.5,7,1.5,7,18,7,7
2016-07-18 08:00:00,48.7,19.6,15.4,1022.5,7,1.0,7,18,1,8
2016-07-18 09:00:00,50.9,21.2,15.1,1022.5,6,1.5,7,18,2,9
2016-07-18 10:00:00,46.0,22.7,13.9,1022.6,6,1.0,7,18,3,10
2016-07-18 11:00:00,46.6,24.6,15.0,1022.4,6,1.5,7,18,4,11
2016-07-18 12:00:00,48.8,26.2,12.6,1022.1,5,2.1,7,18,5,12
2016-07-18 13:00:00,47.7,26.4,11.5,1021.9,5,2.1,7,18,6,13
2016-07-18 14:00:00,45.6,28.3,10.1,1021.2,5,2.6,7,18,7,14
2016-07-18 15:00:00,41.9,29.2,5.4,1020.9,4,2.1,7,18,1,15
2016-07-18 16:00:00,39.1,28.8,7.0,1020.3,5,1.5,7,18,2,16
2016-07-18 17:00:00,43.0,28.9,5.4,1019.9,2,1.5,7,18,3,17
2016-07-18 18:00:00,45.4,28.6,7.4,1019.7,4,1.5,7,18,4,18
2016-07-18 19:00:00,48.7,27.8,6.2,1019.6,3,1.5,7,18,5,19
2016-07-18 20:00:00,52.8,26.4,8.2,1019.7,4,2.6,7,18,6,20
2016-07-18 21:00:00,54.3,23.5,16.7,1020.3,4,4.1,7,18,7,21
2016-07-18 22:00:00,54.5,22.3,16.2,1020.6,4,2.1,7,18,1,22
2016-07-18 23:00:00,51.2,20.9,15.4,1020.9,4,1.0,7,18,2,23
2016-07-19 00:00:00,44.7,19.5,15.2,1020.6,3,1.5,7,19,3,0
2016-07-19 01:00:00,40.2,18.6,15.5,1020.1,2,1.5,7,19,4,1
2016-07-19 02:00:00,36.3,17.8,15.3,1020.0,2,2.1,7,19,5,2
2016-07-19 03:00:00,33.8,17.5,15.0,1019.5,2,1.5,7,19,6,3
2016-07-19 04:00:00,32.0,16.7,14.3,1019.2,2,2.1,7,19,7,4
2016-07-19 05:00:00,32.4,17.3,15.0,1019.1,1,0.5,7,19,1,5
2016-07-19 06:00:00,40.4,20.7,16.5,1019.1,1,2.1,7,19,2,6
2016-07-19 07:00:00,40.0,22.4,16.8,1018.8,2,2.6,7,19,3,7
2016-07-19 08:00:00,46.2,24.9,17.0,1018.5,2,2.6,7,19,4,8
2016-07-19 09:00:00,48.2,26.9,16.9,1018.2,2,2.6,7,19,5,9
2016-07-19 10:00:00,42.9,29.3,17.5,1017.8,3,3.6,7,19,6,10
2016-07-19 11:00:00,43.4,30.8,18.0,1017.5,3,5.1,7,19,7,11
2016-07-19 12:00:00,49.5,32.1,17.5,1017.0,3,5.1,7,19,1,12
2016-07-19 13:00:00,47.9,32.9,17.3,1016.3,4,4.6,7,19,2,13
2016-07-19 14:00:00,46.7,32.7,15.1,1016.1,4,5.7,7,19,3,14
2016-07-19 15:00:00,44.1,32.5,15.5,1015.4,4,6.2,7,19,4,15
2016-07-19 16:00:00,41.6,32.5,15.2,1014.9,3,6.2,7,19,5,16
2016-07-19 17:00:00,49.7,32.2,14.7,1014.4,3,6.2,7,19,6,17
2016-07-19 18:00:00,49.5,31.2,14.5,1014.0,3,6.2,7,19,7,18
2016-07-19 19:00:00,52.5,30.1,14.5,1013.6,3,6.2,7,19,1,19
2016-07-19 20:00:00,52.2,28.5,15.7,1013.3,2,5.7,7,19,2,20
2016-07-19 21:00:00,50.8,26.1,17.5,1013.0,2,4.1,7,19,3,21
2016-07-19 22:00:00,54.3,24.5,16.7,1012.7,2,4.1,7,19,4,22
2016-07-19 23:00:00,52.0,24.3,16.8,1012.0,2,3.1,7,19,5,23
2016-07-20 00:00:00,46.7,23.6,16.3,1011.4,2,2.6,7,20,6,0
2016-07-20 01:00:00,38.8,23.7,16.7,1010.7,1,2.1,7,20,7,1
2016-07-20 02:00:00,35.2,23.7,16.5,1009.7,2,2.6,7,20,1,2
2016-07-20 03:00:00,34.3,22.9,16.2,1008.5,2,2.1,7,20,2,3
2016-07-20 04:00:00,34.2,22.8,16.1,1007.8,2,3.1,7,20,3,4
2016-07-20 05:00:00,32.0,23.8,15.6,1007.5,3,4.6,7,20,4,5
2016-07-20 06:00:00,32.7,23.7,15.9,1007.2,4,4.6,7,20,5,6
2016-07-20 07:00:00,38.3,23.3,16.6,1007.0,4,4.1,7,20,6,7
2016-07-20 08:00:00,48.9,23.9,18.0,1007.1,4,6.7,7,20,7,8
2016-07-20 09:00:00,51.3,22.8,17.7,1008.1,4,6.7,7,20,1,9
2016-07-20 10:00:00,53.2,22.6,17.0,1008.4,5,6.7,7,20,2,10
2016-07-20 11:00:00,51.8,24.1,18.2,1009.1,5,7.2,7,20,3,11
2016-07-20 12:00:00,48.3,26.2,18.1,1009.1,6,6.2,7,20,4,12
2016-07-20 13:00:00,45.8,28.0,18.3,1008.6,6,5.7,7,20,5,13
2016-07-20 14:00:00,47.4,30.7,18.2,1008.8,5,7.2,7,20,6,14
2016-07-20 15:00:00,48.1,30.1,16.3,1009.2,6,6.7,7,20,7,15
2016-07-20 16:00:00,45.3,30.1,14.1,1009.6,6,7.2,7,20,1,16
2016-07-20 17:00:00,48.0,29.7,12.6,1009.9,6,6.7,7,20,2,17
2016-07-20 18:00:00,45.9,27.8,12.3,1010.2,6,7.7,7,20,3,18
2016-07-20 19:00:00,47.9,25.2,13.7,1010.9,6,6.7,7,20,4,19
2016-07-20 20:00:00,50.2,23.2,14.2,1012.1,6,5.1,7,20,5,20
2016-07-20 21:00:00,51.6,21.6,13.9,1012.8,6,4.1,7,20,6,21
2016-07-20 22:00:00,50.7,19.9,14.0,1013.5,6,5.7,7,20,7,22
2016-07-20 23:00:00,51.2,18.0,12.1,1014.0,6,5.7,7,20,1,23
2016-07-21 00:00:00,45.8,16.5,12.2,1014.2,6,4.6,7,21,2,0
2016-07-21 01:00:00,40.5,15.2,12.3,1014.4,6,4.1,7,21,3,1
2016-07-21 02:00:00,36.8,14.8,12.5,1014.3,6,3.1,7,21,4,2
2016-07-21 03:00:00,31.0,14.2,12.3,1014.5,6,4.1,7,21,5,3
2016-07-21 04:00:00,31.6,14.2,12.5,1014.8,6,2.6,7,21,6,4
2016-07-21 05:00:00,32.0,14.8,12.8,1015.3,6,2.6,7,21,7,5
2016-07-21 06:00:00,32.6,15.6,13.1,1015.6,6,2.6,7,21,1,6
2016-07-21 07:00:00,39.9,16.3,13.2,1016.2,6,3.1,7,21,2,7
2016-07-21 08:00:00,48.7,16.9,13.3,1016.4,6,2.1,7,21,3,8
2016-07-21 09:00:00,49.3,18.5,13.9,1016.7,6,1.5,7,21,4,9
2016-07-21 10:00:00,48.1,20.5,14.2,1016.7,7,1.5,7,21,5,10
2016-07-21 11:00:00,47.4,21.0,12.5,1016.5,7,1.5,7,21,6,11
2016-07-21 12:00:00,46.3,23.7,13.7,1016.4,5,1.0,7,21,7,12
2016-07-21 13:00:00,39.8,23.1,11.2,1016.3,0,1.5,7,21,1,13
2016-07-21 14:00:00,43.0,23.4,11.5,1016.3,7,3.6,7,21,2,14
2016-07-21 15:00:00,44.6,25.0,12.3,1016.2,6,3.6,7,21,3,15
2016-07-21 16:00:00,46.7,25.2,11.4,1016.3,6,3.6,7,21,4,16
2016-07-21 17:00:00,47.1,24.1,11.0,1016.2,7,2.6,7,21,5,17
2016-07-21 18:00:00,49.3,23.4,11.5,1016.2,7,2.6,7,21,6,18
2016-07-21 19:00:00,49.8,22.6,11.9,1016.5,7,2.6,7,21,7,19
2016-07-21 20:00:00,51.6,21.9,13.2,1016.9,7,3.1,7,21,1,20
2016-07-21 21:00:00,50.3,20.8,13.6,1017.4,7,2.6,7,21,2,21
2016-07-21 22:00:00,47.6,20.1,14.2,1017.7,7,3.6,7,21,3,22
2016-07-21 23:00:00,47.5,19.1,13.5,1018.0,7,2.6,7,21,4,23
2016-07-22 00:00:00,46.0,18.6,13.8,1018.0,7,2.6,7,22,5,0
2016-07-22 01:00:00,40.1,18.0,14.5,1017.9,7,2.1,7,22,6,1
2016-07-22 02:00:00,39.3,18.2,14.6,1017.6,0,2.6,7,22,7,2
2016-07-22 03:00:00,35.8,17.9,14.7,1017.4,0,2.6,7,22,1,3
2016-07-22 04:00:00,35.5,17.6,15.2,1017.3,0,1.5,7,22,2,4
2016-07-22 05:00:00,31.8,17.4,15.7,1017.4,1,1.5,7,22,3,5
2016-07-22 06:00:00,32.8,17.5,15.9,1017.8,0,1.5,7,22,4,6
2016-07-22 07:00:00,37.5,18.1,16.2,1018.3,1,1.0,7,22,5,7
2016-07-22 08:00:00,46.4,18.8,16.4,1018.6,1,1.0,7,22,6,8
2016-07-22 09:00:00,51.8,19.8,16.6,1018.5,1,1.5,7,22,7,9
2016-07-22 10:00:00,53.8,20.9,16.6,1018.5,1,1.5,7,22,1,10
2016-07-22 11:00:00,50.9,21.9,15.7,1018.5,1,2.1,7,22,2,11
2016-07-22 12:00:00,54.1,22.7,14.5,1018.5,1,1.5,7,22,3,12
2016-07-22 13:00:00,50.1,23.3,13.3,1018.5,2,1.0,7,22,4,13
2016-07-22 14:00:00,45.0,22.1,15.0,1018.7,1,1.0,7,22,5,14
2016-07-22 15:00:00,42.5,22.7,14.7,1018.8,3,1.0,7,22,6,15
2016-07-22 16:00:00,44.3,23.0,15.3,1018.8,4,2.6,7,22,7,16
2016-07-22 17:00:00,44.7,23.1,14.0,1018.6,4,2.6,7,22,1,17
2016-07-22 18:00:00,46.7,23.0,15.7,1018.4,5,2.1,7,22,2,18
2016-07-22 19:00:00,45.5,22.4,15.1,1018.9,5,2.6,7,22,3,19
2016-07-22 20:00:00,50.2,21.0,16.0,1019.3579710859443,4,2.6,7,22,4,20
2016-07-22 21:00:00,50.7,21.8,14.9,1019.6,4,2.6,7,22,5,21
2016-07-22 22:00:00,53.0,20.8,15.0,1019.7,4,2.6,7,22,6,22
2016-07-22 23:00:00,51.9,19.4,14.9,1020.1,4,2.6,7,22,7,23
2016-07-23 00:00:00,44.3,18.8,14.5,1020.0,5,2.1,7,23,1,0
2016-07-23 01:00:00,46.0,17.6,14.7,1019.8,5,1.5,7,23,2,1
2016-07-23 02:00:00,39.0,17.1,14.9,1019.9,1,1.0,7,23,3,2
2016-07-23 03:00:00,39.1,16.5,14.8,1019.9,7,1.0,7,23,4,3
2016-07-23 04:00:00,37.2,15.8,14.5,1019.6,6,0.5,7,23,5,4
2016-07-23 05:00:00,36.7,15.6,14.8,1019.9,6,2.1,7,23,6,5
2016-07-23 06:00:00,35.5,16.7,14.9,1020.1,6,1.5,7,23,7,6
2016-07-23 07:00:00,38.0,18.5,15.5,1020.3,7,1.0,7,23,1,7
2016-07-23 08:00:00,44.1,20.6,15.7,1020.3,6,0.5,7,23,2,8
2016-07-23 09:00:00,41.7,23.6,16.6,1020.3,4,1.5,7,23,3,9
2016-07-23 10:00:00,40.7,24.8,16.0,1020.4,4,2.1,7,23,4,10
2016-07-23 11:00:00,40.1,26.1,14.0,1020.4,4,2.6,7,23,5,11
2016-07-23 12:00:00,39.9,26.8,13.5,1020.0,5,2.6,7,23,6,12
2016-07-23 13:00:00,38.6,26.5,13.4,1020.0,6,2.6,7,23,7,13
2016-07-23 14:00:00,41.1,27.7,14.3,1019.5,5,4.1,7,23,1,14
2016-07-23 15:00:00,38.5,27.2,14.8,1019.2,5,4.1,7,23,2,15
2016-07-23 16:00:00,36.4,27.5,12.7,1018.8,5,5.1,7,23,3,16
2016-07-23 17:00:00,39.6,26.8,13.4,1018.6,5,5.7,7,23,4,17
2016-07-23 18:00:00,39.2,26.1,13.3,1018.9,5,5.7,7,23,5,18
2016-07-23 19:00:00,40.2,23.9,14.3,1019.3,5,5.7,7,23,6,19
2016-07-23 20:00:00,44.5,22.3,13.4,1019.8,4,4.1,7,23,7,20
2016-07-23 21:00:00,41.8,21.0,13.6,1020.2,5,5.1,7,23,1,21
2016-07-23 22:00:00,41.5,19.6,13.9,1020.3,5,3.6,7,23,2,22
2016-07-23 23:00:00,38.2,18.3,13.8,1020.4,5,3.6,7,23,3,23
2016-07-24 00:00:00,37.0,17.6,13.8,1020.3,5,2.6,7,24,4,0
2016-07-24 01:00:00,34.0,17.1,13.4,1020.2,6,2.6,7,24,5,1
2016-07-24 02:00:00,31.9,16.8,12.3,1019.7,6,2.6,7,24,6,2
2016-07-24 03:00:00,31.2,16.1,13.1,1019.7,5,2.6,7,24,7,3
2016-07-24 04:00:00,32.4,15.0,12.5,1019.5,6,3.6,7,24,1,4
2016-07-24 05:00:00,30.5,15.3,13.1,1019.4,5,2.6,7,24,2,5
2016-07-24 06:00:00,30.9,16.2,13.2,1019.3,6,3.1,7,24,3,6
2016-07-24 07:00:00,32.4,17.1,14.1,1019.7,6,3.1,7,24,4,7
2016-07-24 08:00:00,32.4,19.5,15.2,1019.9,6,4.1,7,24,5,8
2016-07-24 09:00:00,34.4,20.6,15.6,1019.7,5,3.6,7,24,6,9
2016-07-24 10:00:00,34.4,21.8,14.3,1019.4,5,6.2,7,24,7,10
2016-07-24 11:00:00,37.4,22.0,14.7,1019.1,5,4.1,7,24,1,11
2016-07-24 12:00:00,37.2,24.3,14.0,1018.6,5,5.7,7,24,2,12
2016-07-24 13:00:00,35.8,25.8,15.2,1018.4,5,6.2,7,24,3,13
2016-07-24 14:00:00,35.7,24.6,13.4,1018.2,5,6.7,7,24,4,14
2016-07-24 15:00:00,35.7,23.4,14.6,1018.1,5,6.2,7,24,5,15
2016-07-24 16:00:00,36.0,22.9,15.3,1017.8,5,5.7,7,24,6,16
2016-07-24 17:00:00,38.8,22.0,15.4,1017.5,5,6.2,7,24,7,17
2016-07-24 18:00:00,41.3,21.6,15.6,1017.7,4,6.7,7,24,1,18
2016-07-24 19:00:00,41.5,20.0,15.9,1017.8,5,6.7,7,24,2,19
2016-07-24 20:00:00,43.7,19.4,16.0,1017.9,5,5.7,7,24,3,20
2016-07-24 21:00:00,43.4,19.2,16.5,1018.2,5,5.1,7,24,4,21
2016-07-24 22:00:00,42.1,19.0,16.8,1018.1,5,4.6,7,24,5,22
2016-07-24 23:00:00,41.2,18.2,17.7,1018.2,5,4.1,7,24,6,23
2016-07-25 00:00:00,36.9,17.4,15.7,1018.4,6,5.7,7,25,7,0
2016-07-25 01:00:00,33.8,16.2,12.9,1018.6,6,4.6,7,25,1,1
2016-07-25 02:00:00,32.1,15.8,12.8,1018.5,6,3.6,7,25,2,2
2016-07-25 03:00:00,31.2,15.1,12.7,1018.6,6,3.1,7,25,3,3
2016-07-25 04:00:00,31.0,14.2,12.2,1018.5,5,3.6,7,25,4,4
2016-07-25 05:00:00,29.9,14.1,12.3,1018.7,6,3.1,7,25,5,5
2016-07-25 06:00:00,30.1,15.2,12.9,1019.0,6,4.1,7,25,6,6
2016-07-25 07:00:00,35.2,16.1,12.9,1019.4,6,4.6,7,25,7,7
2016-07-25 08:00:00,42.3,17.9,14.0,1019.5,6,4.6,7,25,1,8
2016-07-25 09:00:00,44.1,18.8,12.9,1019.5,6,4.1,7,25,2,9
2016-07-25 10:00:00,42.1,20.1,12.0,1019.6,6,4.1,7,25,3,10
2016-07-25 11:00:00,45.0,22.0,12.1,1019.5,6,5.1,7,25,4,11
2016-07-25 12:00:00,45.0,23.5,11.6,1019.4,6,5.1,7,25,5,12
2016-07-25 13:00:00,43.5,22.9,9.6,1019.4,6,5.1,7,25,6,13
2016-07-25 14:00:00,38.9,24.5,10.1,1019.2,6,6.7,7,25,7,14
2016-07-25 15:00:00,37.9,23.2,9.9,1019.3,6,6.7,7,25,1,15
2016-07-25 16:00:00,36.0,22.6,9.3,1019.3,6,6.2,7,25,2,16
2016-07-25 17:00:00,38.9,22.8,8.2,1018.9,7,5.1,7,25,3,17
2016-07-25 18:00:00,40.8,22.1,9.2,1019.3,6,6.2,7,25,4,18
2016-07-25 19:00:00,43.1,21.5,9.9,1019.6,6,4.6,7,25,5,19
2016-07-25 20:00:00,46.2,21.0,10.6,1019.9,6,2.6,7,25,6,20
2016-07-25 21:00:00,46.0,18.8,13.0,1020.7,6,6.2,7,25,7,21
2016-07-25 22:00:00,44.3,18.3,11.1,1020.9,6,5.1,7,25,1,22
2016-07-25 23:00:00,41.2,17.6,11.5,1020.9,6,4.1,7,25,2,23
2016-07-26 00:00:00,36.7,15.8,11.3,1021.1,6,4.6,7,26,3,0
2016-07-26 01:00:00,32.7,14.8,11.5,1021.2,6,3.6,7,26,4,1
2016-07-26 02:00:00,31.2,14.2,11.5,1021.3,6,3.1,7,26,5,2
2016-07-26 03:00:00,30.1,13.4,11.5,1021.3,6,2.6,7,26,6,3
2016-07-26 04:00:00,31.8,13.4,11.6,1021.3,6,2.6,7,26,7,4
2016-07-26 05:00:00,30.5,13.3,11.6,1021.6,6,2.6,7,26,1,5
2016-07-26 06:00:00,31.6,14.5,12.3,1021.8,6,2.6,7,26,2,6
2016-07-26 07:00:00,35.0,15.7,12.5,1022.2,6,2.6,7,26,3,7
2016-07-26 08:00:00,39.6,17.7,12.6,1022.0,6,2.6,7,26,4,8
2016-07-26 09:00:00,44.1,19.0,12.7,1021.9,6,2.6,7,26,5,9
2016-07-26 10:00:00,44.2,20.2,10.3,1021.8,6,3.1,7,26,6,10
2016-07-26 11:00:00,42.2,21.9,12.6,1021.6,5,3.6,7,26,7,11
2016-07-26 12:00:00,39.2,22.4,11.4,1021.3,5,4.6,7,26,1,12
2016-07-26 13:00:00,43.6,21.9,11.4,1021.0,5,3.6,7,26,2,13
2016-07-26 14:00:00,38.9,21.8,10.7,1020.8,5,4.6,7,26,3,14
2016-07-26 15:00:00,38.9,21.3,11.9,1020.7,6,3.1,7,26,4,15
2016-07-26 16:00:00,37.7,22.3,11.6,1020.2,5,5.1,7,26,5,16
2016-07-26 17:00:00,38.5,21.5,11.7,1019.9,6,4.6,7,26,6,17
2016-07-26 18:00:00,41.6,21.2,12.1,1019.6,6,5.7,7,26,7,18
2016-07-26 19:00:00,40.4,20.8,12.3,1019.6,5,5.1,7,26,1,19
2016-07-26 20:00:00,41.2,20.2,12.8,1019.7,6,4.6,7,26,2,20
2016-07-26 21:00:00,41.3,19.6,13.1,1019.6,6,5.1,7,26,3,21
2016-07-26 22:00:00,42.6,19.4,13.7,1019.3,5,4.6,7,26,4,22
2016-07-26 23:00:00,38.9,18.1,13.5,1018.8,5,4.6,7,26,5,23
2016-07-27 00:00:00,36.5,17.6,14.1,1018.4,5,4.1,7,27,6,0
2016-07-27 01:00:00,36.0,17.1,14.1,1018.1,5,4.1,7,27,7,1
2016-07-27 02:00:00,34.1,16.9,14.2,1017.3,5,3.6,7,27,1,2
2016-07-27 03:00:00,33.3,17.2,14.4,1016.9,5,4.6,7,27,2,3
2016-07-27 04:00:00,32.7,17.1,14.8,1016.1,5,4.6,7,27,3,4
2016-07-27 05:00:00,33.3,17.3,15.0,1015.9,5,4.6,7,27,4,5
2016-07-27 06:00:00,34.8,17.5,15.6,1015.4,5,5.1,7,27,5,6
2016-07-27 07:00:00,36.1,17.5,16.3,1015.3,5,5.1,7,27,6,7
2016-07-27 08:00:00,46.7,17.8,16.7,1015.2,5,5.1,7,27,7,8
2016-07-27 09:00:00,45.6,18.2,16.3,1015.2,5,6.2,7,27,1,9
2016-07-27 10:00:00,46.8,18.8,16.4,1015.2,5,5.7,7,27,2,10
2016-07-27 11:00:00,46.0,19.9,16.9,1015.2,5,5.1,7,27,3,11
2016-07-27 12:00:00,46.1,20.1,16.0,1015.3,5,5.7,7,27,4,12
2016-07-27 13:00:00,40.7,21.9,16.3,1015.1,5,5.1,7,27,5,13
2016-07-27 14:00:00,42.1,22.7,16.3,1014.8,5,5.1,7,27,6,14
2016-07-27 15:00:00,40.2,23.9,16.2,1014.4,5,5.7,7,27,7,15
2016-07-27 16:00:00,42.5,24.5,14.6,1014.4,5,6.2,7,27,1,16
2016-07-27 17:00:00,41.5,23.7,14.6,1014.1,5,5.7,7,27,2,17
2016-07-27 18:00:00,38.4,23.3,15.1,1014.2,6,3.6,7,27,3,18
2016-07-27 19:00:00,41.7,23.0,14.7,1014.3,7,2.1,7,27,4,19
2016-07-27 20:00:00,43.5,22.0,14.6,1014.5,0,2.1,7,27,5,20
2016-07-27 21:00:00,42.8,21.2,13.5,1014.9,0,2.6,7,27,6,21
2016-07-27 22:00:00,39.9,20.3,13.8,1015.4,7,1.5,7,27,7,22
2016-07-27 23:00:00,39.2,19.5,12.2,1015.5,1,2.1,7,27,1,23
2016-07-28 00:00:00,36.4,18.5,11.4,1015.5,0,1.5,7,28,2,0
2016-07-28 01:00:00,35.3,18.0,10.8,1015.5,0,1.0,7,28,3,1
2016-07-28 02:00:00,32.6,16.7,11.3,1015.5,0,1.5,7,28,4,2
2016-07-28 03:00:00,31.6,16.1,10.7,1015.6,0,2.6,7,28,5,3
2016-07-28 04:00:00,31.6,15.2,10.9,1015.4,7,1.5,7,28,6,4
2016-07-28 05:00:00,31.0,14.9,10.5,1015.4,7,1.5,7,28,7,5
2016-07-28 06:00:00,32.3,15.0,11.0,1015.4,7,1.5,7,28,1,6
2016-07-28 07:00:00,35.0,16.6,11.2,1015.5,7,2.1,7,28,2,7
2016-07-28 08:00:00,43.9,18.2,10.1,1015.4,6,2.1,7,28,3,8
2016-07-28 09:00:00,43.8,19.3,10.8,1015.4,6,2.6,7,28,4,9
2016-07-28 10:00:00,43.5,20.3,10.8,1015.1,5,2.6,7,28,5,10
2016-07-28 11:00:00,40.2,21.3,11.0,1014.7,5,4.6,7,28,6,11
2016-07-28 12:00:00,40.0,21.6,10.9,1014.2,5,5.1,7,28,7,12
2016-07-28 13:00:00,41.4,21.0,10.9,1013.9,5,5.7,7,28,1,13
2016-07-28 14:00:00,38.0,20.6,11.9,1013.7,5,5.7,7,28,2,14
2016-07-28 15:00:00,38.6,18.8,14.9,1013.5,5,5.7,7,28,3,15
2016-07-28 16:00:00,37.7,19.0,15.3,1012.9,5,6.2,7,28,4,16
2016-07-28 17:00:00,42.6,19.2,16.0,1012.4,5,4.1,7,28,5,17
2016-07-28 18:00:00,43.0,19.0,16.8,1012.1,5,4.6,7,28,6,18
2016-07-28 19:00:00,43.3,19.6,16.4,1011.8,4,4.6,7,28,7,19
2016-07-28 20:00:00,43.0,19.1,16.4,1011.9,5,4.1,7,28,1,20
2016-07-28 21:00:00,43.6,18.7,16.4,1011.9,5,4.6,7,28,2,21
2016-07-28 22:00:00,42.9,18.1,16.3,1011.8,4,3.6,7,28,3,22
2016-07-28 23:00:00,40.2,17.9,16.2,1011.6,5,3.6,7,28,4,23
2016-07-29 00:00:00,35.9,17.8,16.2,1011.5,5,4.1,7,29,5,0
2016-07-29 01:00:00,34.4,17.4,15.3,1011.4,6,3.6,7,29,6,1
2016-07-29 02:00:00,33.5,17.0,15.4,1011.2,6,2.1,7,29,7,2
2016-07-29 03:00:00,33.5,16.9,15.1,1010.9,5,3.1,7,29,1,3
2016-07-29 04:00:00,31.6,17.0,16.0,1010.7276654874124,5,4.6,7,29,2,4
2016-07-29 05:00:00,31.4,16.4,14.8,1010.7,5,4.1,7,29,3,5
2016-07-29 06:00:00,31.4,16.8,14.6,1010.8,5,3.6,7,29,4,6
2016-07-29 07:00:00,36.8,17.0,14.6,1011.0,5,4.6,7,29,5,7
2016-07-29 08:00:00,44.5,17.4,15.1,1011.0,6,5.1,7,29,6,8
2016-07-29 09:00:00,43.5,18.6,15.3,1011.0,6,5.1,7,29,7,9
2016-07-29 10:00:00,43.0,18.5,15.9,1011.3,6,5.1,7,29,1,10
2016-07-29 11:00:00,42.1,20.4,14.8,1010.9,6,5.1,7,29,2,11
2016-07-29 12:00:00,40.1,22.5,14.5,1010.7,5,5.7,7,29,3,12
2016-07-29 13:00:00,40.0,19.4,13.9,1011.1,6,5.7,7,29,4,13
2016-07-29 14:00:00,36.1,21.5,13.8,1010.8,6,3.6,7,29,5,14
2016-07-29 15:00:00,36.3,21.1,14.3,1010.7,6,5.7,7,29,6,15
2016-07-29 16:00:00,35.5,21.9,14.8,1010.5,5,4.6,7,29,7,16
2016-07-29 17:00:00,34.8,22.3,14.3,1010.5,5,5.1,7,29,1,17
2016-07-29 18:00:00,33.9,21.1,14.5,1010.6,5,5.1,7,29,2,18
2016-07-29 19:00:00,36.5,20.8,14.3,1010.8,5,4.6,7,29,3,19
2016-07-29 20:00:00,37.2,19.7,14.7,1011.2,6,3.1,7,29,4,20
2016-07-29 21:00:00,39.1,19.1,13.9,1011.8,7,2.1,7,29,5,21
2016-07-29 22:00:00,38.4,18.6,14.2,1012.2,6,2.1,7,29,6,22
2016-07-29 23:00:00,34.7,18.4,13.7,1012.4,7,2.6,7,29,7,23
2016-07-30 00:00:00,35.6,17.8,14.1,1012.4,6,3.1,7,30,1,0
2016-07-30 01:00:00,33.0,17.5,14.1,1012.5,6,2.6,7,30,2,1
2016-07-30 02:00:00,32.6,16.8,14.1,1012.5,7,1.5,7,30,3,2
2016-07-30 03:00:00,30.2,17.0,14.1,1012.5,6,2.6,7,30,4,3
2016-07-30 04:00:00,30.5,16.8,14.1,1012.7,6,2.1,7,30,5,4
2016-07-30 05:00:00,31.6,16.6,14.3,1012.7,6,2.1,7,30,6,5
2016-07-30 06:00:00,33.1,16.6,14.1,1013.0,7,2.6,7,30,7,6
2016-07-30 07:00:00,34.3,16.2,13.0,1013.3,7,2.6,7,30,1,7
2016-07-30 08:00:00,36.8,16.1,12.8,1013.7,7,2.6,7,30,2,8
2016-07-30 09:00:00,39.8,16.7,13.0,1013.8,7,2.1,7,30,3,9
2016-07-30 10:00:00,37.1,17.8,13.3,1014.0,6,2.1,7,30,4,10
2016-07-30 11:00:00,37.8,18.6,11.7,1014.1,6,2.6,7,30,5,11
2016-07-30 12:00:00,40.4,19.5,11.4,1013.9,6,3.1,7,30,6,12
2016-07-30 13:00:00,40.6,20.8,10.9,1013.8,7,3.1,7,30,7,13
2016-07-30 14:00:00,37.7,20.8,8.8,1013.7,6,2.6,7,30,1,14
2016-07-30 15:00:00,35.8,22.0,10.0,1013.7008155284076,7,2.1,7,30,2,15
2016-07-30 16:00:00,36.9,21.7,9.9,1013.7,7,2.6,7,30,3,16
2016-07-30 17:00:00,41.1,21.9,9.0,1013.6,7,2.1,7,30,4,17
2016-07-30 18:00:00,39.7,21.9,9.2,1013.6,7,2.6,7,30,5,18
2016-07-30 19:00:00,40.3,21.1,9.3,1013.9,7,2.6,7,30,6,19
2016-07-30 20:00:00,40.3,18.9,9.2,1014.3,7,2.1,7,30,7,20
2016-07-30 21:00:00,40.9,18.3,9.8,1014.7,0,2.1,7,30,1,21
2016-07-30 22:00:00,40.9,17.3,9.8,1014.7,7,2.1,7,30,2,22
2016-07-30 23:00:00,39.0,16.6,9.9,1015.0,7,1.5,7,30,3,23
2016-07-31 00:00:00,34.9,17.0,9.8,1015.4,0,2.6,7,31,4,0
2016-07-31 01:00:00,30.4,16.3,9.7,1015.5,0,2.1,7,31,5,1
2016-07-31 02:00:00,29.8,15.6,9.5,1015.5,0,2.6,7,31,6,2
2016-07-31 03:00:00,28.6,15.0,9.6,1015.5,7,1.0,7,31,7,3
2016-07-31 04:00:00,30.4,14.4,9.3,1015.8,0,1.5,7,31,1,4
2016-07-31 05:00:00,30.1,13.7,9.1,1016.1,7,1.5,7,31,2,5
2016-07-31 06:00:00,30.4,13.9,9.1,1016.5,7,1.5,7,31,3,6
2016-07-31 07:00:00,29.9,15.0,10.1,1017.0,7,2.1,7,31,4,7
2016-07-31 08:00:00,31.9,16.0,10.1,1017.2,7,2.1,7,31,5,8
2016-07-31 09:00:00,33.0,18.3,10.8,1017.1,6,2.6,7,31,6,9
2016-07-31 10:00:00,33.8,19.6,9.5,1017.1,6,4.1,7,31,7,10
2016-07-31 11:00:00,36.0,21.0,9.8,1017.1,6,3.1,7,31,1,11
2016-07-31 12:00:00,39.3,22.0,9.8,1017.2,6,3.6,7,31,2,12
2016-07-31 13:00:00,35.0,20.4,9.3,1017.4,7,4.1,7,31,3,13
2016-07-31 14:00:00,35.7,21.3,8.7,1017.5,6,4.1,7,31,4,14
2016-07-31 15:00:00,35.1,21.3,8.8,1017.5,7,3.1,7,31,5,15
2016-07-31 16:00:00,37.6,21.5,8.8,1017.4,6,4.1,7,31,6,16
2016-07-31 17:00:00,39.8,21.1,9.3,1017.4,0,2.6,7,31,7,17
2016-07-31 18:00:00,41.8,21.3,9.5,1017.4,7,2.1,7,31,1,18
2016-07-31 19:00:00,45.7,20.7,9.5,1017.5,6,3.1,7,31,2,19
2016-07-31 20:00:00,47.8,19.8,10.1,1017.8,6,4.1,7,31,3,20
2016-07-31 21:00:00,45.9,18.4,10.3,1018.2,6,5.7,7,31,4,21
2016-07-31 22:00:00,41.5,17.6,10.4,1018.6,6,5.7,7,31,5,22
2016-07-31 23:00:00,40.1,17.1,10.6,1019.1,6,3.6,7,31,6,23
2016-08-01 00:00:00,36.0,16.4,9.9,1019.2,7,3.1,8,1,7,0
2016-08-01 01:00:00,31.5,14.7,8.9,1019.4,7,2.6,8,1,1,1
2016-08-01 02:00:00,30.5,14.5,8.6,1019.6,6,2.6,8,1,2,2
2016-08-01 03:00:00,29.2,13.4,8.4,1019.5,7,2.1,8,1,3,3
2016-08-01 04:00:00,28.9,13.0,8.9,1019.3,6,2.1,8,1,4,4
2016-08-01 05:00:00,29.6,12.3,8.3,1019.4,6,2.1,8,1,5,5
2016-08-01 06:00:00,32.1,13.0,9.2,1019.6,6,2.1,8,1,6,6
2016-08-01 07:00:00,39.2,14.1,9.4,1019.4,6,1.0,8,1,7,7
2016-08-01 08:00:00,46.3,15.6,10.2,1019.7,5,2.1,8,1,1,8
2016-08-01 09:00:00,44.0,16.2,10.6,1020.1,5,3.1,8,1,2,9
2016-08-01 10:00:00,43.3,17.6,11.1,1020.2,5,3.1,8,1,3,10
2016-08-01 11:00:00,46.9,18.1,10.3,1019.9,5,3.6,8,1,4,11
2016-08-01 12:00:00,42.9,18.5,10.2,1019.6,5,4.6,8,1,5,12
2016-08-01 13:00:00,43.2,18.3,10.0,1019.5,6,5.1,8,1,6,13
2016-08-01 14:00:00,41.9,17.7,11.1,1019.2,5,3.6,8,1,7,14
2016-08-01 15:00:00,43.7,16.9,12.3,1018.8,5,2.6,8,1,1,15
2016-08-01 16:00:00,41.8,16.6,12.4,1018.4,5,5.7,8,1,2,16
2016-08-01 17:00:00,44.8,15.8,12.4,1017.9,5,6.7,8,1,3,17
2016-08-01 18:00:00,42.6,14.6,13.3,1017.5,4,4.1,8,1,4,18
2016-08-01 19:00:00,43.1,14.5,13.5,1016.8,4,3.6,8,1,5,19
2016-08-01 20:00:00,45.2,14.2,13.3,1016.0,4,4.1,8,1,6,20
2016-08-01 21:00:00,46.6,14.2,13.6,1015.3,3,3.6,8,1,7,21
2016-08-01 22:00:00,41.7,14.2,13.4,1014.3,3,4.1,8,1,1,22
2016-08-01 23:00:00,39.7,14.1,13.7,1013.2,3,4.6,8,1,2,23
2016-08-02 00:00:00,35.3,14.4,13.9,1011.8,3,4.6,8,2,3,0
2016-08-02 01:00:00,33.9,14.7,14.4,1011.0,4,3.1,8,2,4,1
2016-08-02 02:00:00,31.4,15.3,15.1,1010.5,5,4.1,8,2,5,2
2016-08-02 03:00:00,30.9,15.6,15.4,1010.1,5,4.1,8,2,6,3
2016-08-02 04:00:00,31.3,16.0,15.5,1009.6,5,4.6,8,2,7,4
2016-08-02 05:00:00,31.5,16.2,15.9,1009.4,5,4.1,8,2,1,5
2016-08-02 06:00:00,33.2,17.1,16.2,1009.5,5,5.1,8,2,2,6
2016-08-02 07:00:00,38.7,17.5,16.3,1009.6,5,5.1,8,2,3,7
2016-08-02 08:00:00,46.7,18.0,16.6,1009.7,5,5.7,8,2,4,8
2016-08-02 09:00:00,51.4,18.9,17.1,1009.8,5,5.7,8,2,5,9
2016-08-02 10:00:00,51.6,19.3,17.6,1009.8,5,5.1,8,2,6,10
2016-08-02 11:00:00,50.1,19.4,18.2,1010.0,5,4.6,8,2,7,11
2016-08-02 12:00:00,46.8,19.9,18.8,1010.0,5,5.7,8,2,1,12
2016-08-02 13:00:00,44.6,20.5,18.5,1010.1,5,6.2,8,2,2,13
2016-08-02 14:00:00,45.0,21.0,19.0,1010.1161029348098,5,6.2,8,2,3,14
2016-08-02 15:00:00,42.0,21.5,17.9,1010.1,5,6.7,8,2,4,15
2016-08-02 16:00:00,40.0,20.7,18.6,1010.1,5,6.2,8,2,5,16
2016-08-02 17:00:00,41.6,21.4,18.3,1009.9,5,6.2,8,2,6,17
2016-08-02 18:00:00,47.9,20.3,18.6,1009.8,4,4.1,8,2,7,18
2016-08-02 19:00:00,49.7,20.4,18.1,1009.8,5,5.1,8,2,1,19
2016-08-02 20:00:00,50.0,20.0,17.6,1010.0,5,5.7,8,2,2,20
2016-08-02 21:00:00,49.1,19.5,17.5,1010.0,4,5.1,8,2,3,21
2016-08-02 22:00:00,45.3,19.1,17.4,1010.0,5,5.7,8,2,4,22
2016-08-02 23:00:00,41.4,19.0,17.4,1009.8,5,6.2,8,2,5,23
2016-08-03 00:00:00,38.2,18.9,17.4,1009.0,0,0.0,8,3,6,0
2016-08-03 01:00:00,32.3,18.9,17.4,1008.9,5,6.7,8,3,7,1
2016-08-03 02:00:00,33.2,19.0,17.2,1008.4,5,6.7,8,3,1,2
2016-08-03 03:00:00,33.3,18.9,17.1,1008.1,0,0.0,8,3,2,3
2016-08-03 04:00:00,31.3,18.9,17.1,1007.9,5,6.2,8,3,3,4
2016-08-03 05:00:00,31.7,18.9,17.0,1007.7,5,5.1,8,3,4,5
2016-08-03 06:00:00,33.8,19.2,16.4,1007.7,5,6.7,8,3,5,6
2016-08-03 07:00:00,40.5,18.9,14.1,1008.0,6,7.2,8,3,6,7
2016-08-03 08:00:00,48.1,19.1,13.7,1008.4,6,7.2,8,3,7,8
2016-08-03 09:00:00,45.9,20.0,13.3,1008.4,5,7.2,8,3,1,9
2016-08-03 10:00:00,45.1,20.6,13.8,1008.3,5,7.2,8,3,2,10
2016-08-03 11:00:00,46.7,21.3,12.7,1007.9,5,6.7,8,3,3,11
2016-08-03 12:00:00,47.0,22.6,12.5,1007.7,5,8.2,8,3,4,12
2016-08-03 13:00:00,47.3,23.8,13.7,1007.4,5,7.2,8,3,5,13
2016-08-03 14:00:00,48.3,23.2,14.1,1007.1,5,7.7,8,3,6,14
2016-08-03 15:00:00,44.2,23.3,14.4,1006.7,5,7.7,8,3,7,15
2016-08-03 16:00:00,41.6,22.6,13.7,1006.5,5,8.8,8,3,1,16
2016-08-03 17:00:00,42.9,21.8,13.7,1006.3,5,8.2,8,3,2,17
2016-08-03 18:00:00,45.8,21.3,13.1,1006.5,5,8.2,8,3,3,18
2016-08-03 19:00:00,43.7,20.0,13.0,1006.8,5,8.2,8,3,4,19
2016-08-03 20:00:00,48.2,18.7,13.7,1007.2,5,9.3,8,3,5,20
2016-08-03 21:00:00,46.9,17.7,13.2,1007.5,5,6.2,8,3,6,21
2016-08-03 22:00:00,44.9,17.0,13.1,1007.9,5,6.2,8,3,7,22
2016-08-03 23:00:00,40.7,16.7,13.2,1008.0,5,6.2,8,3,1,23
2016-08-04 00:00:00,36.2,16.4,12.7,1008.0,5,7.7,8,4,2,0
2016-08-04 01:00:00,35.1,16.5,12.3,1007.8,5,7.2,8,4,3,1
2016-08-04 02:00:00,33.9,15.8,12.1,1007.8,5,7.2,8,4,4,2
2016-08-04 03:00:00,32.1,15.9,12.4,1007.7,5,6.7,8,4,5,3
2016-08-04 04:00:00,31.0,15.2,12.0,1007.8,5,7.2,8,4,6,4
2016-08-04 05:00:00,32.2,15.4,12.0,1008.0,5,6.7,8,4,7,5
2016-08-04 06:00:00,34.7,16.0,12.2,1008.4,5,6.7,8,4,1,6
2016-08-04 07:00:00,40.0,16.7,12.1,1008.6,5,7.7,8,4,2,7
2016-08-04 08:00:00,46.9,17.5,12.4,1008.8,6,7.2,8,4,3,8
2016-08-04 09:00:00,48.1,18.9,12.9,1009.0,5,7.2,8,4,4,9
2016-08-04 10:00:00,45.4,19.3,12.7,1009.1,6,7.7,8,4,5,10
2016-08-04 11:00:00,47.5,21.6,12.3,1009.1,6,7.7,8,4,6,11
2016-08-04 12:00:00,46.4,21.0,12.6,1009.1,6,7.2,8,4,7,12
2016-08-04 13:00:00,43.7,21.5,12.7,1009.3,6,7.7,8,4,1,13
2016-08-04 14:00:00,42.4,20.8,10.9,1009.5,6,8.8,8,4,2,14
2016-08-04 15:00:00,42.5,21.9,11.2,1009.6,6,7.7,8,4,3,15
2016-08-04 16:00:00,39.0,22.3,9.5,1009.6,6,7.2,8,4,4,16
2016-08-04 17:00:00,41.4,22.4,10.1,1010.3,6,7.2,8,4,5,17
2016-08-04 18:00:00,45.2,20.8,11.4,1011.1,6,5.7,8,4,6,18
2016-08-04 19:00:00,44.9,19.8,11.6,1011.9,6,5.1,8,4,7,19
2016-08-04 20:00:00,49.8,18.8,11.6,1012.8,6,5.7,8,4,1,20
2016-08-04 21:00:00,46.6,17.9,12.1,1013.5,6,4.6,8,4,2,21
2016-08-04 22:00:00,44.2,17.2,12.5,1014.2,6,4.6,8,4,3,22
2016-08-04 23:00:00,40.1,16.2,12.5,1014.6,6,4.1,8,4,4,23
2016-08-05 00:00:00,38.7,14.6,12.4,1015.1,0,0.0,8,5,5,0
2016-08-05 01:00:00,34.3,14.1,12.4,1015.3,6,3.6,8,5,6,1
2016-08-05 02:00:00,32.7,13.8,12.6,1016.0,6,3.6,8,5,7,2
2016-08-05 03:00:00,32.3,13.4,12.3,1016.5,6,3.1,8,5,1,3
2016-08-05 04:00:00,31.6,13.1,12.2,1017.2,6,3.6,8,5,2,4
2016-08-05 05:00:00,31.9,13.4,12.6,1017.7,6,3.1,8,5,3,5
2016-08-05 06:00:00,32.0,14.2,12.9,1018.2,6,3.1,8,5,4,6
2016-08-05 07:00:00,40.0,15.2,12.6,1018.8,6,3.1,8,5,5,7
2016-08-05 08:00:00,43.5,16.9,11.7,1019.4,7,3.1,8,5,6,8
2016-08-05 09:00:00,44.9,18.3,11.0,1019.9,6,3.6,8,5,7,9
2016-08-05 10:00:00,42.2,20.0,10.5,1020.3,6,4.1,8,5,1,10
2016-08-05 11:00:00,44.0,22.3,10.0,1020.5,6,4.1,8,5,2,11
2016-08-05 12:00:00,44.5,21.9,9.2,1020.6,6,4.1,8,5,3,12
2016-08-05 13:00:00,46.0,22.9,10.3,1020.7,6,4.1,8,5,4,13
2016-08-05 14:00:00,40.2,23.5,11.7,1020.7,6,3.1,8,5,5,14
2016-08-05 15:00:00,39.6,23.9,11.0,1020.6,6,2.6,8,5,6,15
2016-08-05 16:00:00,37.8,22.6,11.8,1020.8,6,4.1,8,5,7,16
2016-08-05 17:00:00,38.3,22.7,12.1,1020.8,6,6.2,8,5,1,17
2016-08-05 18:00:00,39.6,21.9,13.0,1020.8,6,4.1,8,5,2,18
2016-08-05 19:00:00,42.2,21.9,12.2,1021.4,5,5.1,8,5,3,19
2016-08-05 20:00:00,42.0,20.8,12.3,1022.1,6,5.1,8,5,4,20
2016-08-05 21:00:00,44.4,18.6,11.7,1023.0,6,4.6,8,5,5,21
2016-08-05 22:00:00,45.8,17.0,11.6,1023.4,6,5.1,8,5,6,22
2016-08-05 23:00:00,41.7,15.7,10.5,1023.6,6,5.1,8,5,7,23
2016-08-06 00:00:00,37.2,15.0,11.1,1024.1,6,4.1,8,6,1,0
2016-08-06 01:00:00,33.5,14.5,11.4,1024.2,6,4.1,8,6,2,1
2016-08-06 02:00:00,31.7,13.3,11.2,1024.4,6,3.1,8,6,3,2
2016-08-06 03:00:00,33.0,13.3,11.5,1024.7,6,3.6,8,6,4,3
2016-08-06 04:00:00,30.5,13.1,11.5,1025.0,6,3.1,8,6,5,4
2016-08-06 05:00:00,31.7,13.5,11.9,1025.4,6,2.1,8,6,6,5
2016-08-06 06:00:00,32.0,14.4,12.2,1025.9,6,2.6,8,6,7,6
2016-08-06 07:00:00,34.2,15.8,12.2,1026.6,6,2.6,8,6,1,7
2016-08-06 08:00:00,39.7,17.5,12.3,1027.0,6,2.1,8,6,2,8
2016-08-06 09:00:00,40.4,19.6,12.7,1027.2,6,2.1,8,6,3,9
2016-08-06 10:00:00,41.0,21.1,12.3,1027.3,5,2.6,8,6,4,10
2016-08-06 11:00:00,43.8,22.2,11.6,1027.5,6,3.1,8,6,5,11
2016-08-06 12:00:00,42.6,23.2,11.2,1027.4,6,3.1,8,6,6,12
2016-08-06 13:00:00,43.1,24.8,11.0,1027.3,5,4.1,8,6,7,13
2016-08-06 14:00:00,39.9,25.6,11.0,1027.4,5,4.1,8,6,1,14
2016-08-06 15:00:00,39.2,26.3,11.8,1026.9,5,4.1,8,6,2,15
2016-08-06 16:00:00,37.7,25.7,11.3,1026.8,5,5.1,8,6,3,16
2016-08-06 17:00:00,37.4,24.8,12.4,1026.6,5,5.7,8,6,4,17
2016-08-06 18:00:00,39.8,24.0,13.6,1026.6,5,6.7,8,6,5,18
2016-08-06 19:00:00,42.9,22.3,13.6,1026.7,4,6.2,8,6,6,19
2016-08-06 20:00:00,44.8,20.6,12.5,1027.4,5,5.1,8,6,7,20
2016-08-06 21:00:00,45.8,19.3,12.3,1027.4,4,5.1,8,6,1,21
2016-08-06 22:00:00,45.3,18.1,14.4,1027.2,5,4.6,8,6,2,22
2016-08-06 23:00:00,44.0,17.3,15.0,1027.2,5,4.1,8,6,3,23
2016-08-07 00:00:00,37.2,17.2,15.4,1026.6,5,3.6,8,7,4,0
2016-08-07 01:00:00,35.4,17.5,15.7,1026.2,5,4.1,8,7,5,1
2016-08-07 02:00:00,33.4,17.7,15.2,1025.6,5,4.1,8,7,6,2
2016-08-07 03:00:00,31.0,18.3,15.6,1025.3,5,4.1,8,7,7,3
2016-08-07 04:00:00,31.1,18.5,16.0,1025.1,5,4.6,8,7,1,4
2016-08-07 05:00:00,30.3,18.4,16.6,1025.0,5,4.6,8,7,2,5
2016-08-07 06:00:00,31.9,18.8,16.9,1024.8,5,4.6,8,7,3,6
2016-08-07 07:00:00,36.4,20.0,17.5,1024.5,5,6.7,8,7,4,7
2016-08-07 08:00:00,38.5,20.7,17.2,1024.8,5,6.2,8,7,5,8
2016-08-07 09:00:00,41.1,21.9,17.3,1024.7,5,6.2,8,7,6,9
2016-08-07 10:00:00,42.3,23.0,17.7,1024.3,5,6.2,8,7,7,10
2016-08-07 11:00:00,41.8,24.4,16.5,1023.7,5,5.7,8,7,1,11
2016-08-07 12:00:00,39.7,26.2,16.2,1023.0,6,8.8,8,7,2,12
2016-08-07 13:00:00,40.9,24.8,14.4,1022.8,6,9.8,8,7,3,13
2016-08-07 14:00:00,36.2,25.8,13.6,1022.5,6,9.8,8,7,4,14
2016-08-07 15:00:00,37.2,26.1,12.9,1021.9,6,7.7,8,7,5,15
2016-08-07 16:00:00,39.5,24.4,11.8,1021.5,6,9.3,8,7,6,16
2016-08-07 17:00:00,44.6,23.5,11.1,1021.3,6,7.2,8,7,7,17
2016-08-07 18:00:00,46.5,22.6,11.4,1020.8,6,8.2,8,7,1,18
2016-08-07 19:00:00,52.2,21.0,11.9,1020.9,6,7.2,8,7,2,19
2016-08-07 20:00:00,48.6,19.2,11.5,1021.4,6,6.7,8,7,3,20
2016-08-07 21:00:00,48.6,17.8,11.1,1021.6,6,5.7,8,7,4,21
2016-08-07 22:00:00,43.0,17.2,11.2,1021.3,6,6.7,8,7,5,22
2016-08-07 23:00:00,40.8,16.4,11.5,1021.0,6,6.2,8,7,6,23
2016-08-08 00:00:00,34.9,16.5,11.8,1020.9,6,6.7,8,8,7,0
2016-08-08 01:00:00,32.9,16.5,12.0,1020.4,6,5.1,8,8,1,1
2016-08-08 02:00:00,32.2,16.5,12.4,1020.0,5,5.7,8,8,2,2
2016-08-08 03:00:00,30.3,15.3,12.2,1019.8,6,4.6,8,8,3,3
2016-08-08 04:00:00,29.8,14.9,12.5,1019.9,6,5.1,8,8,4,4
2016-08-08 05:00:00,30.5,14.5,12.5,1020.4,6,4.6,8,8,5,5
2016-08-08 06:00:00,33.0,15.6,10.9,1021.2,6,4.6,8,8,6,6
2016-08-08 07:00:00,38.9,15.8,8.1,1021.8,6,5.1,8,8,7,7
2016-08-08 08:00:00,44.6,16.5,7.8,1022.1,6,5.7,8,8,1,8
2016-08-08 09:00:00,43.4,17.9,8.0,1022.2,6,4.6,8,8,2,9
2016-08-08 10:00:00,46.0,18.8,8.1,1022.1,6,5.7,8,8,3,10
2016-08-08 11:00:00,46.2,19.6,8.0,1022.4,6,5.1,8,8,4,11
2016-08-08 12:00:00,46.8,20.1,7.1,1022.2,6,5.1,8,8,5,12
2016-08-08 13:00:00,44.7,21.0,7.1,1022.0,6,6.7,8,8,6,13
2016-08-08 14:00:00,44.0,21.0,6.2,1021.8,6,6.7,8,8,7,14
2016-08-08 15:00:00,42.0,20.5,6.5,1021.5,7,5.1,8,8,1,15
2016-08-08 16:00:00,36.2,21.3,6.0,1021.6,6,7.7,8,8,2,16
2016-08-08 17:00:00,41.7,19.6,7.5,1021.8,7,4.1,8,8,3,17
2016-08-08 18:00:00,42.6,19.5,6.8,1021.9,7,3.6,8,8,4,18
2016-08-08 19:00:00,48.7,18.7,6.0,1022.2,7,3.1,8,8,5,19
2016-08-08 20:00:00,49.2,17.9,6.7,1022.8,7,3.1,8,8,6,20
2016-08-08 21:00:00,48.3,16.6,7.6,1023.3,7,2.6,8,8,7,21
2016-08-08 22:00:00,45.3,15.6,7.7,1023.7,7,2.6,8,8,1,22
2016-08-08 23:00:00,39.5,14.6,8.1,1024.0,7,2.6,8,8,2,23
2016-08-09 00:00:00,34.3,13.3,8.1,1024.4,7,2.6,8,9,3,0
2016-08-09 01:00:00,31.6,12.2,8.0,1024.5,7,2.6,8,9,4,1
2016-08-09 02:00:00,29.8,11.9,8.3,1024.6,7,3.1,8,9,5,2
2016-08-09 03:00:00,29.9,12.1,8.3,1024.6,7,3.6,8,9,6,3
2016-08-09 04:00:00,29.7,11.5,8.3,1024.8,7,2.1,8,9,7,4
2016-08-09 05:00:00,29.3,11.2,8.5,1025.1,6,2.6,8,9,1,5
2016-08-09 06:00:00,34.1,11.6,8.3,1025.5,7,3.1,8,9,2,6
2016-08-09 07:00:00,41.1,13.5,8.5,1026.0,7,3.6,8,9,3,7
2016-08-09 08:00:00,44.0,14.7,7.8,1026.2,7,4.1,8,9,4,8
2016-08-09 09:00:00,44.0,15.6,7.0,1026.5,7,4.1,8,9,5,9
2016-08-09 10:00:00,45.9,17.4,6.0,1026.5,7,4.1,8,9,6,10
2016-08-09 11:00:00,44.9,18.0,5.3,1026.2,7,3.6,8,9,7,11
2016-08-09 12:00:00,45.5,20.2,7.3,1025.5,7,3.6,8,9,1,12
2016-08-09 13:00:00,42.4,19.1,5.9,1025.5,7,3.6,8,9,2,13
2016-08-09 14:00:00,44.1,18.9,6.0,1025.2,7,4.1,8,9,3,14
2016-08-09 15:00:00,39.7,19.1,6.4,1024.8,7,3.6,8,9,4,15
2016-08-09 16:00:00,36.5,19.6,5.9,1024.4,7,3.6,8,9,5,16
2016-08-09 17:00:00,39.3,19.0,5.0,1024.0476421656717,7,4.1,8,9,6,17
2016-08-09 18:00:00,46.3,18.8,6.1,1024.0,7,3.6,8,9,7,18
2016-08-09 19:00:00,44.3,17.6,6.2,1024.4,7,4.6,8,9,1,19
2016-08-09 20:00:00,49.6,16.7,5.8,1024.7,7,3.1,8,9,2,20
2016-08-09 21:00:00,45.5,15.3,5.4,1025.2,7,3.6,8,9,3,21
2016-08-09 22:00:00,41.1,13.5,5.7,1025.2,7,1.5,8,9,4,22
2016-08-09 23:00:00,38.0,12.6,6.4,1025.3,7,2.6,8,9,5,23
2016-08-10 00:00:00,37.0,12.0,6.5,1025.3,7,2.6,8,10,6,0
2016-08-10 01:00:00,32.5,11.6,7.3,1025.1,6,3.1,8,10,7,1
2016-08-10 02:00:00,30.1,11.3,7.7,1024.9,6,3.1,8,10,1,2
2016-08-10 03:00:00,28.3,10.9,7.8,1024.8,7,2.6,8,10,2,3
2016-08-10 04:00:00,27.8,10.9,7.8,1024.7,6,3.1,8,10,3,4
2016-08-10 05:00:00,30.3,11.3,8.1,1024.8,6,3.1,8,10,4,5
2016-08-10 06:00:00,32.7,12.0,8.5,1025.0,7,3.6,8,10,5,6
2016-08-10 07:00:00,38.1,12.8,8.8,1025.3,6,3.6,8,10,6,7
2016-08-10 08:00:00,46.2,13.8,9.1,1025.5,7,4.1,8,10,7,8
2016-08-10 09:00:00,47.9,15.0,8.8,1025.5,0,3.6,8,10,1,9
2016-08-10 10:00:00,48.4,16.0,8.3,1025.6,7,4.6,8,10,2,10
2016-08-10 11:00:00,48.0,17.0,7.8,1025.4,7,3.1,8,10,3,11
2016-08-10 12:00:00,46.3,17.3,7.3,1025.4,0,3.1,8,10,4,12
2016-08-10 13:00:00,42.5,17.9,7.6,1025.5,7,3.1,8,10,5,13
2016-08-10 14:00:00,41.6,19.4,6.7,1025.1,7,3.6,8,10,6,14
2016-08-10 15:00:00,38.9,19.3,6.6,1024.9,7,3.1,8,10,7,15
2016-08-10 16:00:00,35.3,19.8,6.7,1024.6,7,3.6,8,10,1,16
2016-08-10 17:00:00,40.1,19.3,6.8,1024.4,6,5.1,8,10,2,17
2016-08-10 18:00:00,41.6,19.3,6.6,1024.3,6,3.6,8,10,3,18
2016-08-10 19:00:00,42.6,18.2,6.4,1024.0,6,4.1,8,10,4,19
2016-08-10 20:00:00,47.2,17.9,7.1,1024.2,5,4.1,8,10,5,20
2016-08-10 21:00:00,43.4,17.1,8.9,1024.3,6,3.6,8,10,6,21
2016-08-10 22:00:00,44.2,17.2,9.6,1024.2,6,4.1,8,10,7,22
2016-08-10 23:00:00,38.7,16.4,10.2,1023.9,6,4.1,8,10,1,23
2016-08-11 00:00:00,36.0,16.7,11.8,1023.5,6,4.6,8,11,2,0
2016-08-11 01:00:00,32.7,16.3,12.3,1023.2,6,4.6,8,11,3,1
2016-08-11 02:00:00,30.3,15.8,12.8,1022.9,6,4.6,8,11,4,2
2016-08-11 03:00:00,29.8,15.6,12.4,1022.6,6,4.1,8,11,5,3
2016-08-11 04:00:00,29.2,15.2,12.0,1022.3,6,5.1,8,11,6,4
2016-08-11 05:00:00,29.9,15.0,11.7,1022.0,6,4.6,8,11,7,5
2016-08-11 06:00:00,33.2,14.9,11.7,1022.2,6,4.1,8,11,1,6
2016-08-11 07:00:00,42.2,15.2,12.0,1022.0,6,4.1,8,11,2,7
2016-08-11 08:00:00,47.0,15.8,11.3,1022.1,6,5.1,8,11,3,8
2016-08-11 09:00:00,51.0,16.4,11.2,1022.1,6,4.6,8,11,4,9
2016-08-11 10:00:00,45.6,17.6,11.1,1022.1,6,4.6,8,11,5,10
2016-08-11 11:00:00,46.5,18.6,10.0,1021.8,6,6.2,8,11,6,11
2016-08-11 12:00:00,44.2,21.1,11.5,1021.4,6,5.7,8,11,7,12
2016-08-11 13:00:00,48.2,22.3,11.5,1021.5,6,6.7,8,11,1,13
2016-08-11 14:00:00,49.9,23.6,12.7,1020.9,6,5.7,8,11,2,14
2016-08-11 15:00:00,39.6,23.2,12.6,1021.2,6,6.2,8,11,3,15
2016-08-11 16:00:00,39.8,22.8,13.2,1021.3,6,4.6,8,11,4,16
2016-08-11 17:00:00,38.5,22.0,13.7,1021.5,7,5.7,8,11,5,17
2016-08-11 18:00:00,42.3,21.7,13.8,1021.6,7,5.7,8,11,6,18
2016-08-11 19:00:00,42.7,21.3,14.0,1021.8,6,6.7,8,11,7,19
2016-08-11 20:00:00,42.9,19.7,14.0,1022.2,6,5.7,8,11,1,20
2016-08-11 21:00:00,44.0,18.7,13.8,1022.9,6,5.7,8,11,2,21
2016-08-11 22:00:00,43.5,17.9,13.6,1023.1,6,5.1,8,11,3,22
2016-08-11 23:00:00,38.1,17.1,13.7,1023.4,6,3.6,8,11,4,23
2016-08-12 00:00:00,35.1,15.9,13.2,1023.8,6,3.6,8,12,5,0
2016-08-12 01:00:00,33.0,15.8,13.8,1023.5,6,3.6,8,12,6,1
2016-08-12 02:00:00,30.8,15.3,13.7,1023.5,6,3.6,8,12,7,2
2016-08-12 03:00:00,30.4,14.7,13.3,1023.5,6,3.6,8,12,1,3
2016-08-12 04:00:00,30.9,14.0,12.7,1023.6,6,3.1,8,12,2,4
2016-08-12 05:00:00,32.0,13.9,12.7,1023.8,6,3.6,8,12,3,5
2016-08-12 06:00:00,32.4,15.0,13.3,1024.0,6,2.6,8,12,4,6
2016-08-12 07:00:00,39.4,16.5,14.0,1024.2,6,4.1,8,12,5,7
2016-08-12 08:00:00,45.4,17.0,13.9,1024.6,6,5.7,8,12,6,8
2016-08-12 09:00:00,47.9,19.2,15.1,1024.6,5,5.1,8,12,7,9
2016-08-12 10:00:00,45.7,21.1,14.8,1024.3,5,4.6,8,12,1,10
2016-08-12 11:00:00,45.5,23.5,14.2,1023.9,5,5.7,8,12,2,11
2016-08-12 12:00:00,45.8,25.1,11.8,1023.3,5,7.2,8,12,3,12
2016-08-12 13:00:00,42.0,26.1,10.6,1022.9,6,7.2,8,12,4,13
2016-08-12 14:00:00,39.2,26.7,11.1,1022.8,5,5.7,8,12,5,14
2016-08-12 15:00:00,36.7,27.0,11.2,1022.5,6,7.2,8,12,6,15
2016-08-12 16:00:00,35.9,27.0,11.5,1022.5,6,7.2,8,12,7,16
2016-08-12 17:00:00,43.0,25.0,12.3,1022.3,6,6.7,8,12,1,17
2016-08-12 18:00:00,42.6,23.7,12.5,1022.3,6,7.2,8,12,2,18
2016-08-12 19:00:00,45.3,21.2,12.5,1022.6,6,7.2,8,12,3,19
2016-08-12 20:00:00,50.1,19.0,12.1,1023.3,6,6.7,8,12,4,20
2016-08-12 21:00:00,48.0,17.9,11.9,1023.6,6,7.2,8,12,5,21
2016-08-12 22:00:00,43.5,17.0,12.0,1023.4958997281996,6,6.7,8,12,6,22
2016-08-12 23:00:00,37.4,16.4,11.7,1023.2,6,4.6,8,12,7,23
2016-08-13 00:00:00,35.2,16.6,11.8,1022.9,5,4.6,8,13,1,0
2016-08-13 01:00:00,32.3,16.5,12.0,1022.6,5,5.1,8,13,2,1
2016-08-13 02:00:00,31.6,16.1,12.0,1022.4,5,5.1,8,13,3,2
2016-08-13 03:00:00,30.3,15.6,12.0,1022.4,5,4.6,8,13,4,3
2016-08-13 04:00:00,32.6,15.1,12.2,1022.2,5,4.6,8,13,5,4
2016-08-13 05:00:00,31.6,14.6,12.2,1022.5,5,4.1,8,13,6,5
2016-08-13 06:00:00,33.9,15.2,12.8,1022.5,5,4.1,8,13,7,6
2016-08-13 07:00:00,37.4,17.0,13.0,1022.6616666207104,6,4.6,8,13,1,7
2016-08-13 08:00:00,42.0,18.8,13.4,1022.9,6,5.7,8,13,2,8
2016-08-13 09:00:00,42.1,18.4,13.2,1023.0,6,6.2,8,13,3,9
2016-08-13 10:00:00,41.4,19.4,14.1,1022.9,6,6.2,8,13,4,10
2016-08-13 11:00:00,45.4,20.8,14.7,1022.9,5,6.2,8,13,5,11
2016-08-13 12:00:00,44.4,22.3,14.3,1022.4,5,5.7,8,13,6,12
2016-08-13 13:00:00,42.7,22.6,14.7,1022.3,6,4.1,8,13,7,13
2016-08-13 14:00:00,36.5,25.5,13.7,1021.9,6,6.7,8,13,1,14
2016-08-13 15:00:00,35.9,24.2,13.4,1021.9,6,6.7,8,13,2,15
2016-08-13 16:00:00,38.0,25.2,11.9,1021.7,6,7.2,8,13,3,16
2016-08-13 17:00:00,40.3,25.0,11.7,1021.7,6,6.7,8,13,4,17
2016-08-13 18:00:00,39.9,23.3,11.0,1022.0,6,5.1,8,13,5,18
2016-08-13 19:00:00,44.9,22.1,10.9,1022.2,6,5.1,8,13,6,19
2016-08-13 20:00:00,50.0,20.9,11.3,1022.7,7,2.1,8,13,7,20
2016-08-13 21:00:00,45.7,20.0,10.3,1023.4,7,2.6,8,13,1,21
2016-08-13 22:00:00,42.7,19.1,10.6,1023.8,7,2.1,8,13,2,22
2016-08-13 23:00:00,40.1,18.1,10.7,1024.1,7,1.5,8,13,3,23
2016-08-14 00:00:00,37.7,17.9,10.8,1024.2,1,1.5,8,14,4,0
2016-08-14 01:00:00,32.4,18.0,10.0,1024.147380223274,1,2.6,8,14,5,1
2016-08-14 02:00:00,30.1,17.2,9.4,1024.1,1,2.1,8,14,6,2
2016-08-14 03:00:00,30.4,16.9,9.0,1024.2,0,2.1,8,14,7,3
2016-08-14 04:00:00,30.2,16.7,9.3,1024.4,0,2.1,8,14,1,4
2016-08-14 05:00:00,29.3,16.4,9.5,1024.6,0,2.1,8,14,2,5
2016-08-14 06:00:00,32.3,16.2,10.0,1025.1,0,1.0,8,14,3,6
2016-08-14 07:00:00,33.1,16.7,9.9,1025.4,7,1.5,8,14,4,7
2016-08-14 08:00:00,38.6,17.4,9.1,1025.6,0,1.5,8,14,5,8
2016-08-14 09:00:00,40.6,18.9,9.7,1025.9,0,1.5,8,14,6,9
2016-08-14 10:00:00,43.8,19.5,9.7,1025.9,0,3.1,8,14,7,10
2016-08-14 11:00:00,40.2,19.4,8.7,1025.9,0,2.6,8,14,1,11
2016-08-14 12:00:00,37.3,19.8,8.8,1025.8,0,2.1,8,14,2,12
2016-08-14 13:00:00,33.6,19.9,8.8,1025.9,0,2.6,8,14,3,13
2016-08-14 14:00:00,35.6,21.4,9.0,1025.9,7,2.1,8,14,4,14
2016-08-14 15:00:00,36.6,21.9,8.8,1025.5,7,2.1,8,14,5,15
2016-08-14 16:00:00,38.7,21.7,8.4,1025.2,2,1.5,8,14,6,16
2016-08-14 17:00:00,40.1,22.5,8.7,1025.0,0,2.1,8,14,7,17
2016-08-14 18:00:00,45.3,22.2,8.7,1024.8,0,2.1,8,14,1,18
2016-08-14 19:00:00,48.6,21.4,9.0,1025.1,1,2.1,8,14,2,19
2016-08-14 20:00:00,51.6,19.8,9.1,1025.5,1,2.6,8,14,3,20
2016-08-14 21:00:00,47.2,18.7,9.2,1026.0,1,2.1,8,14,4,21
2016-08-14 22:00:00,45.9,17.7,9.2,1026.2,1,1.5,8,14,5,22
2016-08-14 23:00:00,42.1,16.2,9.0,1026.3,2,1.5,8,14,6,23
2016-08-15 00:00:00,37.2,15.3,10.1,1026.3,3,3.6,8,15,7,0
2016-08-15 01:00:00,33.3,13.8,9.8,1026.3,3,2.6,8,15,1,1
2016-08-15 02:00:00,31.5,13.3,10.3,1026.2,0,0.0,8,15,2,2
2016-08-15 03:00:00,30.4,13.5,10.2,1025.9,0,0.5,8,15,3,3
2016-08-15 04:00:00,28.9,12.8,10.2,1025.6,1,1.0,8,15,4,4
2016-08-15 05:00:00,32.5,12.5,10.2,1025.6,1,1.5,8,15,5,5
2016-08-15 06:00:00,38.6,13.2,10.8,1025.8,0,1.0,8,15,6,6
2016-08-15 07:00:00,44.3,15.6,11.9,1026.1,1,2.1,8,15,7,7
2016-08-15 08:00:00,46.1,18.4,12.1,1026.1,1,2.6,8,15,1,8
2016-08-15 09:00:00,44.7,19.9,10.6,1025.7,2,4.1,8,15,2,9
2016-08-15 10:00:00,45.1,21.7,10.3,1025.3,1,4.6,8,15,3,10
2016-08-15 11:00:00,45.8,21.8,10.0,1024.9,1,4.1,8,15,4,11
2016-08-15 12:00:00,43.3,22.8,10.0,1024.4,2,5.1,8,15,5,12
2016-08-15 13:00:00,41.8,23.5,10.2,1024.1,2,4.6,8,15,6,13
2016-08-15 14:00:00,41.4,23.7,10.2,1023.7,2,4.6,8,15,7,14
2016-08-15 15:00:00,40.4,23.9,10.3,1023.2,2,4.1,8,15,1,15
2016-08-15 16:00:00,36.2,23.3,10.5,1022.8,2,4.1,8,15,2,16
2016-08-15 17:00:00,39.3,22.3,10.5,1022.5,2,5.1,8,15,3,17
2016-08-15 18:00:00,51.7,20.8,10.8,1022.2,2,5.7,8,15,4,18
2016-08-15 19:00:00,50.9,19.2,10.9,1022.4,2,5.7,8,15,5,19
2016-08-15 20:00:00,50.9,17.4,10.0,1022.7,2,4.6,8,15,6,20
2016-08-15 21:00:00,49.4,16.6,10.8,1022.6,2,4.6,8,15,7,21
2016-08-15 22:00:00,48.2,15.9,10.7,1022.8,2,4.6,8,15,1,22
2016-08-15 23:00:00,42.3,14.9,10.7,1022.8,2,2.6,8,15,2,23
2016-08-16 00:00:00,39.2,14.8,11.3,1022.4,2,2.1,8,16,3,0
2016-08-16 01:00:00,33.2,14.1,11.6,1022.2,2,1.0,8,16,4,1
2016-08-16 02:00:00,29.8,13.7,11.5,1021.5,1,2.1,8,16,5,2
2016-08-16 03:00:00,28.2,13.4,11.5,1021.3,0,1.5,8,16,6,3
2016-08-16 04:00:00,28.3,12.8,11.1,1021.0,1,3.1,8,16,7,4
2016-08-16 05:00:00,30.1,12.3,10.8,1020.8,0,2.6,8,16,1,5
2016-08-16 06:00:00,36.4,12.9,11.1,1020.8,0,2.1,8,16,2,6
2016-08-16 07:00:00,44.7,15.4,12.7,1020.5,1,3.1,8,16,3,7
2016-08-16 08:00:00,45.2,17.6,13.3,1020.6,2,2.6,8,16,4,8
2016-08-16 09:00:00,47.4,19.4,13.2,1020.5,2,3.6,8,16,5,9
2016-08-16 10:00:00,42.8,21.0,12.8,1020.1,2,3.1,8,16,6,10
2016-08-16 11:00:00,43.0,21.1,12.2,1019.5,1,3.6,8,16,7,11
2016-08-16 12:00:00,42.0,22.2,11.3,1019.0,1,2.6,8,16,1,12
2016-08-16 13:00:00,42.1,23.6,11.5,1018.5,2,3.6,8,16,2,13
2016-08-16 14:00:00,41.3,24.1,10.8,1018.1,2,3.6,8,16,3,14
2016-08-16 15:00:00,40.5,24.0,10.9,1017.7,2,4.6,8,16,4,15
2016-08-16 16:00:00,39.4,24.1,11.2,1017.4,2,4.1,8,16,5,16
2016-08-16 17:00:00,40.3,23.4,11.5,1017.1,2,4.6,8,16,6,17
2016-08-16 18:00:00,45.0,21.0,11.3,1017.0,2,4.6,8,16,7,18
2016-08-16 19:00:00,52.0,19.2,11.0,1016.9,2,5.7,8,16,1,19
2016-08-16 20:00:00,50.3,18.1,10.6,1017.1,2,4.1,8,16,2,20
2016-08-16 21:00:00,53.1,16.3,10.6,1017.3,2,3.1,8,16,3,21
2016-08-16 22:00:00,50.8,16.5,10.3,1017.2,2,2.1,8,16,4,22
2016-08-16 23:00:00,45.3,15.9,10.6,1017.2,1,2.6,8,16,5,23
2016-08-17 00:00:00,39.4,15.1,11.5,1017.0,1,2.1,8,17,6,0
2016-08-17 01:00:00,36.2,14.4,11.5,1016.6,1,1.5,8,17,7,1
2016-08-17 02:00:00,33.2,13.6,11.3,1016.1,0,2.1,8,17,1,2
2016-08-17 03:00:00,31.6,13.6,11.6,1015.6,1,2.1,8,17,2,3
2016-08-17 04:00:00,30.7,13.4,11.6,1015.2,1,2.1,8,17,3,4
2016-08-17 05:00:00,33.1,13.5,11.8,1014.6,1,2.6,8,17,4,5
2016-08-17 06:00:00,39.5,14.0,12.2,1014.4,1,2.1,8,17,5,6
2016-08-17 07:00:00,46.6,15.8,13.0,1014.3,1,2.6,8,17,6,7
2016-08-17 08:00:00,49.5,18.2,13.8,1014.2,1,2.6,8,17,7,8
2016-08-17 09:00:00,46.4,21.1,13.9,1014.1,2,4.1,8,17,1,9
2016-08-17 10:00:00,43.3,22.5,13.5,1013.9,2,3.1,8,17,2,10
2016-08-17 11:00:00,45.2,23.9,12.7,1013.3,2,4.1,8,17,3,11
2016-08-17 12:00:00,43.6,25.1,11.5,1012.9,2,2.6,8,17,4,12
2016-08-17 13:00:00,44.9,25.3,10.1,1012.5,2,2.6,8,17,5,13
2016-08-17 14:00:00,41.0,26.0,9.9,1012.1,1,2.1,8,17,6,14
2016-08-17 15:00:00,43.1,26.4,9.0,1011.6,1,2.6,8,17,7,15
2016-08-17 16:00:00,43.5,26.2,8.6,1011.2,3,4.1,8,17,1,16
2016-08-17 17:00:00,43.0,25.3,8.1,1011.0,1,2.1,8,17,2,17
2016-08-17 18:00:00,42.9,24.5,9.5,1010.8,2,3.1,8,17,3,18
2016-08-17 19:00:00,49.9,21.7,10.7,1011.2,2,3.6,8,17,4,19
2016-08-17 20:00:00,52.6,19.9,10.5,1011.6,2,4.6,8,17,5,20
2016-08-17 21:00:00,47.9,19.0,12.1,1011.6,2,4.1,8,17,6,21
2016-08-17 22:00:00,45.9,18.1,12.9,1011.8,3,3.1,8,17,7,22
2016-08-17 23:00:00,45.9,17.6,13.5,1011.6,1,1.5,8,17,1,23
2016-08-18 00:00:00,39.1,17.3,13.0,1011.1,1,1.0,8,18,2,0
2016-08-18 01:00:00,36.1,17.0,13.5,1010.8,1,2.1,8,18,3,1
2016-08-18 02:00:00,34.4,16.6,13.3,1010.7,7,1.5,8,18,4,2
2016-08-18 03:00:00,31.1,16.3,13.5,1010.9,0,1.5,8,18,5,3
2016-08-18 04:00:00,29.9,16.1,13.3,1010.8,0,2.1,8,18,6,4
2016-08-18 05:00:00,31.5,15.9,13.4,1010.4,1,2.1,8,18,7,5
2016-08-18 06:00:00,37.6,16.1,13.7,1010.1,1,2.1,8,18,1,6
2016-08-18 07:00:00,45.5,17.2,14.0,1010.3,0,2.1,8,18,2,7
2016-08-18 08:00:00,48.7,18.2,14.2,1010.1,1,2.6,8,18,3,8
2016-08-18 09:00:00,51.0,19.6,14.3,1010.5,7,2.1,8,18,4,9
2016-08-18 10:00:00,53.4,21.0,14.2,1010.6,0,1.5,8,18,5,10
2016-08-18 11:00:00,51.2,23.0,12.9,1010.2,2,4.1,8,18,6,11
2016-08-18 12:00:00,46.1,23.0,14.0,1010.2,2,3.1,8,18,7,12
2016-08-18 13:00:00,42.1,23.5,13.7,1010.1,2,2.6,8,18,1,13
2016-08-18 14:00:00,43.6,24.8,9.9,1009.8,2,4.1,8,18,2,14
2016-08-18 15:00:00,41.3,24.6,10.3,1009.4,2,4.1,8,18,3,15
2016-08-18 16:00:00,39.9,24.8,11.7,1009.5,2,3.1,8,18,4,16
2016-08-18 17:00:00,45.0,23.6,10.7,1009.7,2,4.1,8,18,5,17
2016-08-18 18:00:00,45.9,22.8,10.8,1009.7,2,4.6,8,18,6,18
2016-08-18 19:00:00,50.9,21.2,9.4,1009.9,2,5.1,8,18,7,19
2016-08-18 20:00:00,53.0,20.4,9.5,1010.3,3,4.6,8,18,1,20
2016-08-18 21:00:00,49.8,19.1,13.6,1010.4,2,4.1,8,18,2,21
2016-08-18 22:00:00,46.9,18.4,14.8,1010.4,2,4.1,8,18,3,22
2016-08-18 23:00:00,46.5,18.4,14.9,1010.5,2,3.6,8,18,4,23
2016-08-19 00:00:00,41.2,17.8,14.9,1009.9,2,3.6,8,19,5,0
2016-08-19 01:00:00,33.6,17.9,14.7,1009.7,2,3.6,8,19,6,1
2016-08-19 02:00:00,31.0,17.8,14.5,1009.2,3,3.6,8,19,7,2
2016-08-19 03:00:00,31.2,17.3,14.6,1008.7,3,2.6,8,19,1,3
2016-08-19 04:00:00,31.2,17.2,14.9,1008.0,3,3.6,8,19,2,4
2016-08-19 05:00:00,32.3,17.1,15.1,1007.9,3,2.6,8,19,3,5
2016-08-19 06:00:00,38.8,17.3,15.3,1007.6,3,3.6,8,19,4,6
2016-08-19 07:00:00,48.8,17.1,15.6,1007.4,3,3.6,8,19,5,7
2016-08-19 08:00:00,53.5,17.2,15.8,1007.1,3,3.1,8,19,6,8
2016-08-19 09:00:00,50.0,17.8,16.3,1006.8,4,3.6,8,19,7,9
2016-08-19 10:00:00,50.8,17.2,16.2,1006.6,3,3.6,8,19,1,10
2016-08-19 11:00:00,49.7,18.1,16.9,1006.3,3,4.1,8,19,2,11
2016-08-19 12:00:00,50.0,18.7,16.1,1005.7,4,4.1,8,19,3,12
2016-08-19 13:00:00,49.2,18.6,15.9,1005.6,4,5.7,8,19,4,13
2016-08-19 14:00:00,46.2,18.8,14.3,1005.4,5,5.1,8,19,5,14
2016-08-19 15:00:00,44.8,16.9,14.0,1005.5,4,6.7,8,19,6,15
2016-08-19 16:00:00,44.1,17.4,14.9,1004.9,4,5.7,8,19,7,16
2016-08-19 17:00:00,45.3,17.1,15.8,1004.6,4,5.7,8,19,1,17
2016-08-19 18:00:00,47.5,18.6,15.9,1004.6,4,5.7,8,19,2,18
2016-08-19 19:00:00,46.4,18.3,14.3,1005.0,4,6.2,8,19,3,19
2016-08-19 20:00:00,52.3,17.4,14.3,1005.5,4,5.7,8,19,4,20
2016-08-19 21:00:00,48.3,16.8,13.8,1005.7,4,5.1,8,19,5,21
2016-08-19 22:00:00,49.2,16.3,13.7,1005.9,4,4.6,8,19,6,22
2016-08-19 23:00:00,45.3,16.2,13.6,1005.9,4,5.1,8,19,7,23
2016-08-20 00:00:00,42.5,16.2,12.8,1006.0,5,6.7,8,20,1,0
2016-08-20 01:00:00,36.2,15.7,13.2,1005.8,4,4.6,8,20,2,1
2016-08-20 02:00:00,33.3,15.9,13.0,1005.6,4,5.1,8,20,3,2
2016-08-20 03:00:00,32.5,15.3,13.3,1005.5,4,6.7,8,20,4,3
2016-08-20 04:00:00,30.8,14.7,13.0,1005.6,4,4.1,8,20,5,4
2016-08-20 05:00:00,33.0,14.7,12.8,1005.5,4,4.1,8,20,6,5
2016-08-20 06:00:00,33.4,15.6,12.9,1005.5,4,5.1,8,20,7,6
2016-08-20 07:00:00,42.1,17.5,13.1,1005.3,4,6.2,8,20,1,7
2016-08-20 08:00:00,46.6,16.9,13.0,1005.4,4,8.8,8,20,2,8
2016-08-20 09:00:00,48.0,16.0,13.0,1005.8800587054036,4,8.2,8,20,3,9
2016-08-20 10:00:00,50.1,18.2,13.0,1006.2,5,8.8,8,20,4,10
2016-08-20 11:00:00,47.1,20.6,13.0,1006.0,5,8.8,8,20,5,11
2016-08-20 12:00:00,44.5,20.7,11.5,1006.2,5,9.8,8,20,6,12
2016-08-20 13:00:00,44.3,20.1,11.8,1006.2,5,9.8,8,20,7,13
2016-08-20 14:00:00,43.1,20.1,10.6,1006.4,5,10.8,8,20,1,14
2016-08-20 15:00:00,42.0,19.2,11.9,1006.7,5,11.3,8,20,2,15
2016-08-20 16:00:00,37.4,19.6,11.7,1006.7,5,9.3,8,20,3,16
2016-08-20 17:00:00,41.1,19.4,11.7,1007.0,5,8.8,8,20,4,17
2016-08-20 18:00:00,47.7,16.7,14.0,1007.7,5,6.2,8,20,5,18
2016-08-20 19:00:00,49.9,16.0,14.3,1008.1,5,6.7,8,20,6,19
2016-08-20 20:00:00,51.5,15.9,13.7,1008.6,5,6.2,8,20,7,20
2016-08-20 21:00:00,46.9,15.9,13.3,1008.7,5,7.7,8,20,1,21
2016-08-20 22:00:00,44.9,16.0,13.1,1009.0,5,7.7,8,20,2,22
2016-08-20 23:00:00,45.2,15.9,13.2,1009.3,5,7.7,8,20,3,23
2016-08-21 00:00:00,41.4,15.9,13.0,1009.6,5,8.8,8,21,4,0
2016-08-21 01:00:00,36.8,15.8,13.0,1009.9,5,7.2,8,21,5,1
2016-08-21 02:00:00,33.4,15.1,13.5,1010.5,5,7.2,8,21,6,2
2016-08-21 03:00:00,32.7,15.6,12.9,1010.9,6,8.2,8,21,7,3
2016-08-21 04:00:00,31.7,15.5,12.6,1011.5,6,8.2,8,21,1,4
2016-08-21 05:00:00,30.5,14.7,12.8,1011.9,5,7.2,8,21,2,5
2016-08-21 06:00:00,31.4,15.7,12.9,1012.8,6,6.2,8,21,3,6
2016-08-21 07:00:00,35.4,16.4,13.1,1013.8,6,7.7,8,21,4,7
2016-08-21 08:00:00,42.7,16.9,13.1,1014.6,6,6.7,8,21,5,8
2016-08-21 09:00:00,43.2,18.4,13.4,1015.2,6,7.2,8,21,6,9
2016-08-21 10:00:00,42.7,18.9,12.3,1016.0,6,7.7,8,21,7,10
2016-08-21 11:00:00,43.5,19.8,12.4,1016.5,6,8.2,8,21,1,11
2016-08-21 12:00:00,40.7,22.4,12.1,1017.2,6,7.7,8,21,2,12
2016-08-21 13:00:00,39.2,21.4,11.5,1017.8,6,8.2,8,21,3,13
2016-08-21 14:00:00,37.9,21.7,11.8,1018.6,6,9.3,8,21,4,14
2016-08-21 15:00:00,39.7,21.7,11.2,1019.0,6,9.3,8,21,5,15
2016-08-21 16:00:00,40.1,21.7,9.8,1019.1,6,7.2,8,21,6,16
2016-08-21 17:00:00,40.9,19.8,11.3,1019.9,6,7.7,8,21,7,17
2016-08-21 18:00:00,46.8,16.1,14.9,1020.6,5,5.7,8,21,1,18
2016-08-21 19:00:00,52.1,16.4,15.1,1020.3,4,4.1,8,21,2,19
2016-08-21 20:00:00,51.7,16.8,15.4,1020.4,5,5.1,8,21,3,20
2016-08-21 21:00:00,50.2,17.2,15.5,1020.5,5,4.1,8,21,4,21
2016-08-21 22:00:00,47.6,17.1,15.7,1020.6,5,4.1,8,21,5,22
2016-08-21 23:00:00,44.4,17.2,15.5,1020.9,5,4.6,8,21,6,23
2016-08-22 00:00:00,39.8,17.3,15.7,1021.0,5,5.1,8,22,7,0
2016-08-22 01:00:00,34.6,17.4,15.6,1020.9,5,5.7,8,22,1,1
2016-08-22 02:00:00,33.5,17.3,15.4,1021.2,5,5.7,8,22,2,2
2016-08-22 03:00:00,33.1,17.2,15.2,1021.2,5,5.1,8,22,3,3
2016-08-22 04:00:00,32.3,16.8,14.9,1021.2,5,4.6,8,22,4,4
2016-08-22 05:00:00,32.7,16.9,15.4,1021.4,5,5.7,8,22,5,5
2016-08-22 06:00:00,40.2,17.0,15.8,1022.2,5,4.1,8,22,6,6
2016-08-22 07:00:00,51.2,17.4,15.8,1022.8,5,4.1,8,22,7,7
2016-08-22 08:00:00,51.1,18.1,15.5,1023.0,5,5.7,8,22,1,8
2016-08-22 09:00:00,49.2,19.3,15.6,1023.2,5,6.7,8,22,2,9
2016-08-22 10:00:00,49.9,20.8,15.0,1023.1,5,7.7,8,22,3,10
2016-08-22 11:00:00,49.0,21.6,14.7,1023.1,5,6.2,8,22,4,11
2016-08-22 12:00:00,47.7,23.6,15.0,1023.3,5,7.2,8,22,5,12
2016-08-22 13:00:00,46.7,23.7,15.4,1023.6,5,7.7,8,22,6,13
2016-08-22 14:00:00,44.9,23.9,15.1,1023.5,5,7.2,8,22,7,14
2016-08-22 15:00:00,48.5,24.8,14.9,1023.5,5,7.2,8,22,1,15
2016-08-22 16:00:00,42.5,24.4,14.9,1023.8,5,7.2,8,22,2,16
2016-08-22 17:00:00,44.9,23.1,15.0,1024.1,5,6.2,8,22,3,17
2016-08-22 18:00:00,48.0,22.6,15.2,1024.3,5,5.7,8,22,4,18
2016-08-22 19:00:00,48.3,21.0,14.7,1024.4,5,4.6,8,22,5,19
2016-08-22 20:00:00,47.7,20.0,14.5,1024.7,4,3.6,8,22,6,20
2016-08-22 21:00:00,49.8,19.1,14.2,1024.9,4,3.1,8,22,7,21
2016-08-22 22:00:00,47.7,17.9,13.8,1025.1,4,2.6,8,22,1,22
2016-08-22 23:00:00,46.2,17.1,14.3,1025.0,5,2.6,8,22,2,23
2016-08-23 00:00:00,38.8,16.0,13.8,1025.0,4,2.1,8,23,3,0
2016-08-23 01:00:00,37.5,15.1,12.6,1025.0,3,1.5,8,23,4,1
2016-08-23 02:00:00,33.1,14.9,13.8,1024.8,2,1.0,8,23,5,2
2016-08-23 03:00:00,32.1,14.3,12.9,1024.5,2,1.5,8,23,6,3
2016-08-23 04:00:00,32.1,13.7,13.0,1024.4,3,1.5,8,23,7,4
2016-08-23 05:00:00,33.4,13.0,11.8,1024.6,3,1.0,8,23,1,5
2016-08-23 06:00:00,36.9,15.3,14.2,1024.7,3,2.1,8,23,2,6
2016-08-23 07:00:00,45.6,17.5,14.4,1024.8,3,2.1,8,23,3,7
2016-08-23 08:00:00,51.8,19.4,13.6,1024.5,3,4.1,8,23,4,8
2016-08-23 09:00:00,49.7,22.7,12.7,1024.2,3,2.6,8,23,5,9
2016-08-23 10:00:00,46.0,25.7,12.7,1023.5,3,3.6,8,23,6,10
2016-08-23 11:00:00,48.7,27.1,14.5,1022.8,4,5.1,8,23,7,11
2016-08-23 12:00:00,45.8,28.3,14.6,1022.2,3,4.6,8,23,1,12
2016-08-23 13:00:00,44.6,29.6,14.5,1021.7,4,5.7,8,23,2,13
2016-08-23 14:00:00,44.1,30.0,13.0,1020.978438149476,4,5.1,8,23,3,14
2016-08-23 15:00:00,44.5,30.2,13.1,1020.3,4,6.7,8,23,4,15
2016-08-23 16:00:00,42.8,30.1,14.6,1020.0,3,6.2,8,23,5,16
2016-08-23 17:00:00,48.0,28.9,15.0,1020.0,3,5.7,8,23,6,17
2016-08-23 18:00:00,46.5,27.8,15.1,1019.5,3,6.2,8,23,7,18
2016-08-23 19:00:00,49.1,26.4,15.2,1019.5,3,4.6,8,23,1,19
2016-08-23 20:00:00,48.7,25.3,15.3,1019.5,3,3.6,8,23,2,20
2016-08-23 21:00:00,51.5,24.3,15.6,1019.3,3,3.1,8,23,3,21
2016-08-23 22:00:00,48.3,22.4,15.5,1019.0,3,2.1,8,23,4,22
2016-08-23 23:00:00,43.8,21.0,14.9,1018.8,3,1.5,8,23,5,23
2016-08-24 00:00:00,39.3,21.5,16.1,1018.6,5,0.5,8,24,6,0
2016-08-24 01:00:00,35.7,20.8,15.9,1018.3,1,1.0,8,24,7,1
2016-08-24 02:00:00,32.2,19.7,15.3,1018.2,1,1.0,8,24,1,2
2016-08-24 03:00:00,29.8,18.5,15.2,1018.0,1,0.5,8,24,2,3
2016-08-24 04:00:00,29.6,18.5,16.0,1017.9,7,1.0,8,24,3,4
2016-08-24 05:00:00,31.5,18.3,15.9,1018.0,0,1.5,8,24,4,5
2016-08-24 06:00:00,37.8,19.2,16.2,1018.2,1,1.5,8,24,5,6
2016-08-24 07:00:00,47.6,20.4,16.5,1018.3,0,1.0,8,24,6,7
2016-08-24 08:00:00,50.0,22.7,16.6,1018.3,1,1.0,8,24,7,8
2016-08-24 09:00:00,48.2,25.2,16.4,1018.1,0,2.1,8,24,1,9
2016-08-24 10:00:00,44.7,26.7,16.5,1018.0,0,2.1,8,24,2,10
2016-08-24 11:00:00,48.3,28.3,16.2,1017.7,0,1.5,8,24,3,11
2016-08-24 12:00:00,48.9,29.3,16.0,1017.3,0,2.1,8,24,4,12
2016-08-24 13:00:00,47.0,29.7,15.5,1017.2,7,2.1,8,24,5,13
2016-08-24 14:00:00,45.1,31.7,16.2,1016.9,5,1.0,8,24,6,14
2016-08-24 15:00:00,44.8,32.9,15.5,1016.7,5,3.1,8,24,7,15
2016-08-24 16:00:00,41.7,32.6,16.1,1016.5,7,1.5,8,24,1,16
2016-08-24 17:00:00,45.4,30.1,16.8,1017.5,6,5.7,8,24,2,17
2016-08-24 18:00:00,44.0,29.1,16.8,1016.5,6,3.1,8,24,3,18
2016-08-24 19:00:00,51.0,26.1,18.2,1017.6,7,3.6,8,24,4,19
2016-08-24 20:00:00,53.9,23.2,19.3,1018.3,7,2.6,8,24,5,20
2016-08-24 21:00:00,52.9,22.4,18.7,1018.7,2,2.6,8,24,6,21
2016-08-24 22:00:00,48.0,21.6,18.4,1017.5,1,2.6,8,24,7,22
2016-08-24 23:00:00,44.0,21.3,18.1,1016.7,2,3.6,8,24,1,23
2016-08-25 00:00:00,39.7,21.5,18.1,1016.1,0,1.5,8,25,2,0
2016-08-25 01:00:00,34.6,21.1,18.2,1016.3,7,1.5,8,25,3,1
2016-08-25 02:00:00,32.1,20.1,17.9,1017.2,7,3.1,8,25,4,2
2016-08-25 03:00:00,30.3,19.2,17.5,1017.3,7,2.1,8,25,5,3
2016-08-25 04:00:00,31.9,19.4,17.2,1016.9,0,2.1,8,25,6,4
2016-08-25 05:00:00,33.0,19.0,17.0,1016.3,1,3.1,8,25,7,5
2016-08-25 06:00:00,35.2,19.0,17.1,1016.2,1,2.1,8,25,1,6
2016-08-25 07:00:00,48.5,19.2,16.9,1015.7,1,2.6,8,25,2,7
2016-08-25 08:00:00,51.5,21.8,17.5,1015.5,1,2.6,8,25,3,8
2016-08-25 09:00:00,47.7,22.6,17.2,1015.6,1,1.5,8,25,4,9
2016-08-25 10:00:00,48.7,23.0,17.1,1015.5,1,1.5,8,25,5,10
2016-08-25 11:00:00,49.1,24.4,17.6,1015.6,0,1.0,8,25,6,11
2016-08-25 12:00:00,50.9,24.0,17.6,1014.7,0,1.5,8,25,7,12
2016-08-25 13:00:00,48.5,25.5,17.6,1015.0,7,1.5,8,25,1,13
2016-08-25 14:00:00,48.0,26.7,18.0,1014.6,7,2.1,8,25,2,14
2016-08-25 15:00:00,42.0,27.2,18.7,1014.2,7,2.1,8,25,3,15
2016-08-25 16:00:00,37.7,26.3,18.2,1013.3,0,1.5,8,25,4,16
2016-08-25 17:00:00,41.4,27.0,17.9,1013.2,1,1.0,8,25,5,17
2016-08-25 18:00:00,45.7,25.8,18.7,1013.5,7,2.1,8,25,6,18
2016-08-25 19:00:00,48.9,24.8,18.7,1013.5,7,1.5,8,25,7,19
2016-08-25 20:00:00,48.1,23.8,18.9,1014.1,6,1.5,8,25,1,20
2016-08-25 21:00:00,47.9,23.0,19.1,1013.7,7,1.5,8,25,2,21
2016-08-25 22:00:00,47.4,22.0,19.0,1013.6,7,1.5,8,25,3,22
2016-08-25 23:00:00,46.1,21.5,19.4,1014.4,6,1.5,8,25,4,23
2016-08-26 00:00:00,40.0,21.0,19.5,1014.5,6,2.1,8,26,5,0
2016-08-26 01:00:00,37.7,20.6,19.2,1015.1,6,3.6,8,26,6,1
2016-08-26 02:00:00,32.7,19.9,18.3,1015.1,7,1.5,8,26,7,2
2016-08-26 03:00:00,31.9,18.3,16.4,1014.5,2,1.5,8,26,1,3
2016-08-26 04:00:00,31.6,18.9,17.1,1015.6,7,3.1,8,26,2,4
2016-08-26 05:00:00,31.8,18.1,16.1,1016.1,7,2.1,8,26,3,5
2016-08-26 06:00:00,37.4,18.0,16.0,1016.7,7,1.0,8,26,4,6
2016-08-26 07:00:00,46.6,19.2,16.4,1016.9,7,1.5,8,26,5,7
2016-08-26 08:00:00,49.0,20.7,16.0,1017.5,6,2.1,8,26,6,8
2016-08-26 09:00:00,46.3,20.8,16.1,1018.3,6,2.6,8,26,7,9
2016-08-26 10:00:00,46.5,22.7,15.6,1018.5,6,3.6,8,26,1,10
2016-08-26 11:00:00,45.1,23.2,12.5,1018.5,6,2.6,8,26,2,11
2016-08-26 12:00:00,46.0,24.2,9.4,1018.6,6,2.6,8,26,3,12
2016-08-26 13:00:00,47.3,25.6,6.4,1018.6,6,3.6,8,26,4,13
2016-08-26 14:00:00,45.9,25.8,7.0,1018.6,6,3.6,8,26,5,14
2016-08-26 15:00:00,45.0,25.9,7.1,1018.4,7,2.1,8,26,6,15
2016-08-26 16:00:00,37.6,26.7,8.4,1018.1,6,2.6,8,26,7,16
2016-08-26 17:00:00,40.2,26.4,7.0,1018.1,6,2.6,8,26,1,17
2016-08-26 18:00:00,42.1,25.4,7.5,1018.4,6,3.6,8,26,2,18
2016-08-26 19:00:00,44.8,22.7,11.1,1018.9,7,2.1,8,26,3,19
2016-08-26 20:00:00,48.0,21.1,10.8,1019.4,7,2.1,8,26,4,20
2016-08-26 21:00:00,42.8,19.5,10.0,1019.8,7,2.1,8,26,5,21
2016-08-26 22:00:00,42.8,18.4,9.9,1020.0,0,2.1,8,26,6,22
2016-08-26 23:00:00,42.4,17.7,10.1,1020.1,0,1.5,8,26,7,23
2016-08-27 00:00:00,38.1,16.5,10.1,1020.0,0,1.5,8,27,1,0
2016-08-27 01:00:00,37.3,16.4,10.4,1019.8,0,1.5,8,27,2,1
2016-08-27 02:00:00,33.3,16.2,10.2,1019.5,0,2.1,8,27,3,2
2016-08-27 03:00:00,32.1,16.4,11.6,1019.0,1,1.5,8,27,4,3
2016-08-27 04:00:00,31.3,16.7,13.9,1018.7,1,2.1,8,27,5,4
2016-08-27 05:00:00,31.2,16.6,14.1,1018.4,1,2.1,8,27,6,5
2016-08-27 06:00:00,33.8,16.9,14.6,1018.3,1,2.6,8,27,7,6
2016-08-27 07:00:00,40.6,18.1,15.4,1018.3,1,2.6,8,27,1,7
2016-08-27 08:00:00,49.8,19.6,15.2,1017.8,1,3.6,8,27,2,8
2016-08-27 09:00:00,50.8,21.7,15.3,1017.5,1,2.6,8,27,3,9
2016-08-27 10:00:00,49.1,24.1,14.9,1016.8,1,3.6,8,27,4,10
2016-08-27 11:00:00,49.6,24.3,15.6,1016.0,2,4.6,8,27,5,11
2016-08-27 12:00:00,46.5,26.1,15.9,1014.9,2,4.6,8,27,6,12
2016-08-27 13:00:00,45.2,25.9,16.6,1014.0,2,5.7,8,27,7,13
2016-08-27 14:00:00,45.1,26.3,16.6,1013.5,2,7.2,8,27,1,14
2016-08-27 15:00:00,38.3,24.3,16.4,1013.0,2,7.2,8,27,2,15
2016-08-27 16:00:00,37.1,24.1,16.5,1012.8,2,3.6,8,27,3,16
2016-08-27 17:00:00,39.0,24.0,16.6,1012.4,2,3.6,8,27,4,17
2016-08-27 18:00:00,42.5,23.6,16.6,1012.1,2,2.6,8,27,5,18
2016-08-27 19:00:00,42.2,23.3,18.0,1012.2,4,3.6,8,27,6,19
2016-08-27 20:00:00,45.7,22.5,18.2,1012.3,4,3.6,8,27,7,20
2016-08-27 21:00:00,46.2,21.6,18.2,1012.5,5,3.6,8,27,1,21
2016-08-27 22:00:00,44.1,20.9,18.0,1012.4,5,2.6,8,27,2,22
2016-08-27 23:00:00,40.3,20.4,18.3,1012.0,5,2.1,8,27,3,23
2016-08-28 00:00:00,37.1,20.1,18.0,1011.8,4,3.1,8,28,4,0
2016-08-28 01:00:00,33.9,19.7,17.3,1011.5,5,4.6,8,28,5,1
2016-08-28 02:00:00,33.6,18.7,16.4,1011.4,5,4.6,8,28,6,2
2016-08-28 03:00:00,31.7,17.6,15.5,1011.7,5,5.1,8,28,7,3
2016-08-28 04:00:00,31.2,17.0,14.7,1011.7,5,4.6,8,28,1,4
2016-08-28 05:00:00,31.1,16.8,14.5,1012.0,5,5.7,8,28,2,5
2016-08-28 06:00:00,32.4,17.1,14.5,1012.0,5,3.1,8,28,3,6
2016-08-28 07:00:00,33.6,17.6,15.1,1012.0,4,3.1,8,28,4,7
2016-08-28 08:00:00,38.6,19.1,15.4,1012.4,5,5.1,8,28,5,8
2016-08-28 09:00:00,39.9,19.3,15.0,1012.6,5,4.6,8,28,6,9
2016-08-28 10:00:00,39.1,18.2,16.3,1012.6,5,5.1,8,28,7,10
2016-08-28 11:00:00,40.2,19.9,16.7,1012.7,5,5.7,8,28,1,11
2016-08-28 12:00:00,41.2,18.0,16.5,1013.0,5,6.7,8,28,2,12
2016-08-28 13:00:00,40.2,19.7,16.6,1013.2,5,7.2,8,28,3,13
2016-08-28 14:00:00,38.1,19.7,15.9,1013.4,5,6.7,8,28,4,14
2016-08-28 15:00:00,36.0,20.4,15.9,1013.6,5,7.2,8,28,5,15
2016-08-28 16:00:00,37.7,20.6,15.7,1013.7,5,7.2,8,28,6,16
2016-08-28 17:00:00,40.5,20.7,15.3,1013.8,5,6.2,8,28,7,17
2016-08-28 18:00:00,39.3,19.4,15.5,1014.2,5,4.6,8,28,1,18
2016-08-28 19:00:00,40.6,19.0,15.2,1014.5,5,4.6,8,28,2,19
2016-08-28 20:00:00,46.5,18.4,15.2,1015.3,5,4.1,8,28,3,20
2016-08-28 21:00:00,46.4,17.9,15.3,1015.6,5,3.1,8,28,4,21
2016-08-28 22:00:00,44.7,17.7,15.5,1016.1,6,3.6,8,28,5,22
2016-08-28 23:00:00,39.4,17.7,15.6,1016.5,6,2.1,8,28,6,23
2016-08-29 00:00:00,35.7,18.0,15.8,1017.2,0,2.1,8,29,7,0
2016-08-29 01:00:00,34.6,17.7,15.6,1017.2,0,2.6,8,29,1,1
2016-08-29 02:00:00,33.6,16.5,14.4,1017.9,1,3.6,8,29,2,2
2016-08-29 03:00:00,31.3,16.0,14.2,1018.7,0,1.5,8,29,3,3
2016-08-29 04:00:00,30.9,15.6,13.9,1019.1,7,2.6,8,29,4,4
2016-08-29 05:00:00,29.9,15.7,13.5,1019.8,0,2.6,8,29,5,5
2016-08-29 06:00:00,30.2,15.5,12.8,1020.6,1,1.5,8,29,6,6
2016-08-29 07:00:00,32.6,16.0,12.9,1021.2,7,1.5,8,29,7,7
2016-08-29 08:00:00,36.4,16.9,13.3,1021.7,7,2.1,8,29,1,8
2016-08-29 09:00:00,34.4,17.5,13.6,1022.1,7,0.5,8,29,2,9
2016-08-29 10:00:00,36.9,19.8,13.7,1022.3,7,2.1,8,29,3,10
2016-08-29 11:00:00,34.4,20.2,13.5,1022.6,7,2.1,8,29,4,11
2016-08-29 12:00:00,36.5,21.6,12.8,1022.5,0,2.1,8,29,5,12
2016-08-29 13:00:00,35.6,21.5,12.5,1022.7,7,3.6,8,29,6,13
2016-08-29 14:00:00,38.4,22.6,11.1,1022.6,7,2.6,8,29,7,14
2016-08-29 15:00:00,37.0,23.0,10.9,1022.7,7,2.6,8,29,1,15
2016-08-29 16:00:00,38.5,23.8,8.0,1022.7,7,4.1,8,29,2,16
2016-08-29 17:00:00,38.5,23.3,8.2,1022.9,0,3.6,8,29,3,17
2016-08-29 18:00:00,43.7,23.1,8.6,1023.1,7,2.1,8,29,4,18
2016-08-29 19:00:00,43.6,21.3,8.8,1023.5,7,1.5,8,29,5,19
2016-08-29 20:00:00,46.7,19.8,9.2,1024.0,7,1.0,8,29,6,20
2016-08-29 21:00:00,43.2,19.0,9.7,1024.4,6,1.0,8,29,7,21
2016-08-29 22:00:00,42.0,17.4,10.6,1024.8,7,1.5,8,29,1,22
2016-08-29 23:00:00,38.3,16.3,10.1,1025.1,6,1.5,8,29,2,23
2016-08-30 00:00:00,37.5,15.4,11.0,1025.2,7,0.5,8,30,3,0
2016-08-30 01:00:00,34.9,14.4,10.8,1025.3,6,0.5,8,30,4,1
2016-08-30 02:00:00,32.1,14.1,11.6,1025.1,5,1.0,8,30,5,2
2016-08-30 03:00:00,29.8,14.1,11.4,1025.2,6,1.0,8,30,6,3
2016-08-30 04:00:00,29.6,13.5,11.1,1025.2,6,1.5,8,30,7,4
2016-08-30 05:00:00,29.4,13.3,11.5,1025.4,6,2.1,8,30,1,5
2016-08-30 06:00:00,32.1,13.9,11.8,1025.4,7,1.0,8,30,2,6
2016-08-30 07:00:00,39.2,15.3,12.5,1025.5,7,1.0,8,30,3,7
2016-08-30 08:00:00,46.0,17.8,12.8,1025.7,5,1.0,8,30,4,8
2016-08-30 09:00:00,47.2,20.8,13.3,1025.7,4,2.1,8,30,5,9
2016-08-30 10:00:00,45.6,22.6,12.3,1025.6,4,2.1,8,30,6,10
2016-08-30 11:00:00,46.2,24.3,11.4,1025.1,5,2.6,8,30,7,11
2016-08-30 12:00:00,47.2,25.4,10.5,1024.8,5,3.6,8,30,1,12
2016-08-30 13:00:00,45.0,26.1,11.1,1024.3,5,4.1,8,30,2,13
2016-08-30 14:00:00,44.0,26.2,10.9,1023.5,6,4.6,8,30,3,14
2016-08-30 15:00:00,39.9,26.1,9.9,1022.9,5,3.1,8,30,4,15
2016-08-30 16:00:00,36.7,26.1,10.9,1022.3,5,3.6,8,30,5,16
2016-08-30 17:00:00,38.9,24.9,11.1,1022.0,4,4.1,8,30,6,17
2016-08-30 18:00:00,40.9,23.2,11.6,1022.0,4,5.7,8,30,7,18
2016-08-30 19:00:00,43.3,21.7,11.3,1022.3,4,4.6,8,30,1,19
2016-08-30 20:00:00,48.7,20.4,12.1,1022.4,4,4.1,8,30,2,20
2016-08-30 21:00:00,44.5,19.1,12.3,1022.6,4,3.1,8,30,3,21
2016-08-30 22:00:00,41.9,17.6,12.2,1022.4,5,2.1,8,30,4,22
2016-08-30 23:00:00,42.0,16.7,11.9,1022.0,4,2.1,8,30,5,23
2016-08-31 00:00:00,38.4,15.9,12.5,1021.6,4,1.5,8,31,6,0
2016-08-31 01:00:00,34.7,15.4,12.8,1021.4,4,2.1,8,31,7,1
2016-08-31 02:00:00,33.2,14.0,12.4,1020.9,4,1.5,8,31,1,2
2016-08-31 03:00:00,31.0,12.9,11.1,1020.6,4,1.0,8,31,2,3
2016-08-31 04:00:00,30.2,13.2,12.0,1020.4,5,0.5,8,31,3,4
2016-08-31 05:00:00,29.3,13.3,11.8,1020.4,5,1.0,8,31,4,5
2016-08-31 06:00:00,30.9,14.2,12.2,1020.3,4,2.6,8,31,5,6
2016-08-31 07:00:00,40.8,15.3,12.4,1020.4,5,2.1,8,31,6,7
2016-08-31 08:00:00,45.0,16.8,12.2,1020.5,6,2.6,8,31,7,8
2016-08-31 09:00:00,47.5,19.5,13.2,1020.4,6,2.6,8,31,1,9
2016-08-31 10:00:00,48.5,20.0,11.2,1020.6,6,5.7,8,31,2,10
2016-08-31 11:00:00,49.5,22.3,12.0,1020.5,5,5.7,8,31,3,11
2016-08-31 12:00:00,47.3,23.1,12.5,1020.2,6,4.6,8,31,4,12
2016-08-31 13:00:00,47.7,23.4,14.0,1019.9,5,4.6,8,31,5,13
2016-08-31 14:00:00,45.6,22.4,13.5,1020.2,6,6.2,8,31,6,14
2016-08-31 15:00:00,45.5,22.8,14.3,1020.2,6,5.7,8,31,7,15
2016-08-31 16:00:00,39.7,23.8,15.7,1020.0,6,3.6,8,31,1,16
2016-08-31 17:00:00,35.7,22.1,15.1,1020.0,6,5.1,8,31,2,17
2016-08-31 18:00:00,39.8,21.3,15.4,1020.2,6,6.7,8,31,3,18
2016-08-31 19:00:00,44.8,19.7,15.2,1020.9,6,6.2,8,31,4,19
2016-08-31 20:00:00,50.5,18.3,14.4,1021.6,6,5.7,8,31,5,20
2016-08-31 21:00:00,44.3,17.6,12.9,1021.9,6,4.1,8,31,6,21
2016-08-31 22:00:00,41.5,16.7,11.9,1021.9,6,4.1,8,31,7,22
2016-08-31 23:00:00,39.3,15.5,11.0,1022.0,6,4.1,8,31,1,23
2016-09-01 00:00:00,35.8,14.5,10.8,1022.2,6,3.1,9,1,2,0
2016-09-01 01:00:00,32.0,14.2,11.2,1022.7,6,2.6,9,1,3,1
2016-09-01 02:00:00,31.7,13.8,11.3,1022.6,6,1.5,9,1,4,2
2016-09-01 03:00:00,27.9,13.3,11.1,1022.7,6,2.1,9,1,5,3
2016-09-01 04:00:00,28.5,13.3,11.3,1022.7,6,1.5,9,1,6,4
2016-09-01 05:00:00,29.4,13.8,11.8,1022.9,6,2.1,9,1,7,5
2016-09-01 06:00:00,29.9,13.6,11.9,1023.4,6,2.6,9,1,1,6
2016-09-01 07:00:00,36.3,14.0,12.1,1024.0,6,1.5,9,1,2,7
2016-09-01 08:00:00,45.4,15.4,12.7,1024.2,5,2.1,9,1,3,8
2016-09-01 09:00:00,48.3,17.2,13.0,1024.5,6,2.1,9,1,4,9
2016-09-01 10:00:00,48.7,19.1,12.8,1024.5,6,2.6,9,1,5,10
2016-09-01 11:00:00,47.8,21.1,11.7,1024.0,5,3.1,9,1,6,11
2016-09-01 12:00:00,47.5,22.4,11.2,1023.7,6,3.1,9,1,7,12
2016-09-01 13:00:00,47.1,23.1,10.9,1023.1,5,3.6,9,1,1,13
2016-09-01 14:00:00,47.1,23.8,10.2,1022.7,5,4.1,9,1,2,14
2016-09-01 15:00:00,41.3,24.3,10.1,1022.3,5,3.6,9,1,3,15
2016-09-01 16:00:00,41.6,23.2,9.1,1022.0,5,4.1,9,1,4,16
2016-09-01 17:00:00,42.5,22.9,10.6,1021.8,6,4.6,9,1,5,17
2016-09-01 18:00:00,42.3,22.1,12.3,1021.7,5,5.1,9,1,6,18
2016-09-01 19:00:00,43.5,20.2,13.0,1021.6,5,5.7,9,1,7,19
2016-09-01 20:00:00,45.4,18.8,13.2,1021.9,5,5.1,9,1,1,20
2016-09-01 21:00:00,40.7,17.4,12.3,1021.9,5,4.1,9,1,2,21
2016-09-01 22:00:00,40.0,16.5,12.3,1021.6,5,3.6,9,1,3,22
2016-09-01 23:00:00,38.1,15.8,12.5,1021.7,5,3.6,9,1,4,23
2016-09-02 00:00:00,35.6,15.1,12.5,1021.3,5,3.1,9,2,5,0
2016-09-02 01:00:00,34.9,14.8,12.3,1021.1,5,3.1,9,2,6,1
2016-09-02 02:00:00,33.0,14.5,12.2,1020.1,4,2.6,9,2,7,2
2016-09-02 03:00:00,33.2,14.8,12.6,1020.1,5,5.1,9,2,1,3
2016-09-02 04:00:00,29.9,14.4,12.7,1019.7,5,3.6,9,2,2,4
2016-09-02 05:00:00,30.8,14.1,12.9,1019.9,5,3.1,9,2,3,5
2016-09-02 06:00:00,30.4,14.8,13.1,1019.5,5,3.6,9,2,4,6
2016-09-02 07:00:00,38.6,15.6,13.3,1019.7,5,4.6,9,2,5,7
2016-09-02 08:00:00,47.7,16.9,13.8,1019.6,5,4.6,9,2,6,8
2016-09-02 09:00:00,50.3,19.4,13.7,1019.2,5,5.1,9,2,7,9
2016-09-02 10:00:00,48.4,19.2,13.5,1019.2,5,5.7,9,2,1,10
2016-09-02 11:00:00,52.3,19.6,14.4,1018.9,6,5.7,9,2,2,11
2016-09-02 12:00:00,54.4,19.9,14.6,1018.4,5,5.7,9,2,3,12
2016-09-02 13:00:00,50.6,20.0,14.7,1018.1,5,5.1,9,2,4,13
2016-09-02 14:00:00,49.2,19.5,14.8,1018.4,5,5.7,9,2,5,14
2016-09-02 15:00:00,41.5,19.1,15.0,1017.7,4,5.7,9,2,6,15
2016-09-02 16:00:00,37.8,19.3,15.9,1017.6,4,5.1,9,2,7,16
2016-09-02 17:00:00,37.7,17.3,16.4,1017.8,4,5.1,9,2,1,17
2016-09-02 18:00:00,42.0,17.1,16.2,1017.5,4,5.1,9,2,2,18
2016-09-02 19:00:00,42.0,17.1,16.0,1018.0,5,5.1,9,2,3,19
2016-09-02 20:00:00,41.2,16.9,16.2,1018.4,5,4.1,9,2,4,20
2016-09-02 21:00:00,38.5,16.7,15.7,1018.4,5,4.1,9,2,5,21
2016-09-02 22:00:00,37.6,16.5,14.4,1018.4,5,3.6,9,2,6,22
2016-09-02 23:00:00,39.7,15.4,12.9,1018.7,6,3.1,9,2,7,23
2016-09-03 00:00:00,37.1,14.1,12.1,1018.3,6,3.6,9,3,1,0
2016-09-03 01:00:00,33.3,14.0,12.1,1018.2,6,3.1,9,3,2,1
2016-09-03 02:00:00,31.8,13.3,11.4,1018.2,6,2.6,9,3,3,2
2016-09-03 03:00:00,31.8,13.6,12.0,1018.3,5,3.6,9,3,4,3
2016-09-03 04:00:00,29.4,13.3,11.6,1018.2,6,2.6,9,3,5,4
2016-09-03 05:00:00,31.2,12.6,11.1,1018.3,6,2.1,9,3,6,5
2016-09-03 06:00:00,30.2,13.1,11.9,1018.5,5,2.6,9,3,7,6
2016-09-03 07:00:00,33.5,14.0,12.2,1018.3,5,2.6,9,3,1,7
2016-09-03 08:00:00,40.5,16.1,12.7,1017.9,5,2.6,9,3,2,8
2016-09-03 09:00:00,40.6,18.0,12.3,1017.7,5,4.6,9,3,3,9
2016-09-03 10:00:00,43.8,19.7,12.1,1017.1,5,5.7,9,3,4,10
2016-09-03 11:00:00,48.5,20.4,12.2,1016.6,5,6.7,9,3,5,11
2016-09-03 12:00:00,49.5,19.2,13.9,1016.1,5,7.7,9,3,6,12
2016-09-03 13:00:00,45.5,19.5,13.8,1015.2,4,6.2,9,3,7,13
2016-09-03 14:00:00,42.6,20.5,13.8,1014.3,5,7.7,9,3,1,14
2016-09-03 15:00:00,37.3,20.6,13.7,1013.6,5,7.7,9,3,2,15
2016-09-03 16:00:00,38.6,17.2,14.2,1013.5,5,7.2,9,3,3,16
2016-09-03 17:00:00,41.4,16.6,15.6,1012.9,4,5.7,9,3,4,17
2016-09-03 18:00:00,42.5,17.0,16.2,1011.4,4,5.1,9,3,5,18
2016-09-03 19:00:00,44.8,17.7,16.7,1012.3,5,5.7,9,3,6,19
2016-09-03 20:00:00,44.0,18.1,17.2,1012.4,5,5.7,9,3,7,20
2016-09-03 21:00:00,41.4,18.4,17.3,1012.1,5,4.6,9,3,1,21
2016-09-03 22:00:00,42.7,18.0,17.1,1011.3,4,4.1,9,3,2,22
2016-09-03 23:00:00,41.9,18.1,16.9,1010.6,5,4.6,9,3,3,23
2016-09-04 00:00:00,37.7,18.3,17.0,1010.1,5,6.7,9,4,4,0
2016-09-04 01:00:00,36.7,18.1,17.3,1009.4,5,6.7,9,4,5,1
2016-09-04 02:00:00,34.8,18.2,16.7,1009.0,5,7.2,9,4,6,2
2016-09-04 03:00:00,33.9,17.8,16.0,1009.0,5,6.7,9,4,7,3
2016-09-04 04:00:00,32.4,16.2,11.8,1009.7,6,7.7,9,4,1,4
2016-09-04 05:00:00,34.2,16.2,12.1,1009.9,5,6.2,9,4,2,5
2016-09-04 06:00:00,32.7,16.0,12.3,1010.2,5,6.2,9,4,3,6
2016-09-04 07:00:00,37.0,16.6,12.9,1010.7,6,6.2,9,4,4,7
2016-09-04 08:00:00,44.1,17.2,12.9,1010.9,6,8.8,9,4,5,8
2016-09-04 09:00:00,45.0,17.3,13.0,1011.4,6,6.2,9,4,6,9
2016-09-04 10:00:00,44.0,18.4,14.8,1011.8,6,5.1,9,4,7,10
2016-09-04 11:00:00,48.0,18.6,13.6,1012.2,6,7.2,9,4,1,11
2016-09-04 12:00:00,49.9,19.5,12.6,1012.8,6,6.2,9,4,2,12
2016-09-04 13:00:00,50.4,19.5,12.4,1013.4,6,6.7,9,4,3,13
2016-09-04 14:00:00,44.3,19.5,12.2,1013.9,6,6.7,9,4,4,14
2016-09-04 15:00:00,43.0,20.3,12.7,1014.2,6,6.7,9,4,5,15
2016-09-04 16:00:00,41.3,19.8,12.6,1014.8,6,6.2,9,4,6,16
2016-09-04 17:00:00,42.1,19.5,12.9,1015.0,6,4.6,9,4,7,17
2016-09-04 18:00:00,42.9,19.1,13.2,1015.3,6,4.1,9,4,1,18
2016-09-04 19:00:00,46.8,18.4,13.5,1015.8,6,4.6,9,4,2,19
2016-09-04 20:00:00,44.1,17.9,13.3,1016.3,6,4.1,9,4,3,20
2016-09-04 21:00:00,44.3,17.3,13.2,1016.7,6,3.6,9,4,4,21
2016-09-04 22:00:00,41.9,16.6,13.4,1017.1,6,3.1,9,4,5,22
2016-09-04 23:00:00,41.1,16.0,13.1,1017.4,6,4.1,9,4,6,23
2016-09-05 00:00:00,38.2,15.3,13.5,1017.2,6,3.1,9,5,7,0
2016-09-05 01:00:00,36.8,15.0,13.9,1017.6,6,2.6,9,5,1,1
2016-09-05 02:00:00,35.3,15.0,14.0,1017.9,6,1.5,9,5,2,2
2016-09-05 03:00:00,34.0,15.2,14.1,1017.9,4,1.5,9,5,3,3
2016-09-05 04:00:00,33.8,15.1,14.3,1017.4,4,2.6,9,5,4,4
2016-09-05 05:00:00,33.6,14.6,13.6,1017.8,4,3.6,9,5,5,5
2016-09-05 06:00:00,35.7,13.8,13.2,1018.0,3,3.1,9,5,6,6
2016-09-05 07:00:00,41.0,14.0,13.7,1018.0,3,3.1,9,5,7,7
2016-09-05 08:00:00,47.1,14.6,14.3,1018.1,3,2.6,9,5,1,8
2016-09-05 09:00:00,46.7,15.7,15.2,1018.2,3,3.1,9,5,2,9
2016-09-05 10:00:00,47.9,16.6,15.4,1018.9,3,2.6,9,5,3,10
2016-09-05 11:00:00,49.3,17.6,16.5,1019.1,3,3.1,9,5,4,11
2016-09-05 12:00:00,49.4,18.9,16.9,1019.2,4,3.1,9,5,5,12
2016-09-05 13:00:00,49.0,20.4,17.5,1019.6,5,3.1,9,5,6,13
2016-09-05 14:00:00,42.3,21.4,17.7,1019.4,5,3.1,9,5,7,14
2016-09-05 15:00:00,42.1,22.2,18.0,1019.6,6,4.1,9,5,1,15
2016-09-05 16:00:00,37.0,22.5,18.3,1019.7,6,2.6,9,5,2,16
2016-09-05 17:00:00,39.0,22.0,19.0,1019.9994840307647,5,4.6,9,5,3,17
2016-09-05 18:00:00,41.3,22.0,19.2,1020.5,6,3.6,9,5,4,18
2016-09-05 19:00:00,44.2,21.1,19.7,1021.1,5,3.1,9,5,5,19
2016-09-05 20:00:00,41.2,21.4,19.9,1021.6,5,3.1,9,5,6,20
2016-09-05 21:00:00,39.0,21.5,19.7,1021.9,5,3.1,9,5,7,21
2016-09-05 22:00:00,41.1,21.3,19.5,1022.1,5,3.1,9,5,1,22
2016-09-05 23:00:00,40.7,21.0,19.5,1022.5,5,3.1,9,5,2,23
2016-09-06 00:00:00,37.6,20.6,19.6,1022.6,5,3.6,9,6,3,0
2016-09-06 01:00:00,36.3,20.4,19.6,1022.7,5,2.6,9,6,4,1
2016-09-06 02:00:00,35.6,20.5,19.4,1022.8,5,4.1,9,6,5,2
2016-09-06 03:00:00,33.1,20.2,19.3,1023.0,6,3.6,9,6,6,3
2016-09-06 04:00:00,31.5,20.0,19.2,1023.0,5,3.1,9,6,7,4
2016-09-06 05:00:00,33.2,20.0,18.9,1023.2,5,3.6,9,6,1,5
2016-09-06 06:00:00,33.4,20.1,18.8,1023.6,5,2.6,9,6,2,6
2016-09-06 07:00:00,41.7,20.3,18.8,1024.0,5,3.1,9,6,3,7
2016-09-06 08:00:00,49.3,20.4,18.9,1024.2,5,2.1,9,6,4,8
2016-09-06 09:00:00,50.3,21.8,19.4,1024.1,6,3.6,9,6,5,9
2016-09-06 10:00:00,48.7,22.7,18.4,1024.0,5,3.6,9,6,6,10
2016-09-06 11:00:00,50.8,22.6,18.8,1024.0,5,3.6,9,6,7,11
2016-09-06 12:00:00,51.6,23.3,18.8,1023.7,5,2.6,9,6,1,12
2016-09-06 13:00:00,51.4,23.5,18.5,1023.9,5,3.6,9,6,2,13
2016-09-06 14:00:00,49.4,23.3,17.9,1023.7,5,3.6,9,6,3,14
2016-09-06 15:00:00,45.6,23.1,18.0,1023.5,5,3.1,9,6,4,15
2016-09-06 16:00:00,42.5,22.0,18.0,1023.2326311084564,5,3.1,9,6,5,16
2016-09-06 17:00:00,40.9,22.6,17.6,1022.9,5,2.6,9,6,6,17
2016-09-06 18:00:00,41.8,22.4,17.4,1022.6,5,3.1,9,6,7,18
2016-09-06 19:00:00,43.7,22.2,17.4,1022.7,5,2.1,9,6,1,19
2016-09-06 20:00:00,41.9,21.9,17.5,1023.0,5,2.6,9,6,2,20
2016-09-06 21:00:00,40.7,20.7,17.1,1023.1,4,4.1,9,6,3,21
2016-09-06 22:00:00,41.4,19.7,16.5,1022.8,4,3.6,9,6,4,22
2016-09-06 23:00:00,41.2,18.6,15.9,1022.6,4,3.1,9,6,5,23
2016-09-07 00:00:00,39.4,18.5,16.0,1022.2,4,2.1,9,7,6,0
2016-09-07 01:00:00,37.4,18.6,16.1,1021.8,3,0.5,9,7,7,1
2016-09-07 02:00:00,34.5,18.7,16.1,1021.7,0,0.5,9,7,1,2
2016-09-07 03:00:00,33.7,18.7,16.3,1021.3,2,0.5,9,7,2,3
2016-09-07 04:00:00,33.6,18.8,16.2,1020.7,7,0.5,9,7,3,4
2016-09-07 05:00:00,34.5,18.9,16.4,1020.6,1,1.0,9,7,4,5
2016-09-07 06:00:00,35.9,19.0,16.4,1020.6,1,1.0,9,7,5,6
2016-09-07 07:00:00,39.6,19.1,16.5,1020.6,1,1.5,9,7,6,7
2016-09-07 08:00:00,51.7,19.3,16.9,1020.1,2,2.1,9,7,7,8
2016-09-07 09:00:00,50.9,20.1,17.5,1019.7,3,3.1,9,7,1,9
2016-09-07 10:00:00,49.1,20.9,18.1,1019.4,3,2.6,9,7,2,10
2016-09-07 11:00:00,52.3,22.2,18.3,1018.7,3,2.1,9,7,3,11
2016-09-07 12:00:00,48.4,26.3,18.2,1017.9,4,2.6,9,7,4,12
2016-09-07 13:00:00,46.8,26.3,17.6,1017.3,5,2.6,9,7,5,13
2016-09-07 14:00:00,44.4,27.3,17.4,1016.6,5,2.6,9,7,6,14
2016-09-07 15:00:00,41.9,27.8,15.1,1015.7,4,3.1,9,7,7,15
2016-09-07 16:00:00,40.9,27.4,14.3,1015.0,3,3.6,9,7,1,16
2016-09-07 17:00:00,45.6,26.9,13.1,1014.2,3,4.1,9,7,2,17
2016-09-07 18:00:00,45.1,25.6,13.5,1013.8,4,4.6,9,7,3,18
2016-09-07 19:00:00,42.4,23.8,13.0,1013.5,3,3.6,9,7,4,19
2016-09-07 20:00:00,42.4,23.7,12.9,1013.6,3,4.1,9,7,5,20
2016-09-07 21:00:00,43.8,22.2,13.7,1013.0,3,3.6,9,7,6,21
2016-09-07 22:00:00,41.5,20.7,13.7,1012.7,3,3.6,9,7,7,22
2016-09-07 23:00:00,41.7,18.7,13.7,1012.2,2,3.6,9,7,1,23
2016-09-08 00:00:00,37.9,17.6,13.1,1011.3,2,3.1,9,8,2,0
2016-09-08 01:00:00,35.6,16.7,13.1,1010.5,2,2.6,9,8,3,1
2016-09-08 02:00:00,34.2,16.4,12.9,1009.6,2,1.5,9,8,4,2
2016-09-08 03:00:00,32.1,15.9,13.1,1009.0,1,1.0,9,8,5,3
2016-09-08 04:00:00,32.7,15.1,12.6,1008.5,2,2.1,9,8,6,4
2016-09-08 05:00:00,32.4,15.8,13.3,1007.8,3,2.1,9,8,7,5
2016-09-08 06:00:00,33.4,17.1,14.0,1007.7,3,3.1,9,8,1,6
2016-09-08 07:00:00,38.2,18.4,14.8,1008.2,5,1.5,9,8,2,7
2016-09-08 08:00:00,49.6,18.6,14.7,1009.8,6,6.2,9,8,3,8
2016-09-08 09:00:00,49.7,20.3,14.8,1009.9,6,5.7,9,8,4,9
2016-09-08 10:00:00,49.1,21.9,12.8,1010.4,6,7.2,9,8,5,10
2016-09-08 11:00:00,47.4,21.4,10.5,1010.9,6,7.2,9,8,6,11
2016-09-08 12:00:00,47.7,23.2,10.4,1011.4,6,8.8,9,8,7,12
2016-09-08 13:00:00,44.3,23.3,10.2,1012.0,6,8.2,9,8,1,13
2016-09-08 14:00:00,40.9,22.8,10.4,1012.4,6,7.2,9,8,2,14
2016-09-08 15:00:00,35.7,22.6,10.5,1012.7,6,7.2,9,8,3,15
2016-09-08 16:00:00,34.9,22.7,10.7,1012.8,6,6.2,9,8,4,16
2016-09-08 17:00:00,35.4,21.8,10.3,1013.1,6,6.7,9,8,5,17
2016-09-08 18:00:00,39.7,20.8,9.4,1013.6,6,6.7,9,8,6,18
2016-09-08 19:00:00,40.5,19.4,9.9,1014.1,6,4.1,9,8,7,19
2016-09-08 20:00:00,40.7,18.4,11.6,1015.2,5,5.1,9,8,1,20
2016-09-08 21:00:00,42.6,17.2,11.8,1015.4,5,5.1,9,8,2,21
2016-09-08 22:00:00,37.4,16.5,11.9,1015.5,5,4.1,9,8,3,22
2016-09-08 23:00:00,38.1,15.6,12.1,1015.9,4,2.6,9,8,4,23
2016-09-09 00:00:00,34.7,15.6,13.0,1015.8,4,3.6,9,9,5,0
2016-09-09 01:00:00,32.1,15.8,13.2,1015.5,4,3.6,9,9,6,1
2016-09-09 02:00:00,32.9,16.3,13.6,1015.3,4,3.6,9,9,7,2
2016-09-09 03:00:00,29.7,17.0,13.7,1015.2,4,4.6,9,9,1,3
2016-09-09 04:00:00,29.5,17.0,14.1,1015.2,5,5.7,9,9,2,4
2016-09-09 05:00:00,31.1,16.7,14.7,1015.2,4,4.6,9,9,3,5
2016-09-09 06:00:00,33.5,17.3,15.2,1015.4,4,4.1,9,9,4,6
2016-09-09 07:00:00,43.9,17.7,15.2,1015.4,4,4.6,9,9,5,7
2016-09-09 08:00:00,51.0,19.3,16.6,1015.6,5,4.1,9,9,6,8
2016-09-09 09:00:00,50.6,19.8,15.0,1015.8,5,5.1,9,9,7,9
2016-09-09 10:00:00,46.9,23.0,15.3,1015.4,4,5.7,9,9,1,10
2016-09-09 11:00:00,52.1,22.8,14.3,1014.7,4,7.7,9,9,2,11
2016-09-09 12:00:00,50.2,23.2,14.6,1014.9,5,6.7,9,9,3,12
2016-09-09 13:00:00,47.0,22.4,14.7,1014.8,5,8.2,9,9,4,13
2016-09-09 14:00:00,40.1,21.3,14.8,1014.6,4,7.7,9,9,5,14
2016-09-09 15:00:00,37.7,22.5,16.0,1014.2,4,7.7,9,9,6,15
2016-09-09 16:00:00,36.5,21.4,15.2,1014.2,5,8.8,9,9,7,16
2016-09-09 17:00:00,33.3,21.2,15.4,1013.9,5,7.7,9,9,1,17
2016-09-09 18:00:00,36.1,20.4,14.9,1013.8,5,6.7,9,9,2,18
2016-09-09 19:00:00,37.3,20.0,14.8,1014.2,5,5.1,9,9,3,19
2016-09-09 20:00:00,37.1,19.9,15.3,1014.1,4,4.6,9,9,4,20
2016-09-09 21:00:00,39.9,19.5,15.4,1014.1,4,4.6,9,9,5,21
2016-09-09 22:00:00,38.5,18.9,15.5,1013.9,4,4.1,9,9,6,22
2016-09-09 23:00:00,38.7,18.2,15.6,1014.1,4,3.1,9,9,7,23
2016-09-10 00:00:00,35.2,18.1,15.3,1014.0,4,3.6,9,10,1,0
2016-09-10 01:00:00,32.5,18.0,15.4,1013.6,4,4.1,9,10,2,1
2016-09-10 02:00:00,32.0,18.4,15.5,1013.4,4,4.6,9,10,3,2
2016-09-10 03:00:00,32.0,18.6,15.3,1012.8,4,4.6,9,10,4,3
2016-09-10 04:00:00,30.2,18.6,15.3,1012.7,4,3.1,9,10,5,4
2016-09-10 05:00:00,31.0,19.0,15.0,1012.62383024931,4,3.6,9,10,6,5
2016-09-10 06:00:00,31.5,18.9,15.7,1012.6,4,4.1,9,10,7,6
2016-09-10 07:00:00,33.6,18.3,16.2,1012.7,4,4.1,9,10,1,7
2016-09-10 08:00:00,39.0,18.4,16.6,1012.6,4,3.6,9,10,2,8
2016-09-10 09:00:00,43.2,18.1,16.6,1012.7,4,4.6,9,10,3,9
2016-09-10 10:00:00,43.3,19.1,16.9,1012.7,4,6.7,9,10,4,10
2016-09-10 11:00:00,47.8,19.1,17.1,1012.4,4,5.7,9,10,5,11
2016-09-10 12:00:00,46.6,18.8,17.6,1012.0,4,5.7,9,10,6,12
2016-09-10 13:00:00,44.0,18.6,17.6,1011.7,4,5.1,9,10,7,13
2016-09-10 14:00:00,45.9,18.5,17.7,1011.5,4,5.7,9,10,1,14
2016-09-10 15:00:00,43.9,18.4,17.8,1011.4,4,4.6,9,10,2,15
2016-09-10 16:00:00,38.8,18.7,17.6,1011.1,5,6.2,9,10,3,16
2016-09-10 17:00:00,38.5,18.5,17.4,1011.4,5,6.2,9,10,4,17
2016-09-10 18:00:00,37.0,17.6,16.4,1011.8,6,4.1,9,10,5,18
2016-09-10 19:00:00,35.4,17.6,16.5,1012.7,5,3.1,9,10,6,19
2016-09-10 20:00:00,38.4,17.5,16.3,1013.6,6,3.6,9,10,7,20
2016-09-10 21:00:00,37.3,16.6,12.3,1014.1,6,4.6,9,10,1,21
2016-09-10 22:00:00,40.3,15.2,11.7,1014.8,6,3.6,9,10,2,22
2016-09-10 23:00:00,37.2,13.5,11.2,1015.5,6,3.6,9,10,3,23
2016-09-11 00:00:00,33.0,12.0,10.3,1015.7,6,2.1,9,11,4,0
2016-09-11 01:00:00,32.8,11.8,10.8,1016.3,6,2.6,9,11,5,1
2016-09-11 02:00:00,31.6,10.6,10.0,1016.7,6,1.5,9,11,6,2
2016-09-11 03:00:00,30.7,9.9,9.2,1017.1,6,2.1,9,11,7,3
2016-09-11 04:00:00,29.8,10.2,9.9,1017.4,6,2.1,9,11,1,4
2016-09-11 05:00:00,30.6,10.0,9.5,1017.7,6,1.5,9,11,2,5
2016-09-11 06:00:00,30.3,9.2,8.9,1018.0,3,1.0,9,11,3,6
2016-09-11 07:00:00,30.1,11.2,10.8,1018.3,6,1.0,9,11,4,7
2016-09-11 08:00:00,31.8,12.9,11.3,1018.8,6,1.5,9,11,5,8
2016-09-11 09:00:00,32.7,15.7,10.9,1018.9,0,1.0,9,11,6,9
2016-09-11 10:00:00,31.3,17.5,8.1,1018.8,4,2.1,9,11,7,10
2016-09-11 11:00:00,31.2,19.0,9.4,1018.5,5,2.6,9,11,1,11
2016-09-11 12:00:00,30.9,19.6,8.6,1017.7,4,2.6,9,11,2,12
2016-09-11 13:00:00,30.3,20.7,8.6,1017.3,4,3.6,9,11,3,13
2016-09-11 14:00:00,34.1,21.2,7.4,1016.7,4,3.1,9,11,4,14
2016-09-11 15:00:00,36.6,21.5,7.5,1016.1,5,3.6,9,11,5,15
2016-09-11 16:00:00,34.5,20.9,7.3,1015.7,4,4.1,9,11,6,16
2016-09-11 17:00:00,35.0,19.8,7.0,1015.5,4,4.6,9,11,7,17
2016-09-11 18:00:00,35.5,18.3,8.1,1015.4,5,5.1,9,11,1,18
2016-09-11 19:00:00,36.4,16.8,9.0,1015.5,4,4.1,9,11,2,19
2016-09-11 20:00:00,37.8,15.9,9.6,1015.6,4,3.1,9,11,3,20
2016-09-11 21:00:00,37.1,15.4,9.9,1015.5,4,3.6,9,11,4,21
2016-09-11 22:00:00,37.3,14.5,10.4,1015.3,4,2.6,9,11,5,22
2016-09-11 23:00:00,36.2,12.1,9.4,1015.2,3,2.6,9,11,6,23
2016-09-12 00:00:00,35.3,12.6,10.8,1014.8,3,2.6,9,12,7,0
2016-09-12 01:00:00,32.0,11.7,9.9,1014.4,3,2.6,9,12,1,1
2016-09-12 02:00:00,30.7,10.8,10.0,1013.8,3,2.1,9,12,2,2
2016-09-12 03:00:00,29.2,11.4,10.9,1013.6,3,2.1,9,12,3,3
2016-09-12 04:00:00,30.1,12.2,11.9,1013.4,3,2.6,9,12,4,4
2016-09-12 05:00:00,29.2,12.1,11.0,1012.9,3,2.1,9,12,5,5
2016-09-12 06:00:00,30.1,14.5,12.9,1013.1,3,3.6,9,12,6,6
2016-09-12 07:00:00,32.2,15.4,13.6,1013.3,3,2.6,9,12,7,7
2016-09-12 08:00:00,34.9,17.5,14.6,1013.6,4,2.6,9,12,1,8
2016-09-12 09:00:00,42.7,19.5,15.1,1013.8,4,2.6,9,12,2,9
2016-09-12 10:00:00,45.9,19.9,14.8,1013.8,4,4.1,9,12,3,10
2016-09-12 11:00:00,44.5,20.8,16.0,1013.7,4,4.6,9,12,4,11
2016-09-12 12:00:00,45.4,23.4,16.2,1013.4,4,4.6,9,12,5,12
2016-09-12 13:00:00,47.2,24.8,16.0,1013.3,4,5.1,9,12,6,13
2016-09-12 14:00:00,42.3,24.1,15.6,1012.9,4,4.6,9,12,7,14
2016-09-12 15:00:00,38.9,24.4,15.6,1012.7,4,3.6,9,12,1,15
2016-09-12 16:00:00,37.5,24.1,15.4,1012.9,4,5.1,9,12,2,16
2016-09-12 17:00:00,37.1,23.3,15.5,1012.6,4,3.6,9,12,3,17
2016-09-12 18:00:00,42.8,22.5,15.5,1012.5,3,4.1,9,12,4,18
2016-09-12 19:00:00,40.8,21.6,15.5,1012.2,3,4.1,9,12,5,19
2016-09-12 20:00:00,41.1,21.4,15.6,1011.9,2,3.6,9,12,6,20
2016-09-12 21:00:00,41.9,20.7,15.6,1012.0,2,2.6,9,12,7,21
2016-09-12 22:00:00,41.9,19.6,15.2,1012.2,2,2.6,9,12,1,22
2016-09-12 23:00:00,41.3,19.1,15.3,1011.7,2,3.6,9,12,2,23
2016-09-13 00:00:00,36.0,19.6,15.7,1011.3,2,2.1,9,13,3,0
2016-09-13 01:00:00,33.2,18.9,15.2,1011.0,2,2.1,9,13,4,1
2016-09-13 02:00:00,31.5,18.3,15.3,1010.7,1,1.5,9,13,5,2
2016-09-13 03:00:00,30.6,17.6,15.0,1010.5,1,1.5,9,13,6,3
2016-09-13 04:00:00,30.4,16.0,14.6,1010.3,1,1.0,9,13,7,4
2016-09-13 05:00:00,32.2,16.7,15.2,1010.2,1,1.0,9,13,1,5
2016-09-13 06:00:00,32.6,16.8,15.4,1010.2,1,1.5,9,13,2,6
2016-09-13 07:00:00,33.8,18.0,16.1,1010.0,1,1.0,9,13,3,7
2016-09-13 08:00:00,44.7,21.9,17.4,1009.9,1,2.1,9,13,4,8
2016-09-13 09:00:00,47.7,25.4,16.6,1009.8,2,2.1,9,13,5,9
2016-09-13 10:00:00,48.1,27.4,16.2,1009.0,2,4.6,9,13,6,10
2016-09-13 11:00:00,44.5,30.2,16.5,1008.8,2,4.1,9,13,7,11
2016-09-13 12:00:00,41.2,32.1,15.7,1009.3,4,6.2,9,13,1,12
2016-09-13 13:00:00,39.7,29.9,16.4,1009.1,5,2.6,9,13,2,13
2016-09-13 14:00:00,41.1,30.7,16.9,1008.3,0,1.5,9,13,3,14
2016-09-13 15:00:00,40.2,31.8,16.6,1007.7,2,3.6,9,13,4,15
2016-09-13 16:00:00,38.8,31.7,14.4,1007.9,3,5.7,9,13,5,16
2016-09-13 17:00:00,40.0,29.6,14.5,1008.1,3,4.1,9,13,6,17
2016-09-13 18:00:00,43.0,28.3,15.4,1008.2,4,2.1,9,13,7,18
2016-09-13 19:00:00,42.6,25.3,15.6,1008.6,3,2.1,9,13,1,19
2016-09-13 20:00:00,39.0,25.7,16.5,1008.5,1,2.1,9,13,2,20
2016-09-13 21:00:00,37.2,24.1,16.4,1008.7,1,1.5,9,13,3,21
2016-09-13 22:00:00,39.5,23.7,16.8,1009.0,1,2.6,9,13,4,22
2016-09-13 23:00:00,38.4,22.4,16.7,1009.1,1,2.1,9,13,5,23
2016-09-14 00:00:00,35.9,21.9,16.8,1008.8,1,3.1,9,14,6,0
2016-09-14 01:00:00,33.7,21.5,16.7,1008.7,1,3.1,9,14,7,1
2016-09-14 02:00:00,32.7,20.9,16.7,1008.4,1,3.1,9,14,1,2
2016-09-14 03:00:00,31.9,20.5,16.6,1008.3,1,1.5,9,14,2,3
2016-09-14 04:00:00,31.4,20.5,16.7,1008.1,1,2.1,9,14,3,4
2016-09-14 05:00:00,31.2,20.2,16.7,1008.0,1,2.6,9,14,4,5
2016-09-14 06:00:00,33.1,20.1,16.6,1008.0,1,1.5,9,14,5,6
2016-09-14 07:00:00,37.9,21.7,17.3,1008.4,1,2.6,9,14,6,7
2016-09-14 08:00:00,46.8,23.3,16.8,1008.7,2,3.6,9,14,7,8
2016-09-14 09:00:00,47.7,25.3,16.7,1009.7,3,3.6,9,14,1,9
2016-09-14 10:00:00,41.8,26.4,16.1,1009.8,2,2.6,9,14,2,10
2016-09-14 11:00:00,43.0,27.4,16.4,1010.3,3,4.6,9,14,3,11
2016-09-14 12:00:00,43.1,25.6,17.6,1011.0,4,6.7,9,14,4,12
2016-09-14 13:00:00,40.7,26.1,17.7,1011.2,4,4.1,9,14,5,13
2016-09-14 14:00:00,41.8,26.6,16.6,1011.2,5,4.1,9,14,6,14
2016-09-14 15:00:00,38.8,27.0,15.7,1011.0,4,3.1,9,14,7,15
2016-09-14 16:00:00,38.0,25.5,14.8,1011.2,4,4.6,9,14,1,16
2016-09-14 17:00:00,36.1,25.3,14.0,1011.4,4,3.6,9,14,2,17
2016-09-14 18:00:00,35.5,23.4,14.7,1011.9,4,4.6,9,14,3,18
2016-09-14 19:00:00,36.8,21.8,12.9,1012.5,4,4.1,9,14,4,19
2016-09-14 20:00:00,36.5,21.2,13.8,1012.7,4,2.1,9,14,5,20
2016-09-14 21:00:00,37.7,19.8,13.5,1012.7,4,1.5,9,14,6,21
2016-09-14 22:00:00,38.5,19.3,14.2,1012.6,0,1.0,9,14,7,22
2016-09-14 23:00:00,37.8,18.2,14.1,1012.3,7,1.5,9,14,1,23
2016-09-15 00:00:00,34.6,17.4,14.8,1012.0,0,0.5,9,15,2,0
2016-09-15 01:00:00,35.0,16.9,14.8,1011.8,0,1.0,9,15,3,1
2016-09-15 02:00:00,30.3,16.3,14.5,1011.4,0,1.5,9,15,4,2
2016-09-15 03:00:00,29.9,16.5,14.8,1010.9,7,1.0,9,15,5,3
2016-09-15 04:00:00,29.1,15.8,14.3,1010.5,7,1.0,9,15,6,4
2016-09-15 05:00:00,29.4,16.4,15.3,1010.4,0,1.5,9,15,7,5
2016-09-15 06:00:00,30.4,17.9,16.2,1010.3,0,1.5,9,15,1,6
2016-09-15 07:00:00,30.1,18.4,16.3,1010.5,7,1.5,9,15,2,7
2016-09-15 08:00:00,39.9,19.5,16.9,1010.2,7,2.1,9,15,3,8
2016-09-15 09:00:00,44.4,22.1,17.3,1009.8,0,2.6,9,15,4,9
2016-09-15 10:00:00,44.7,24.9,17.3,1009.4,1,3.1,9,15,5,10
2016-09-15 11:00:00,42.7,25.4,16.6,1009.2,1,3.1,9,15,6,11
2016-09-15 12:00:00,39.7,26.7,17.0,1008.9,1,3.1,9,15,7,12
2016-09-15 13:00:00,40.4,28.0,17.1,1008.5,1,3.1,9,15,1,13
2016-09-15 14:00:00,39.4,28.3,16.4,1008.3,4,2.1,9,15,2,14
2016-09-15 15:00:00,37.1,28.5,17.8,1007.9,7,2.6,9,15,3,15
2016-09-15 16:00:00,35.9,25.0,15.6,1008.3,0,3.6,9,15,4,16
2016-09-15 17:00:00,36.9,24.5,17.6,1008.5,4,4.6,9,15,5,17
2016-09-15 18:00:00,38.6,22.8,16.8,1009.1,4,5.1,9,15,6,18
2016-09-15 19:00:00,36.6,21.3,16.6,1009.5,4,4.6,9,15,7,19
2016-09-15 20:00:00,38.2,20.7,16.0,1010.0,4,4.1,9,15,1,20
2016-09-15 21:00:00,36.2,19.9,16.3,1009.8,5,3.6,9,15,2,21
2016-09-15 22:00:00,36.9,19.4,16.7,1009.8,4,4.1,9,15,3,22
2016-09-15 23:00:00,37.5,18.9,16.5,1009.9,4,3.6,9,15,4,23
2016-09-16 00:00:00,34.3,19.3,16.3,1009.7,5,4.1,9,16,5,0
2016-09-16 01:00:00,31.7,18.3,16.6,1009.7,4,3.6,9,16,6,1
2016-09-16 02:00:00,32.7,18.3,16.5,1009.5,5,4.1,9,16,7,2
2016-09-16 03:00:00,31.0,17.5,16.8,1009.5,5,3.6,9,16,1,3
2016-09-16 04:00:00,29.4,17.3,16.6,1010.0,6,3.1,9,16,2,4
2016-09-16 05:00:00,29.6,16.9,16.4,1009.4,6,5.1,9,16,3,5
2016-09-16 06:00:00,29.5,16.7,16.0,1009.9,7,2.6,9,16,4,6
2016-09-16 07:00:00,33.0,16.5,15.6,1010.7,7,2.1,9,16,5,7
2016-09-16 08:00:00,39.1,16.2,15.5,1010.5,7,3.6,9,16,6,8
2016-09-16 09:00:00,46.4,15.9,14.2,1011.1,7,6.2,9,16,7,9
2016-09-16 10:00:00,48.0,15.3,14.1,1011.8,7,2.6,9,16,1,10
2016-09-16 11:00:00,45.4,15.7,13.7,1012.3,7,3.6,9,16,2,11
2016-09-16 12:00:00,47.0,15.6,13.8,1012.7,7,3.6,9,16,3,12
2016-09-16 13:00:00,41.8,14.7,13.5,1013.1,7,4.6,9,16,4,13
2016-09-16 14:00:00,39.4,16.0,13.4,1013.3,7,3.1,9,16,5,14
2016-09-16 15:00:00,35.0,17.2,13.8,1013.3,7,2.1,9,16,6,15
2016-09-16 16:00:00,35.1,17.6,9.8,1013.5,7,4.6,9,16,7,16
2016-09-16 17:00:00,36.8,17.4,9.7,1014.2,7,4.6,9,16,1,17
2016-09-16 18:00:00,35.5,16.3,9.2,1014.9,7,4.6,9,16,2,18
2016-09-16 19:00:00,36.2,15.7,9.4,1015.7,7,4.6,9,16,3,19
2016-09-16 20:00:00,38.4,15.3,9.4,1016.6,7,4.6,9,16,4,20
2016-09-16 21:00:00,38.4,14.6,9.5,1017.2,7,4.1,9,16,5,21
2016-09-16 22:00:00,41.8,14.0,9.5,1017.5,7,4.1,9,16,6,22
2016-09-16 23:00:00,37.3,13.4,9.8,1017.9,7,4.1,9,16,7,23
2016-09-17 00:00:00,33.9,13.5,10.1,1017.9,7,4.6,9,17,1,0
2016-09-17 01:00:00,34.1,12.9,10.1,1018.4,7,5.1,9,17,2,1
2016-09-17 02:00:00,32.7,13.1,10.2,1018.7,7,4.6,9,17,3,2
2016-09-17 03:00:00,29.9,13.0,10.1,1018.6,7,4.6,9,17,4,3
2016-09-17 04:00:00,29.6,13.1,10.2,1018.7,7,4.6,9,17,5,4
2016-09-17 05:00:00,30.2,13.2,10.1,1018.5,7,4.6,9,17,6,5
2016-09-17 06:00:00,32.8,13.5,10.0,1019.1,7,3.6,9,17,7,6
2016-09-17 07:00:00,35.9,13.7,10.0,1019.6,7,4.1,9,17,1,7
2016-09-17 08:00:00,38.3,13.0,10.7,1019.7,7,4.6,9,17,2,8
2016-09-17 09:00:00,41.9,13.4,10.8,1020.1,7,4.1,9,17,3,9
2016-09-17 10:00:00,41.5,13.9,10.6,1020.0,7,5.1,9,17,4,10
2016-09-17 11:00:00,42.0,14.6,11.0,1020.3,0,4.1,9,17,5,11
2016-09-17 12:00:00,39.8,14.7,11.2,1020.8,0,4.6,9,17,6,12
2016-09-17 13:00:00,41.9,15.1,11.7,1020.8,0,5.1,9,17,7,13
2016-09-17 14:00:00,40.1,15.2,11.7,1020.9,0,4.6,9,17,1,14
2016-09-17 15:00:00,38.6,15.6,12.0,1020.9,0,4.6,9,17,2,15
2016-09-17 16:00:00,38.5,15.8,12.0,1021.2,0,3.6,9,17,3,16
2016-09-17 17:00:00,40.7,15.6,11.9,1021.2,0,3.6,9,17,4,17
2016-09-17 18:00:00,40.3,15.5,12.1,1021.4,0,3.6,9,17,5,18
2016-09-17 19:00:00,41.4,15.4,12.4,1021.7,0,4.1,9,17,6,19
2016-09-17 20:00:00,40.4,15.2,12.9,1022.2,0,3.1,9,17,7,20
2016-09-17 21:00:00,39.2,15.2,13.0,1022.2,0,3.1,9,17,1,21
2016-09-17 22:00:00,34.7,14.9,13.1,1022.0,0,3.1,9,17,2,22
2016-09-17 23:00:00,34.4,15.0,13.1,1022.1,0,2.1,9,17,3,23
2016-09-18 00:00:00,34.3,14.9,13.1,1022.1,0,2.6,9,18,4,0
2016-09-18 01:00:00,32.0,14.7,13.2,1022.5,0,2.6,9,18,5,1
2016-09-18 02:00:00,31.1,14.2,13.1,1022.5,0,2.6,9,18,6,2
2016-09-18 03:00:00,30.5,14.4,13.0,1022.3,7,1.5,9,18,7,3
2016-09-18 04:00:00,30.4,14.4,13.1,1022.0,0,0.0,9,18,1,4
2016-09-18 05:00:00,30.5,14.3,13.2,1021.9,7,2.1,9,18,2,5
2016-09-18 06:00:00,31.7,14.3,13.2,1021.7,7,1.5,9,18,3,6
2016-09-18 07:00:00,33.8,14.4,13.1,1021.8,7,1.5,9,18,4,7
2016-09-18 08:00:00,36.6,15.1,13.2,1021.7,7,1.5,9,18,5,8
2016-09-18 09:00:00,36.9,16.3,13.3,1021.7,7,1.5,9,18,6,9
2016-09-18 10:00:00,39.7,17.8,13.7,1021.7,7,2.1,9,18,7,10
2016-09-18 11:00:00,41.5,18.2,12.6,1021.5,7,2.1,9,18,1,11
2016-09-18 12:00:00,38.1,19.2,11.8,1021.2,0,2.6,9,18,2,12
2016-09-18 13:00:00,37.4,18.8,12.2,1021.1,7,2.1,9,18,3,13
2016-09-18 14:00:00,40.8,18.8,12.5,1020.7,7,1.0,9,18,4,14
2016-09-18 15:00:00,37.5,19.5,12.1,1020.4,7,2.1,9,18,5,15
2016-09-18 16:00:00,39.3,19.1,12.3,1020.5,0,1.5,9,18,6,16
2016-09-18 17:00:00,37.9,19.0,12.3,1020.5,6,2.6,9,18,7,17
2016-09-18 18:00:00,41.4,18.3,12.7,1020.7,6,2.6,9,18,1,18
2016-09-18 19:00:00,40.5,18.4,12.5,1020.7,6,3.1,9,18,2,19
2016-09-18 20:00:00,37.7,18.0,12.6,1021.2,7,2.6,9,18,3,20
2016-09-18 21:00:00,37.4,17.4,12.7,1021.1,7,1.5,9,18,4,21
2016-09-18 22:00:00,35.7,17.2,12.2,1021.1,7,2.6,9,18,5,22
2016-09-18 23:00:00,38.4,16.4,11.5,1021.3,7,3.1,9,18,6,23
2016-09-19 00:00:00,32.6,15.4,11.7,1021.3,7,1.5,9,19,7,0
2016-09-19 01:00:00,29.4,14.6,11.7,1021.4,7,1.0,9,19,1,1
2016-09-19 02:00:00,28.5,14.2,11.9,1021.4,6,1.5,9,19,2,2
2016-09-19 03:00:00,29.0,13.2,11.4,1021.3,6,1.0,9,19,3,3
2016-09-19 04:00:00,28.7,13.3,11.7,1021.4,6,1.5,9,19,4,4
2016-09-19 05:00:00,29.3,13.7,11.8,1021.5,7,0.5,9,19,5,5
2016-09-19 06:00:00,30.4,13.8,11.9,1021.4,6,1.0,9,19,6,6
2016-09-19 07:00:00,31.8,14.2,12.2,1021.7,6,1.0,9,19,7,7
2016-09-19 08:00:00,36.1,14.8,12.3,1021.9,7,1.5,9,19,1,8
2016-09-19 09:00:00,43.5,15.9,12.5,1022.3,6,2.1,9,19,2,9
2016-09-19 10:00:00,41.4,18.2,12.7,1022.3,7,1.0,9,19,3,10
2016-09-19 11:00:00,44.6,18.9,12.6,1022.2,7,1.5,9,19,4,11
2016-09-19 12:00:00,48.8,19.3,12.3,1022.0,6,1.5,9,19,5,12
2016-09-19 13:00:00,44.0,19.1,13.1,1021.8,6,2.6,9,19,6,13
2016-09-19 14:00:00,38.6,17.9,13.8,1021.8,7,3.1,9,19,7,14
2016-09-19 15:00:00,37.4,17.1,15.0,1021.8,7,2.1,9,19,1,15
2016-09-19 16:00:00,38.9,16.5,14.8,1021.6,6,2.6,9,19,2,16
2016-09-19 17:00:00,41.2,16.3,15.0,1021.5,6,2.6,9,19,3,17
2016-09-19 18:00:00,41.2,15.8,14.4,1021.6,7,2.1,9,19,4,18
2016-09-19 19:00:00,41.2,15.6,14.8,1021.7,7,1.0,9,19,5,19
2016-09-19 20:00:00,40.6,15.5,14.6,1021.8,6,1.5,9,19,6,20
2016-09-19 21:00:00,38.4,15.0,13.9,1021.8,6,1.0,9,19,7,21
2016-09-19 22:00:00,38.4,14.6,13.6,1021.6,7,1.0,9,19,1,22
2016-09-19 23:00:00,34.6,14.6,14.0,1021.4,6,1.0,9,19,2,23
2016-09-20 00:00:00,33.1,14.5,14.1,1021.2,7,1.0,9,20,3,0
2016-09-20 01:00:00,31.0,14.3,13.9,1021.0,7,0.5,9,20,4,1
2016-09-20 02:00:00,30.2,14.6,14.2,1020.6,1,1.5,9,20,5,2
2016-09-20 03:00:00,29.1,14.7,14.2,1020.5,0,1.5,9,20,6,3
2016-09-20 04:00:00,28.7,14.6,14.1,1020.3,0,1.5,9,20,7,4
2016-09-20 05:00:00,29.6,14.6,14.1,1020.3,0,2.1,9,20,1,5
2016-09-20 06:00:00,30.1,14.8,14.0,1020.4,0,1.5,9,20,2,6
2016-09-20 07:00:00,33.3,14.9,13.9,1020.7,0,2.1,9,20,3,7
2016-09-20 08:00:00,42.3,14.7,13.7,1020.5,0,2.6,9,20,4,8
2016-09-20 09:00:00,49.1,14.9,13.4,1020.9,0,2.6,9,20,5,9
2016-09-20 10:00:00,48.6,15.3,13.2,1020.9,1,2.6,9,20,6,10
2016-09-20 11:00:00,46.9,16.2,13.4,1020.8,1,1.5,9,20,7,11
2016-09-20 12:00:00,46.4,17.1,13.1,1020.5,1,2.1,9,20,1,12
2016-09-20 13:00:00,43.9,17.3,12.2,1020.2,0,2.6,9,20,2,13
2016-09-20 14:00:00,42.9,18.6,12.0,1019.8,0,1.5,9,20,3,14
2016-09-20 15:00:00,43.0,18.3,11.5,1019.5,0,1.5,9,20,4,15
2016-09-20 16:00:00,41.9,18.1,11.6,1019.3,0,2.1,9,20,5,16
2016-09-20 17:00:00,43.7,17.8,11.5,1019.3,0,1.5,9,20,6,17
2016-09-20 18:00:00,43.1,17.6,11.4,1019.3,0,2.1,9,20,7,18
2016-09-20 19:00:00,42.6,17.0,11.7,1019.7,0,1.5,9,20,1,19
2016-09-20 20:00:00,41.9,16.6,12.0,1019.9,0,1.5,9,20,2,20
2016-09-20 21:00:00,44.2,16.4,12.3,1019.9,0,1.5,9,20,3,21
2016-09-20 22:00:00,40.3,16.3,12.0,1019.6,1,1.5,9,20,4,22
2016-09-20 23:00:00,36.2,16.1,12.1,1019.4,1,1.5,9,20,5,23
2016-09-21 00:00:00,35.7,15.6,11.9,1019.3,1,1.5,9,21,6,0
2016-09-21 01:00:00,32.1,15.5,12.0,1019.1,2,1.0,9,21,7,1
2016-09-21 02:00:00,31.7,15.4,12.1,1018.8,2,1.0,9,21,1,2
2016-09-21 03:00:00,32.9,15.3,12.4,1018.8,0,0.0,9,21,2,3
2016-09-21 04:00:00,30.6,14.9,12.6,1018.5,2,1.0,9,21,3,4
2016-09-21 05:00:00,30.4,15.5,13.1,1018.3,1,1.0,9,21,4,5
2016-09-21 06:00:00,32.6,15.4,13.1,1018.4,0,0.5,9,21,5,6
2016-09-21 07:00:00,38.3,15.3,13.5,1018.4,2,2.1,9,21,6,7
2016-09-21 08:00:00,42.6,16.0,13.9,1018.4,2,3.1,9,21,7,8
2016-09-21 09:00:00,49.5,18.7,13.7,1018.5,3,2.1,9,21,1,9
2016-09-21 10:00:00,46.6,19.8,13.5,1018.4,3,3.6,9,21,2,10
2016-09-21 11:00:00,45.7,21.0,13.6,1017.9,4,3.6,9,21,3,11
2016-09-21 12:00:00,41.7,20.6,13.1,1017.7,4,3.6,9,21,4,12
2016-09-21 13:00:00,43.0,21.0,12.4,1017.3,4,4.6,9,21,5,13
2016-09-21 14:00:00,44.7,21.5,12.1,1017.1,4,5.1,9,21,6,14
2016-09-21 15:00:00,45.3,21.6,12.1,1016.9,4,6.2,9,21,7,15
2016-09-21 16:00:00,41.5,21.5,12.3,1016.7,4,5.1,9,21,1,16
2016-09-21 17:00:00,46.0,19.6,12.1,1017.0,4,5.7,9,21,2,17
2016-09-21 18:00:00,49.1,18.5,12.7,1017.4,4,4.1,9,21,3,18
2016-09-21 19:00:00,44.8,17.4,13.1,1017.7,4,3.1,9,21,4,19
2016-09-21 20:00:00,43.0,17.0,13.5,1018.1,4,3.1,9,21,5,20
2016-09-21 21:00:00,40.7,16.6,13.7,1018.2,4,3.1,9,21,6,21
2016-09-21 22:00:00,42.7,16.2,13.8,1018.2,4,2.1,9,21,7,22
2016-09-21 23:00:00,40.7,15.2,13.3,1018.2,3,2.1,9,21,1,23
2016-09-22 00:00:00,35.5,15.4,13.9,1018.1,3,1.5,9,22,2,0
2016-09-22 01:00:00,33.0,15.4,14.0,1018.0,3,1.0,9,22,3,1
2016-09-22 02:00:00,31.7,15.7,14.4,1018.0,5,1.5,9,22,4,2
2016-09-22 03:00:00,29.8,15.3,14.2,1017.9,5,2.6,9,22,5,3
2016-09-22 04:00:00,29.3,15.0,13.7,1017.9,5,2.6,9,22,6,4
2016-09-22 05:00:00,29.9,14.4,12.7,1018.0,5,3.6,9,22,7,5
2016-09-22 06:00:00,31.4,14.5,12.1,1018.0,5,3.6,9,22,1,6
2016-09-22 07:00:00,36.7,14.6,12.0,1018.5,5,3.1,9,22,2,7
2016-09-22 08:00:00,46.6,15.4,12.2,1018.8,4,2.6,9,22,3,8
2016-09-22 09:00:00,46.2,17.1,12.2,1019.3,5,4.1,9,22,4,9
2016-09-22 10:00:00,45.7,17.3,12.7,1019.3,5,4.1,9,22,5,10
2016-09-22 11:00:00,46.5,18.3,12.3,1019.3,4,5.1,9,22,6,11
2016-09-22 12:00:00,44.6,17.9,12.9,1019.3,4,4.6,9,22,7,12
2016-09-22 13:00:00,40.2,17.6,13.8,1019.3,5,5.1,9,22,1,13
2016-09-22 14:00:00,36.5,19.4,13.3,1019.0,4,4.6,9,22,2,14
2016-09-22 15:00:00,39.1,19.5,13.0,1018.9,4,5.1,9,22,3,15
2016-09-22 16:00:00,42.4,19.4,13.5,1018.8,4,4.1,9,22,4,16
2016-09-22 17:00:00,43.7,19.3,13.0,1019.1,5,4.6,9,22,5,17
2016-09-22 18:00:00,41.6,18.6,12.7,1019.5,5,4.6,9,22,6,18
2016-09-22 19:00:00,41.3,17.2,12.6,1019.8,5,4.1,9,22,7,19
2016-09-22 20:00:00,41.0,16.1,9.8,1020.6,6,2.6,9,22,1,20
2016-09-22 21:00:00,44.6,15.0,8.4,1020.9,6,2.6,9,22,2,21
2016-09-22 22:00:00,40.6,14.4,8.7,1021.6,6,3.1,9,22,3,22
2016-09-22 23:00:00,40.3,12.9,8.1,1022.0,6,2.6,9,22,4,23
2016-09-23 00:00:00,37.1,13.4,7.7,1022.3,6,2.6,9,23,5,0
2016-09-23 01:00:00,35.4,13.3,7.9,1022.7,6,3.1,9,23,6,1
2016-09-23 02:00:00,32.6,12.2,7.2,1023.0,6,2.1,9,23,7,2
2016-09-23 03:00:00,31.5,11.4,8.0,1023.0,6,1.0,9,23,1,3
2016-09-23 04:00:00,29.8,10.4,7.7,1023.4,7,1.0,9,23,2,4
2016-09-23 05:00:00,28.8,9.3,7.1,1023.8,6,1.5,9,23,3,5
2016-09-23 06:00:00,30.5,9.8,7.8,1024.2,4,1.5,9,23,4,6
2016-09-23 07:00:00,35.8,10.8,8.3,1025.0,4,1.5,9,23,5,7
2016-09-23 08:00:00,42.7,13.6,8.6,1025.3,6,0.5,9,23,6,8
2016-09-23 09:00:00,48.3,15.1,8.1,1025.8,6,2.6,9,23,7,9
2016-09-23 10:00:00,43.5,17.4,8.6,1025.6,5,2.6,9,23,1,10
2016-09-23 11:00:00,42.9,17.9,6.6,1025.5,4,3.1,9,23,2,11
2016-09-23 12:00:00,42.6,19.2,6.9,1025.2,4,3.6,9,23,3,12
2016-09-23 13:00:00,40.0,19.5,6.7,1025.4,4,4.1,9,23,4,13
2016-09-23 14:00:00,39.7,20.3,6.5,1024.7,5,3.6,9,23,5,14
2016-09-23 15:00:00,41.8,18.3,5.9,1024.4,4,4.1,9,23,6,15
2016-09-23 16:00:00,43.6,18.4,6.2,1024.0,4,5.1,9,23,7,16
2016-09-23 17:00:00,41.8,18.2,7.1,1023.8,5,5.1,9,23,1,17
2016-09-23 18:00:00,44.3,16.4,7.4,1023.8,5,4.6,9,23,2,18
2016-09-23 19:00:00,44.4,15.3,7.9,1023.8,4,3.6,9,23,3,19
2016-09-23 20:00:00,42.7,14.4,8.4,1023.8,4,3.6,9,23,4,20
2016-09-23 21:00:00,43.4,13.3,8.3,1023.6,4,3.6,9,23,5,21
2016-09-23 22:00:00,43.1,12.8,8.6,1023.3,4,3.1,9,23,6,22
2016-09-23 23:00:00,41.2,12.1,8.6,1023.0,4,3.1,9,23,7,23
2016-09-24 00:00:00,39.8,10.0,8.0,1022.3,3,2.1,9,24,1,0
2016-09-24 01:00:00,31.4,11.0,9.0,1021.7606298056517,4,1.5,9,24,2,1
2016-09-24 02:00:00,29.9,12.4,11.7,1021.3,4,1.5,9,24,3,2
2016-09-24 03:00:00,30.5,13.8,11.9,1020.7,4,2.6,9,24,4,3
2016-09-24 04:00:00,29.2,14.0,11.9,1019.9,3,4.1,9,24,5,4
2016-09-24 05:00:00,30.1,14.2,12.1,1019.5,4,4.1,9,24,6,5
2016-09-24 06:00:00,32.6,14.4,12.6,1019.5,4,4.1,9,24,7,6
2016-09-24 07:00:00,35.0,14.7,13.0,1019.6,4,4.1,9,24,1,7
2016-09-24 08:00:00,41.6,16.7,13.6,1019.4,3,3.6,9,24,2,8
2016-09-24 09:00:00,44.3,18.9,12.8,1019.1,4,5.7,9,24,3,9
2016-09-24 10:00:00,47.3,20.7,11.9,1018.6,4,5.7,9,24,4,10
2016-09-24 11:00:00,47.3,22.0,11.3,1017.6,4,7.2,9,24,5,11
2016-09-24 12:00:00,49.9,22.3,9.9,1016.6,4,8.8,9,24,6,12
2016-09-24 13:00:00,49.2,21.7,10.8,1016.0,4,8.2,9,24,7,13
2016-09-24 14:00:00,50.8,21.3,12.0,1015.8,4,7.2,9,24,1,14
2016-09-24 15:00:00,50.8,21.2,12.4,1015.6,4,6.7,9,24,2,15
2016-09-24 16:00:00,51.9,20.8,12.0,1014.7,4,6.2,9,24,3,16
2016-09-24 17:00:00,58.0,20.6,11.5,1014.3,4,4.6,9,24,4,17
2016-09-24 18:00:00,58.6,20.0,11.7,1013.7,3,3.6,9,24,5,18
2016-09-24 19:00:00,58.4,19.4,11.6,1013.4,3,4.6,9,24,6,19
2016-09-24 20:00:00,52.3,19.4,11.4,1012.8,3,4.6,9,24,7,20
2016-09-24 21:00:00,51.3,19.6,11.0,1012.4,4,3.6,9,24,1,21
2016-09-24 22:00:00,50.3,19.4,10.9,1011.7,3,3.6,9,24,2,22
2016-09-24 23:00:00,49.5,18.7,11.0,1010.8,4,4.1,9,24,3,23
2016-09-25 00:00:00,42.9,18.5,11.5,1010.1,4,5.1,9,25,4,0
2016-09-25 01:00:00,37.0,18.0,12.2,1009.6,3,4.6,9,25,5,1
2016-09-25 02:00:00,33.8,17.5,12.9,1009.2,4,4.1,9,25,6,2
2016-09-25 03:00:00,32.4,17.7,13.8,1009.0,4,4.6,9,25,7,3
2016-09-25 04:00:00,30.5,18.3,14.5,1008.7,4,5.1,9,25,1,4
2016-09-25 05:00:00,31.2,15.9,13.9,1009.1,5,4.1,9,25,2,5
2016-09-25 06:00:00,35.4,15.5,14.2,1010.6,5,4.6,9,25,3,6
2016-09-25 07:00:00,38.9,15.4,13.6,1011.8,5,4.6,9,25,4,7
2016-09-25 08:00:00,49.6,15.1,13.0,1012.5,5,5.1,9,25,5,8
2016-09-25 09:00:00,53.1,15.7,12.7,1013.0,5,5.7,9,25,6,9
2016-09-25 10:00:00,53.2,17.3,11.6,1013.8,5,6.7,9,25,7,10
2016-09-25 11:00:00,52.1,18.8,11.5,1014.4,5,7.7,9,25,1,11
2016-09-25 12:00:00,52.0,19.1,9.7,1014.9,6,8.2,9,25,2,12
2016-09-25 13:00:00,49.1,20.0,8.6,1015.6,5,8.8,9,25,3,13
2016-09-25 14:00:00,50.2,19.6,7.9,1016.0,6,7.2,9,25,4,14
2016-09-25 15:00:00,54.6,19.7,7.8,1016.9,6,8.8,9,25,5,15
2016-09-25 16:00:00,50.6,18.2,7.4,1017.6,6,6.7,9,25,6,16
2016-09-25 17:00:00,55.2,17.4,6.4,1018.2,6,6.2,9,25,7,17
2016-09-25 18:00:00,57.3,16.4,8.4,1019.0,5,4.6,9,25,1,18
2016-09-25 19:00:00,61.3,15.2,7.6,1019.7,5,4.6,9,25,2,19
2016-09-25 20:00:00,59.9,14.6,8.3,1020.3,5,3.1,9,25,3,20
2016-09-25 21:00:00,56.9,13.7,8.6,1020.9,5,3.6,9,25,4,21
2016-09-25 22:00:00,52.6,13.0,9.1,1021.1,5,4.1,9,25,5,22
2016-09-25 23:00:00,48.0,11.8,9.2,1021.7,5,2.6,9,25,6,23
2016-09-26 00:00:00,40.9,11.6,9.2,1021.9,4,2.1,9,26,7,0
2016-09-26 01:00:00,37.5,11.2,8.9,1022.3,4,2.1,9,26,1,1
2016-09-26 02:00:00,38.6,11.1,9.2,1022.2,5,2.1,9,26,2,2
2016-09-26 03:00:00,33.2,10.5,9.0,1022.2,4,1.5,9,26,3,3
2016-09-26 04:00:00,30.7,10.0,8.6,1022.1,4,0.5,9,26,4,4
2016-09-26 05:00:00,31.6,11.0,9.3,1021.8,4,1.5,9,26,5,5
2016-09-26 06:00:00,35.6,11.7,10.0,1021.9,4,1.5,9,26,6,6
2016-09-26 07:00:00,51.1,12.9,10.5,1022.0,4,2.6,9,26,7,7
2016-09-26 08:00:00,56.4,13.7,11.0,1022.0,4,2.6,9,26,1,8
2016-09-26 09:00:00,56.9,15.1,11.3,1022.3,4,2.6,9,26,2,9
2016-09-26 10:00:00,50.7,15.8,10.8,1022.3,4,4.1,9,26,3,10
2016-09-26 11:00:00,50.6,16.9,11.2,1022.1,4,3.6,9,26,4,11
2016-09-26 12:00:00,51.1,14.6,11.7,1022.2,5,6.7,9,26,5,12
2016-09-26 13:00:00,45.7,16.4,12.3,1021.7,5,4.1,9,26,6,13
2016-09-26 14:00:00,43.8,18.1,10.8,1021.6,5,6.2,9,26,7,14
2016-09-26 15:00:00,49.3,17.8,11.1,1021.6,4,4.1,9,26,1,15
2016-09-26 16:00:00,56.2,17.3,9.2,1021.8,5,4.6,9,26,2,16
2016-09-26 17:00:00,58.8,16.7,9.0,1021.4,4,5.1,9,26,3,17
2016-09-26 18:00:00,65.1,15.9,10.6,1021.7,4,3.6,9,26,4,18
2016-09-26 19:00:00,59.8,14.9,10.7,1022.0,4,3.6,9,26,5,19
2016-09-26 20:00:00,55.8,14.4,10.6,1022.4,4,3.6,9,26,6,20
2016-09-26 21:00:00,54.7,13.8,10.7,1022.5,3,3.1,9,26,7,21
2016-09-26 22:00:00,51.7,12.2,9.9,1022.7,3,2.1,9,26,1,22
2016-09-26 23:00:00,47.0,10.7,8.5,1022.2,3,2.6,9,26,2,23
2016-09-27 00:00:00,42.7,10.2,8.7,1021.9,3,2.6,9,27,3,0
2016-09-27 01:00:00,38.6,9.4,8.6,1022.0,3,2.1,9,27,4,1
2016-09-27 02:00:00,39.3,10.9,10.2,1022.1,3,1.5,9,27,5,2
2016-09-27 03:00:00,36.9,10.5,9.5,1021.6,3,2.1,9,27,6,3
2016-09-27 04:00:00,32.8,12.0,10.7,1021.5,3,1.5,9,27,7,4
2016-09-27 05:00:00,32.3,13.4,10.8,1021.3,3,3.1,9,27,1,5
2016-09-27 06:00:00,35.2,14.6,11.3,1021.5,4,3.1,9,27,2,6
2016-09-27 07:00:00,43.4,15.7,12.7,1021.7,4,5.1,9,27,3,7
2016-09-27 08:00:00,51.8,16.2,12.9,1021.8,4,5.1,9,27,4,8
2016-09-27 09:00:00,52.8,18.0,13.2,1022.0,4,7.2,9,27,5,9
2016-09-27 10:00:00,54.8,17.2,13.7,1022.2,4,7.2,9,27,6,10
2016-09-27 11:00:00,55.4,17.8,14.1,1022.5,4,6.2,9,27,7,11
2016-09-27 12:00:00,54.1,18.0,14.7,1022.6,4,5.7,9,27,1,12
2016-09-27 13:00:00,49.1,18.7,15.5,1022.3,4,5.7,9,27,2,13
2016-09-27 14:00:00,50.7,19.5,16.3,1021.8,4,5.7,9,27,3,14
2016-09-27 15:00:00,54.0,19.3,15.9,1022.1,5,4.6,9,27,4,15
2016-09-27 16:00:00,55.1,19.1,15.1,1022.5,5,6.2,9,27,5,16
2016-09-27 17:00:00,61.5,18.7,15.3,1022.9,5,4.6,9,27,6,17
2016-09-27 18:00:00,66.7,18.3,15.4,1023.3,5,6.2,9,27,7,18
2016-09-27 19:00:00,59.9,17.5,15.5,1023.6,5,4.1,9,27,1,19
2016-09-27 20:00:00,56.8,16.9,15.4,1024.2,5,4.6,9,27,2,20
2016-09-27 21:00:00,57.3,16.5,15.2,1024.3,5,3.6,9,27,3,21
2016-09-27 22:00:00,56.3,16.1,15.2,1024.3,5,3.6,9,27,4,22
2016-09-27 23:00:00,50.5,15.1,13.8,1024.7,5,3.6,9,27,5,23
2016-09-28 00:00:00,44.8,14.2,13.1,1024.6,5,3.1,9,28,6,0
2016-09-28 01:00:00,40.9,13.5,12.7,1024.9,5,4.1,9,28,7,1
2016-09-28 02:00:00,36.8,12.9,11.9,1024.7,6,5.7,9,28,1,2
2016-09-28 03:00:00,35.6,12.5,11.3,1024.8,5,4.1,9,28,2,3
2016-09-28 04:00:00,34.1,12.6,11.7,1024.8,5,4.1,9,28,3,4
2016-09-28 05:00:00,32.5,12.6,11.5,1024.9,5,4.6,9,28,4,5
2016-09-28 06:00:00,34.5,12.6,11.4,1024.6,5,4.1,9,28,5,6
2016-09-28 07:00:00,44.4,13.1,11.3,1025.1,6,4.6,9,28,6,7
2016-09-28 08:00:00,50.2,15.0,11.7,1025.2,5,5.7,9,28,7,8
2016-09-28 09:00:00,50.2,16.5,12.1,1025.3,6,6.2,9,28,1,9
2016-09-28 10:00:00,47.3,19.0,12.5,1024.9,6,5.7,9,28,2,10
2016-09-28 11:00:00,52.3,19.7,12.6,1024.8,6,5.7,9,28,3,11
2016-09-28 12:00:00,53.3,20.3,13.6,1024.6,5,5.7,9,28,4,12
2016-09-28 13:00:00,51.9,21.3,14.9,1024.1,5,6.2,9,28,5,13
2016-09-28 14:00:00,50.8,22.3,15.1,1023.5,5,7.2,9,28,6,14
2016-09-28 15:00:00,49.6,21.5,14.9,1023.2,5,7.7,9,28,7,15
2016-09-28 16:00:00,51.2,21.4,15.6,1023.0,5,5.7,9,28,1,16
2016-09-28 17:00:00,60.2,20.5,15.6,1022.7,5,6.2,9,28,2,17
2016-09-28 18:00:00,64.2,18.9,15.2,1022.3,4,6.2,9,28,3,18
2016-09-28 19:00:00,59.5,18.1,15.1,1021.9,4,5.7,9,28,4,19
2016-09-28 20:00:00,57.5,17.2,15.4,1021.5,5,7.7,9,28,5,20
2016-09-28 21:00:00,55.4,16.8,15.5,1021.5,5,7.7,9,28,6,21
2016-09-28 22:00:00,56.1,16.8,15.6,1020.7,5,7.2,9,28,7,22
2016-09-28 23:00:00,49.3,17.1,15.6,1020.1,5,7.2,9,28,1,23
2016-09-29 00:00:00,45.4,17.4,15.6,1019.2,5,5.7,9,29,2,0
2016-09-29 01:00:00,40.7,17.7,15.8,1018.3,5,7.2,9,29,3,1
2016-09-29 02:00:00,37.7,17.9,15.9,1017.2,5,7.7,9,29,4,2
2016-09-29 03:00:00,31.4,17.6,16.1,1016.6,5,7.2,9,29,5,3
2016-09-29 04:00:00,31.2,17.1,15.9,1015.9,5,6.2,9,29,6,4
2016-09-29 05:00:00,31.6,17.4,15.2,1015.4,5,8.8,9,29,7,5
2016-09-29 06:00:00,33.7,16.9,15.5,1015.0,5,6.7,9,29,1,6
2016-09-29 07:00:00,43.1,17.3,15.2,1014.6,5,7.2,9,29,2,7
2016-09-29 08:00:00,53.1,16.632747715441987,14.514265108791315,1014.498968921897,5,7.594972913799192,9,29,3,8
2016-09-29 09:00:00,58.6,15.6,13.7,1014.6,6,7.2,9,29,4,9
2016-09-29 10:00:00,55.1,15.4,13.2,1014.7,6,6.2,9,29,5,10
2016-09-29 11:00:00,54.1,16.6,14.1,1014.5,6,5.7,9,29,6,11
2016-09-29 12:00:00,54.1,18.6,13.2,1014.1,6,6.7,9,29,7,12
2016-09-29 13:00:00,51.2,18.9,10.4,1013.8,6,6.7,9,29,1,13
2016-09-29 14:00:00,51.1,19.7,9.2,1013.7,6,7.7,9,29,2,14
2016-09-29 15:00:00,47.0,18.7,9.4,1013.7,6,7.7,9,29,3,15
2016-09-29 16:00:00,57.8,18.9,7.1,1013.7,6,9.3,9,29,4,16
2016-09-29 17:00:00,61.7,17.5,6.8,1014.0,6,8.8,9,29,5,17
2016-09-29 18:00:00,67.6,16.0,7.4,1014.4,6,6.2,9,29,6,18
2016-09-29 19:00:00,64.6,14.6,8.2,1014.5,6,5.1,9,29,7,19
2016-09-29 20:00:00,61.6,14.0,8.8,1014.9,6,5.1,9,29,1,20
2016-09-29 21:00:00,57.5,13.3,8.9,1014.9,6,4.6,9,29,2,21
2016-09-29 22:00:00,54.7,13.1,8.8,1014.9,6,4.6,9,29,3,22
2016-09-29 23:00:00,45.0,12.4,8.6,1014.5,5,4.6,9,29,4,23
2016-09-30 00:00:00,31.7667,12.3,8.6,1014.1,5,4.6,9,30,5,0
2016-09-30 01:00:00,41.2,11.8,8.4,1014.2,5,4.6,9,30,6,1
2016-09-30 02:00:00,38.8,12.0,8.7,1013.4,5,3.6,9,30,7,2
2016-09-30 03:00:00,35.1,12.0,8.9,1013.3,5,3.1,9,30,1,3
2016-09-30 04:00:00,31.5,11.8,8.9,1013.2,5,3.6,9,30,2,4
2016-09-30 05:00:00,32.3,11.8,9.1,1013.2,5,3.1,9,30,3,5
2016-09-30 06:00:00,33.8,11.4,9.1,1013.2,5,3.6,9,30,4,6
2016-09-30 07:00:00,39.1,11.5,9.2,1013.4,5,3.6,9,30,5,7
2016-09-30 08:00:00,50.7,13.1,9.7,1013.4,5,4.1,9,30,6,8
2016-09-30 09:00:00,54.5,15.2,10.0,1013.4,5,3.6,9,30,7,9
2016-09-30 10:00:00,51.5,17.5,9.4,1013.2,6,5.7,9,30,1,10
2016-09-30 11:00:00,54.7,16.4,9.3,1013.2,5,7.7,9,30,2,11
2016-09-30 12:00:00,50.4,17.5,7.5,1012.6,5,6.2,9,30,3,12
2016-09-30 13:00:00,52.8,18.0,7.1,1012.0,5,8.2,9,30,4,13
2016-09-30 14:00:00,48.5,18.5,8.7,1011.6,5,6.7,9,30,5,14
2016-09-30 15:00:00,51.2,17.6,8.1,1011.2,6,4.1,9,30,6,15
2016-09-30 16:00:00,56.9,18.4,8.0,1010.8,5,6.7,9,30,7,16
2016-09-30 17:00:00,57.9,16.5,8.8,1010.9,5,6.2,9,30,1,17
2016-09-30 18:00:00,62.4,14.9,9.5,1011.2,6,4.6,9,30,2,18
2016-09-30 19:00:00,62.1,13.2,10.1,1011.4,4,2.6,9,30,3,19
2016-09-30 20:00:00,57.5,12.9,10.6,1011.4,4,2.6,9,30,4,20
2016-09-30 21:00:00,60.6,12.2,10.3,1011.0,5,2.1,9,30,5,21
2016-09-30 22:00:00,60.2,11.4,10.1,1010.5,4,2.1,9,30,6,22
2016-09-30 23:00:00,37.7667,11.1,10.3,1010.0,4,2.6,9,30,7,23
2016-10-01 00:00:00,36.2667,10.6,10.0,1009.4,5,1.0,10,1,1,0
2016-10-01 01:00:00,43.6,10.6,10.3,1008.9,6,0.5,10,1,2,1
2016-10-01 02:00:00,37.3,10.0,10.0,1008.2601512983107,3,1.5,10,1,3,2
2016-10-01 03:00:00,38.8,10.7,10.3,1007.6,3,0.5,10,1,4,3
2016-10-01 04:00:00,37.9,10.4,9.9,1007.1,2,0.5,10,1,5,4
2016-10-01 05:00:00,34.7,9.6,9.2,1006.8,2,1.5,10,1,6,5
2016-10-01 06:00:00,37.4,9.9,9.6,1006.5,3,1.5,10,1,7,6
2016-10-01 07:00:00,35.4,10.7,10.6,1006.3,3,1.5,10,1,1,7
2016-10-01 08:00:00,38.4,11.9,10.7,1006.1,3,1.5,10,1,2,8
2016-10-01 09:00:00,47.4,11.8,11.1,1006.0,3,3.6,10,1,3,9
2016-10-01 10:00:00,54.3,12.6,11.1,1006.1,4,4.1,10,1,4,10
2016-10-01 11:00:00,55.3,12.6,11.6,1005.9,4,4.1,10,1,5,11
2016-10-01 12:00:00,57.4,13.3,10.1,1005.2,4,4.6,10,1,6,12
2016-10-01 13:00:00,59.0,13.6,10.8,1004.9,4,2.6,10,1,7,13
2016-10-01 14:00:00,50.4,15.8,8.5,1004.5,5,4.6,10,1,1,14
2016-10-01 15:00:00,50.1,15.1,10.8,1004.4,5,4.1,10,1,2,15
2016-10-01 16:00:00,50.1,14.2,8.2,1004.5,5,4.1,10,1,3,16
2016-10-01 17:00:00,55.3,12.9,9.2,1005.1,6,3.6,10,1,4,17
2016-10-01 18:00:00,65.4,11.3,9.5,1005.6,6,3.1,10,1,5,18
2016-10-01 19:00:00,62.4,10.9,9.4,1006.0,6,2.6,10,1,6,19
2016-10-01 20:00:00,60.4,10.7,9.6,1006.6,6,2.1,10,1,7,20
2016-10-01 21:00:00,64.2,10.6,9.3,1007.2,6,1.5,10,1,1,21
2016-10-01 22:00:00,60.8,10.0,8.9,1007.8,7,2.1,10,1,2,22
2016-10-01 23:00:00,55.9,9.4,8.5,1008.9,7,2.6,10,1,3,23
2016-10-02 00:00:00,51.1,9.4,8.6,1009.6,6,2.6,10,2,4,0
2016-10-02 01:00:00,45.2,9.3,8.2,1010.2,6,2.6,10,2,5,1
2016-10-02 02:00:00,41.8,9.0,8.1,1010.4,7,2.6,10,2,6,2
2016-10-02 03:00:00,40.8,9.7,8.9,1010.8,6,2.1,10,2,7,3
2016-10-02 04:00:00,38.1,9.9,8.7,1011.7,6,2.1,10,2,1,4
2016-10-02 05:00:00,34.7,9.6,8.2,1012.8,6,3.6,10,2,2,5
2016-10-02 06:00:00,35.8,9.4,8.0,1013.9,7,2.6,10,2,3,6
2016-10-02 07:00:00,35.4,9.9,8.4,1014.6,7,3.1,10,2,4,7
2016-10-02 08:00:00,40.4,10.4,8.6,1015.4,7,3.1,10,2,5,8
2016-10-02 09:00:00,47.8,11.4,8.7,1016.1,7,4.1,10,2,6,9
2016-10-02 10:00:00,49.9,12.9,9.1,1016.5,7,3.1,10,2,7,10
2016-10-02 11:00:00,49.6,13.8,8.7,1017.2,0,3.1,10,2,1,11
2016-10-02 12:00:00,52.7,15.4,8.4,1017.7,0,3.6,10,2,2,12
2016-10-02 13:00:00,52.3,16.4,8.2,1017.9,7,3.1,10,2,3,13
2016-10-02 14:00:00,49.6,16.7,7.0,1018.1,7,3.6,10,2,4,14
2016-10-02 15:00:00,53.7,17.1,6.9,1018.6,7,3.1,10,2,5,15
2016-10-02 16:00:00,53.5,17.1,6.5,1019.0,7,2.1,10,2,6,16
2016-10-02 17:00:00,57.0,15.7,5.6,1019.6,7,2.6,10,2,7,17
2016-10-02 18:00:00,66.7,13.9,6.8,1020.6,7,2.1,10,2,1,18
2016-10-02 19:00:00,73.5,13.1,7.2,1021.1,0,1.5,10,2,2,19
2016-10-02 20:00:00,71.9,11.8,7.2,1021.9,7,1.0,10,2,3,20
2016-10-02 21:00:00,67.6,10.6,7.3,1022.5,0,1.5,10,2,4,21
2016-10-02 22:00:00,62.5,9.8,6.9,1023.4,0,1.0,10,2,5,22
2016-10-02 23:00:00,58.2,8.5,6.9,1024.3,0,1.0,10,2,6,23
2016-10-03 00:00:00,54.5,7.6,6.6,1024.9,0,1.0,10,3,7,0
2016-10-03 01:00:00,45.0,6.8,6.1,1025.5,0,0.5,10,3,1,1
2016-10-03 02:00:00,39.9,6.7,6.1,1026.1,7,1.0,10,3,2,2
2016-10-03 03:00:00,36.2,6.2,5.6,1026.4,7,1.0,10,3,3,3
2016-10-03 04:00:00,36.6,6.0,5.5,1026.8,0,1.0,10,3,4,4
2016-10-03 05:00:00,35.0,6.1,5.6,1027.6,0,1.5,10,3,5,5
2016-10-03 06:00:00,35.4,5.8,5.0,1028.0,0,1.0,10,3,6,6
2016-10-03 07:00:00,40.1,6.6,5.9,1028.6,1,1.5,10,3,7,7
2016-10-03 08:00:00,51.9,9.0,7.4,1029.2,0,1.0,10,3,1,8
2016-10-03 09:00:00,57.8,12.4,9.0,1029.7,2,1.0,10,3,2,9
2016-10-03 10:00:00,54.4,14.1,8.5,1029.4,2,2.1,10,3,3,10
2016-10-03 11:00:00,52.2,15.8,5.7,1029.6,2,2.6,10,3,4,11
2016-10-03 12:00:00,54.1,17.0,4.9,1029.7,2,2.6,10,3,5,12
2016-10-03 13:00:00,56.0,17.7,5.7,1029.5,2,2.6,10,3,6,13
2016-10-03 14:00:00,54.5,18.0,4.7,1029.4,2,2.6,10,3,7,14
2016-10-03 15:00:00,52.1,18.1,2.1,1029.3,2,3.1,10,3,1,15
2016-10-03 16:00:00,55.4,17.9,3.1,1029.2,2,3.1,10,3,2,16
2016-10-03 17:00:00,58.4,16.2,3.4,1029.3,3,3.6,10,3,3,17
2016-10-03 18:00:00,67.8,12.5,4.0,1029.5,2,3.1,10,3,4,18
2016-10-03 19:00:00,73.3,12.2,6.1,1029.9,3,2.6,10,3,5,19
2016-10-03 20:00:00,69.5,11.9,6.6,1030.1,2,2.1,10,3,6,20
2016-10-03 21:00:00,65.1,12.1,7.4,1030.1,1,1.5,10,3,7,21
2016-10-03 22:00:00,60.9,11.0,7.3,1030.3,1,1.5,10,3,1,22
2016-10-03 23:00:00,56.3,10.0,7.2,1030.1,1,1.0,10,3,2,23
2016-10-04 00:00:00,56.3,10.6,7.9,1030.1,1,2.6,10,4,3,0
2016-10-04 01:00:00,48.2,10.4,8.7,1029.9,1,2.6,10,4,4,1
2016-10-04 02:00:00,40.0,10.5,9.7,1029.7,1,2.1,10,4,5,2
2016-10-04 03:00:00,35.9,10.6,10.0,1029.6,1,2.6,10,4,6,3
2016-10-04 04:00:00,34.4,10.5,10.0,1029.7,1,2.1,10,4,7,4
2016-10-04 05:00:00,33.0,10.4,9.9,1029.7,1,2.1,10,4,1,5
2016-10-04 06:00:00,32.1,10.3,9.9,1029.9,1,2.6,10,4,2,6
2016-10-04 07:00:00,35.4,11.2,10.7,1030.2,1,1.0,10,4,3,7
2016-10-04 08:00:00,52.3,14.1,12.0,1030.5,2,3.6,10,4,4,8
2016-10-04 09:00:00,59.3,15.5,11.7,1030.6,2,5.1,10,4,5,9
2016-10-04 10:00:00,57.1,16.7,11.0,1030.8,2,6.2,10,4,6,10
2016-10-04 11:00:00,53.3,17.1,10.6,1030.7,2,6.7,10,4,7,11
2016-10-04 12:00:00,52.7,17.7,9.7,1030.3,2,7.2,10,4,1,12
2016-10-04 13:00:00,52.2,18.5,9.8,1029.8,2,6.7,10,4,2,13
2016-10-04 14:00:00,51.3,18.8,10.8,1029.5,2,6.7,10,4,3,14
2016-10-04 15:00:00,46.3,17.6,10.2,1029.5,2,7.2,10,4,4,15
2016-10-04 16:00:00,50.8,16.7,10.0,1029.5,2,7.2,10,4,5,16
2016-10-04 17:00:00,56.7,15.6,9.6,1029.7,2,8.8,10,4,6,17
2016-10-04 18:00:00,67.2,15.0,10.3,1030.1,2,6.7,10,4,7,18
2016-10-04 19:00:00,73.2,14.8,10.6,1029.9,2,6.7,10,4,1,19
2016-10-04 20:00:00,68.7,14.5,10.3,1030.0,2,5.7,10,4,2,20
2016-10-04 21:00:00,68.0,14.3,10.3,1030.0,2,6.2,10,4,3,21
2016-10-04 22:00:00,67.8,13.8,10.4,1030.1,2,6.2,10,4,4,22
2016-10-04 23:00:00,63.9,13.3,10.4,1030.0,2,5.1,10,4,5,23
2016-10-05 00:00:00,58.7,13.1,10.2,1030.0,2,5.1,10,5,6,0
2016-10-05 01:00:00,49.6,13.5,10.1,1030.0,2,5.7,10,5,7,1
2016-10-05 02:00:00,42.9,12.9,9.1,1030.0,2,5.7,10,5,1,2
2016-10-05 03:00:00,39.5,13.0,8.6,1029.6,2,5.1,10,5,2,3
2016-10-05 04:00:00,37.6,12.9,8.5,1029.2,2,4.6,10,5,3,4
2016-10-05 05:00:00,35.7,12.7,8.6,1029.3,2,4.6,10,5,4,5
2016-10-05 06:00:00,34.9,11.6,8.4,1029.6,2,4.1,10,5,5,6
2016-10-05 07:00:00,37.3,12.1,8.1,1030.0,2,5.1,10,5,6,7
2016-10-05 08:00:00,52.2,13.7,7.8,1030.6,2,6.7,10,5,7,8
2016-10-05 09:00:00,56.5,14.7,7.2,1030.7,2,7.7,10,5,1,9
2016-10-05 10:00:00,54.3,15.7,5.9,1030.8,2,7.7,10,5,2,10
2016-10-05 11:00:00,54.8,16.7,5.4,1030.4,2,9.3,10,5,3,11
2016-10-05 12:00:00,50.5,17.2,5.8,1030.1,2,7.7,10,5,4,12
2016-10-05 13:00:00,55.1,16.0,6.1,1029.8,2,9.3,10,5,5,13
2016-10-05 14:00:00,60.2,16.2,5.3,1029.2,2,9.8,10,5,6,14
2016-10-05 15:00:00,57.4,15.9,5.5,1029.0,2,7.2,10,5,7,15
2016-10-05 16:00:00,55.0,15.2,5.0,1028.5,2,7.7,10,5,1,16
2016-10-05 17:00:00,63.7,13.9,4.6,1028.4,2,5.7,10,5,2,17
2016-10-05 18:00:00,67.9,12.9,5.4,1028.7,2,7.7,10,5,3,18
2016-10-05 19:00:00,70.0,12.5,5.8,1028.8,2,5.7,10,5,4,19
2016-10-05 20:00:00,74.7,12.1,5.9,1028.9,1,4.1,10,5,5,20
2016-10-05 21:00:00,67.9,11.7,6.0,1028.8,2,4.1,10,5,6,21
2016-10-05 22:00:00,68.9,10.7,5.5,1029.0,2,4.1,10,5,7,22
2016-10-05 23:00:00,65.3,10.5,5.1,1029.1,2,3.6,10,5,1,23
2016-10-06 00:00:00,57.6,10.3,4.7,1028.8,2,4.6,10,6,2,0
2016-10-06 01:00:00,54.2,9.7,5.0,1028.8,0,1.5,10,6,3,1
2016-10-06 02:00:00,50.0,8.8,5.4,1028.5,0,1.5,10,6,4,2
2016-10-06 03:00:00,42.1,8.8,5.3,1027.9,0,1.5,10,6,5,3
2016-10-06 04:00:00,40.2,9.5,5.3,1027.8,0,2.1,10,6,6,4
2016-10-06 05:00:00,36.7,10.7,5.1,1027.5,1,3.1,10,6,7,5
2016-10-06 06:00:00,37.6,11.0,4.9,1027.4,1,3.6,10,6,1,6
2016-10-06 07:00:00,42.1,10.7,5.5,1027.3,1,2.6,10,6,2,7
2016-10-06 08:00:00,56.3,11.6,5.0,1027.1,1,3.6,10,6,3,8
2016-10-06 09:00:00,55.6,13.1,5.0,1026.6,1,5.1,10,6,4,9
2016-10-06 10:00:00,55.1,13.1,4.2,1026.4,1,6.2,10,6,5,10
2016-10-06 11:00:00,56.9,13.6,2.9,1026.1,2,6.7,10,6,6,11
2016-10-06 12:00:00,58.7,14.9,2.8,1025.5,2,6.2,10,6,7,12
2016-10-06 13:00:00,57.2,15.0,2.7,1024.6,2,5.7,10,6,1,13
2016-10-06 14:00:00,60.2,15.4,3.9,1023.6,2,5.1,10,6,2,14
2016-10-06 15:00:00,53.4,15.1,4.5,1023.2,1,4.6,10,6,3,15
2016-10-06 16:00:00,55.3,14.8,4.9,1022.8,2,4.6,10,6,4,16
2016-10-06 17:00:00,58.4,14.0,5.3,1022.8,2,3.6,10,6,5,17
2016-10-06 18:00:00,70.9,13.2,5.9,1022.9,2,4.6,10,6,6,18
2016-10-06 19:00:00,74.7,12.4,5.7,1022.9,2,4.6,10,6,7,19
2016-10-06 20:00:00,73.2,11.6,5.4,1023.1,1,4.6,10,6,1,20
2016-10-06 21:00:00,72.9,11.6,5.6,1023.0,1,1.5,10,6,2,21
2016-10-06 22:00:00,66.7,11.6,5.7,1022.9,1,2.1,10,6,3,22
2016-10-06 23:00:00,63.3,11.6,6.5,1022.9,1,2.6,10,6,4,23
2016-10-07 00:00:00,53.8,11.6,6.7,1022.8,1,2.1,10,7,5,0
2016-10-07 01:00:00,50.0,11.6,7.4,1022.6,1,2.1,10,7,6,1
2016-10-07 02:00:00,43.6,11.9,8.4,1022.1,1,2.1,10,7,7,2
2016-10-07 03:00:00,47.0,12.3,8.5,1021.9,1,1.5,10,7,1,3
2016-10-07 04:00:00,41.5,11.9,8.5,1021.8,0,1.5,10,7,2,4
2016-10-07 05:00:00,37.4,12.4,8.6,1021.5,1,2.6,10,7,3,5
2016-10-07 06:00:00,36.1,12.2,9.2,1021.9,1,2.1,10,7,4,6
2016-10-07 07:00:00,38.4,12.0,10.0,1022.2513297941535,2,1.5,10,7,5,7
2016-10-07 08:00:00,51.1,12.0,10.4,1022.5,2,1.0,10,7,6,8
2016-10-07 09:00:00,55.3,12.6,10.3,1022.7,1,1.5,10,7,7,9
2016-10-07 10:00:00,58.2,12.7,10.3,1022.6,1,2.6,10,7,1,10
2016-10-07 11:00:00,56.2,14.1,10.2,1022.4,1,2.6,10,7,2,11
2016-10-07 12:00:00,57.9,13.7,10.2,1022.2,1,4.1,10,7,3,12
2016-10-07 13:00:00,58.8,15.2,9.6,1021.8,1,3.1,10,7,4,13
2016-10-07 14:00:00,57.8,14.9,9.5,1021.9,2,4.1,10,7,5,14
2016-10-07 15:00:00,54.8,14.8,9.4,1022.0,1,3.1,10,7,6,15
2016-10-07 16:00:00,55.9,14.5,9.5,1022.1,2,3.6,10,7,7,16
2016-10-07 17:00:00,56.6,14.0,9.6,1022.3,1,1.5,10,7,1,17
2016-10-07 18:00:00,64.6,13.9,9.9,1022.7,1,1.5,10,7,2,18
2016-10-07 19:00:00,68.5,13.2,10.0,1023.0,0,1.5,10,7,3,19
2016-10-07 20:00:00,61.7,13.2,10.0,1023.3,0,2.1,10,7,4,20
2016-10-07 21:00:00,62.9,12.8,9.9,1023.5,0,1.5,10,7,5,21
2016-10-07 22:00:00,57.4,12.4,10.0,1023.6,1,1.5,10,7,6,22
2016-10-07 23:00:00,57.9,12.5,10.3,1023.7,0,2.1,10,7,7,23
2016-10-08 00:00:00,54.1,12.3,10.4,1024.0,0,1.5,10,8,1,0
2016-10-08 01:00:00,48.5,12.3,10.4,1024.1,0,1.5,10,8,2,1
2016-10-08 02:00:00,44.5,12.2,10.3,1024.2,0,1.0,10,8,3,2
2016-10-08 03:00:00,39.6,12.2,10.5,1024.1,0,1.5,10,8,4,3
2016-10-08 04:00:00,37.0,12.4,10.6,1024.2,1,2.6,10,8,5,4
2016-10-08 05:00:00,35.9,12.3,10.6,1024.5,1,2.1,10,8,6,5
2016-10-08 06:00:00,34.4,12.1,10.6,1024.7,0,2.1,10,8,7,6
2016-10-08 07:00:00,35.2,12.1,10.5,1025.2,0,2.6,10,8,1,7
2016-10-08 08:00:00,42.3,12.8,11.0,1025.5,0,3.1,10,8,2,8
2016-10-08 09:00:00,45.4,13.5,10.9,1025.9,0,3.6,10,8,3,9
2016-10-08 10:00:00,50.5,13.8,11.0,1026.3,0,2.6,10,8,4,10
2016-10-08 11:00:00,53.2,13.9,11.7,1026.5,1,3.1,10,8,5,11
2016-10-08 12:00:00,53.0,14.7,10.7,1026.4,1,2.6,10,8,6,12
2016-10-08 13:00:00,56.1,14.9,11.4,1026.2,0,2.6,10,8,7,13
2016-10-08 14:00:00,59.8,15.5,10.7,1026.2,0,3.1,10,8,1,14
2016-10-08 15:00:00,53.7,16.3,8.9,1026.2,1,4.1,10,8,2,15
2016-10-08 16:00:00,57.9,15.5,8.9,1026.6,1,3.6,10,8,3,16
2016-10-08 17:00:00,62.6,14.7,9.6,1026.9,0,2.6,10,8,4,17
2016-10-08 18:00:00,66.7,14.2,9.5,1027.2,0,2.6,10,8,5,18
2016-10-08 19:00:00,68.8,13.7,8.7,1027.6,0,4.1,10,8,6,19
2016-10-08 20:00:00,69.2,13.3,8.9,1027.7,0,2.6,10,8,7,20
2016-10-08 21:00:00,62.6,12.5,8.7,1027.9,7,1.5,10,8,1,21
2016-10-08 22:00:00,60.4,12.2,8.9,1028.0,0,2.1,10,8,2,22
2016-10-08 23:00:00,57.3,11.0,8.5,1028.1,0,1.5,10,8,3,23
2016-10-09 00:00:00,60.4,11.4,8.1,1028.1,0,2.1,10,9,4,0
2016-10-09 01:00:00,51.7,11.4,8.0,1028.2,0,2.6,10,9,5,1
2016-10-09 02:00:00,45.8,11.2,7.7,1028.0,0,2.1,10,9,6,2
2016-10-09 03:00:00,43.8,10.7,7.2,1027.9,0,2.1,10,9,7,3
2016-10-09 04:00:00,42.7,9.5,6.6,1027.8,0,2.6,10,9,1,4
2016-10-09 05:00:00,39.8,9.0,6.6,1027.6,0,2.6,10,9,2,5
2016-10-09 06:00:00,39.1,8.8,6.3,1027.9,0,3.1,10,9,3,6
2016-10-09 07:00:00,37.6,8.7,6.2,1028.2,0,3.1,10,9,4,7
2016-10-09 08:00:00,38.9,10.1,6.5,1028.1,0,4.1,10,9,5,8
2016-10-09 09:00:00,43.5,11.8,7.3,1028.1,0,4.1,10,9,6,9
2016-10-09 10:00:00,51.7,13.4,7.4,1028.2,1,4.6,10,9,7,10
2016-10-09 11:00:00,56.5,14.0,7.1,1028.3,0,3.6,10,9,1,11
2016-10-09 12:00:00,62.9,14.7,7.2,1028.0,0,4.1,10,9,2,12
2016-10-09 13:00:00,66.3,15.7,6.2,1027.6,1,3.1,10,9,3,13
2016-10-09 14:00:00,66.4,15.1,6.2,1027.3,1,4.1,10,9,4,14
2016-10-09 15:00:00,62.9,13.6,8.1,1027.4,0,3.6,10,9,5,15
2016-10-09 16:00:00,63.8,13.4,7.3,1027.4,0,4.1,10,9,6,16
2016-10-09 17:00:00,62.6,12.7,8.1,1027.5,0,3.1,10,9,7,17
2016-10-09 18:00:00,72.1,12.1,8.1,1027.8,0,2.6,10,9,1,18
2016-10-09 19:00:00,82.5,11.0,7.5,1028.2,0,2.1,10,9,2,19
2016-10-09 20:00:00,74.6,10.3,7.5,1028.5,0,1.5,10,9,3,20
2016-10-09 21:00:00,74.5,9.3,7.1,1028.8,7,2.1,10,9,4,21
2016-10-09 22:00:00,75.4,10.0,7.3,1028.8,0,2.1,10,9,5,22
2016-10-09 23:00:00,72.5,10.0,7.7,1028.7,0,2.6,10,9,6,23
2016-10-10 00:00:00,62.5,9.8,7.7,1028.3,1,2.1,10,10,7,0
2016-10-10 01:00:00,56.2,8.9,6.9,1028.2,0,1.5,10,10,1,1
2016-10-10 02:00:00,49.9,7.8,6.4,1028.1,0,1.5,10,10,2,2
2016-10-10 03:00:00,43.7,6.8,6.0,1027.7,7,1.0,10,10,3,3
2016-10-10 04:00:00,39.3,6.5,5.7,1027.7,0,1.5,10,10,4,4
2016-10-10 05:00:00,37.9,6.0,5.2,1027.6,7,1.0,10,10,5,5
2016-10-10 06:00:00,37.4,6.2,5.4,1027.7,0,1.5,10,10,6,6
2016-10-10 07:00:00,44.1,6.3,5.4,1027.7,7,1.0,10,10,7,7
2016-10-10 08:00:00,53.9,7.8,6.3,1027.5,7,1.5,10,10,1,8
2016-10-10 09:00:00,60.4,10.4,6.3,1027.6,0,3.6,10,10,2,9
2016-10-10 10:00:00,55.9,11.8,6.0,1027.2,0,2.6,10,10,3,10
2016-10-10 11:00:00,52.9,13.0,5.5,1026.6,0,3.1,10,10,4,11
2016-10-10 12:00:00,52.3,13.6,4.9,1026.2,7,4.1,10,10,5,12
2016-10-10 13:00:00,59.8,13.6,4.1,1025.4,0,3.6,10,10,6,13
2016-10-10 14:00:00,52.3,13.5,4.8,1025.0,0,3.6,10,10,7,14
2016-10-10 15:00:00,52.5,13.8,5.4,1024.5,0,2.6,10,10,1,15
2016-10-10 16:00:00,53.8,13.4,5.6,1024.2,0,3.1,10,10,2,16
2016-10-10 17:00:00,60.4,11.7,5.5,1024.4,0,4.1,10,10,3,17
2016-10-10 18:00:00,73.2,10.5,6.2,1024.6,0,3.1,10,10,4,18
2016-10-10 19:00:00,80.9,9.6,6.1,1024.7,0,2.6,10,10,5,19
2016-10-10 20:00:00,79.4,8.7,6.4,1024.6,0,2.1,10,10,6,20
2016-10-10 21:00:00,71.3,8.2,6.5,1024.6,0,2.1,10,10,7,21
2016-10-10 22:00:00,72.6,7.8,6.5,1024.5,0,1.5,10,10,1,22
2016-10-10 23:00:00,71.7,7.5,6.2,1024.6,0,1.5,10,10,2,23
2016-10-11 00:00:00,61.3,6.9,5.9,1024.4,0,1.0,10,11,3,0
2016-10-11 01:00:00,56.1,6.2,5.2,1024.4,1,1.0,10,11,4,1
2016-10-11 02:00:00,47.7,6.2,5.6,1024.1,0,1.0,10,11,5,2
2016-10-11 03:00:00,44.6,6.3,5.6,1023.8,1,1.5,10,11,6,3
2016-10-11 04:00:00,40.0,5.7,5.3,1023.8,1,1.5,10,11,7,4
2016-10-11 05:00:00,38.1,5.8,5.0,1023.6,7,2.6,10,11,1,5
2016-10-11 06:00:00,38.2,5.6,4.8,1023.5,7,2.1,10,11,2,6
2016-10-11 07:00:00,42.1,5.5,4.9,1023.7,0,2.1,10,11,3,7
2016-10-11 08:00:00,55.1,7.2,6.1,1023.9,0,1.5,10,11,4,8
2016-10-11 09:00:00,65.7,9.8,6.6,1023.9,1,1.0,10,11,5,9
2016-10-11 10:00:00,63.4,11.0,6.8,1023.7,1,2.6,10,11,6,10
2016-10-11 11:00:00,58.3,12.3,7.0,1023.3,0,1.5,10,11,7,11
2016-10-11 12:00:00,63.8,14.9,6.5,1023.0,2,2.6,10,11,1,12
2016-10-11 13:00:00,59.8,15.4,6.0,1022.4,1,2.1,10,11,2,13
2016-10-11 14:00:00,57.0,16.7,5.5,1022.0,2,2.1,10,11,3,14
2016-10-11 15:00:00,53.9,15.9,6.6,1021.6,1,2.6,10,11,4,15
2016-10-11 16:00:00,56.2,14.8,7.0,1021.0,1,3.1,10,11,5,16
2016-10-11 17:00:00,57.7,14.3,7.0,1021.1,1,2.6,10,11,6,17
2016-10-11 18:00:00,69.7,13.2,6.9,1021.6,1,3.1,10,11,7,18
2016-10-11 19:00:00,85.3,11.5,6.2,1021.9,2,2.6,10,11,1,19
2016-10-11 20:00:00,82.7,10.6,6.3,1022.1,2,1.5,10,11,2,20
2016-10-11 21:00:00,75.9,10.3,7.2,1022.2,1,1.0,10,11,3,21
2016-10-11 22:00:00,70.8,10.4,7.3,1022.2,1,1.0,10,11,4,22
2016-10-11 23:00:00,66.4,10.7,8.0,1022.1,0,1.0,10,11,5,23
2016-10-12 00:00:00,64.5,10.2,9.0,1021.9,1,1.5,10,12,6,0
2016-10-12 01:00:00,54.8,9.7,8.5,1021.7,0,1.5,10,12,7,1
2016-10-12 02:00:00,50.8,9.2,8.4,1021.5,0,2.1,10,12,1,2
2016-10-12 03:00:00,44.8,9.4,8.6,1021.4,0,1.5,10,12,2,3
2016-10-12 04:00:00,41.5,9.6,8.7,1021.2,1,1.5,10,12,3,4
2016-10-12 05:00:00,39.6,9.4,8.3,1021.1,0,0.5,10,12,4,5
2016-10-12 06:00:00,39.3,9.6,8.6,1021.1,1,1.5,10,12,5,6
2016-10-12 07:00:00,41.4,10.2,9.6,1021.2,0,2.1,10,12,6,7
2016-10-12 08:00:00,58.2,10.9,9.7,1021.5,0,1.5,10,12,7,8
2016-10-12 09:00:00,61.4,12.1,10.2,1021.5,1,4.1,10,12,1,9
2016-10-12 10:00:00,57.0,14.3,9.7,1021.3,1,5.1,10,12,2,10
2016-10-12 11:00:00,58.1,14.9,8.5,1020.9,2,4.6,10,12,3,11
2016-10-12 12:00:00,56.2,15.0,8.7,1020.4,1,4.6,10,12,4,12
2016-10-12 13:00:00,61.8,14.2,9.2,1020.1,1,4.1,10,12,5,13
2016-10-12 14:00:00,63.1,14.8,8.4,1019.6,1,4.6,10,12,6,14
2016-10-12 15:00:00,63.9,15.1,8.0,1018.9,1,4.6,10,12,7,15
2016-10-12 16:00:00,59.1,14.2,6.4,1018.6,1,5.7,10,12,1,16
2016-10-12 17:00:00,64.8,13.7,7.0,1018.7,1,5.1,10,12,2,17
2016-10-12 18:00:00,74.3,13.3,7.0,1018.9,1,4.1,10,12,3,18
2016-10-12 19:00:00,77.4,12.8,6.9,1018.9,1,4.1,10,12,4,19
2016-10-12 20:00:00,73.6,12.5,7.2,1018.9,1,3.6,10,12,5,20
2016-10-12 21:00:00,75.8,11.0,7.8,1018.5,1,3.6,10,12,6,21
2016-10-12 22:00:00,72.9,10.5,8.6,1018.1,0,2.6,10,12,7,22
2016-10-12 23:00:00,71.3,10.6,8.2,1017.8,1,4.6,10,12,1,23
2016-10-13 00:00:00,66.2,9.7,8.4,1017.6,2,3.1,10,13,2,0
2016-10-13 01:00:00,56.8,9.7,8.9,1017.1,1,2.6,10,13,3,1
2016-10-13 02:00:00,50.7,9.4,8.8,1016.7,1,1.5,10,13,4,2
2016-10-13 03:00:00,46.0,9.0,8.2,1016.3,1,2.6,10,13,5,3
2016-10-13 04:00:00,39.1,8.7,7.5,1015.8,1,2.6,10,13,6,4
2016-10-13 05:00:00,40.8,8.5,7.1,1015.3,1,2.6,10,13,7,5
2016-10-13 06:00:00,40.2,8.6,7.2,1014.9,1,2.6,10,13,1,6
2016-10-13 07:00:00,42.0,8.7,7.2,1014.9,1,2.6,10,13,2,7
2016-10-13 08:00:00,56.2,9.5,7.8,1014.8,1,3.6,10,13,3,8
2016-10-13 09:00:00,59.1,10.3,7.8,1014.6,1,3.6,10,13,4,9
2016-10-13 10:00:00,60.4,11.1,7.5,1013.8,1,4.1,10,13,5,10
2016-10-13 11:00:00,58.5,11.8,7.5,1013.0,1,3.6,10,13,6,11
2016-10-13 12:00:00,61.3,12.2,6.9,1012.4,2,5.1,10,13,7,12
2016-10-13 13:00:00,61.1,12.7,5.7,1011.7,1,6.2,10,13,1,13
2016-10-13 14:00:00,62.1,13.0,5.2,1011.0,2,5.1,10,13,2,14
2016-10-13 15:00:00,64.7,12.0,6.0,1010.5397941850996,2,5.7,10,13,3,15
2016-10-13 16:00:00,64.4,12.1,6.2,1010.3,1,5.7,10,13,4,16
2016-10-13 17:00:00,65.5,12.0,6.5,1010.2,2,4.1,10,13,5,17
2016-10-13 18:00:00,76.8,11.8,6.5,1010.1,2,4.6,10,13,6,18
2016-10-13 19:00:00,79.6,11.8,6.9,1010.0,2,3.1,10,13,7,19
2016-10-13 20:00:00,76.3,11.7,6.9,1009.8,1,3.1,10,13,1,20
2016-10-13 21:00:00,70.6,10.9,6.0,1009.6,2,3.6,10,13,2,21
2016-10-13 22:00:00,69.0,11.3,6.4,1009.2,1,2.6,10,13,3,22
2016-10-13 23:00:00,71.2,11.4,6.5,1009.1,2,2.1,10,13,4,23
2016-10-14 00:00:00,58.2,10.5,7.1,1008.6,1,2.1,10,14,5,0
2016-10-14 01:00:00,54.3,10.4,7.2,1008.2,1,2.1,10,14,6,1
2016-10-14 02:00:00,49.1,10.3,7.4,1007.7,1,2.1,10,14,7,2
2016-10-14 03:00:00,44.7,10.4,7.5,1007.2,1,2.1,10,14,1,3
2016-10-14 04:00:00,40.2,10.4,7.6,1007.0,1,2.1,10,14,2,4
2016-10-14 05:00:00,39.4,10.0,8.0,1006.8345012420286,1,1.5,10,14,3,5
2016-10-14 06:00:00,39.8,9.4,7.2,1006.8,1,2.1,10,14,4,6
2016-10-14 07:00:00,40.8,9.1,7.3,1007.0,1,2.6,10,14,5,7
2016-10-14 08:00:00,52.9,10.0,7.6,1007.1,1,2.6,10,14,6,8
2016-10-14 09:00:00,57.0,11.1,7.6,1006.8,1,2.6,10,14,7,9
2016-10-14 10:00:00,57.2,12.3,7.7,1006.5,2,2.6,10,14,1,10
2016-10-14 11:00:00,55.1,14.6,7.4,1006.3,2,3.1,10,14,2,11
2016-10-14 12:00:00,52.1,13.8,7.7,1006.2,2,3.6,10,14,3,12
2016-10-14 13:00:00,53.1,13.8,7.1,1005.5,2,4.1,10,14,4,13
2016-10-14 14:00:00,57.9,13.9,7.5,1005.3,1,3.6,10,14,5,14
2016-10-14 15:00:00,58.9,14.0,7.5,1004.8,2,4.1,10,14,6,15
2016-10-14 16:00:00,56.9,13.7,6.6,1004.8,2,4.1,10,14,7,16
2016-10-14 17:00:00,63.4,13.1,7.4,1005.0,2,3.6,10,14,1,17
2016-10-14 18:00:00,76.2,12.5,7.2,1005.1,1,4.1,10,14,2,18
2016-10-14 19:00:00,75.1,12.3,7.3,1005.4,2,3.6,10,14,3,19
2016-10-14 20:00:00,69.4,11.9,7.8,1005.1,1,2.1,10,14,4,20
2016-10-14 21:00:00,66.3,11.9,8.0,1005.1,1,2.6,10,14,5,21
2016-10-14 22:00:00,56.9,11.6,8.0,1004.9,1,2.6,10,14,6,22
2016-10-14 23:00:00,56.0,11.5,8.2,1004.8,1,2.1,10,14,7,23
2016-10-15 00:00:00,54.6,11.2,8.4,1004.4,1,2.1,10,15,1,0
2016-10-15 01:00:00,49.8,11.2,8.3,1004.5,2,1.5,10,15,2,1
2016-10-15 02:00:00,47.1,11.2,8.5,1004.3,1,2.1,10,15,3,2
2016-10-15 03:00:00,43.8,10.1,7.8,1004.2,2,1.5,10,15,4,3
2016-10-15 04:00:00,45.4,9.2,7.6,1004.3,2,1.0,10,15,5,4
2016-10-15 05:00:00,41.4,9.6,8.4,1004.5,3,1.0,10,15,6,5
2016-10-15 06:00:00,38.4,8.7,7.5,1004.7,3,1.5,10,15,7,6
2016-10-15 07:00:00,36.7,10.5,9.5,1005.1,4,2.1,10,15,1,7
2016-10-15 08:00:00,41.4,10.9,9.7,1005.4,3,2.6,10,15,2,8
2016-10-15 09:00:00,42.8,12.8,9.8,1006.0,4,3.1,10,15,3,9
2016-10-15 10:00:00,48.5,13.1,9.9,1006.1,4,3.6,10,15,4,10
2016-10-15 11:00:00,50.8,14.3,10.1,1006.5,4,3.6,10,15,5,11
2016-10-15 12:00:00,55.1,16.6,10.9,1006.7,4,3.1,10,15,6,12
2016-10-15 13:00:00,56.2,16.0,10.0,1006.651635463116,5,3.6,10,15,7,13
2016-10-15 14:00:00,53.8,17.3,8.3,1006.6,5,4.6,10,15,1,14
2016-10-15 15:00:00,53.1,16.6,6.9,1006.8,4,5.1,10,15,2,15
2016-10-15 16:00:00,56.6,14.4,9.8,1007.3,4,6.2,10,15,3,16
2016-10-15 17:00:00,57.0,13.0,10.7,1007.7,3,4.6,10,15,4,17
2016-10-15 18:00:00,64.3,11.5,10.5,1008.2,3,3.1,10,15,5,18
2016-10-15 19:00:00,69.6,10.3,9.7,1008.8,2,3.1,10,15,6,19
2016-10-15 20:00:00,71.6,11.7,10.7,1009.3,4,3.6,10,15,7,20
2016-10-15 21:00:00,67.5,11.3,9.9,1010.3,4,4.1,10,15,1,21
2016-10-15 22:00:00,67.8,10.7,9.3,1011.1,4,3.6,10,15,2,22
2016-10-15 23:00:00,67.5,8.9,8.1,1011.5,3,3.1,10,15,3,23
2016-10-16 00:00:00,57.7,8.4,8.1,1011.9,3,3.1,10,16,4,0
2016-10-16 01:00:00,49.1,7.6,7.3,1012.1,3,2.6,10,16,5,1
2016-10-16 02:00:00,49.5,8.0,7.0,1011.9223495245744,3,3.6,10,16,6,2
2016-10-16 03:00:00,46.1,8.3,8.1,1011.5,2,3.1,10,16,7,3
2016-10-16 04:00:00,42.7,8.4,8.1,1011.0,2,3.6,10,16,1,4
2016-10-16 05:00:00,40.7,9.1,8.9,1010.6,2,3.6,10,16,2,5
2016-10-16 06:00:00,38.7,10.4,10.0,1010.7,2,4.6,10,16,3,6
2016-10-16 07:00:00,38.8,11.7,11.2,1010.0,3,5.1,10,16,4,7
2016-10-16 08:00:00,38.9,12.3,12.0,1009.2,3,5.7,10,16,5,8
2016-10-16 09:00:00,42.4,13.5,12.6,1008.9,3,7.7,10,16,6,9
2016-10-16 10:00:00,46.5,14.8,13.5,1010.4,4,3.6,10,16,7,10
2016-10-16 11:00:00,54.5,16.2,13.1,1011.2,4,5.7,10,16,1,11
2016-10-16 12:00:00,56.9,18.0,13.3,1011.3,5,5.1,10,16,2,12
2016-10-16 13:00:00,62.0,16.5,11.4,1011.7,5,4.6,10,16,3,13
2016-10-16 14:00:00,58.6,17.1,11.0,1011.8,5,6.2,10,16,4,14
2016-10-16 15:00:00,57.7,17.1,10.9,1012.2,5,5.1,10,16,5,15
2016-10-16 16:00:00,62.4,15.8,10.1,1012.9,5,6.7,10,16,6,16
2016-10-16 17:00:00,62.0,14.6,10.7,1013.3,4,4.1,10,16,7,17
2016-10-16 18:00:00,66.8,14.0,11.3,1013.7,0,0.0,10,16,1,18
2016-10-16 19:00:00,72.4,13.3,11.0,1014.0,4,3.6,10,16,2,19
2016-10-16 20:00:00,73.2,12.8,10.9,1014.2,3,4.1,10,16,3,20
2016-10-16 21:00:00,69.0,13.4,12.0,1014.8,4,4.1,10,16,4,21
2016-10-16 22:00:00,75.5,13.4,11.5,1014.9,4,4.1,10,16,5,22
2016-10-16 23:00:00,71.0,12.2,11.2,1015.0,4,2.1,10,16,6,23
2016-10-17 00:00:00,64.3,11.5,11.1,1015.4,4,2.1,10,17,7,0
2016-10-17 01:00:00,53.5,11.6,10.8,1015.9,4,3.6,10,17,1,1
2016-10-17 02:00:00,45.2,11.3,10.4,1015.9,4,3.1,10,17,2,2
2016-10-17 03:00:00,41.3,10.9,10.4,1015.9,4,2.1,10,17,3,3
2016-10-17 04:00:00,40.0,11.0,10.4,1016.0,4,2.6,10,17,4,4
2016-10-17 05:00:00,37.1,10.9,10.1,1016.0,4,3.1,10,17,5,5
2016-10-17 06:00:00,37.9,11.4,10.3,1016.5,4,3.1,10,17,6,6
2016-10-17 07:00:00,39.6,11.7,10.5,1017.0,4,3.1,10,17,7,7
2016-10-17 08:00:00,55.6,12.2,10.8,1017.7,4,2.6,10,17,1,8
2016-10-17 09:00:00,61.6,13.1,10.8,1018.1,4,3.6,10,17,2,9
2016-10-17 10:00:00,58.5,15.3,11.6,1018.4,5,4.6,10,17,3,10
2016-10-17 11:00:00,55.3,15.7,11.4,1018.4,5,5.7,10,17,4,11
2016-10-17 12:00:00,58.7,16.7,10.5,1018.3,5,5.7,10,17,5,12
2016-10-17 13:00:00,62.5,15.7,9.3,1018.3,5,6.2,10,17,6,13
2016-10-17 14:00:00,61.4,17.0,9.0,1018.3191798830043,5,5.7,10,17,7,14
2016-10-17 15:00:00,52.7,17.0,8.7,1018.4,5,6.7,10,17,1,15
2016-10-17 16:00:00,56.1,15.5,9.1,1018.7,5,4.6,10,17,2,16
2016-10-17 17:00:00,61.8,11.8,9.9,1019.6,5,6.7,10,17,3,17
2016-10-17 18:00:00,81.8,11.9,10.0,1020.1,5,3.6,10,17,4,18
2016-10-17 19:00:00,80.1,11.4,9.8,1020.5,5,4.1,10,17,5,19
2016-10-17 20:00:00,76.2,11.0,9.5,1020.6,5,4.6,10,17,6,20
2016-10-17 21:00:00,71.8,10.7,9.2,1020.9,5,3.6,10,17,7,21
2016-10-17 22:00:00,67.2,10.2,8.9,1020.9,5,3.6,10,17,1,22
2016-10-17 23:00:00,66.0,9.8,8.7,1020.9,5,3.1,10,17,2,23
2016-10-18 00:00:00,63.7,9.6,8.6,1020.9,5,4.1,10,18,3,0
2016-10-18 01:00:00,54.7,9.4,8.5,1020.9,5,3.1,10,18,4,1
2016-10-18 02:00:00,46.1,9.8,8.9,1020.6,5,3.6,10,18,5,2
2016-10-18 03:00:00,40.3,9.5,8.6,1020.1,5,3.6,10,18,6,3
2016-10-18 04:00:00,38.4,9.4,8.4,1019.5,4,3.6,10,18,7,4
2016-10-18 05:00:00,37.5,9.8,8.9,1019.2,5,4.1,10,18,1,5
2016-10-18 06:00:00,37.0,10.8,9.4,1018.6,5,3.6,10,18,2,6
2016-10-18 07:00:00,39.3,11.6,9.4,1018.0,5,5.1,10,18,3,7
2016-10-18 08:00:00,52.3,11.8,9.4,1017.7,5,7.2,10,18,4,8
2016-10-18 09:00:00,64.5,11.6,9.7,1018.4,6,7.2,10,18,5,9
2016-10-18 10:00:00,65.8,12.5,8.6,1019.1,6,6.2,10,18,6,10
2016-10-18 11:00:00,57.4,13.3,6.8,1019.4,6,6.2,10,18,7,11
2016-10-18 12:00:00,59.5,12.8,4.7,1019.5,6,6.7,10,18,1,12
2016-10-18 13:00:00,58.4,13.502318025109847,4.0044749909630495,1019.4729551549176,6,6.2,10,18,2,13
2016-10-18 14:00:00,59.9,14.0,4.0,1019.5,6,6.2,10,18,3,14
2016-10-18 15:00:00,58.9,13.0,3.6,1019.7,6,6.2,10,18,4,15
2016-10-18 16:00:00,56.9,13.2,2.7,1019.8,6,6.2,10,18,5,16
2016-10-18 17:00:00,60.4,11.4,3.3,1020.1,6,6.2,10,18,6,17
2016-10-18 18:00:00,72.5,10.4,3.4,1020.4,6,5.7,10,18,7,18
2016-10-18 19:00:00,77.7,10.0,3.6,1020.7,6,5.1,10,18,1,19
2016-10-18 20:00:00,83.9,9.5,3.8,1020.9,6,5.7,10,18,2,20
2016-10-18 21:00:00,81.2,9.6,4.3,1021.2,6,4.1,10,18,3,21
2016-10-18 22:00:00,78.5,9.6,4.8,1021.2,6,5.7,10,18,4,22
2016-10-18 23:00:00,74.5,9.3,5.1,1021.1,6,5.7,10,18,5,23
2016-10-19 00:00:00,67.0,9.1,5.3,1021.0,6,5.1,10,19,6,0
2016-10-19 01:00:00,60.6,9.5,5.8,1021.0,6,4.6,10,19,7,1
2016-10-19 02:00:00,52.8,10.0,6.1,1021.1,6,4.6,10,19,1,2
2016-10-19 03:00:00,42.7,10.2,6.2,1021.0,6,4.1,10,19,2,3
2016-10-19 04:00:00,41.9,10.1,6.3,1021.0,6,4.6,10,19,3,4
2016-10-19 05:00:00,39.8,9.9,6.4,1021.0,6,3.6,10,19,4,5
2016-10-19 06:00:00,38.8,10.1,6.5,1021.0,6,5.1,10,19,5,6
2016-10-19 07:00:00,41.6,10.1,6.6,1021.5,6,4.1,10,19,6,7
2016-10-19 08:00:00,57.5,10.6,7.0,1021.9,6,4.6,10,19,7,8
2016-10-19 09:00:00,61.2,11.5,7.3,1022.0,7,4.1,10,19,1,9
2016-10-19 10:00:00,57.7,12.4,7.1,1021.7,7,5.7,10,19,2,10
2016-10-19 11:00:00,55.6,12.9,7.0,1021.6,7,4.6,10,19,3,11
2016-10-19 12:00:00,60.9,12.9,7.1,1021.4,7,4.1,10,19,4,12
2016-10-19 13:00:00,63.8,13.1,7.0,1021.1,7,3.6,10,19,5,13
2016-10-19 14:00:00,67.2,13.4,6.8,1021.0,7,4.1,10,19,6,14
2016-10-19 15:00:00,58.8,13.2,7.0,1020.9,7,2.6,10,19,7,15
2016-10-19 16:00:00,60.0,13.1,6.6,1020.8,7,3.1,10,19,1,16
2016-10-19 17:00:00,74.8,12.7,6.8,1021.1,7,2.6,10,19,2,17
2016-10-19 18:00:00,76.8,12.3,6.6,1021.4,7,2.6,10,19,3,18
2016-10-19 19:00:00,84.2,12.1,6.8,1021.5,7,2.6,10,19,4,19
2016-10-19 20:00:00,78.5,11.3,6.5,1021.6,7,2.6,10,19,5,20
2016-10-19 21:00:00,74.7,10.9,6.8,1021.7,7,2.6,10,19,6,21
2016-10-19 22:00:00,68.5,10.5,6.6,1021.8,7,3.1,10,19,7,22
2016-10-19 23:00:00,71.8,9.6,6.6,1021.7,7,2.1,10,19,1,23
2016-10-20 00:00:00,67.1,8.4,6.3,1021.5,7,2.1,10,20,2,0
2016-10-20 01:00:00,56.4,8.6,6.8,1021.3,7,2.6,10,20,3,1
2016-10-20 02:00:00,53.4,9.2,6.7,1021.0,7,2.6,10,20,4,2
2016-10-20 03:00:00,48.7,9.3,6.8,1020.5,7,3.1,10,20,5,3
2016-10-20 04:00:00,45.4,9.4,7.0,1020.6,7,3.1,10,20,6,4
2016-10-20 05:00:00,42.6,9.7,7.3,1020.6,7,2.6,10,20,7,5
2016-10-20 06:00:00,40.2,9.7,7.8,1020.8,7,2.6,10,20,1,6
2016-10-20 07:00:00,42.4,10.3,8.3,1021.1,0,2.6,10,20,2,7
2016-10-20 08:00:00,57.7,10.9,8.9,1021.4,0,3.1,10,20,3,8
2016-10-20 09:00:00,57.8,11.9,9.2,1021.6,0,3.1,10,20,4,9
2016-10-20 10:00:00,58.8,12.6,7.7,1021.5,0,5.1,10,20,5,10
2016-10-20 11:00:00,57.7,13.4,8.0,1021.4,0,4.6,10,20,6,11
2016-10-20 12:00:00,58.1,13.8,6.6,1021.1,0,5.1,10,20,7,12
2016-10-20 13:00:00,61.5,13.8,7.4,1021.0,0,4.1,10,20,1,13
2016-10-20 14:00:00,59.7,13.7,7.3,1020.9,0,4.6,10,20,2,14
2016-10-20 15:00:00,56.5,13.2,7.5,1020.8,0,3.6,10,20,3,15
2016-10-20 16:00:00,58.2,12.6,8.8,1021.0,0,3.1,10,20,4,16
2016-10-20 17:00:00,64.0,12.7,8.0,1021.0,0,2.1,10,20,5,17
2016-10-20 18:00:00,72.5,12.0,7.3,1021.3,0,2.6,10,20,6,18
2016-10-20 19:00:00,82.3,10.3,7.4,1021.3,7,2.6,10,20,7,19
2016-10-20 20:00:00,76.4,9.7,7.4,1021.3,7,2.6,10,20,1,20
2016-10-20 21:00:00,75.4,9.4,7.4,1021.6,7,2.6,10,20,2,21
2016-10-20 22:00:00,72.5,8.6,7.1,1021.5,7,1.5,10,20,3,22
2016-10-20 23:00:00,70.9,8.5,7.2,1021.6,7,2.6,10,20,4,23
2016-10-21 00:00:00,61.4,7.8,6.9,1021.3,7,2.1,10,21,5,0
2016-10-21 01:00:00,59.2,7.6,7.1,1021.0,0,1.5,10,21,6,1
2016-10-21 02:00:00,49.7,8.7,7.6,1020.8,0,3.1,10,21,7,2
2016-10-21 03:00:00,44.8,9.3,7.7,1020.6,0,3.6,10,21,1,3
2016-10-21 04:00:00,42.4,9.1,7.4,1020.4,0,2.6,10,21,2,4
2016-10-21 05:00:00,37.5,8.5,7.1,1020.3,0,2.6,10,21,3,5
2016-10-21 06:00:00,40.5,8.2,7.0,1020.6,0,2.1,10,21,4,6
2016-10-21 07:00:00,41.3,8.5,7.2,1020.6,7,2.1,10,21,5,7
2016-10-21 08:00:00,54.7,9.3,7.5,1020.8,0,2.6,10,21,6,8
2016-10-21 09:00:00,62.4,9.5,7.2,1020.7,0,4.1,10,21,7,9
2016-10-21 10:00:00,59.8,10.3,7.2,1021.0,0,3.1,10,21,1,10
2016-10-21 11:00:00,60.2,11.5,7.3,1020.7,0,3.6,10,21,2,11
2016-10-21 12:00:00,61.2,12.4,7.6,1020.3,0,2.6,10,21,3,12
2016-10-21 13:00:00,65.1,12.9,6.9,1019.8,0,3.6,10,21,4,13
2016-10-21 14:00:00,61.2,13.3,6.7,1019.4,0,3.6,10,21,5,14
2016-10-21 15:00:00,54.9,12.8,6.8,1019.3,0,3.1,10,21,6,15
2016-10-21 16:00:00,61.7,12.9,7.0,1019.2,0,3.6,10,21,7,16
2016-10-21 17:00:00,68.9,12.5,7.3,1019.3,0,3.6,10,21,1,17
2016-10-21 18:00:00,75.6,12.0,7.3,1019.4,0,2.6,10,21,2,18
2016-10-21 19:00:00,80.8,11.8,7.4,1019.6,0,3.1,10,21,3,19
2016-10-21 20:00:00,71.6,11.1,7.3,1019.4,0,2.6,10,21,4,20
2016-10-21 21:00:00,69.5,10.7,7.4,1019.6,0,2.1,10,21,5,21
2016-10-21 22:00:00,66.8,9.7,7.1,1019.2,0,2.1,10,21,6,22
2016-10-21 23:00:00,62.3,8.6,6.9,1018.9,0,2.1,10,21,7,23
2016-10-22 00:00:00,58.9,7.3,6.3,1018.7,7,1.0,10,22,1,0
2016-10-22 01:00:00,61.5,7.5,6.5,1018.3,0,2.1,10,22,2,1
2016-10-22 02:00:00,56.1,6.8,6.2,1018.0,0,2.1,10,22,3,2
2016-10-22 03:00:00,50.7,5.8,5.5,1017.9,6,1.5,10,22,4,3
2016-10-22 04:00:00,47.3,5.9,5.5,1017.5,7,1.0,10,22,5,4
2016-10-22 05:00:00,43.2,5.8,5.7,1017.4,6,2.1,10,22,6,5
2016-10-22 06:00:00,41.8,6.2,5.9,1017.4,6,1.0,10,22,7,6
2016-10-22 07:00:00,41.3,6.1,5.7,1017.4,6,1.5,10,22,1,7
2016-10-22 08:00:00,43.9,7.3,7.0,1017.5,0,2.1,10,22,2,8
2016-10-22 09:00:00,49.1,8.5,7.8,1017.6,0,1.5,10,22,3,9
2016-10-22 10:00:00,49.0,10.0,7.9,1017.2,1,2.1,10,22,4,10
2016-10-22 11:00:00,53.6,11.5,7.9,1016.9,0,3.6,10,22,5,11
2016-10-22 12:00:00,57.3,12.5,7.7,1016.6,0,3.6,10,22,6,12
2016-10-22 13:00:00,56.6,13.6,6.9,1015.9,1,2.6,10,22,7,13
2016-10-22 14:00:00,64.4,13.2,6.8,1015.6,1,3.1,10,22,1,14
2016-10-22 15:00:00,64.1,13.2,6.3,1015.2,0,2.1,10,22,2,15
2016-10-22 16:00:00,58.1,12.8,6.1,1015.1,1,4.1,10,22,3,16
2016-10-22 17:00:00,58.7,12.2,6.4,1015.1,1,3.6,10,22,4,17
2016-10-22 18:00:00,65.2,11.7,6.8,1015.2,1,2.6,10,22,5,18
2016-10-22 19:00:00,67.3,11.0,6.7,1015.1,1,2.6,10,22,6,19
2016-10-22 20:00:00,64.6,10.0,6.8,1015.1,1,2.1,10,22,7,20
2016-10-22 21:00:00,71.9,9.0,6.5,1014.9,1,1.5,10,22,1,21
2016-10-22 22:00:00,67.2,8.2,6.4,1014.7,0,1.5,10,22,2,22
2016-10-22 23:00:00,68.3,7.7,6.5,1014.6,1,2.1,10,22,3,23
2016-10-23 00:00:00,62.9,7.2,6.3,1014.3,1,1.5,10,23,4,0
2016-10-23 01:00:00,56.4,6.6,5.9,1013.8,1,1.5,10,23,5,1
2016-10-23 02:00:00,51.4,6.5,6.1,1013.5,1,2.1,10,23,6,2
2016-10-23 03:00:00,47.0,6.5,6.1,1013.0,1,2.1,10,23,7,3
2016-10-23 04:00:00,45.9,6.7,6.2,1012.8,1,2.1,10,23,1,4
2016-10-23 05:00:00,40.1,6.9,6.4,1012.7,1,2.1,10,23,2,5
2016-10-23 06:00:00,39.3,6.6,6.0,1012.6,1,2.6,10,23,3,6
2016-10-23 07:00:00,38.1,6.3,5.7,1012.7,1,2.6,10,23,4,7
2016-10-23 08:00:00,36.7,7.3,6.3,1012.7,1,2.1,10,23,5,8
2016-10-23 09:00:00,40.4,9.6,6.7,1012.6,1,3.1,10,23,6,9
2016-10-23 10:00:00,49.7,11.2,6.9,1012.7,2,4.6,10,23,7,10
2016-10-23 11:00:00,63.0,12.8,6.1,1012.2,2,5.1,10,23,1,11
2016-10-23 12:00:00,62.5,12.9,5.3,1011.4,2,5.7,10,23,2,12
2016-10-23 13:00:00,66.5,13.5,6.3,1010.9,1,5.1,10,23,3,13
2016-10-23 14:00:00,67.1,12.7,5.8,1010.6,2,5.1,10,23,4,14
2016-10-23 15:00:00,66.3,12.5,5.4,1010.5,2,5.1,10,23,5,15
2016-10-23 16:00:00,65.0,11.9,6.2,1010.3,2,3.6,10,23,6,16
2016-10-23 17:00:00,68.3,11.4,6.0,1010.2,2,4.6,10,23,7,17
2016-10-23 18:00:00,74.8,11.1,6.2,1010.3,2,4.1,10,23,1,18
2016-10-23 19:00:00,76.5,10.8,6.7,1010.1,2,4.1,10,23,2,19
2016-10-23 20:00:00,77.3,10.7,6.9,1010.7,1,3.6,10,23,3,20
2016-10-23 21:00:00,80.3,10.3,6.4,1010.7,1,3.6,10,23,4,21
2016-10-23 22:00:00,74.7,10.1,6.3,1010.9,1,2.6,10,23,5,22
2016-10-23 23:00:00,66.1,10.0,6.4,1011.0,1,3.1,10,23,6,23
2016-10-24 00:00:00,69.4,9.7,6.4,1011.3,1,2.6,10,24,7,0
2016-10-24 01:00:00,61.9,9.7,6.4,1010.9,1,2.6,10,24,1,1
2016-10-24 02:00:00,50.7,9.7,6.4,1011.5,1,3.1,10,24,2,2
2016-10-24 03:00:00,42.5,9.6,6.5,1010.6,1,3.6,10,24,3,3
2016-10-24 04:00:00,39.0,9.9,6.4,1010.4,1,4.1,10,24,4,4
2016-10-24 05:00:00,38.2,9.9,6.4,1010.7,1,4.1,10,24,5,5
2016-10-24 06:00:00,39.5,9.9,6.9,1011.1,1,3.1,10,24,6,6
2016-10-24 07:00:00,43.3,10.2,7.2,1011.3,1,3.6,10,24,7,7
2016-10-24 08:00:00,56.0,10.5,7.4,1012.0,1,3.6,10,24,1,8
2016-10-24 09:00:00,66.3,11.1,7.4,1012.2,1,3.1,10,24,2,9
2016-10-24 10:00:00,65.4,11.8,7.5,1012.2,1,3.6,10,24,3,10
2016-10-24 11:00:00,59.3,12.3,7.2,1012.5,2,3.1,10,24,4,11
2016-10-24 12:00:00,67.3,12.5,7.5,1012.8,2,3.6,10,24,5,12
2016-10-24 13:00:00,67.4,13.1,8.1,1012.9,2,3.1,10,24,6,13
2016-10-24 14:00:00,66.1,13.2,7.7,1013.1,2,3.6,10,24,7,14
2016-10-24 15:00:00,64.8,13.1,7.3,1013.2,2,3.6,10,24,1,15
2016-10-24 16:00:00,62.8,13.0,7.2,1013.5,2,3.6,10,24,2,16
2016-10-24 17:00:00,68.7,12.6,7.2,1014.3,1,2.6,10,24,3,17
2016-10-24 18:00:00,79.5,12.4,7.6,1014.7,1,2.1,10,24,4,18
2016-10-24 19:00:00,83.3,11.7,8.3,1015.5,0,1.5,10,24,5,19
2016-10-24 20:00:00,81.3,11.4,8.3,1016.1,1,2.1,10,24,6,20
2016-10-24 21:00:00,85.6,11.1,8.1,1016.8,1,2.6,10,24,7,21
2016-10-24 22:00:00,82.6,10.9,7.9,1017.5,1,2.1,10,24,1,22
2016-10-24 23:00:00,77.7,10.6,7.9,1017.8,1,1.5,10,24,2,23
2016-10-25 00:00:00,73.9,10.5,7.9,1018.5,1,1.5,10,25,3,0
2016-10-25 01:00:00,64.5,10.2,8.0,1018.7,1,1.0,10,25,4,1
2016-10-25 02:00:00,51.3,10.0,8.2,1019.2,1,1.5,10,25,5,2
2016-10-25 03:00:00,45.9,9.9,8.1,1019.4,1,1.5,10,25,6,3
2016-10-25 04:00:00,44.9,9.8,8.1,1020.0,1,1.5,10,25,7,4
2016-10-25 05:00:00,41.1,9.9,7.7,1020.3,1,2.1,10,25,1,5
2016-10-25 06:00:00,40.9,10.0,7.7,1020.6,0,1.5,10,25,2,6
2016-10-25 07:00:00,47.0,10.2,7.6,1021.4,1,1.0,10,25,3,7
2016-10-25 08:00:00,56.1,9.9,8.4,1022.2,1,1.5,10,25,4,8
2016-10-25 09:00:00,67.4,10.4,8.8,1022.8,1,2.1,10,25,5,9
2016-10-25 10:00:00,61.2,10.5,9.0,1023.2,1,1.5,10,25,6,10
2016-10-25 11:00:00,55.3,11.2,9.9,1023.4,1,2.1,10,25,7,11
2016-10-25 12:00:00,59.1,12.2,9.7,1023.6,1,1.5,10,25,1,12
2016-10-25 13:00:00,61.6,12.0,10.0,1023.6840000616444,1,1.5,10,25,2,13
2016-10-25 14:00:00,67.5,13.1,10.0,1023.7,1,2.1,10,25,3,14
2016-10-25 15:00:00,65.6,13.5,9.9,1023.7,1,1.5,10,25,4,15
2016-10-25 16:00:00,64.5,14.1,9.6,1023.7,2,1.5,10,25,5,16
2016-10-25 17:00:00,68.5,13.1,10.0,1024.4,0,1.5,10,25,6,17
2016-10-25 18:00:00,78.4,12.1,9.8,1025.0,0,1.0,10,25,7,18
2016-10-25 19:00:00,84.0,12.0,9.8,1025.4,1,1.5,10,25,1,19
2016-10-25 20:00:00,80.2,11.6,9.8,1025.7,1,1.5,10,25,2,20
2016-10-25 21:00:00,79.4,11.5,9.9,1026.0,1,0.5,10,25,3,21
2016-10-25 22:00:00,75.5,11.2,9.9,1025.9,1,1.0,10,25,4,22
2016-10-25 23:00:00,72.2,10.7,9.6,1026.0,0,0.5,10,25,5,23
2016-10-26 00:00:00,76.0,9.7,9.3,1026.3,6,1.0,10,26,6,0
2016-10-26 01:00:00,65.7,10.3,9.6,1026.5,7,1.0,10,26,7,1
2016-10-26 02:00:00,57.7,11.1,11.1,1026.7,5,2.1,10,26,1,2
2016-10-26 03:00:00,46.2,11.0,11.0,1026.7,4,2.6,10,26,2,3
2016-10-26 04:00:00,43.4,10.9,10.9,1026.7,5,2.1,10,26,3,4
2016-10-26 05:00:00,41.5,11.0,11.0,1027.0,5,2.6,10,26,4,5
2016-10-26 06:00:00,42.5,11.0,11.0,1027.4,6,2.6,10,26,5,6
2016-10-26 07:00:00,42.6,11.4,11.4,1027.5,5,2.6,10,26,6,7
2016-10-26 08:00:00,57.0,11.8,11.6,1027.9,5,3.1,10,26,7,8
2016-10-26 09:00:00,66.7,12.9,11.9,1028.2,5,3.6,10,26,1,9
2016-10-26 10:00:00,62.8,13.7,11.0,1028.4,5,4.6,10,26,2,10
2016-10-26 11:00:00,63.8,14.5,10.5,1028.7,6,5.7,10,26,3,11
2016-10-26 12:00:00,62.1,15.7,11.1,1028.6,5,5.1,10,26,4,12
2016-10-26 13:00:00,63.5,15.3,10.3,1028.6,5,5.7,10,26,5,13
2016-10-26 14:00:00,65.8,15.1,9.9,1028.3,6,5.7,10,26,6,14
2016-10-26 15:00:00,61.7,16.2,10.4,1028.1,5,5.1,10,26,7,15
2016-10-26 16:00:00,61.6,14.8,10.6,1028.6,6,4.1,10,26,1,16
2016-10-26 17:00:00,65.5,13.7,10.2,1028.9,6,3.6,10,26,2,17
2016-10-26 18:00:00,76.8,13.5,10.6,1029.6,6,2.6,10,26,3,18
2016-10-26 19:00:00,75.9,13.1,10.6,1030.0,5,4.1,10,26,4,19
2016-10-26 20:00:00,76.6,12.6,10.8,1030.2,5,3.1,10,26,5,20
2016-10-26 21:00:00,71.5,11.7,10.5,1030.9,5,3.1,10,26,6,21
2016-10-26 22:00:00,75.6,11.4,10.6,1030.6,5,3.1,10,26,7,22
2016-10-26 23:00:00,77.9,9.6,8.8,1030.8,5,2.1,10,26,1,23
2016-10-27 00:00:00,71.1,10.1,9.9,1031.1,6,2.6,10,27,2,0
2016-10-27 01:00:00,67.7,8.4,7.9,1031.5,6,1.5,10,27,3,1
2016-10-27 02:00:00,58.4,8.3,8.2,1031.7,5,2.6,10,27,4,2
2016-10-27 03:00:00,50.6,9.5,9.5,1031.8,5,2.6,10,27,5,3
2016-10-27 04:00:00,42.4,9.6,9.6,1031.7,6,3.6,10,27,6,4
2016-10-27 05:00:00,39.9,9.5,9.2,1031.9,6,3.1,10,27,7,5
2016-10-27 06:00:00,40.5,9.4,9.2,1031.7,6,3.1,10,27,1,6
2016-10-27 07:00:00,45.3,9.3,8.9,1032.1,5,3.6,10,27,2,7
2016-10-27 08:00:00,53.8,9.6,9.3,1032.5,5,2.6,10,27,3,8
2016-10-27 09:00:00,62.6,9.9,9.2,1033.0,5,3.1,10,27,4,9
2016-10-27 10:00:00,64.7,10.6,9.5,1033.1,5,3.1,10,27,5,10
2016-10-27 11:00:00,65.8,12.6,10.3,1032.9,5,3.1,10,27,6,11
2016-10-27 12:00:00,63.8,14.6,10.5,1032.5,5,3.6,10,27,7,12
2016-10-27 13:00:00,66.0,16.3,9.6,1032.1,6,4.6,10,27,1,13
2016-10-27 14:00:00,62.7,15.4,9.7,1031.8,5,6.7,10,27,2,14
2016-10-27 15:00:00,54.1,14.4,9.8,1031.7,5,5.1,10,27,3,15
2016-10-27 16:00:00,58.3,14.4,9.8,1031.3,5,6.2,10,27,4,16
2016-10-27 17:00:00,70.0,13.8,9.7,1031.4,5,4.6,10,27,5,17
2016-10-27 18:00:00,81.1,13.8,10.0,1031.4,5,6.2,10,27,6,18
2016-10-27 19:00:00,75.2,13.0,9.9,1031.8,5,4.6,10,27,7,19
2016-10-27 20:00:00,73.7,13.6,10.7,1032.0,5,5.7,10,27,1,20
2016-10-27 21:00:00,72.0,13.0,10.4,1031.6,5,6.2,10,27,2,21
2016-10-27 22:00:00,73.4,13.4,9.8,1032.0,5,5.7,10,27,3,22
2016-10-27 23:00:00,70.9,13.2,9.7,1032.0,5,5.7,10,27,4,23
2016-10-28 00:00:00,64.8,13.1,9.5,1031.8,5,6.7,10,28,5,0
2016-10-28 01:00:00,60.0,13.0,9.6,1032.0,6,6.2,10,28,6,1
2016-10-28 02:00:00,57.4,12.9,9.5,1031.9,6,4.6,10,28,7,2
2016-10-28 03:00:00,48.6,12.8,9.5,1031.9,6,5.1,10,28,1,3
2016-10-28 04:00:00,42.6,12.1,9.2,1031.8,5,5.1,10,28,2,4
2016-10-28 05:00:00,39.7,11.4,9.2,1032.3,5,4.1,10,28,3,5
2016-10-28 06:00:00,39.9,11.2,9.4,1032.5,5,4.1,10,28,4,6
2016-10-28 07:00:00,42.4,11.1,9.3,1033.1,5,3.6,10,28,5,7
2016-10-28 08:00:00,49.3,12.0,10.0,1033.6,5,3.6,10,28,6,8
2016-10-28 09:00:00,59.7,14.0,10.3,1034.0,6,3.6,10,28,7,9
2016-10-28 10:00:00,65.6,14.8,10.3,1034.1,6,4.6,10,28,1,10
2016-10-28 11:00:00,60.2,15.8,10.7,1034.6,6,4.1,10,28,2,11
2016-10-28 12:00:00,55.9,16.2,11.0,1034.4,6,4.1,10,28,3,12
2016-10-28 13:00:00,59.4,16.2,11.1,1034.5,7,3.6,10,28,4,13
2016-10-28 14:00:00,67.0,16.8,11.4,1034.3,6,3.1,10,28,5,14
2016-10-28 15:00:00,59.1,15.9,11.3,1034.5,6,3.1,10,28,6,15
2016-10-28 16:00:00,61.5,15.9,11.5,1034.8,7,1.5,10,28,7,16
2016-10-28 17:00:00,65.5,15.4,11.6,1035.0,6,2.1,10,28,1,17
2016-10-28 18:00:00,73.5,15.3,11.6,1035.2,6,2.1,10,28,2,18
2016-10-28 19:00:00,76.8,15.1,11.6,1035.3,6,2.6,10,28,3,19
2016-10-28 20:00:00,74.4,14.6,11.7,1035.2,6,2.6,10,28,4,20
2016-10-28 21:00:00,72.2,14.2,11.6,1035.4,6,2.1,10,28,5,21
2016-10-28 22:00:00,63.2,13.5,11.6,1035.7,6,1.5,10,28,6,22
2016-10-28 23:00:00,64.5,12.7,11.2,1035.5,4,0.5,10,28,7,23
2016-10-29 00:00:00,61.1,12.7,11.5,1035.4,5,2.1,10,29,1,0
2016-10-29 01:00:00,58.5,12.7,11.5,1035.2,6,1.0,10,29,2,1
2016-10-29 02:00:00,53.3,12.7,11.6,1035.3,6,1.5,10,29,3,2
2016-10-29 03:00:00,46.9,12.8,11.5,1035.3,7,0.5,10,29,4,3
2016-10-29 04:00:00,44.7,12.9,11.4,1035.3,0,0.5,10,29,5,4
2016-10-29 05:00:00,41.2,12.8,11.4,1035.2,6,0.5,10,29,6,5
2016-10-29 06:00:00,41.8,12.9,11.4,1035.1,7,0.5,10,29,7,6
2016-10-29 07:00:00,40.1,13.1,11.5,1035.5,7,1.0,10,29,1,7
2016-10-29 08:00:00,42.3,13.1,11.8,1035.9,0,0.5,10,29,2,8
2016-10-29 09:00:00,44.4,13.3,12.3,1036.1,1,1.0,10,29,3,9
2016-10-29 10:00:00,50.2,14.0,12.6,1035.9,1,1.0,10,29,4,10
2016-10-29 11:00:00,57.9,14.3,12.2,1035.9,4,1.0,10,29,5,11
2016-10-29 12:00:00,60.3,14.6,12.2,1035.3,4,1.5,10,29,6,12
2016-10-29 13:00:00,60.4,15.0,12.0,1034.7,5,2.1,10,29,7,13
2016-10-29 14:00:00,62.5,15.2,11.5,1034.0,4,1.5,10,29,1,14
2016-10-29 15:00:00,61.3,15.1,11.7,1033.7,2,1.5,10,29,2,15
2016-10-29 16:00:00,57.3,14.8,11.7,1033.3,3,2.1,10,29,3,16
2016-10-29 17:00:00,62.0,14.7,11.7,1033.2,4,2.1,10,29,4,17
2016-10-29 18:00:00,67.5,14.4,11.7,1033.2,4,2.1,10,29,5,18
2016-10-29 19:00:00,69.8,14.2,11.2,1033.1,4,1.0,10,29,6,19
2016-10-29 20:00:00,67.7,12.9,11.6,1032.9,7,1.0,10,29,7,20
2016-10-29 21:00:00,59.2,11.0,10.0,1033.0,1,1.0,10,29,1,21
2016-10-29 22:00:00,64.5,11.2,11.0,1033.0,1,1.0,10,29,2,22
2016-10-29 23:00:00,58.6,9.7,8.7,1032.7,2,1.0,10,29,3,23
2016-10-30 00:00:00,64.5,9.8,9.6,1032.6,1,0.5,10,30,4,0
2016-10-30 01:00:00,53.5,9.1,8.9,1032.1,1,1.0,10,30,5,1
2016-10-30 02:00:00,51.7,8.4,8.1,1031.7,2,1.0,10,30,6,2
2016-10-30 03:00:00,46.5,9.6,9.6,1031.4,6,1.0,10,30,7,3
2016-10-30 04:00:00,42.6,9.9,9.9,1031.2,4,1.5,10,30,1,4
2016-10-30 05:00:00,38.2,9.9,9.9,1030.8,5,1.5,10,30,2,5
2016-10-30 06:00:00,38.9,9.4,9.4,1030.9,7,1.5,10,30,3,6
2016-10-30 07:00:00,36.9,9.4,9.4,1031.1,7,1.0,10,30,4,7
2016-10-30 08:00:00,35.8,9.8,9.8,1031.5,0,1.0,10,30,5,8
2016-10-30 09:00:00,41.5,10.0,10.0,1031.6,0,0.5,10,30,6,9
2016-10-30 10:00:00,46.3,10.4,10.4,1031.4,2,1.5,10,30,7,10
2016-10-30 11:00:00,51.3,10.7,10.7,1031.5,1,1.5,10,30,1,11
2016-10-30 12:00:00,61.7,11.1,11.1,1030.8,2,1.5,10,30,2,12
2016-10-30 13:00:00,63.8,11.3,11.1,1030.7,2,1.0,10,30,3,13
2016-10-30 14:00:00,68.4,11.4,10.6,1030.2,2,3.6,10,30,4,14
2016-10-30 15:00:00,69.5,11.8,10.3,1029.8,2,2.6,10,30,5,15
2016-10-30 16:00:00,66.1,12.0,10.1,1029.6,1,2.1,10,30,6,16
2016-10-30 17:00:00,67.5,11.8,10.2,1029.3,1,1.0,10,30,7,17
2016-10-30 18:00:00,67.6,11.5,10.1,1029.2,0,1.0,10,30,1,18
2016-10-30 19:00:00,75.8,11.1,10.2,1029.3,1,2.1,10,30,2,19
2016-10-30 20:00:00,80.6,11.1,10.5,1029.3,1,1.5,10,30,3,20
2016-10-30 21:00:00,73.4,11.1,10.5,1029.3,1,2.1,10,30,4,21
2016-10-30 22:00:00,73.3,11.2,10.7,1029.2,1,2.1,10,30,5,22
2016-10-30 23:00:00,72.1,11.3,10.9,1028.8,2,2.1,10,30,6,23
2016-10-31 00:00:00,64.5,11.3,10.9,1028.7,1,1.0,10,31,7,0
2016-10-31 01:00:00,59.4,10.9,10.7,1028.5,1,1.5,10,31,1,1
2016-10-31 02:00:00,54.4,10.4,10.1,1028.3,1,1.5,10,31,2,2
2016-10-31 03:00:00,48.2,10.1,9.9,1028.0,1,1.5,10,31,3,3
2016-10-31 04:00:00,44.1,9.9,9.8,1027.7,1,1.5,10,31,4,4
2016-10-31 05:00:00,39.8,9.0,8.9,1027.7,1,1.0,10,31,5,5
2016-10-31 06:00:00,40.2,10.7,10.7,1027.6,1,2.1,10,31,6,6
2016-10-31 07:00:00,43.6,11.0,11.0,1027.7,1,1.5,10,31,7,7
2016-10-31 08:00:00,52.6,10.8,10.8,1027.9,2,2.1,10,31,1,8
2016-10-31 09:00:00,61.5,11.0,10.9,1027.9,2,1.5,10,31,2,9
2016-10-31 10:00:00,59.9,11.9,11.4,1027.8,1,1.5,10,31,3,10
2016-10-31 11:00:00,54.9,13.0,11.3,1027.7,1,1.0,10,31,4,11
2016-10-31 12:00:00,57.6,15.1,11.1,1027.4,2,1.0,10,31,5,12
2016-10-31 13:00:00,64.0,17.5,11.2,1026.8,3,1.0,10,31,6,13
2016-10-31 14:00:00,57.7,18.7,11.0,1026.3,2,1.0,10,31,7,14
2016-10-31 15:00:00,54.4,18.8,10.6,1026.0,2,1.0,10,31,1,15
2016-10-31 16:00:00,59.0,18.0,10.9,1025.8,1,1.0,10,31,2,16
2016-10-31 17:00:00,65.8,15.0,11.0,1025.8157664250016,2,1.0,10,31,3,17
2016-10-31 18:00:00,74.9,14.4,11.7,1025.9,2,0.5,10,31,4,18
2016-10-31 19:00:00,75.9,13.9,11.2,1025.9,1,1.0,10,31,5,19
2016-10-31 20:00:00,79.0,13.0,11.0,1025.9,1,1.0,10,31,6,20
2016-10-31 21:00:00,77.1,11.9,10.5,1025.8,1,0.5,10,31,7,21
2016-10-31 22:00:00,72.5,11.2,10.0,1025.6,1,1.0,10,31,1,22
2016-10-31 23:00:00,67.8,10.4,9.6,1025.2,0,1.0,10,31,2,23
2016-11-01 00:00:00,67.0,8.8,8.0,1025.0,0,0.0,11,1,3,0
2016-11-01 01:00:00,57.4,8.7,8.2,1024.6,7,1.0,11,1,4,1
2016-11-01 02:00:00,52.0,7.5,7.2,1024.3,0,0.0,11,1,5,2
2016-11-01 03:00:00,52.5,7.6,7.4,1024.0,7,1.0,11,1,6,3
2016-11-01 04:00:00,44.6,7.1,6.8,1023.8,6,0.5,11,1,7,4
2016-11-01 05:00:00,42.1,7.1,7.0,1023.5,6,0.5,11,1,1,5
2016-11-01 06:00:00,44.3,7.4,7.4,1023.4,6,1.5,11,1,2,6
2016-11-01 07:00:00,42.7,6.5,6.4,1023.4,6,1.0,11,1,3,7
2016-11-01 08:00:00,53.5,7.0,6.8,1023.8,7,1.5,11,1,4,8
2016-11-01 09:00:00,63.5,8.4,8.4,1023.9,7,1.5,11,1,5,9
2016-11-01 10:00:00,61.4,9.9,9.6,1024.2,0,3.6,11,1,6,10
2016-11-01 11:00:00,63.9,10.6,9.6,1024.6,1,3.1,11,1,7,11
2016-11-01 12:00:00,67.4,11.2,9.8,1024.3,1,3.1,11,1,1,12
2016-11-01 13:00:00,68.0,12.5,10.8,1024.0,1,2.6,11,1,2,13
2016-11-01 14:00:00,66.7,12.6,10.5,1023.6,1,2.6,11,1,3,14
2016-11-01 15:00:00,70.9,11.8,10.5,1023.6,0,3.6,11,1,4,15
2016-11-01 16:00:00,70.1,11.5,10.1,1023.7,0,3.6,11,1,5,16
2016-11-01 17:00:00,78.1,11.3,8.9,1024.0,1,3.6,11,1,6,17
2016-11-01 18:00:00,82.8,10.7,8.1,1024.9,0,4.6,11,1,7,18
2016-11-01 19:00:00,88.9,10.2,6.5,1025.0,0,3.6,11,1,1,19
2016-11-01 20:00:00,92.0,9.9,5.9,1025.0,1,2.6,11,1,2,20
2016-11-01 21:00:00,86.7,9.6,5.7,1025.3,1,2.6,11,1,3,21
2016-11-01 22:00:00,77.3,9.3,4.7,1025.4,1,2.1,11,1,4,22
2016-11-01 23:00:00,77.6,8.3,4.3,1025.5,0,2.1,11,1,5,23
2016-11-02 00:00:00,71.0,6.5,4.0,1025.7,7,1.5,11,2,6,0
2016-11-02 01:00:00,62.3,5.3,3.5,1025.6,7,1.5,11,2,7,1
2016-11-02 02:00:00,53.7,5.1,3.7,1025.3,6,1.5,11,2,1,2
2016-11-02 03:00:00,48.3,4.7,3.7,1025.0,6,2.1,11,2,2,3
2016-11-02 04:00:00,45.3,4.1,3.6,1024.8,7,1.5,11,2,3,4
2016-11-02 05:00:00,40.3,4.6,4.3,1024.3,6,3.1,11,2,4,5
2016-11-02 06:00:00,41.4,3.5,3.1,1024.3,6,2.6,11,2,5,6
2016-11-02 07:00:00,47.6,3.6,3.4,1024.8,7,2.1,11,2,6,7
2016-11-02 08:00:00,59.8,4.7,3.8,1025.2,6,2.1,11,2,7,8
2016-11-02 09:00:00,67.7,6.1,4.0,1025.3,7,3.1,11,2,1,9
2016-11-02 10:00:00,68.2,7.5,4.2,1025.6,7,3.6,11,2,2,10
2016-11-02 11:00:00,65.0,8.5,2.4,1025.5,7,2.6,11,2,3,11
2016-11-02 12:00:00,68.3,9.9,1.6,1025.1,7,3.6,11,2,4,12
2016-11-02 13:00:00,71.8,10.5,1.6,1024.7,7,3.1,11,2,5,13
2016-11-02 14:00:00,72.2,11.0,1.5,1024.4,7,3.1,11,2,6,14
2016-11-02 15:00:00,68.1,10.7,1.3,1024.3,7,3.1,11,2,7,15
2016-11-02 16:00:00,71.2,9.8,1.3,1024.5,7,2.6,11,2,1,16
2016-11-02 17:00:00,73.8,8.5,1.7,1024.6,7,1.5,11,2,2,17
2016-11-02 18:00:00,85.8,7.8,1.8,1024.8,7,1.5,11,2,3,18
2016-11-02 19:00:00,95.4,6.7,1.9,1025.2,7,1.5,11,2,4,19
2016-11-02 20:00:00,88.6,5.9,1.8,1024.8,6,1.0,11,2,5,20
2016-11-02 21:00:00,84.5,5.6,2.4,1025.0,7,1.0,11,2,6,21
2016-11-02 22:00:00,80.0,4.6,1.7,1025.2,7,1.5,11,2,7,22
2016-11-02 23:00:00,74.7,3.7,1.7,1025.2,7,1.0,11,2,1,23
2016-11-03 00:00:00,77.3,3.0,1.7,1025.0,6,2.6,11,3,2,0
2016-11-03 01:00:00,65.5,2.6,1.7,1024.8,6,1.0,11,3,3,1
2016-11-03 02:00:00,58.1,2.2,1.3,1024.6,7,1.0,11,3,4,2
2016-11-03 03:00:00,48.8,2.0,1.4,1024.3,6,1.5,11,3,5,3
2016-11-03 04:00:00,43.7,2.3,1.7,1023.7,6,1.5,11,3,6,4
2016-11-03 05:00:00,43.7,2.0,1.3,1023.6,0,1.0,11,3,7,5
2016-11-03 06:00:00,43.5,2.0,1.4,1023.5,7,0.5,11,3,1,6
2016-11-03 07:00:00,43.6,2.3,2.0,1023.2,5,0.5,11,3,2,7
2016-11-03 08:00:00,62.1,2.9,2.2,1023.4,0,0.5,11,3,3,8
2016-11-03 09:00:00,68.9,3.8,2.6,1023.4,7,0.5,11,3,4,9
2016-11-03 10:00:00,68.6,7.0,4.0,1023.0,6,0.5,11,3,5,10
2016-11-03 11:00:00,69.3,9.0,3.6,1022.6,5,2.1,11,3,6,11
2016-11-03 12:00:00,69.2,10.4,3.5,1021.9,5,2.6,11,3,7,12
2016-11-03 13:00:00,69.5,11.3,3.6,1021.0,6,4.6,11,3,1,13
2016-11-03 14:00:00,67.7,11.7,3.9,1020.3,6,5.1,11,3,2,14
2016-11-03 15:00:00,62.7,10.8,4.0,1019.6,6,3.1,11,3,3,15
2016-11-03 16:00:00,66.3,11.0,4.0,1019.1,6,3.1,11,3,4,16
2016-11-03 17:00:00,73.7,10.3,4.3,1018.7,5,2.6,11,3,5,17
2016-11-03 18:00:00,84.6,10.0,4.8,1018.5,4,3.1,11,3,6,18
2016-11-03 19:00:00,93.4,9.5,5.3,1018.4,5,4.1,11,3,7,19
2016-11-03 20:00:00,90.2,9.7,5.6,1017.9,5,4.6,11,3,1,20
2016-11-03 21:00:00,83.7,8.3,6.3,1017.8,5,6.2,11,3,2,21
2016-11-03 22:00:00,82.8,8.3,5.3,1017.3,5,3.1,11,3,3,22
2016-11-03 23:00:00,77.4,8.0,4.5,1016.7,4,2.1,11,3,4,23
2016-11-04 00:00:00,73.1,7.8,4.6,1016.2,5,2.6,11,4,5,0
2016-11-04 01:00:00,63.3,7.4,4.7,1015.5,4,2.6,11,4,6,1
2016-11-04 02:00:00,54.8,7.5,5.0,1014.9,5,3.1,11,4,7,2
2016-11-04 03:00:00,48.0,7.5,5.2,1014.3,5,2.1,11,4,1,3
2016-11-04 04:00:00,45.9,7.5,5.4,1013.7,5,2.6,11,4,2,4
2016-11-04 05:00:00,42.4,7.7,5.4,1013.0,5,3.1,11,4,3,5
2016-11-04 06:00:00,42.8,7.7,5.5,1012.3,5,2.6,11,4,4,6
2016-11-04 07:00:00,42.1,8.0,5.7,1011.8,4,2.1,11,4,5,7
2016-11-04 08:00:00,54.0,8.6,6.1,1011.5,5,3.1,11,4,6,8
2016-11-04 09:00:00,64.0,9.2,6.5,1011.1,5,3.1,11,4,7,9
2016-11-04 10:00:00,67.3,10.0,6.8,1010.8,5,3.1,11,4,1,10
2016-11-04 11:00:00,65.7,10.6,7.7,1010.3,4,2.6,11,4,2,11
2016-11-04 12:00:00,62.7,11.0,7.4,1009.4,6,2.1,11,4,3,12
2016-11-04 13:00:00,67.1,10.1,8.3,1008.6,6,2.1,11,4,4,13
2016-11-04 14:00:00,70.3,9.6,8.6,1007.7,7,1.5,11,4,5,14
2016-11-04 15:00:00,65.5,9.4,8.5,1007.0,6,2.6,11,4,6,15
2016-11-04 16:00:00,74.2,9.2,7.9,1006.4,5,2.6,11,4,7,16
2016-11-04 17:00:00,78.6,9.2,7.8,1006.1,6,1.5,11,4,1,17
2016-11-04 18:00:00,83.7,8.9,8.4,1005.9,7,2.6,11,4,2,18
2016-11-04 19:00:00,86.0,8.0,7.2,1005.8,7,2.1,11,4,3,19
2016-11-04 20:00:00,80.4,6.9,6.1,1005.7,7,1.5,11,4,4,20
2016-11-04 21:00:00,75.4,6.1,5.2,1005.9,7,1.5,11,4,5,21
2016-11-04 22:00:00,71.8,5.3,4.7,1006.0,7,0.5,11,4,6,22
2016-11-04 23:00:00,70.0,5.2,4.7,1005.8,6,2.1,11,4,7,23
2016-11-05 00:00:00,67.4,4.6,3.8,1005.6,6,2.1,11,5,1,0
2016-11-05 01:00:00,64.0,3.7,3.3,1005.4,6,2.6,11,5,2,1
2016-11-05 02:00:00,55.3,2.8,2.6,1005.2,5,2.1,11,5,3,2
2016-11-05 03:00:00,55.5,2.6,2.3,1004.9,6,1.5,11,5,4,3
2016-11-05 04:00:00,53.4,2.7,2.6,1004.7,7,1.0,11,5,5,4
2016-11-05 05:00:00,51.7,3.6,3.3,1004.5,6,2.6,11,5,6,5
2016-11-05 06:00:00,51.0,3.5,3.2,1004.4,6,3.1,11,5,7,6
2016-11-05 07:00:00,47.4,3.9,2.9,1004.7,6,3.1,11,5,1,7
2016-11-05 08:00:00,49.4,4.3,3.4,1004.8,6,3.1,11,5,2,8
2016-11-05 09:00:00,50.6,5.4,4.2,1005.2,7,3.6,11,5,3,9
2016-11-05 10:00:00,55.5,6.9,5.1,1005.4,7,5.1,11,5,4,10
2016-11-05 11:00:00,66.3,7.6,5.0,1005.8,7,4.1,11,5,5,11
2016-11-05 12:00:00,67.6,8.4,4.3,1005.8,0,4.1,11,5,6,12
2016-11-05 13:00:00,71.5,8.9,3.3,1005.9,7,4.6,11,5,7,13
2016-11-05 14:00:00,66.1,8.9,1.9,1006.0,7,6.2,11,5,1,14
2016-11-05 15:00:00,61.7,8.6,1.7,1006.5,7,4.6,11,5,2,15
2016-11-05 16:00:00,64.7,7.7,1.3,1006.7,7,3.6,11,5,3,16
2016-11-05 17:00:00,69.2,7.1,1.6,1007.1,7,3.6,11,5,4,17
2016-11-05 18:00:00,72.0,6.9,1.6,1007.5,7,4.1,11,5,5,18
2016-11-05 19:00:00,71.0,5.5,1.1,1007.9,7,2.6,11,5,6,19
2016-11-05 20:00:00,68.5,4.8,0.9,1008.0,7,2.6,11,5,7,20
2016-11-05 21:00:00,69.7,4.8,0.6,1008.0,7,3.6,11,5,1,21
2016-11-05 22:00:00,74.3,4.3,0.1,1008.0,7,4.1,11,5,2,22
2016-11-05 23:00:00,70.7,3.8,-0.4,1008.2,7,3.6,11,5,3,23
2016-11-06 00:00:00,74.4,3.4,-0.7,1008.0,7,4.1,11,6,4,0
2016-11-06 01:00:00,66.0,3.1,-0.9,1007.8,6,3.6,11,6,5,1
2016-11-06 02:00:00,59.6,2.7,-1.1,1007.6,6,3.6,11,6,6,2
2016-11-06 03:00:00,52.1,2.5,-1.1,1007.1,7,4.1,11,6,7,3
2016-11-06 04:00:00,45.4,2.4,-1.3,1006.9,7,3.1,11,6,1,4
2016-11-06 05:00:00,43.9,2.1,-1.4,1006.6,6,3.1,11,6,2,5
2016-11-06 06:00:00,43.1,2.0,-1.4,1006.3,7,4.1,11,6,3,6
2016-11-06 07:00:00,44.5,1.7,-1.3,1006.5,7,3.6,11,6,4,7
2016-11-06 08:00:00,43.1,2.7,-0.9,1006.4,7,3.6,11,6,5,8
2016-11-06 09:00:00,47.3,4.1,-0.6,1006.3,7,4.6,11,6,6,9
2016-11-06 10:00:00,52.3,5.4,-0.5,1006.3,7,5.7,11,6,7,10
2016-11-06 11:00:00,63.2,6.2,0.1,1006.2,7,4.6,11,6,1,11
2016-11-06 12:00:00,68.1,7.2,0.5,1005.7,7,6.7,11,6,2,12
2016-11-06 13:00:00,69.4,7.4,0.4,1005.2,7,6.7,11,6,3,13
2016-11-06 14:00:00,74.1,7.0,0.7,1005.3,7,4.6,11,6,4,14
2016-11-06 15:00:00,76.9,7.1,1.3,1005.4,7,3.6,11,6,5,15
2016-11-06 16:00:00,78.6,5.4,3.0,1005.8,0,5.1,11,6,6,16
2016-11-06 17:00:00,76.1,4.0,2.9,1006.3,7,3.1,11,6,7,17
2016-11-06 18:00:00,83.7,4.1,3.3,1006.6,7,3.6,11,6,1,18
2016-11-06 19:00:00,87.3,4.7,3.2,1006.7,7,3.6,11,6,2,19
2016-11-06 20:00:00,88.2,5.0,2.9,1007.0,7,4.1,11,6,3,20
2016-11-06 21:00:00,88.2,5.4,3.0,1007.2,0,4.1,11,6,4,21
2016-11-06 22:00:00,89.5,5.8,3.0,1007.1,0,5.1,11,6,5,22
2016-11-06 23:00:00,83.2,6.2,3.0,1007.3,0,5.1,11,6,6,23
2016-11-07 00:00:00,78.1,6.3,3.1,1007.8,0,5.1,11,7,7,0
2016-11-07 01:00:00,67.5,6.1,3.1,1007.9,0,6.2,11,7,1,1
2016-11-07 02:00:00,60.8,6.0,3.3,1008.2,0,5.7,11,7,2,2
2016-11-07 03:00:00,52.6,5.9,3.1,1008.5,0,5.1,11,7,3,3
2016-11-07 04:00:00,53.5,5.8,3.0,1008.9,0,4.6,11,7,4,4
2016-11-07 05:00:00,48.2,5.7,3.0,1009.6,0,5.7,11,7,5,5
2016-11-07 06:00:00,46.6,5.7,2.9,1010.0,0,5.7,11,7,6,6
2016-11-07 07:00:00,47.4,5.5,2.7,1010.7,0,6.2,11,7,7,7
2016-11-07 08:00:00,52.5,5.6,2.6,1011.3,0,5.7,11,7,1,8
2016-11-07 09:00:00,63.5,6.2,2.8,1011.6,0,6.2,11,7,2,9
2016-11-07 10:00:00,71.6,7.3,2.9,1012.3,0,5.1,11,7,3,10
2016-11-07 11:00:00,72.0,8.2,3.1,1012.6,0,5.1,11,7,4,11
2016-11-07 12:00:00,73.3,7.9,2.6,1013.0,0,5.7,11,7,5,12
2016-11-07 13:00:00,76.3,8.1,2.0,1013.0,0,5.7,11,7,6,13
2016-11-07 14:00:00,73.9,8.1,1.9,1013.0,0,4.6,11,7,7,14
2016-11-07 15:00:00,68.4,8.0,1.7,1013.5,0,4.6,11,7,1,15
2016-11-07 16:00:00,72.9,7.6,1.7,1013.5,0,3.6,11,7,2,16
2016-11-07 17:00:00,74.7,6.5,1.6,1013.9,0,2.1,11,7,3,17
2016-11-07 18:00:00,78.8,5.2,1.4,1014.1,7,2.6,11,7,4,18
2016-11-07 19:00:00,86.1,4.0,1.0,1014.2,7,2.1,11,7,5,19
2016-11-07 20:00:00,85.2,3.7,0.9,1014.5,7,2.6,11,7,6,20
2016-11-07 21:00:00,89.2,3.2,0.9,1014.6,7,2.1,11,7,7,21
2016-11-07 22:00:00,83.2,2.8,1.2,1014.5,7,3.6,11,7,1,22
2016-11-07 23:00:00,81.1,2.3,0.9,1014.2,7,3.1,11,7,2,23
2016-11-08 00:00:00,75.2,2.2,0.9,1014.0,7,3.1,11,8,3,0
2016-11-08 01:00:00,70.4,1.9,0.8,1013.8,7,3.1,11,8,4,1
2016-11-08 02:00:00,59.7,1.4,0.4,1013.5,7,3.1,11,8,5,2
2016-11-08 03:00:00,54.5,1.2,0.1,1013.2,6,2.6,11,8,6,3
2016-11-08 04:00:00,50.7,0.5,-0.3,1013.1,6,2.1,11,8,7,4
2016-11-08 05:00:00,46.8,-0.6,-1.1,1012.9,6,3.1,11,8,1,5
2016-11-08 06:00:00,44.2,0.0,-0.4,1012.7,6,2.1,11,8,2,6
2016-11-08 07:00:00,47.9,-0.2,-1.3,1012.5,6,2.1,11,8,3,7
2016-11-08 08:00:00,53.8,0.2,-0.8,1012.7,6,1.5,11,8,4,8
2016-11-08 09:00:00,66.3,1.7,0.0,1012.4,6,2.1,11,8,5,9
2016-11-08 10:00:00,70.5,4.7,1.7,1012.3,6,3.1,11,8,6,10
2016-11-08 11:00:00,71.1,4.4,0.7,1011.9,6,3.1,11,8,7,11
2016-11-08 12:00:00,76.6,4.7,0.7,1011.1,6,3.1,11,8,1,12
2016-11-08 13:00:00,78.0,5.2,0.8,1010.6,6,2.1,11,8,2,13
2016-11-08 14:00:00,76.5,5.7,0.8,1009.9,6,3.1,11,8,3,14
2016-11-08 15:00:00,73.7,5.5,0.4,1009.3,6,3.1,11,8,4,15
2016-11-08 16:00:00,79.2,5.5,-0.2,1008.3,4,1.5,11,8,5,16
2016-11-08 17:00:00,76.9,5.3,0.4,1007.9,4,2.6,11,8,6,17
2016-11-08 18:00:00,86.1,5.1,0.3,1007.5,4,3.1,11,8,7,18
2016-11-08 19:00:00,84.8,4.8,0.2,1006.3,3,3.1,11,8,1,19
2016-11-08 20:00:00,86.2,4.6,0.4,1005.4,3,2.6,11,8,2,20
2016-11-08 21:00:00,90.5,4.2,1.5,1004.2,3,2.6,11,8,3,21
2016-11-08 22:00:00,88.4,4.0,2.2,1003.2,3,3.1,11,8,4,22
2016-11-08 23:00:00,80.9,4.0,3.0,1002.0,2,3.6,11,8,5,23
2016-11-09 00:00:00,72.4,4.1,3.5,1000.7,2,4.1,11,9,6,0
2016-11-09 01:00:00,67.3,4.5,4.0,999.0,2,4.1,11,9,7,1
2016-11-09 02:00:00,58.3,4.7,4.4,997.6,2,5.7,11,9,1,2
2016-11-09 03:00:00,52.6,4.9,4.6,996.6,2,5.1,11,9,2,3
2016-11-09 04:00:00,51.2,5.2,4.9,995.4,2,4.1,11,9,3,4
2016-11-09 05:00:00,48.2,5.6,5.4,994.4,1,5.7,11,9,4,5
2016-11-09 06:00:00,46.2,6.1,5.9,994.7,1,5.1,11,9,5,6
2016-11-09 07:00:00,48.0,6.4,6.1,995.0,0,4.1,11,9,6,7
2016-11-09 08:00:00,53.2,6.5,6.2,996.6,0,3.1,11,9,7,8
2016-11-09 09:00:00,68.7,6.5,6.1,997.8,0,2.6,11,9,1,9
2016-11-09 10:00:00,66.1,6.7,6.1,998.8,6,3.1,11,9,2,10
2016-11-09 11:00:00,69.3,6.7,5.6,999.6,6,3.6,11,9,3,11
2016-11-09 12:00:00,72.2,7.6,5.0,999.9,7,5.7,11,9,4,12
2016-11-09 13:00:00,80.0,9.0,4.8,1000.4,7,6.2,11,9,5,13
2016-11-09 14:00:00,81.1,8.6,4.9,1001.3,7,6.2,11,9,6,14
2016-11-09 15:00:00,71.0,9.5,4.7,1001.8,7,6.2,11,9,7,15
2016-11-09 16:00:00,69.0,8.4,4.5,1002.6,6,7.2,11,9,1,16
2016-11-09 17:00:00,78.9,7.7,5.4,1003.2,6,3.6,11,9,2,17
2016-11-09 18:00:00,79.8,7.5,5.8,1003.7,6,2.6,11,9,3,18
2016-11-09 19:00:00,80.0,7.4,5.7,1004.2,6,3.1,11,9,4,19
2016-11-09 20:00:00,80.6,6.9,5.1,1004.6,6,3.6,11,9,5,20
2016-11-09 21:00:00,81.7,6.4,4.7,1005.3,6,3.6,11,9,6,21
2016-11-09 22:00:00,79.3,5.4,4.3,1005.8,6,3.6,11,9,7,22
2016-11-09 23:00:00,82.4,5.2,4.3,1006.2,6,2.6,11,9,1,23
2016-11-10 00:00:00,73.1,4.6,4.1,1006.6,6,3.1,11,10,2,0
2016-11-10 01:00:00,64.6,4.2,3.6,1006.5,6,4.6,11,10,3,1
2016-11-10 02:00:00,56.2,3.6,2.9,1006.8,6,4.1,11,10,4,2
2016-11-10 03:00:00,49.4,4.1,3.8,1006.3,6,2.6,11,10,5,3
2016-11-10 04:00:00,46.3,4.3,3.9,1006.4,5,2.1,11,10,6,4
2016-11-10 05:00:00,45.0,3.3,2.8,1006.1,5,2.1,11,10,7,5
2016-11-10 06:00:00,45.2,4.2,4.0,1006.3,4,2.1,11,10,1,6
2016-11-10 07:00:00,46.2,5.7,4.8,1006.3,5,2.6,11,10,2,7
2016-11-10 08:00:00,58.1,6.0,5.0,1006.5,5,2.6,11,10,3,8
2016-11-10 09:00:00,61.7,7.1,5.9,1006.6,6,2.6,11,10,4,9
2016-11-10 10:00:00,63.6,7.9,6.4,1006.5,6,5.1,11,10,5,10
2016-11-10 11:00:00,63.3,9.3,6.7,1006.5,6,5.7,11,10,6,11
2016-11-10 12:00:00,67.9,10.2,6.6,1006.4,6,6.2,11,10,7,12
2016-11-10 13:00:00,75.4,11.1,6.7,1006.4,6,3.6,11,10,1,13
2016-11-10 14:00:00,74.9,10.8,5.9,1006.3,6,5.7,11,10,2,14
2016-11-10 15:00:00,69.8,11.2,5.0,1006.5,6,5.7,11,10,3,15
2016-11-10 16:00:00,65.3,8.2,5.2,1007.3,7,3.1,11,10,4,16
2016-11-10 17:00:00,74.8,7.3,4.5,1007.6,6,3.6,11,10,5,17
2016-11-10 18:00:00,85.7,7.6,3.8,1008.6,6,4.6,11,10,6,18
2016-11-10 19:00:00,83.0,7.5,3.8,1009.3,6,4.1,11,10,7,19
2016-11-10 20:00:00,84.3,7.1,4.4,1009.9,6,3.6,11,10,1,20
2016-11-10 21:00:00,83.7,6.6,4.5,1010.7,7,2.6,11,10,2,21
2016-11-10 22:00:00,78.0,6.7,4.4,1011.7,7,4.1,11,10,3,22
2016-11-10 23:00:00,78.0,6.2,4.3,1012.8,7,3.6,11,10,4,23
2016-11-11 00:00:00,72.7,5.9,3.9,1013.9,7,2.6,11,11,5,0
2016-11-11 01:00:00,68.1,6.1,3.8,1014.6,7,3.6,11,11,6,1
2016-11-11 02:00:00,61.3,5.1,2.8,1015.6,6,2.6,11,11,7,2
2016-11-11 03:00:00,56.6,3.9,2.4,1016.6,7,2.6,11,11,1,3
2016-11-11 04:00:00,52.3,3.6,2.2,1017.5,7,2.6,11,11,2,4
2016-11-11 05:00:00,48.3,3.2,1.9,1018.3,7,2.6,11,11,3,5
2016-11-11 06:00:00,47.0,3.6,2.5,1019.3,0,2.1,11,11,4,6
2016-11-11 07:00:00,49.6,4.0,2.7,1020.2,7,1.5,11,11,5,7
2016-11-11 08:00:00,58.8,4.6,2.9,1021.0,1,2.1,11,11,6,8
2016-11-11 09:00:00,66.1,5.7,3.5,1021.9,0,1.0,11,11,7,9
2016-11-11 10:00:00,62.8,6.7,3.9,1022.8,6,2.1,11,11,1,10
2016-11-11 11:00:00,61.6,9.3,4.9,1023.2,7,0.5,11,11,2,11
2016-11-11 12:00:00,62.2,9.8,4.1,1023.1,4,1.5,11,11,3,12
2016-11-11 13:00:00,66.2,10.4,3.2,1023.1,4,1.5,11,11,4,13
2016-11-11 14:00:00,69.9,10.1,2.7,1022.9,4,2.1,11,11,5,14
2016-11-11 15:00:00,64.5,9.7,3.5,1022.9,4,2.1,11,11,6,15
2016-11-11 16:00:00,66.7,7.8,3.0,1023.1,4,2.1,11,11,7,16
2016-11-11 17:00:00,74.6,7.1,2.9,1023.3,4,1.5,11,11,1,17
2016-11-11 18:00:00,77.2,6.5,2.5,1023.3,4,2.1,11,11,2,18
2016-11-11 19:00:00,78.0,5.3,2.5,1023.1,3,3.1,11,11,3,19
2016-11-11 20:00:00,76.0,5.3,2.6,1022.7,4,2.6,11,11,4,20
2016-11-11 21:00:00,76.7,4.0,2.4,1022.4,3,3.6,11,11,5,21
2016-11-11 22:00:00,67.9,4.1,2.4,1022.3,4,2.1,11,11,6,22
2016-11-11 23:00:00,71.9,3.1,2.1,1021.6,3,3.1,11,11,7,23
2016-11-12 00:00:00,70.1,3.9,2.9,1021.0,3,2.6,11,12,1,0
2016-11-12 01:00:00,68.0,3.2,2.5,1020.4,3,2.1,11,12,2,1
2016-11-12 02:00:00,60.8,5.1,4.1,1019.7,3,2.1,11,12,3,2
2016-11-12 03:00:00,51.4,5.5,3.7,1018.8,3,3.1,11,12,4,3
2016-11-12 04:00:00,46.5,6.8,4.8,1017.9,3,3.6,11,12,5,4
2016-11-12 05:00:00,45.6,7.8,5.7,1017.1,3,4.1,11,12,6,5
2016-11-12 06:00:00,46.9,8.6,6.5,1016.3,3,5.1,11,12,7,6
2016-11-12 07:00:00,45.1,8.6,7.3,1015.7,3,4.6,11,12,1,7
2016-11-12 08:00:00,47.3,8.7,7.7,1015.6,3,4.1,11,12,2,8
2016-11-12 09:00:00,53.8,8.8,8.1,1015.8,3,3.6,11,12,3,9
2016-11-12 10:00:00,57.8,9.1,8.4,1015.2,3,4.6,11,12,4,10
2016-11-12 11:00:00,61.9,9.3,8.8,1015.2,4,4.6,11,12,5,11
2016-11-12 12:00:00,69.4,9.6,9.1,1014.8,3,3.6,11,12,6,12
2016-11-12 13:00:00,69.3,10.1,9.7,1014.4,3,3.1,11,12,7,13
2016-11-12 14:00:00,69.6,10.5,9.9,1014.1,3,2.6,11,12,1,14
2016-11-12 15:00:00,66.3,10.5,10.0,1014.6,2,1.5,11,12,2,15
2016-11-12 16:00:00,69.0,10.4,10.1,1015.0,1,0.5,11,12,3,16
2016-11-12 17:00:00,71.5,10.4,10.2,1015.3,1,1.0,11,12,4,17
2016-11-12 18:00:00,77.3,10.5,10.3,1016.3,0,1.0,11,12,5,18
2016-11-12 19:00:00,73.1,10.3,10.1,1016.9,7,1.5,11,12,6,19
2016-11-12 20:00:00,74.1,10.1,9.8,1017.4,7,1.5,11,12,7,20
2016-11-12 21:00:00,79.6,10.3,9.7,1018.3,6,1.5,11,12,1,21
2016-11-12 22:00:00,73.6,9.4,8.6,1019.1,7,1.5,11,12,2,22
2016-11-12 23:00:00,69.9,9.0,8.1,1019.6,7,2.1,11,12,3,23
2016-11-13 00:00:00,74.9,8.9,7.9,1020.1,7,2.1,11,13,4,0
2016-11-13 01:00:00,59.0,8.6,7.7,1020.5,7,3.1,11,13,5,1
2016-11-13 02:00:00,51.2,8.1,7.0,1021.2,7,2.6,11,13,6,2
2016-11-13 03:00:00,51.5,7.2,6.4,1021.8,7,2.1,11,13,7,3
2016-11-13 04:00:00,46.8,6.8,6.0,1022.5,7,1.5,11,13,1,4
2016-11-13 05:00:00,44.1,6.7,6.1,1023.4,6,2.1,11,13,2,5
2016-11-13 06:00:00,43.9,5.9,5.7,1024.2,6,1.5,11,13,3,6
2016-11-13 07:00:00,45.3,6.6,5.9,1024.7,6,2.1,11,13,4,7
2016-11-13 08:00:00,45.9,6.1,5.5,1025.7,6,1.5,11,13,5,8
2016-11-13 09:00:00,49.7,7.3,6.1,1026.2,7,1.5,11,13,6,9
2016-11-13 10:00:00,55.6,8.8,6.1,1027.0,0,3.1,11,13,7,10
2016-11-13 11:00:00,61.4,9.3,5.6,1027.3,0,3.1,11,13,1,11
2016-11-13 12:00:00,70.0,9.8,5.8,1027.8,7,3.6,11,13,2,12
2016-11-13 13:00:00,72.2,10.7,5.6,1028.0,7,3.6,11,13,3,13
2016-11-13 14:00:00,72.2,11.0,5.3,1028.0,0,3.1,11,13,4,14
2016-11-13 15:00:00,72.4,10.6,4.9,1028.3,0,3.6,11,13,5,15
2016-11-13 16:00:00,83.6,9.8,4.9,1029.0,0,2.6,11,13,6,16
2016-11-13 17:00:00,81.7,8.7,5.0,1029.6,0,1.5,11,13,7,17
2016-11-13 18:00:00,92.1,7.6,4.7,1030.2,7,1.5,11,13,1,18
2016-11-13 19:00:00,94.1,6.3,4.5,1030.7,6,0.5,11,13,2,19
2016-11-13 20:00:00,95.8,6.7,4.3,1031.3,7,1.0,11,13,3,20
2016-11-13 21:00:00,100.5,6.4,4.4,1031.7,7,0.5,11,13,4,21
2016-11-13 22:00:00,93.0,6.2,4.3,1031.5,7,1.0,11,13,5,22
2016-11-13 23:00:00,92.2,5.5,4.1,1031.4,6,0.5,11,13,6,23
2016-11-14 00:00:00,81.9,5.1,4.2,1031.6,6,0.5,11,14,7,0
2016-11-14 01:00:00,75.8,5.4,4.8,1031.6,5,1.0,11,14,1,1
2016-11-14 02:00:00,69.0,5.7,4.9,1031.2,4,1.0,11,14,2,2
2016-11-14 03:00:00,57.5,6.0,5.2,1031.3,6,1.5,11,14,3,3
2016-11-14 04:00:00,50.5,6.2,5.6,1031.0,5,1.5,11,14,4,4
2016-11-14 05:00:00,49.2,6.7,6.0,1030.8,4,1.5,11,14,5,5
2016-11-14 06:00:00,49.7,7.0,6.1,1030.5,4,2.1,11,14,6,6
2016-11-14 07:00:00,51.6,7.5,6.3,1030.3,4,3.1,11,14,7,7
2016-11-14 08:00:00,62.1,7.7,6.7,1030.8,4,3.1,11,14,1,8
2016-11-14 09:00:00,70.7,8.6,7.5,1030.6,4,2.6,11,14,2,9
2016-11-14 10:00:00,75.7,9.6,8.3,1030.8,5,4.6,11,14,3,10
2016-11-14 11:00:00,72.2,10.6,8.9,1031.0,5,3.1,11,14,4,11
2016-11-14 12:00:00,71.5,10.9,9.9,1030.3,5,3.6,11,14,5,12
2016-11-14 13:00:00,70.6,11.6,10.6,1029.2,5,5.7,11,14,6,13
2016-11-14 14:00:00,68.6,12.1,10.5,1028.8,5,5.7,11,14,7,14
2016-11-14 15:00:00,67.5,12.4,10.4,1028.5,5,4.1,11,14,1,15
2016-11-14 16:00:00,68.0,12.3,10.9,1028.3,5,4.6,11,14,2,16
2016-11-14 17:00:00,75.4,12.2,11.1,1027.9,6,5.7,11,14,3,17
2016-11-14 18:00:00,83.6,12.4,11.1,1027.8,6,5.7,11,14,4,18
2016-11-14 19:00:00,91.8,12.4,11.2,1027.7,6,4.6,11,14,5,19
2016-11-14 20:00:00,91.3,12.6,11.4,1027.7,6,5.1,11,14,6,20
2016-11-14 21:00:00,85.9,12.6,11.5,1027.5,6,5.7,11,14,7,21
2016-11-14 22:00:00,87.2,12.6,11.6,1027.3,6,6.2,11,14,1,22
2016-11-14 23:00:00,82.2,12.6,11.7,1027.0,6,6.2,11,14,2,23
2016-11-15 00:00:00,82.8,12.5,11.5,1026.9,6,4.6,11,15,3,0
2016-11-15 01:00:00,70.6,12.5,11.7,1026.6,6,4.6,11,15,4,1
2016-11-15 02:00:00,59.8,12.5,11.7,1026.4,6,4.1,11,15,5,2
2016-11-15 03:00:00,50.6,12.5,11.8,1026.3,6,3.6,11,15,6,3
2016-11-15 04:00:00,45.5,12.7,12.0,1025.9,6,4.1,11,15,7,4
2016-11-15 05:00:00,45.1,13.0,12.0,1025.8,5,3.6,11,15,1,5
2016-11-15 06:00:00,46.4,12.7,11.8,1025.8,6,4.1,11,15,2,6
2016-11-15 07:00:00,48.3,12.9,11.9,1025.9,6,4.6,11,15,3,7
2016-11-15 08:00:00,61.3,13.4,12.3,1026.1,5,3.1,11,15,4,8
2016-11-15 09:00:00,73.3,13.8,12.7,1026.4,5,4.6,11,15,5,9
2016-11-15 10:00:00,71.4,14.1,12.7,1026.6,6,4.1,11,15,6,10
2016-11-15 11:00:00,68.0,14.5,12.7,1026.5,6,4.1,11,15,7,11
2016-11-15 12:00:00,65.2,15.1,12.8,1026.4,7,3.6,11,15,1,12
2016-11-15 13:00:00,66.8,15.4,13.2,1025.9,6,4.1,11,15,2,13
2016-11-15 14:00:00,66.1,15.5,13.2,1025.7,6,4.6,11,15,3,14
2016-11-15 15:00:00,65.3,15.3,13.0,1025.5,6,4.1,11,15,4,15
2016-11-15 16:00:00,72.0,15.0,13.0,1025.2,6,3.6,11,15,5,16
2016-11-15 17:00:00,73.2,14.5,13.0,1024.9,6,4.6,11,15,6,17
2016-11-15 18:00:00,81.1,14.3,12.7,1024.6,6,4.6,11,15,7,18
2016-11-15 19:00:00,90.4,13.6,12.7,1024.3,6,4.6,11,15,1,19
2016-11-15 20:00:00,88.5,13.5,12.5,1024.1,6,4.6,11,15,2,20
2016-11-15 21:00:00,85.9,13.5,12.3,1023.6,6,5.1,11,15,3,21
2016-11-15 22:00:00,85.2,13.4,12.4,1023.0,6,4.6,11,15,4,22
2016-11-15 23:00:00,80.4,13.5,12.5,1022.2,6,5.1,11,15,5,23
2016-11-16 00:00:00,77.8,13.4,12.0,1021.5,6,5.1,11,16,6,0
2016-11-16 01:00:00,68.0,13.4,12.0,1020.6,6,5.1,11,16,7,1
2016-11-16 02:00:00,56.1,13.3,12.1,1019.6,5,5.1,11,16,1,2
2016-11-16 03:00:00,54.8,13.1,12.3,1019.1,5,5.1,11,16,2,3
2016-11-16 04:00:00,48.2,13.0,12.4,1018.0,5,5.7,11,16,3,4
2016-11-16 05:00:00,43.1,13.0,12.4,1017.5,5,5.1,11,16,4,5
2016-11-16 06:00:00,41.8,13.2,12.2,1016.8,5,5.1,11,16,5,6
2016-11-16 07:00:00,46.0,12.7,11.7,1016.3,5,5.1,11,16,6,7
2016-11-16 08:00:00,57.5,11.7,9.8,1016.3,6,7.2,11,16,7,8
2016-11-16 09:00:00,63.6,12.0,8.8,1016.5,6,6.7,11,16,1,9
2016-11-16 10:00:00,62.2,12.6,8.7,1016.3,6,6.7,11,16,2,10
2016-11-16 11:00:00,63.8,13.0,8.6,1016.0,6,7.7,11,16,3,11
2016-11-16 12:00:00,65.8,13.6,9.2,1015.3,6,8.2,11,16,4,12
2016-11-16 13:00:00,75.0,13.1,8.5,1015.1,6,8.2,11,16,5,13
2016-11-16 14:00:00,72.9,14.0,8.7,1013.9,5,8.2,11,16,6,14
2016-11-16 15:00:00,65.5,13.4,8.4,1013.5,5,7.7,11,16,7,15
2016-11-16 16:00:00,66.6,12.9,8.5,1013.2,5,7.2,11,16,1,16
2016-11-16 17:00:00,75.8,11.3,9.7,1013.0,5,5.1,11,16,2,17
2016-11-16 18:00:00,83.0,10.9,9.6,1012.9,6,4.6,11,16,3,18
2016-11-16 19:00:00,85.8,10.7,10.0,1012.7,6,5.1,11,16,4,19
2016-11-16 20:00:00,88.0,10.5,8.9,1012.1,6,5.7,11,16,5,20
2016-11-16 21:00:00,87.7,10.3,8.5,1012.0,6,5.7,11,16,6,21
2016-11-16 22:00:00,80.6,9.8,8.1,1011.5,6,5.1,11,16,7,22
2016-11-16 23:00:00,83.8,9.4,7.7,1011.2,5,4.6,11,16,1,23
2016-11-17 00:00:00,75.3,8.4,5.8,1010.7,5,4.6,11,17,2,0
2016-11-17 01:00:00,65.4,8.1,6.7,1010.2,5,4.6,11,17,3,1
2016-11-17 02:00:00,58.3,8.1,6.3,1009.6,5,3.6,11,17,4,2
2016-11-17 03:00:00,49.7,8.2,6.5,1008.6,5,3.6,11,17,5,3
2016-11-17 04:00:00,45.9,8.0,6.2,1007.8,5,3.1,11,17,6,4
2016-11-17 05:00:00,44.7,7.7,6.0,1006.9,5,5.1,11,17,7,5
2016-11-17 06:00:00,45.1,7.4,5.6,1006.1,5,5.1,11,17,1,6
2016-11-17 07:00:00,47.3,7.1,4.9,1005.6,5,5.1,11,17,2,7
2016-11-17 08:00:00,62.2,7.3,4.3,1004.7,5,4.1,11,17,3,8
2016-11-17 09:00:00,65.3,7.8,4.7,1003.5,4,4.1,11,17,4,9
2016-11-17 10:00:00,68.9,9.1,5.9,1001.9,5,6.2,11,17,5,10
2016-11-17 11:00:00,66.4,11.0,7.3,1000.2,5,7.7,11,17,6,11
2016-11-17 12:00:00,67.0,12.3,8.1,998.2,5,7.7,11,17,7,12
2016-11-17 13:00:00,73.0,12.9,7.6,996.8,5,8.8,11,17,1,13
2016-11-17 14:00:00,74.0,13.2,7.2,995.0,5,11.8,11,17,2,14
2016-11-17 15:00:00,67.3,12.1,7.5,995.4,6,7.2,11,17,3,15
2016-11-17 16:00:00,71.7,10.7,5.5,995.3,5,8.8,11,17,4,16
2016-11-17 17:00:00,80.3,9.1,5.2,995.3,6,11.8,11,17,5,17
2016-11-17 18:00:00,89.3,9.0,5.0,995.0,6,7.7,11,17,6,18
2016-11-17 19:00:00,88.6,8.8,5.1,995.1,6,7.2,11,17,7,19
2016-11-17 20:00:00,93.1,8.4,4.0,995.1,5,6.2,11,17,1,20
2016-11-17 21:00:00,91.1,7.3,3.1,994.4,5,4.6,11,17,2,21
2016-11-17 22:00:00,85.6,7.3,3.3,993.8,4,3.6,11,17,3,22
2016-11-17 23:00:00,83.4,7.3,3.9,992.7,5,5.1,11,17,4,23
2016-11-18 00:00:00,80.3,6.5,3.3,992.2,5,5.1,11,18,5,0
2016-11-18 01:00:00,69.9,6.3,4.0,992.7,6,6.2,11,18,6,1
2016-11-18 02:00:00,60.5,4.5,2.8,992.7,5,5.7,11,18,7,2
2016-11-18 03:00:00,54.3,4.4,2.0,992.7,6,6.2,11,18,1,3
2016-11-18 04:00:00,53.2,4.0,2.0,992.9,5,6.2,11,18,2,4
2016-11-18 05:00:00,52.0,3.9,2.3,993.2,5,4.1,11,18,3,5
2016-11-18 06:00:00,49.4,3.8,1.9,993.5,5,5.7,11,18,4,6
2016-11-18 07:00:00,50.4,3.7,1.6,993.8,5,5.7,11,18,5,7
2016-11-18 08:00:00,60.2,3.5,1.7,994.3,5,4.1,11,18,6,8
2016-11-18 09:00:00,67.7,4.4,2.0,994.8,5,4.6,11,18,7,9
2016-11-18 10:00:00,73.6,6.6,2.6,994.8,5,6.2,11,18,1,10
2016-11-18 11:00:00,76.7,6.6,2.0,995.8,5,5.7,11,18,2,11
2016-11-18 12:00:00,75.6,11.0,5.6,995.9,5,5.1,11,18,3,12
2016-11-18 13:00:00,83.8,7.9,2.1,996.0,6,5.7,11,18,4,13
2016-11-18 14:00:00,81.7,7.9,2.3,996.4,6,6.7,11,18,5,14
2016-11-18 15:00:00,75.1,7.3,2.2,997.1,5,6.2,11,18,6,15
2016-11-18 16:00:00,81.1,5.9,1.4,997.9,5,5.1,11,18,7,16
2016-11-18 17:00:00,88.5,5.3,1.0,998.1,5,4.6,11,18,1,17
2016-11-18 18:00:00,93.0,5.0,1.4,998.5,5,4.1,11,18,2,18
2016-11-18 19:00:00,91.1,4.8,1.5,998.6,5,4.1,11,18,3,19
2016-11-18 20:00:00,93.6,4.7,1.5,998.8,5,4.1,11,18,4,20
2016-11-18 21:00:00,86.8,4.4,1.4,999.0,5,4.1,11,18,5,21
2016-11-18 22:00:00,84.9,3.6,1.2,999.2,6,4.1,11,18,6,22
2016-11-18 23:00:00,83.3,3.6,1.4,999.5,5,3.6,11,18,7,23
2016-11-19 00:00:00,75.2,2.0,0.4,999.6,6,2.1,11,19,1,0
2016-11-19 01:00:00,66.9,2.5,1.2,1000.0,6,1.0,11,19,2,1
2016-11-19 02:00:00,63.8,2.3,1.3,1000.3,5,2.6,11,19,3,2
2016-11-19 03:00:00,62.5,2.1,1.2,1000.6,5,3.6,11,19,4,3
2016-11-19 04:00:00,57.5,1.7,1.2,1001.0,5,3.1,11,19,5,4
2016-11-19 05:00:00,49.5,1.9,1.1,1001.5,5,2.6,11,19,6,5
2016-11-19 06:00:00,51.7,1.9,1.1,1002.1,5,4.1,11,19,7,6
2016-11-19 07:00:00,52.0,2.1,1.2,1002.0,6,4.6,11,19,1,7
2016-11-19 08:00:00,60.4,2.3,1.4,1002.8,6,3.1,11,19,2,8
2016-11-19 09:00:00,63.6,4.0,2.3,1003.4,5,3.1,11,19,3,9
2016-11-19 10:00:00,67.4,6.1,2.8,1003.6,5,3.1,11,19,4,10
2016-11-19 11:00:00,72.1,6.5,2.6,1003.7,6,5.1,11,19,5,11
2016-11-19 12:00:00,75.1,6.7,2.7,1003.2,5,4.6,11,19,6,12
2016-11-19 13:00:00,79.1,7.5,2.8,1002.5,5,3.6,11,19,7,13
2016-11-19 14:00:00,77.6,8.1,2.1,1001.8,4,4.1,11,19,1,14
2016-11-19 15:00:00,80.0,7.5,2.8,1001.2,4,3.6,11,19,2,15
2016-11-19 16:00:00,80.1,6.6,2.5,1000.8,4,4.6,11,19,3,16
2016-11-19 17:00:00,88.0,6.2,2.8,1000.3,4,3.6,11,19,4,17
2016-11-19 18:00:00,92.6,5.9,2.8,999.5,3,4.1,11,19,5,18
2016-11-19 19:00:00,91.0,5.8,4.6,998.4,3,3.6,11,19,6,19
2016-11-19 20:00:00,95.3,5.7,4.9,997.1,3,3.6,11,19,7,20
2016-11-19 21:00:00,85.6,5.8,5.2,995.5,3,3.6,11,19,1,21
2016-11-19 22:00:00,81.9,5.7,5.4,993.7,2,3.6,11,19,2,22
2016-11-19 23:00:00,74.6,6.1,5.7,991.5,2,4.1,11,19,3,23
2016-11-20 00:00:00,1.8082,7.0,6.5,989.3,3,5.7,11,20,4,0
2016-11-20 01:00:00,1.8082,7.2,6.2,986.0,3,8.2,11,20,5,1
2016-11-20 02:00:00,1.8082,7.2,6.4,981.7,2,9.3,11,20,6,2
2016-11-20 03:00:00,1.8082,8.0,7.3,978.5,2,8.8,11,20,7,3
2016-11-20 04:00:00,1.8082,8.6,8.0,975.8,2,6.7,11,20,1,4
2016-11-20 05:00:00,1.8082,8.7,8.2,973.3,2,5.7,11,20,2,5
2016-11-20 06:00:00,1.8082,8.6,8.1,972.7784099308927,1,5.1,11,20,3,6
2016-11-20 07:00:00,1.8082,8.8,8.2,974.5443825780617,0,4.6,11,20,4,7
2016-11-20 08:00:00,1.8082,8.8,7.8,977.6131639361994,7,5.7,11,20,5,8
2016-11-20 09:00:00,1.8082,7.9,6.9,981.0,6,6.7,11,20,6,9
2016-11-20 10:00:00,1.8082,6.6,5.9,984.6,6,8.2,11,20,7,10
2016-11-20 11:00:00,1.8082,6.2,5.1,987.7,6,7.2,11,20,1,11
2016-11-20 12:00:00,1.8082,5.9,4.4,989.8,6,7.7,11,20,2,12
2016-11-20 13:00:00,1.8082,6.1,4.2,991.5,6,6.7,11,20,3,13
2016-11-20 14:00:00,1.8082,6.0,4.0,993.1,6,5.7,11,20,4,14
2016-11-20 15:00:00,1.8082,6.1,3.7,994.4,5,4.6,11,20,5,15
2016-11-20 16:00:00,1.8082,6.0,3.6,995.0,5,3.6,11,20,6,16
2016-11-20 17:00:00,1.8082,6.0,3.4,995.0,6,2.1,11,20,7,17
2016-11-20 18:00:00,1.8082,6.1,3.2,995.7,4,1.5,11,20,1,18
2016-11-20 19:00:00,1.8082,6.2,3.6,995.9,0,1.0,11,20,2,19
2016-11-20 20:00:00,1.8082,5.9,3.5,995.6,2,1.5,11,20,3,20
2016-11-20 21:00:00,1.8082,5.8,4.0,995.4,2,2.1,11,20,4,21
2016-11-20 22:00:00,1.8082,5.8,4.0,995.6,1,2.1,11,20,5,22
2016-11-20 23:00:00,1.8082,5.4,4.4,995.2,1,4.1,11,20,6,23
2016-11-21 00:00:00,42.0041,5.3,4.7,994.6,1,3.6,11,21,7,0
2016-11-21 01:00:00,78.8,5.4,4.8,993.7,1,4.6,11,21,1,1
2016-11-21 02:00:00,69.3,5.4,5.0,993.4,1,4.1,11,21,2,2
2016-11-21 03:00:00,58.9,5.5,5.2,992.7,1,4.1,11,21,3,3
2016-11-21 04:00:00,52.4,5.8,5.4,992.2,1,4.1,11,21,4,4
2016-11-21 05:00:00,50.6,6.0,5.5,991.8,2,3.6,11,21,5,5
2016-11-21 06:00:00,49.6,6.2,5.8,991.4,1,3.6,11,21,6,6
2016-11-21 07:00:00,54.3,6.5,6.2,990.8,2,4.1,11,21,7,7
2016-11-21 08:00:00,67.1,7.0,6.6,990.4,1,5.1,11,21,1,8
2016-11-21 09:00:00,77.5,7.9,7.6,989.9,2,4.1,11,21,2,9
2016-11-21 10:00:00,76.3,9.3,9.0,989.1,1,4.1,11,21,3,10
2016-11-21 11:00:00,72.0,10.3,10.0,988.3,2,4.6,11,21,4,11
2016-11-21 12:00:00,74.5,11.6,11.1,986.7,2,4.6,11,21,5,12
2016-11-21 13:00:00,78.6,11.9,11.4,985.4,2,5.7,11,21,6,13
2016-11-21 14:00:00,81.6,12.1,11.4,985.1,4,6.7,11,21,7,14
2016-11-21 15:00:00,78.7,11.4,8.9,986.1,4,7.2,11,21,1,15
2016-11-21 16:00:00,79.7,11.0,8.3,986.2,4,5.1,11,21,2,16
2016-11-21 17:00:00,84.6,10.7,8.8,986.2,4,5.7,11,21,3,17
2016-11-21 18:00:00,88.7,10.9,8.9,986.9,4,5.1,11,21,4,18
2016-11-21 19:00:00,95.5,10.9,8.8,987.4,4,4.6,11,21,5,19
2016-11-21 20:00:00,92.7,10.6,8.3,987.3,3,3.6,11,21,6,20
2016-11-21 21:00:00,95.4,10.7,8.4,987.4,3,4.6,11,21,7,21
2016-11-21 22:00:00,89.3,10.4,9.2,987.4,3,3.6,11,21,1,22
2016-11-21 23:00:00,88.1,10.7,8.7,987.2,3,5.7,11,21,2,23
2016-11-22 00:00:00,84.4,10.7,8.7,987.6,4,4.6,11,22,3,0
2016-11-22 01:00:00,74.0,9.3,7.1,988.3,4,8.2,11,22,4,1
2016-11-22 02:00:00,65.1,8.8,7.1,988.6,4,5.7,11,22,5,2
2016-11-22 03:00:00,56.9,9.2,7.9,987.9,3,6.7,11,22,6,3
2016-11-22 04:00:00,52.5,9.9,7.7,988.0,4,10.3,11,22,7,4
2016-11-22 05:00:00,49.8,9.3,7.2,990.4,4,6.7,11,22,1,5
2016-11-22 06:00:00,50.3,9.0,7.9,992.3,4,6.2,11,22,2,6
2016-11-22 07:00:00,52.0,9.3,7.0,993.9,4,6.7,11,22,3,7
2016-11-22 08:00:00,61.2,9.2,6.3,995.8,4,6.2,11,22,4,8
2016-11-22 09:00:00,75.2,10.0,6.4,997.4,4,6.7,11,22,5,9
2016-11-22 10:00:00,82.9,10.8,6.5,999.2,4,7.7,11,22,6,10
2016-11-22 11:00:00,77.8,10.4,7.4,1000.3,5,7.7,11,22,7,11
2016-11-22 12:00:00,75.8,11.8,6.9,1001.2,5,6.2,11,22,1,12
2016-11-22 13:00:00,78.6,11.2,6.5,1002.1,5,7.2,11,22,2,13
2016-11-22 14:00:00,76.1,11.8,4.4,1002.4,5,7.7,11,22,3,14
2016-11-22 15:00:00,66.9,11.3,5.2,1003.9,4,6.7,11,22,4,15
2016-11-22 16:00:00,73.2,10.9,5.3,1005.0,5,5.1,11,22,5,16
2016-11-22 17:00:00,84.3,10.0,5.3,1006.5,4,4.6,11,22,6,17
2016-11-22 18:00:00,101.2,9.7,5.8,1007.2,4,4.1,11,22,7,18
2016-11-22 19:00:00,98.4,9.3,6.1,1008.1,4,3.1,11,22,1,19
2016-11-22 20:00:00,92.5,9.1,5.7,1009.4,4,3.1,11,22,2,20
2016-11-22 21:00:00,94.7,9.2,6.2,1010.0,5,3.6,11,22,3,21
2016-11-22 22:00:00,90.4,7.9,5.7,1010.4,5,2.1,11,22,4,22
2016-11-22 23:00:00,91.4,6.8,5.9,1011.3,4,2.1,11,22,5,23
2016-11-23 00:00:00,81.2,6.246489349834008,6.006366692898385,1011.9164522370532,4,2.1774970481653493,11,23,6,0
2016-11-23 01:00:00,72.6,6.1220821162568955,5.816691054436418,1012.1929007958446,7,1.9747885738293112,11,23,7,1
2016-11-23 02:00:00,66.2,5.7,5.3,1012.7,0,1.5,11,23,1,2
2016-11-23 03:00:00,56.7,5.0,4.6,1013.4,7,1.0,11,23,2,3
2016-11-23 04:00:00,52.8,4.8,4.5,1013.7,0,1.5,11,23,3,4
2016-11-23 05:00:00,51.5,4.7,4.4,1014.5,7,1.0,11,23,4,5
2016-11-23 06:00:00,48.0,4.2,4.0,1015.0,7,1.5,11,23,5,6
2016-11-23 07:00:00,51.4,5.1,4.9,1015.8,7,2.1,11,23,6,7
2016-11-23 08:00:00,63.2,5.7,5.3,1016.4,0,2.1,11,23,7,8
2016-11-23 09:00:00,72.1,6.7,5.9,1017.0,1,2.6,11,23,1,9
2016-11-23 10:00:00,71.4,7.6,6.4,1017.6,1,2.1,11,23,2,10
2016-11-23 11:00:00,69.7,8.249773585364476,6.53810162202633,1017.9319736270967,1,1.987683539206849,11,23,3,11
2016-11-23 12:00:00,73.9,9.0,6.7,1017.9,1,2.6,11,23,4,12
2016-11-23 13:00:00,74.5,10.0,7.1,1017.6,1,3.6,11,23,5,13
2016-11-23 14:00:00,85.0,10.1,6.8,1017.8,1,3.1,11,23,6,14
2016-11-23 15:00:00,79.7,9.7,7.0,1018.0,0,3.1,11,23,7,15
2016-11-23 16:00:00,75.9,9.2,6.7,1018.4,1,3.1,11,23,1,16
2016-11-23 17:00:00,88.2,8.8,6.8,1019.0,1,3.6,11,23,2,17
2016-11-23 18:00:00,97.6,8.9,6.9,1019.3,1,4.6,11,23,3,18
2016-11-23 19:00:00,98.2,9.1,6.6,1019.8,1,5.1,11,23,4,19
2016-11-23 20:00:00,97.3,9.4,6.3,1020.3,1,4.6,11,23,5,20
2016-11-23 21:00:00,90.1,9.5,6.7,1020.9,1,4.6,11,23,6,21
2016-11-23 22:00:00,88.6,9.5,7.0,1020.9,1,5.7,11,23,7,22
2016-11-23 23:00:00,88.1,9.4,7.3,1021.2,1,5.7,11,23,1,23
2016-11-24 00:00:00,87.9,9.8,7.5,1021.3,1,5.1,11,24,2,0
2016-11-24 01:00:00,75.9,10.0,7.6,1021.6,1,5.7,11,24,3,1
2016-11-24 02:00:00,67.6,9.9,7.6,1021.7,1,5.7,11,24,4,2
2016-11-24 03:00:00,57.5,10.1,7.7,1021.8,1,5.1,11,24,5,3
2016-11-24 04:00:00,49.5,10.2,7.6,1021.9,1,5.7,11,24,6,4
2016-11-24 05:00:00,47.0,10.2,7.5,1021.9,1,4.6,11,24,7,5
2016-11-24 06:00:00,47.2,10.2,7.3,1022.0,1,5.7,11,24,1,6
2016-11-24 07:00:00,53.4,10.1,7.3,1022.3,1,4.6,11,24,2,7
2016-11-24 08:00:00,62.1,9.7,6.9,1022.9,1,6.2,11,24,3,8
2016-11-24 09:00:00,70.4,9.9,6.9,1023.7,1,6.2,11,24,4,9
2016-11-24 10:00:00,67.7,10.2,7.0,1023.8,1,6.2,11,24,5,10
2016-11-24 11:00:00,68.0,10.2,6.9,1023.7,1,6.2,11,24,6,11
2016-11-24 12:00:00,72.4,10.3,7.0,1023.4,1,6.2,11,24,7,12
2016-11-24 13:00:00,74.3,10.4,6.7,1023.4,1,7.2,11,24,1,13
2016-11-24 14:00:00,75.8,10.2,6.8,1022.9,1,6.7,11,24,2,14
2016-11-24 15:00:00,71.7,10.2,6.4,1022.7,1,5.7,11,24,3,15
2016-11-24 16:00:00,73.6,9.9,5.6,1023.2,1,5.7,11,24,4,16
2016-11-24 17:00:00,86.0,9.4,5.4,1023.3,1,5.1,11,24,5,17
2016-11-24 18:00:00,88.6,9.3,5.0,1024.0,1,4.6,11,24,6,18
2016-11-24 19:00:00,98.0,8.9,4.8,1024.0,1,5.7,11,24,7,19
2016-11-24 20:00:00,89.8,8.4,4.4,1023.9,1,6.2,11,24,1,20
2016-11-24 21:00:00,90.6,8.1,4.3,1023.9,1,5.7,11,24,2,21
2016-11-24 22:00:00,86.4,7.8,4.1,1023.7,1,5.1,11,24,3,22
2016-11-24 23:00:00,86.2,7.5,3.9,1023.7,1,5.7,11,24,4,23
2016-11-25 00:00:00,83.2,7.4,3.9,1023.9,1,5.1,11,25,5,0
2016-11-25 01:00:00,77.9,7.1,3.8,1023.2,1,6.2,11,25,6,1
2016-11-25 02:00:00,66.2,6.6,3.6,1023.0,1,4.6,11,25,7,2
2016-11-25 03:00:00,60.3,6.2,3.5,1022.8,1,4.6,11,25,1,3
2016-11-25 04:00:00,54.8,6.5,3.4,1022.9,1,4.6,11,25,2,4
2016-11-25 05:00:00,52.0,6.4,3.4,1022.4,1,4.6,11,25,3,5
2016-11-25 06:00:00,51.4,6.0,3.0,1022.3,1,3.6,11,25,4,6
2016-11-25 07:00:00,52.4,5.5,2.8,1022.1,1,3.1,11,25,5,7
2016-11-25 08:00:00,61.7,5.7,2.3,1022.5,1,3.6,11,25,6,8
2016-11-25 09:00:00,71.0,6.5,2.5,1022.6,1,4.1,11,25,7,9
2016-11-25 10:00:00,77.0,7.8,2.4,1022.5,1,5.7,11,25,1,10
2016-11-25 11:00:00,72.4,8.7,2.6,1022.5,1,4.6,11,25,2,11
2016-11-25 12:00:00,63.7,10.1,2.2,1021.9,1,5.7,11,25,3,12
2016-11-25 13:00:00,71.0,10.8,2.2,1021.4,1,5.7,11,25,4,13
2016-11-25 14:00:00,70.2,10.9,2.7,1020.9,1,7.2,11,25,5,14
2016-11-25 15:00:00,71.0,10.5,2.4,1020.8,1,6.2,11,25,6,15
2016-11-25 16:00:00,73.7,9.7,2.3,1020.8,1,6.7,11,25,7,16
2016-11-25 17:00:00,85.5,8.6,3.0,1021.0,1,5.1,11,25,1,17
2016-11-25 18:00:00,97.1,7.8,3.9,1021.2,1,4.1,11,25,2,18
2016-11-25 19:00:00,101.4,7.3,4.1,1021.2,1,4.1,11,25,3,19
2016-11-25 20:00:00,99.5,7.0,4.4,1021.4,1,4.1,11,25,4,20
2016-11-25 21:00:00,95.4,6.8,4.5,1021.3,1,5.1,11,25,5,21
2016-11-25 22:00:00,88.7,6.5,4.5,1021.1,1,4.1,11,25,6,22
2016-11-25 23:00:00,80.8,6.3,4.5,1021.2,1,2.6,11,25,7,23
2016-11-26 00:00:00,79.2,5.6,4.3,1021.4,1,2.1,11,26,1,0
2016-11-26 01:00:00,74.8,4.4,3.5,1021.4,0,2.1,11,26,2,1
2016-11-26 02:00:00,69.7,3.8,3.2,1021.5,1,2.1,11,26,3,2
2016-11-26 03:00:00,63.3,3.7,3.2,1021.4,1,2.1,11,26,4,3
2016-11-26 04:00:00,61.2,3.5,3.1,1021.1,1,1.5,11,26,5,4
2016-11-26 05:00:00,53.8,3.3,3.0,1020.8,0,1.0,11,26,6,5
2016-11-26 06:00:00,48.5,3.1,2.8,1021.1,1,1.5,11,26,7,6
2016-11-26 07:00:00,50.0,3.4,3.3,1021.0,0,3.6,11,26,1,7
2016-11-26 08:00:00,55.5,3.3,3.2,1021.2,1,2.6,11,26,2,8
2016-11-26 09:00:00,61.3,3.8,3.7,1021.3,0,3.6,11,26,3,9
2016-11-26 10:00:00,63.7,4.8,4.6,1021.3,0,2.6,11,26,4,10
2016-11-26 11:00:00,68.7,6.5,5.2,1021.2,0,1.5,11,26,5,11
2016-11-26 12:00:00,76.5,7.9,5.5,1021.0,1,2.6,11,26,6,12
2016-11-26 13:00:00,78.3,8.8,5.8,1020.6,1,3.6,11,26,7,13
2016-11-26 14:00:00,80.3,8.9,5.3,1020.2,1,3.6,11,26,1,14
2016-11-26 15:00:00,76.7,9.0,5.3,1020.3,1,2.6,11,26,2,15
2016-11-26 16:00:00,80.0,8.4,5.6,1020.3,1,2.1,11,26,3,16
2016-11-26 17:00:00,87.1,7.2,5.2,1020.5,0,1.5,11,26,4,17
2016-11-26 18:00:00,97.4,6.5,5.3,1020.7,1,2.1,11,26,5,18
2016-11-26 19:00:00,97.8,6.5,5.5,1020.9,0,2.1,11,26,6,19
2016-11-26 20:00:00,83.9,6.4,5.4,1021.1,1,2.6,11,26,7,20
2016-11-26 21:00:00,84.3,5.8,4.9,1021.5,1,2.1,11,26,1,21
2016-11-26 22:00:00,82.2,6.0,5.0,1021.9,1,3.6,11,26,2,22
2016-11-26 23:00:00,82.7,6.0,4.5,1022.1,1,3.1,11,26,3,23
2016-11-27 00:00:00,82.3,5.4,4.1,1022.4,1,1.0,11,27,4,0
2016-11-27 01:00:00,75.8,5.1,4.1,1022.7,1,1.5,11,27,5,1
2016-11-27 02:00:00,65.4,5.0,4.0,1023.0,0,1.5,11,27,6,2
2016-11-27 03:00:00,57.9,5.4,4.6,1023.1,0,1.5,11,27,7,3
2016-11-27 04:00:00,56.4,5.5,5.2,1023.0,0,1.5,11,27,1,4
2016-11-27 05:00:00,51.0,5.8,5.6,1023.3,0,1.0,11,27,2,5
2016-11-27 06:00:00,50.8,6.1,5.7,1023.3,1,1.5,11,27,3,6
2016-11-27 07:00:00,51.3,6.3,5.6,1023.6,1,2.6,11,27,4,7
2016-11-27 08:00:00,54.3,6.7,6.0,1024.5,1,3.1,11,27,5,8
2016-11-27 09:00:00,62.2,7.3,5.5,1025.0,1,2.6,11,27,6,9
2016-11-27 10:00:00,71.1,7.8,5.1,1025.5,1,3.6,11,27,7,10
2016-11-27 11:00:00,72.0,8.3,5.0,1025.6,1,3.1,11,27,1,11
2016-11-27 12:00:00,69.1,8.5,4.3,1025.5,1,4.1,11,27,2,12
2016-11-27 13:00:00,79.1,8.4,2.9,1025.6,1,5.1,11,27,3,13
2016-11-27 14:00:00,80.8,8.2,3.1,1025.5,1,3.6,11,27,4,14
2016-11-27 15:00:00,77.8,8.1,3.3,1025.5,1,2.6,11,27,5,15
2016-11-27 16:00:00,82.3,8.2,3.9,1025.6,1,3.1,11,27,6,16
2016-11-27 17:00:00,89.6,7.9,4.2,1025.8,1,2.6,11,27,7,17
2016-11-27 18:00:00,96.5,7.9,3.7,1026.1,1,3.6,11,27,1,18
2016-11-27 19:00:00,102.2,7.6,2.2,1026.5,1,3.1,11,27,2,19
2016-11-27 20:00:00,95.6,6.0,2.8,1026.7,1,2.6,11,27,3,20
2016-11-27 21:00:00,101.2,6.3,3.4,1026.9,0,2.6,11,27,4,21
2016-11-27 22:00:00,97.4,7.2,3.3,1027.0,1,4.6,11,27,5,22
2016-11-27 23:00:00,90.1,6.8,2.6,1027.2,1,3.6,11,27,6,23
2016-11-28 00:00:00,89.3,7.0,1.1,1027.2,1,3.6,11,28,7,0
2016-11-28 01:00:00,73.9,6.7,1.3,1027.2,1,2.6,11,28,1,1
2016-11-28 02:00:00,64.0,6.7,1.3,1027.1,0,2.6,11,28,2,2
2016-11-28 03:00:00,59.0,6.8,1.0,1027.1,0,3.1,11,28,3,3
2016-11-28 04:00:00,54.0,6.8,1.2,1027.1,1,2.6,11,28,4,4
2016-11-28 05:00:00,51.0,6.9,1.3,1027.2,1,3.1,11,28,5,5
2016-11-28 06:00:00,49.3,6.7,1.5,1027.5,1,2.6,11,28,6,6
2016-11-28 07:00:00,55.6,6.9,2.3,1028.2,1,3.6,11,28,7,7
2016-11-28 08:00:00,63.3,6.0,2.5,1029.1,1,2.6,11,28,1,8
2016-11-28 09:00:00,74.9,6.6,2.7,1029.8,1,3.1,11,28,2,9
2016-11-28 10:00:00,81.5,7.5,1.5,1030.5,2,5.7,11,28,3,10
2016-11-28 11:00:00,78.5,8.1,-1.5,1030.8,2,5.7,11,28,4,11
2016-11-28 12:00:00,74.1,8.4,-3.4,1030.8,2,5.7,11,28,5,12
2016-11-28 13:00:00,75.1,8.7,-1.8,1030.7,2,5.1,11,28,6,13
2016-11-28 14:00:00,77.8,8.2,-1.2,1030.8,2,6.7,11,28,7,14
2016-11-28 15:00:00,79.4,7.3,-1.6,1031.0,2,7.2,11,28,1,15
2016-11-28 16:00:00,82.2,6.2,-1.1,1031.3,2,6.2,11,28,2,16
2016-11-28 17:00:00,91.3,6.1,-0.5,1031.7,2,3.6,11,28,3,17
2016-11-28 18:00:00,102.7,5.7,-0.1,1031.8,1,4.1,11,28,4,18
2016-11-28 19:00:00,103.5,5.1,0.1,1032.0,1,4.1,11,28,5,19
2016-11-28 20:00:00,105.1,4.6,-0.3,1032.1,1,3.1,11,28,6,20
2016-11-28 21:00:00,106.6,3.7,-0.6,1032.3,1,2.6,11,28,7,21
2016-11-28 22:00:00,104.1,3.0,-0.9,1032.9,1,2.1,11,28,1,22
2016-11-28 23:00:00,98.5,2.2,-1.1,1033.0,1,3.1,11,28,2,23
2016-11-29 00:00:00,96.4,1.7,-1.2,1032.9,1,3.1,11,29,3,0
2016-11-29 01:00:00,82.5,1.3,-1.4,1033.1,1,2.6,11,29,4,1
2016-11-29 02:00:00,68.9,0.5,-1.7,1033.2,0,1.5,11,29,5,2
2016-11-29 03:00:00,61.1,0.0,-1.9,1033.1,1,2.6,11,29,6,3
2016-11-29 04:00:00,52.8,-0.3,-1.9,1033.0,0,1.0,11,29,7,4
2016-11-29 05:00:00,49.4,-0.1,-1.9,1032.9,0,1.5,11,29,1,5
2016-11-29 06:00:00,47.9,-0.1,-1.9,1033.5,0,1.5,11,29,2,6
2016-11-29 07:00:00,52.9,-0.4,-2.1,1033.7,1,2.1,11,29,3,7
2016-11-29 08:00:00,66.7,-0.5,-1.8,1034.5,0,1.0,11,29,4,8
2016-11-29 09:00:00,77.3,0.5,-1.6,1034.7,0,2.1,11,29,5,9
2016-11-29 10:00:00,86.3,2.2,-0.8,1035.1,1,2.6,11,29,6,10
2016-11-29 11:00:00,88.1,4.1,0.1,1035.0,1,2.6,11,29,7,11
2016-11-29 12:00:00,89.7,5.7,-0.5,1034.5,1,2.6,11,29,1,12
2016-11-29 13:00:00,90.4,6.9,-2.2,1034.3,1,2.1,11,29,2,13
2016-11-29 14:00:00,86.2,6.9,-6.3,1033.9,2,3.6,11,29,3,14
2016-11-29 15:00:00,81.7,6.0,-5.5,1033.7,2,3.1,11,29,4,15
2016-11-29 16:00:00,87.0,4.2,-5.9,1034.1,2,1.0,11,29,5,16
2016-11-29 17:00:00,94.0,4.0,-4.7,1034.2,1,1.5,11,29,6,17
2016-11-29 18:00:00,105.4,2.9,-4.3,1034.1,1,1.0,11,29,7,18
2016-11-29 19:00:00,118.2,2.4,-3.9,1034.1,1,1.0,11,29,1,19
2016-11-29 20:00:00,109.1,1.5,-2.9,1034.1,0,1.0,11,29,2,20
2016-11-29 21:00:00,104.7,1.0,-1.8,1035.1,0,1.5,11,29,3,21
2016-11-29 22:00:00,99.9,0.4,-2.1,1035.7,0,1.0,11,29,4,22
2016-11-29 23:00:00,105.3,-1.9,-4.3,1035.5,3,0.5,11,29,5,23
2016-11-30 00:00:00,94.1,-0.8,-1.4,1035.0,5,1.5,11,30,6,0
2016-11-30 01:00:00,78.3,-2.2,-3.1,1034.9,6,0.5,11,30,7,1
2016-11-30 02:00:00,65.5,-3.0,-4.2,1034.9,6,0.5,11,30,1,2
2016-11-30 03:00:00,62.7,-3.5,-4.3,1035.0,6,0.5,11,30,2,3
2016-11-30 04:00:00,56.3,-3.1,-3.8,1035.3,7,1.0,11,30,3,4
2016-11-30 05:00:00,58.0,-2.9,-3.3,1035.2,6,1.0,11,30,4,5
2016-11-30 06:00:00,55.9,-3.9,-5.5,1035.4,6,1.0,11,30,5,6
2016-11-30 07:00:00,57.6,-3.0,-4.0,1035.4,6,1.0,11,30,6,7
2016-11-30 08:00:00,77.6,-2.9,-3.9,1035.9,7,1.0,11,30,7,8
2016-11-30 09:00:00,89.2,-2.1,-3.4,1036.1,7,1.0,11,30,1,9
2016-11-30 10:00:00,83.6,-0.4,-2.3,1036.2,6,2.1,11,30,2,10
2016-11-30 11:00:00,76.6,1.5,-1.3,1036.0,6,2.1,11,30,3,11
2016-11-30 12:00:00,75.3,3.6,-1.1,1035.7,7,1.0,11,30,4,12
2016-11-30 13:00:00,83.9,4.9,-2.4,1035.1,6,2.1,11,30,5,13
2016-11-30 14:00:00,85.5,6.3,-1.7,1034.3,6,2.1,11,30,6,14
2016-11-30 15:00:00,78.8,6.6,-1.6,1034.0,7,2.1,11,30,7,15
2016-11-30 16:00:00,85.5,5.5,-0.9,1033.6,6,2.1,11,30,1,16
2016-11-30 17:00:00,99.0,4.5,-1.1,1033.8,6,2.1,11,30,2,17
2016-11-30 18:00:00,102.1,3.6,-1.4,1033.9,6,2.6,11,30,3,18
2016-11-30 19:00:00,107.4,2.3,-2.4,1034.1,5,2.6,11,30,4,19
2016-11-30 20:00:00,108.9,2.6,-1.8,1034.1,6,2.6,11,30,5,20
2016-11-30 21:00:00,106.3,1.9,-2.0,1034.1,6,2.6,11,30,6,21
2016-11-30 22:00:00,102.7,0.9,-2.7,1034.1,6,1.5,11,30,7,22
2016-11-30 23:00:00,101.9,0.1,-4.0,1034.1,6,2.6,11,30,1,23
2016-12-01 00:00:00,93.6,-0.3,-3.2,1033.8,6,1.5,12,1,2,0
2016-12-01 01:00:00,89.2,-1.2,-3.8,1033.3,6,2.1,12,1,3,1
2016-12-01 02:00:00,74.9,-1.9,-4.5,1033.2,6,2.6,12,1,4,2
2016-12-01 03:00:00,70.2,-1.2,-3.8,1033.0,6,1.0,12,1,5,3
2016-12-01 04:00:00,62.9,-1.9,-4.4,1032.7,6,1.0,12,1,6,4
2016-12-01 05:00:00,56.3,-2.5,-5.2,1032.4,6,2.1,12,1,7,5
2016-12-01 06:00:00,54.4,-1.3,-5.2,1032.3,6,1.5,12,1,1,6
2016-12-01 07:00:00,58.6,-1.2,-6.1,1032.1,6,2.1,12,1,2,7
2016-12-01 08:00:00,78.4,-2.1,-6.4,1032.1,6,2.1,12,1,3,8
2016-12-01 09:00:00,89.1,-1.3,-4.8,1032.0,6,2.1,12,1,4,9
2016-12-01 10:00:00,87.8,1.2,-3.4,1032.0,7,1.5,12,1,5,10
2016-12-01 11:00:00,84.9,4.1,-0.4,1031.6,6,1.5,12,1,6,11
2016-12-01 12:00:00,91.6,5.1,0.1,1031.0,6,3.1,12,1,7,12
2016-12-01 13:00:00,95.9,6.6,1.4,1030.4,6,2.6,12,1,1,13
2016-12-01 14:00:00,90.6,7.7,2.3,1029.9,6,3.1,12,1,2,14
2016-12-01 15:00:00,86.2,7.4,2.7,1029.8,6,3.1,12,1,3,15
2016-12-01 16:00:00,88.1,6.4,2.4,1029.6,6,2.6,12,1,4,16
2016-12-01 17:00:00,94.4,6.2,2.8,1029.4,6,2.6,12,1,5,17
2016-12-01 18:00:00,108.5,4.7,2.0,1029.1,6,2.6,12,1,6,18
2016-12-01 19:00:00,112.0,4.5,2.0,1028.9,6,2.6,12,1,7,19
2016-12-01 20:00:00,109.5,3.4,1.7,1028.5,7,2.1,12,1,1,20
2016-12-01 21:00:00,105.5,3.3,1.7,1028.6,6,2.6,12,1,2,21
2016-12-01 22:00:00,100.3,3.3,1.8,1028.7,6,2.1,12,1,3,22
2016-12-01 23:00:00,98.2,3.8,2.2,1028.4,6,1.5,12,1,4,23
2016-12-02 00:00:00,86.4,3.9,2.3,1028.3,6,1.0,12,2,5,0
2016-12-02 01:00:00,82.2,3.7,2.5,1028.0,6,1.0,12,2,6,1
2016-12-02 02:00:00,68.6,3.8,2.6,1027.7,6,0.5,12,2,7,2
2016-12-02 03:00:00,62.7,4.1,2.9,1027.6,6,2.1,12,2,1,3
2016-12-02 04:00:00,53.9,4.4,3.0,1027.3,6,1.0,12,2,2,4
2016-12-02 05:00:00,51.8,4.6,3.1,1027.0,6,1.5,12,2,3,5
2016-12-02 06:00:00,52.6,4.4,3.0,1027.0,6,0.5,12,2,4,6
2016-12-02 07:00:00,56.6,4.7,3.1,1027.0,6,1.5,12,2,5,7
2016-12-02 08:00:00,69.2,5.5,3.8,1027.3,7,1.0,12,2,6,8
2016-12-02 09:00:00,80.4,5.5,3.8,1027.6,6,1.5,12,2,7,9
2016-12-02 10:00:00,82.9,6.1,4.2,1027.7,6,0.5,12,2,1,10
2016-12-02 11:00:00,83.4,6.7,4.5,1027.5,7,1.0,12,2,2,11
2016-12-02 12:00:00,74.5,7.3,4.5,1027.2,0,1.0,12,2,3,12
2016-12-02 13:00:00,79.6,7.7,4.6,1027.0,1,1.0,12,2,4,13
2016-12-02 14:00:00,75.1,7.9,4.7,1026.5,1,1.5,12,2,5,14
2016-12-02 15:00:00,77.3,7.9,4.7,1026.2,0,1.5,12,2,6,15
2016-12-02 16:00:00,82.5,7.7,4.7,1026.4,0,1.5,12,2,7,16
2016-12-02 17:00:00,91.7,7.4,4.6,1026.2,1,1.5,12,2,1,17
2016-12-02 18:00:00,99.7,7.1,4.5,1026.1,0,1.0,12,2,2,18
2016-12-02 19:00:00,96.7,6.9,4.7,1026.4,0,1.5,12,2,3,19
2016-12-02 20:00:00,93.4,6.4,4.7,1026.4,1,1.5,12,2,4,20
2016-12-02 21:00:00,91.4,6.4,5.1,1026.1,0,1.5,12,2,5,21
2016-12-02 22:00:00,86.3,6.0,5.2,1026.1,1,2.1,12,2,6,22
2016-12-02 23:00:00,86.0,6.6,5.8,1026.0,1,2.1,12,2,7,23
2016-12-03 00:00:00,83.4,6.8,5.5,1026.0,1,1.5,12,3,1,0
2016-12-03 01:00:00,74.6,6.5,5.1,1025.9,1,2.6,12,3,2,1
2016-12-03 02:00:00,68.1,5.8,3.9,1025.9,1,2.1,12,3,3,2
2016-12-03 03:00:00,63.7,5.6,3.2,1025.8,1,2.1,12,3,4,3
2016-12-03 04:00:00,55.5,5.8,3.0,1025.6,1,1.5,12,3,5,4
2016-12-03 05:00:00,53.3,5.8,2.9,1025.3,1,2.1,12,3,6,5
2016-12-03 06:00:00,51.0,5.6,3.0,1025.5,1,2.1,12,3,7,6
2016-12-03 07:00:00,51.8,5.9,2.6,1025.5,1,2.6,12,3,1,7
2016-12-03 08:00:00,52.5,5.9,2.1,1025.7,1,2.6,12,3,2,8
2016-12-03 09:00:00,61.3,6.1,2.3,1025.8,1,2.6,12,3,3,9
2016-12-03 10:00:00,56.9,6.5,2.9,1026.1,1,2.1,12,3,4,10
2016-12-03 11:00:00,66.1,8.2,3.6,1025.9,1,2.6,12,3,5,11
2016-12-03 12:00:00,68.6,7.3,2.1,1025.4,2,5.7,12,3,6,12
2016-12-03 13:00:00,78.7,9.1,1.2,1025.1,2,6.7,12,3,7,13
2016-12-03 14:00:00,77.8,7.1,0.5,1025.1,2,6.2,12,3,1,14
2016-12-03 15:00:00,76.9,6.3,-0.2,1025.0,2,6.2,12,3,2,15
2016-12-03 16:00:00,86.8,5.7,0.1,1024.9,2,5.1,12,3,3,16
2016-12-03 17:00:00,90.0,4.7,-0.2,1025.1,2,5.1,12,3,4,17
2016-12-03 18:00:00,94.3,4.1,0.6,1025.2,2,2.6,12,3,5,18
2016-12-03 19:00:00,88.6,3.4,0.3,1025.4,2,2.6,12,3,6,19
2016-12-03 20:00:00,91.1,4.3,0.5,1025.4,2,2.6,12,3,7,20
2016-12-03 21:00:00,80.0,3.4,0.3,1025.6,1,2.6,12,3,1,21
2016-12-03 22:00:00,79.7,3.2,0.4,1025.3,1,3.1,12,3,2,22
2016-12-03 23:00:00,91.5,2.6,0.1,1025.2,1,2.6,12,3,3,23
2016-12-04 00:00:00,84.0,2.1,0.2,1024.9,1,2.1,12,4,4,0
2016-12-04 01:00:00,72.1,0.9,-0.5,1024.8,0,1.0,12,4,5,1
2016-12-04 02:00:00,66.8,1.5,0.1,1024.6,1,2.6,12,4,6,2
2016-12-04 03:00:00,60.4,1.7,0.2,1024.5,1,2.6,12,4,7,3
2016-12-04 04:00:00,53.5,1.4,0.0,1024.3,1,2.1,12,4,1,4
2016-12-04 05:00:00,51.4,1.4,-0.1,1024.6,1,2.6,12,4,2,5
2016-12-04 06:00:00,50.8,1.1,-0.2,1024.4,0,2.6,12,4,3,6
2016-12-04 07:00:00,50.1,0.9,-0.2,1024.6,0,2.1,12,4,4,7
2016-12-04 08:00:00,53.4,0.8,-0.3,1024.7,1,2.6,12,4,5,8
2016-12-04 09:00:00,59.2,1.7,0.2,1024.6,1,2.6,12,4,6,9
2016-12-04 10:00:00,65.6,4.0,1.5,1024.3,1,2.6,12,4,7,10
2016-12-04 11:00:00,72.0,5.9,1.6,1023.9,2,4.1,12,4,1,11
2016-12-04 12:00:00,83.2,7.5,1.7,1023.5,2,4.1,12,4,2,12
2016-12-04 13:00:00,87.4,7.9,-0.2,1023.0,2,4.6,12,4,3,13
2016-12-04 14:00:00,84.8,7.8,-0.6,1022.8,2,4.6,12,4,4,14
2016-12-04 15:00:00,91.2,7.5,-1.6,1022.5,2,5.1,12,4,5,15
2016-12-04 16:00:00,87.1,4.9,-1.0,1022.9,2,5.1,12,4,6,16
2016-12-04 17:00:00,91.2,4.6,-0.8,1023.3,2,4.1,12,4,7,17
2016-12-04 18:00:00,97.7,3.6,-1.1,1023.4,2,3.1,12,4,1,18
2016-12-04 19:00:00,94.5,3.5,-1.8,1023.6,2,2.6,12,4,2,19
2016-12-04 20:00:00,100.4,3.3,-1.3,1023.9,2,1.5,12,4,3,20
2016-12-04 21:00:00,100.0,2.7,-0.3,1024.0,2,2.1,12,4,4,21
2016-12-04 22:00:00,95.5,2.8,-0.4,1023.9,2,2.1,12,4,5,22
2016-12-04 23:00:00,89.4,2.4,-0.7,1024.0,1,2.1,12,4,6,23
2016-12-05 00:00:00,89.9,1.4,-0.7,1023.8,1,2.1,12,5,7,0
2016-12-05 01:00:00,84.2,1.2,-0.5,1023.7,1,2.6,12,5,1,1
2016-12-05 02:00:00,70.4,0.9,-0.7,1023.7,1,2.6,12,5,2,2
2016-12-05 03:00:00,60.6,0.7,-0.6,1023.7,1,2.6,12,5,3,3
2016-12-05 04:00:00,50.0,0.3,-1.2,1023.7,0,1.0,12,5,4,4
2016-12-05 05:00:00,50.7,-0.3,-1.0,1023.9,1,1.0,12,5,5,5
2016-12-05 06:00:00,52.7,-0.3,-0.7,1024.0,1,1.5,12,5,6,6
2016-12-05 07:00:00,59.0,-1.0,-1.4,1024.2,1,1.0,12,5,7,7
2016-12-05 08:00:00,78.3,-0.1,-0.7,1024.2,1,1.0,12,5,1,8
2016-12-05 09:00:00,85.3,1.1,0.2,1024.5,1,1.5,12,5,2,9
2016-12-05 10:00:00,80.2,3.1,1.2,1024.6,1,1.5,12,5,3,10
2016-12-05 11:00:00,77.9,5.2,1.8,1024.4,1,2.1,12,5,4,11
2016-12-05 12:00:00,78.6,6.6,2.4,1024.3,2,2.1,12,5,5,12
2016-12-05 13:00:00,82.9,7.6,2.8,1024.0,1,2.1,12,5,6,13
2016-12-05 14:00:00,83.1,8.0,3.1,1024.1,1,2.6,12,5,7,14
2016-12-05 15:00:00,71.0,7.8,3.2,1024.3,2,2.1,12,5,1,15
2016-12-05 16:00:00,78.5,5.7,2.5,1024.5,2,1.5,12,5,2,16
2016-12-05 17:00:00,91.6,6.1,3.6,1024.7,2,2.6,12,5,3,17
2016-12-05 18:00:00,106.4,3.6,2.3,1025.0,2,2.6,12,5,4,18
2016-12-05 19:00:00,107.8,4.8,3.4,1025.3,1,1.5,12,5,5,19
2016-12-05 20:00:00,101.1,4.3,2.9,1025.6,1,1.0,12,5,6,20
2016-12-05 21:00:00,106.9,3.8,3.1,1025.6,1,1.0,12,5,7,21
2016-12-05 22:00:00,106.4,3.5,2.7,1026.0,0,1.0,12,5,1,22
2016-12-05 23:00:00,98.8,1.6,0.6,1026.2,2,1.0,12,5,2,23
2016-12-06 00:00:00,88.4,2.2,1.8,1026.3,1,0.5,12,6,3,0
2016-12-06 01:00:00,77.4,2.0,1.7,1026.0,1,1.0,12,6,4,1
2016-12-06 02:00:00,66.5,2.6,2.5,1026.4,7,1.0,12,6,5,2
2016-12-06 03:00:00,56.3,2.7,2.5,1026.8,7,1.0,12,6,6,3
2016-12-06 04:00:00,50.1,2.9,2.6,1026.8,1,0.5,12,6,7,4
2016-12-06 05:00:00,48.7,3.8,3.7,1025.9,2,2.1,12,6,1,5
2016-12-06 06:00:00,50.2,4.3,3.7,1026.0,1,1.0,12,6,2,6
2016-12-06 07:00:00,55.0,3.6,3.2,1026.6,1,1.0,12,6,3,7
2016-12-06 08:00:00,65.0,4.6,4.5,1027.0,2,1.5,12,6,4,8
2016-12-06 09:00:00,79.3,5.5,5.5,1027.9,2,0.5,12,6,5,9
2016-12-06 10:00:00,87.7,6.0,6.0,1028.4,2,1.0,12,6,6,10
2016-12-06 11:00:00,89.8,6.6,6.5,1028.2,1,1.0,12,6,7,11
2016-12-06 12:00:00,80.9,8.7,8.5,1027.2,3,3.6,12,6,1,12
2016-12-06 13:00:00,88.7,9.0,8.6,1027.2,3,2.6,12,6,2,13
2016-12-06 14:00:00,83.9,9.8,8.7,1027.0,4,2.1,12,6,3,14
2016-12-06 15:00:00,80.7,10.0,8.9,1026.7,3,2.1,12,6,4,15
2016-12-06 16:00:00,80.9,9.8,9.0,1026.7,3,2.6,12,6,5,16
2016-12-06 17:00:00,83.2,10.0,8.8,1027.4,5,2.6,12,6,6,17
2016-12-06 18:00:00,92.9,10.4,9.0,1027.4,5,3.6,12,6,7,18
2016-12-06 19:00:00,98.2,10.5,9.0,1027.5,4,3.1,12,6,1,19
2016-12-06 20:00:00,97.2,10.2,8.9,1027.4,4,3.1,12,6,2,20
2016-12-06 21:00:00,95.2,10.3,8.9,1027.6,5,3.6,12,6,3,21
2016-12-06 22:00:00,88.8,10.1,8.9,1027.8,4,2.6,12,6,4,22
2016-12-06 23:00:00,83.8,9.8,8.8,1027.5,4,2.1,12,6,5,23
2016-12-07 00:00:00,82.9,8.7,7.7,1027.2,5,1.5,12,7,6,0
2016-12-07 01:00:00,72.6,8.9,8.5,1026.7,4,1.5,12,7,7,1
2016-12-07 02:00:00,62.3,8.9,8.5,1027.0,5,1.0,12,7,1,2
2016-12-07 03:00:00,53.8,9.1,8.8,1026.9,3,2.1,12,7,2,3
2016-12-07 04:00:00,50.1,9.8,9.5,1026.5,4,2.1,12,7,3,4
2016-12-07 05:00:00,52.2,10.1,9.4,1026.1,4,3.1,12,7,4,5
2016-12-07 06:00:00,49.7,10.5,9.6,1026.3,5,3.6,12,7,5,6
2016-12-07 07:00:00,51.7,10.9,9.7,1026.1,4,3.6,12,7,6,7
2016-12-07 08:00:00,66.2,11.0,9.7,1026.3,4,3.6,12,7,7,8
2016-12-07 09:00:00,69.2,11.2,9.7,1027.0,4,3.6,12,7,1,9
2016-12-07 10:00:00,70.2,11.3,9.6,1027.1,4,3.1,12,7,2,10
2016-12-07 11:00:00,70.0,12.0,9.6,1026.3,4,4.1,12,7,3,11
2016-12-07 12:00:00,70.7,12.7,10.0,1025.9,4,4.1,12,7,4,12
2016-12-07 13:00:00,78.9,13.1,9.9,1025.5,4,4.6,12,7,5,13
2016-12-07 14:00:00,70.8,13.0,9.7,1026.0,5,4.1,12,7,6,14
2016-12-07 15:00:00,69.6,12.9,9.4,1025.7,5,4.1,12,7,7,15
2016-12-07 16:00:00,72.7,11.9,9.0,1025.7,4,3.1,12,7,1,16
2016-12-07 17:00:00,83.7,11.1,8.7,1026.0,4,3.1,12,7,2,17
2016-12-07 18:00:00,84.7,11.1,8.8,1026.2,4,3.6,12,7,3,18
2016-12-07 19:00:00,86.9,11.2,8.6,1026.3,5,2.1,12,7,4,19
2016-12-07 20:00:00,87.7,10.9,8.7,1026.2,4,3.1,12,7,5,20
2016-12-07 21:00:00,83.9,10.6,8.6,1026.3,4,3.6,12,7,6,21
2016-12-07 22:00:00,85.1,10.2,8.1,1026.3,4,4.6,12,7,7,22
2016-12-07 23:00:00,84.5,9.8,8.1,1026.6,5,3.1,12,7,1,23
2016-12-08 00:00:00,76.1,9.5,7.9,1026.2,4,3.6,12,8,2,0
2016-12-08 01:00:00,74.2,10.0,8.2,1026.1,4,3.6,12,8,3,1
2016-12-08 02:00:00,58.7,10.3,8.7,1026.2,4,3.6,12,8,4,2
2016-12-08 03:00:00,50.7,10.1,8.2,1026.4,4,2.1,12,8,5,3
2016-12-08 04:00:00,49.7,9.6,8.1,1026.1,4,2.6,12,8,6,4
2016-12-08 05:00:00,45.6,10.2,8.5,1025.8,4,3.6,12,8,7,5
2016-12-08 06:00:00,47.2,10.0,8.6,1025.2,4,2.6,12,8,1,6
2016-12-08 07:00:00,49.6,10.8,9.2,1024.9,4,3.1,12,8,2,7
2016-12-08 08:00:00,63.4,11.0,9.1,1025.0,4,3.6,12,8,3,8
2016-12-08 09:00:00,69.2,11.3,9.2,1025.2,4,4.6,12,8,4,9
2016-12-08 10:00:00,74.2,12.1,9.6,1025.1,4,3.6,12,8,5,10
2016-12-08 11:00:00,73.5,12.9,10.6,1024.9,5,6.2,12,8,6,11
2016-12-08 12:00:00,68.3,13.1,11.1,1024.6,5,5.7,12,8,7,12
2016-12-08 13:00:00,79.9,12.6,11.4,1024.5,5,6.2,12,8,1,13
2016-12-08 14:00:00,77.4,12.9,11.4,1024.2,5,6.2,12,8,2,14
2016-12-08 15:00:00,70.2,13.0,11.4,1024.5,5,5.7,12,8,3,15
2016-12-08 16:00:00,69.5,12.8,11.4,1024.5,5,6.2,12,8,4,16
2016-12-08 17:00:00,72.7,12.6,11.4,1025.4,5,4.1,12,8,5,17
2016-12-08 18:00:00,81.9,12.7,11.4,1025.9,5,3.6,12,8,6,18
2016-12-08 19:00:00,84.0,12.7,11.5,1026.5,5,2.6,12,8,7,19
2016-12-08 20:00:00,78.7,12.2,11.3,1026.8,4,3.1,12,8,1,20
2016-12-08 21:00:00,74.6,12.3,11.6,1027.1,4,3.1,12,8,2,21
2016-12-08 22:00:00,77.2,12.1,11.5,1026.9,4,3.1,12,8,3,22
2016-12-08 23:00:00,78.0,12.1,11.5,1027.0,4,3.1,12,8,4,23
2016-12-09 00:00:00,67.3,12.0,11.7,1026.9,5,3.1,12,9,5,0
2016-12-09 01:00:00,64.5,11.9,11.4,1026.6,4,2.1,12,9,6,1
2016-12-09 02:00:00,58.2,12.3,11.7,1026.6,4,3.6,12,9,7,2
2016-12-09 03:00:00,54.3,12.2,11.6,1026.6,4,3.6,12,9,1,3
2016-12-09 04:00:00,50.2,11.8,11.5,1026.4,4,3.6,12,9,2,4
2016-12-09 05:00:00,44.9,11.7,11.4,1025.8,4,3.1,12,9,3,5
2016-12-09 06:00:00,44.0,12.0,11.3,1026.0,5,4.1,12,9,4,6
2016-12-09 07:00:00,47.1,12.4,11.4,1026.0,5,3.6,12,9,5,7
2016-12-09 08:00:00,57.3,12.6,11.3,1025.9,4,3.6,12,9,6,8
2016-12-09 09:00:00,64.8,12.5,11.0,1026.0,4,3.6,12,9,7,9
2016-12-09 10:00:00,65.4,12.8,10.8,1026.4,5,5.1,12,9,1,10
2016-12-09 11:00:00,66.7,12.5,10.8,1026.4,4,4.1,12,9,2,11
2016-12-09 12:00:00,69.0,12.7,10.8,1026.0,4,4.6,12,9,3,12
2016-12-09 13:00:00,62.5,14.1,10.9,1025.7,5,4.6,12,9,4,13
2016-12-09 14:00:00,67.2,14.2,10.6,1025.5,5,4.1,12,9,5,14
2016-12-09 15:00:00,67.0,14.5,10.5,1025.0,5,3.6,12,9,6,15
2016-12-09 16:00:00,65.2,13.6,10.0,1024.7,4,2.6,12,9,7,16
2016-12-09 17:00:00,67.9,12.3,9.0,1024.5,5,3.6,12,9,1,17
2016-12-09 18:00:00,73.7,11.1,9.1,1024.2,4,4.1,12,9,2,18
2016-12-09 19:00:00,77.2,10.6,9.4,1024.4,4,3.6,12,9,3,19
2016-12-09 20:00:00,72.3,10.8,9.4,1024.2,4,4.1,12,9,4,20
2016-12-09 21:00:00,68.2,11.0,9.7,1024.0,5,4.1,12,9,5,21
2016-12-09 22:00:00,68.8,11.0,9.5,1023.9,5,5.1,12,9,6,22
2016-12-09 23:00:00,66.7,10.9,9.3,1023.5,4,4.1,12,9,7,23
2016-12-10 00:00:00,65.7,10.8,9.4,1022.9,4,4.6,12,10,1,0
2016-12-10 01:00:00,62.8,10.9,9.5,1022.5,5,5.1,12,10,2,1
2016-12-10 02:00:00,54.9,11.5,10.0,1022.5,5,4.1,12,10,3,2
2016-12-10 03:00:00,51.1,11.5,10.2,1022.3,4,2.1,12,10,4,3
2016-12-10 04:00:00,45.8,11.6,10.6,1022.0,5,3.1,12,10,5,4
2016-12-10 05:00:00,47.2,11.5,11.0,1021.9,4,3.1,12,10,6,5
2016-12-10 06:00:00,42.5,11.7,11.1,1021.8,4,2.6,12,10,7,6
2016-12-10 07:00:00,46.3,11.9,11.2,1021.9,5,3.6,12,10,1,7
2016-12-10 08:00:00,45.1,12.2,11.1,1022.1,5,3.6,12,10,2,8
2016-12-10 09:00:00,42.6,12.4,11.3,1022.5,5,3.6,12,10,3,9
2016-12-10 10:00:00,54.8,12.6,11.6,1022.8,5,3.6,12,10,4,10
2016-12-10 11:00:00,60.7,12.7,11.9,1022.2,5,4.1,12,10,5,11
2016-12-10 12:00:00,68.3,13.3,12.1,1021.9,5,4.1,12,10,6,12
2016-12-10 13:00:00,71.2,13.2,11.7,1021.1,5,4.6,12,10,7,13
2016-12-10 14:00:00,76.2,13.4,11.9,1020.3,5,3.6,12,10,1,14
2016-12-10 15:00:00,68.1,13.1,11.3,1019.9,5,7.2,12,10,2,15
2016-12-10 16:00:00,67.1,13.0,10.8,1019.6,5,5.1,12,10,3,16
2016-12-10 17:00:00,67.9,12.3,11.0,1018.9,5,5.7,12,10,4,17
2016-12-10 18:00:00,76.1,11.9,11.1,1017.9,4,6.2,12,10,5,18
2016-12-10 19:00:00,78.6,12.1,11.3,1017.0,5,7.2,12,10,6,19
2016-12-10 20:00:00,74.4,12.1,11.4,1016.9,5,7.7,12,10,7,20
2016-12-10 21:00:00,71.1,9.7,7.9,1019.2,7,6.7,12,10,1,21
2016-12-10 22:00:00,65.5,8.7,7.1,1019.9,7,3.6,12,10,2,22
2016-12-10 23:00:00,68.9,8.1,6.6,1021.0,6,3.6,12,10,3,23
2016-12-11 00:00:00,70.2,6.7,5.8,1021.7,6,2.6,12,11,4,0
2016-12-11 01:00:00,65.2,5.7,5.3,1021.9,6,3.1,12,11,5,1
2016-12-11 02:00:00,57.2,5.6,5.0,1022.9,6,3.6,12,11,6,2
2016-12-11 03:00:00,54.0,4.9,4.3,1023.4,6,3.6,12,11,7,3
2016-12-11 04:00:00,49.9,4.4,3.7,1023.8,5,2.1,12,11,1,4
2016-12-11 05:00:00,47.0,4.2,3.9,1023.7,5,2.6,12,11,2,5
2016-12-11 06:00:00,44.0,3.9,3.4,1024.1,6,3.6,12,11,3,6
2016-12-11 07:00:00,43.9,4.9,4.4,1024.7,6,4.1,12,11,4,7
2016-12-11 08:00:00,44.9,5.1,4.2,1024.7,5,3.1,12,11,5,8
2016-12-11 09:00:00,49.4,5.3,4.7,1025.6,6,4.1,12,11,6,9
2016-12-11 10:00:00,56.1,6.6,5.3,1025.7,6,4.6,12,11,7,10
2016-12-11 11:00:00,58.5,8.3,6.0,1025.7,6,5.1,12,11,1,11
2016-12-11 12:00:00,63.3,9.4,6.5,1025.7,6,5.1,12,11,2,12
2016-12-11 13:00:00,71.1,9.9,6.1,1025.5,6,5.1,12,11,3,13
2016-12-11 14:00:00,69.1,9.6,6.4,1025.2,6,4.6,12,11,4,14
2016-12-11 15:00:00,66.0,9.7,6.8,1025.4,6,5.1,12,11,5,15
2016-12-11 16:00:00,67.0,8.8,6.6,1025.5,5,4.1,12,11,6,16
2016-12-11 17:00:00,69.1,7.9,6.3,1025.3,6,3.1,12,11,7,17
2016-12-11 18:00:00,79.4,7.7,6.7,1025.5,6,2.6,12,11,1,18
2016-12-11 19:00:00,87.4,6.8,6.1,1025.6,6,2.1,12,11,2,19
2016-12-11 20:00:00,81.6,6.5,5.8,1025.4,6,2.1,12,11,3,20
2016-12-11 21:00:00,79.9,5.7,5.1,1025.5,6,2.6,12,11,4,21
2016-12-11 22:00:00,81.4,6.0,5.7,1025.5,6,2.1,12,11,5,22
2016-12-11 23:00:00,78.2,5.2,4.7,1025.5,0,0.0,12,11,6,23
2016-12-12 00:00:00,71.6,3.6,3.2,1025.6,5,1.0,12,12,7,0
2016-12-12 01:00:00,68.2,2.8,2.5,1025.1,4,2.1,12,12,1,1
2016-12-12 02:00:00,60.7,3.1,3.0,1024.9,0,0.0,12,12,2,2
2016-12-12 03:00:00,53.6,2.6,2.5,1024.7,0,1.0,12,12,3,3
2016-12-12 04:00:00,49.2,2.3,2.2,1024.3,2,1.0,12,12,4,4
2016-12-12 05:00:00,46.8,2.5,2.5,1024.0,1,1.0,12,12,5,5
2016-12-12 06:00:00,47.2,3.1,3.1,1024.0,1,1.0,12,12,6,6
2016-12-12 07:00:00,49.9,4.7,4.7,1023.6,2,1.0,12,12,7,7
2016-12-12 08:00:00,55.1,5.8,5.5,1023.6,2,2.6,12,12,1,8
2016-12-12 09:00:00,66.0,6.9,6.1,1023.4,2,3.1,12,12,2,9
2016-12-12 10:00:00,68.2,7.8,6.9,1023.2,3,2.6,12,12,3,10
2016-12-12 11:00:00,68.7,8.2,7.2,1022.9,3,3.6,12,12,4,11
2016-12-12 12:00:00,69.3,8.8,7.6,1022.1,3,4.6,12,12,5,12
2016-12-12 13:00:00,79.6,8.9,8.1,1021.6,3,3.6,12,12,6,13
2016-12-12 14:00:00,76.6,9.1,8.2,1021.2,3,4.1,12,12,7,14
2016-12-12 15:00:00,72.2,9.0,8.5,1020.8,3,5.1,12,12,1,15
2016-12-12 16:00:00,76.6,9.6,8.8,1020.5,3,4.1,12,12,2,16
2016-12-12 17:00:00,85.1,10.1,9.3,1020.3,4,4.1,12,12,3,17
2016-12-12 18:00:00,91.6,10.4,9.6,1020.2,4,4.1,12,12,4,18
2016-12-12 19:00:00,94.8,11.0,10.3,1020.3,4,4.1,12,12,5,19
2016-12-12 20:00:00,87.6,11.0,9.8,1020.5,5,5.1,12,12,6,20
2016-12-12 21:00:00,77.6,10.7,9.1,1020.8,5,5.1,12,12,7,21
2016-12-12 22:00:00,75.4,10.6,9.1,1021.2,5,4.6,12,12,1,22
2016-12-12 23:00:00,78.5,10.4,8.9,1021.3,5,4.1,12,12,2,23
2016-12-13 00:00:00,74.0,10.1,8.4,1021.4,5,5.1,12,13,3,0
2016-12-13 01:00:00,63.4,8.7,7.4,1021.1,4,2.1,12,13,4,1
2016-12-13 02:00:00,56.2,7.7,7.1,1021.0,4,2.6,12,13,5,2
2016-12-13 03:00:00,48.9,8.2,7.8,1020.5,4,2.1,12,13,6,3
2016-12-13 04:00:00,46.5,8.7,8.3,1020.4,4,2.6,12,13,7,4
2016-12-13 05:00:00,43.6,8.8,8.3,1020.1,4,1.5,12,13,1,5
2016-12-13 06:00:00,45.0,8.1,7.7,1019.9,3,2.1,12,13,2,6
2016-12-13 07:00:00,46.5,8.7,8.4,1019.9,3,2.1,12,13,3,7
2016-12-13 08:00:00,56.9,9.3,8.7,1020.2,3,3.1,12,13,4,8
2016-12-13 09:00:00,68.1,9.8,9.3,1020.1,2,2.6,12,13,5,9
2016-12-13 10:00:00,74.1,10.7,10.1,1020.2,3,3.1,12,13,6,10
2016-12-13 11:00:00,69.6,11.3,10.8,1019.9,4,3.6,12,13,7,11
2016-12-13 12:00:00,71.5,12.2,11.5,1019.7,4,3.6,12,13,1,12
2016-12-13 13:00:00,76.0,12.9,11.5,1019.2,4,3.6,12,13,2,13
2016-12-13 14:00:00,69.3,12.9,11.4,1019.1,4,4.1,12,13,3,14
2016-12-13 15:00:00,67.0,12.8,12.1,1019.2,4,3.1,12,13,4,15
2016-12-13 16:00:00,69.6,12.9,11.6,1019.1,4,3.1,12,13,5,16
2016-12-13 17:00:00,75.5,12.7,11.4,1019.4,5,4.1,12,13,6,17
2016-12-13 18:00:00,92.2,12.5,11.3,1019.4,4,3.6,12,13,7,18
2016-12-13 19:00:00,93.1,12.2,11.2,1019.5,4,4.1,12,13,1,19
2016-12-13 20:00:00,81.6,12.3,11.2,1019.6,4,4.1,12,13,2,20
2016-12-13 21:00:00,79.2,12.3,11.1,1019.9,4,3.6,12,13,3,21
2016-12-13 22:00:00,77.2,12.2,10.9,1020.1,4,3.6,12,13,4,22
2016-12-13 23:00:00,78.0,12.1,10.8,1020.0,4,3.1,12,13,5,23
2016-12-14 00:00:00,72.9,10.9,9.8,1020.1,4,2.6,12,14,6,0
2016-12-14 01:00:00,64.4,10.9,10.0,1019.7,4,3.1,12,14,7,1
2016-12-14 02:00:00,58.4,10.3,9.4,1019.6,4,2.1,12,14,1,2
2016-12-14 03:00:00,53.6,8.0,7.5,1019.4,2,2.6,12,14,2,3
2016-12-14 04:00:00,47.2,6.9,6.5,1019.3,3,2.1,12,14,3,4
2016-12-14 05:00:00,47.0,6.9,6.7,1019.2,3,2.1,12,14,4,5
2016-12-14 06:00:00,45.2,8.3,8.3,1019.2,3,2.6,12,14,5,6
2016-12-14 07:00:00,48.2,7.7,7.6,1019.5,3,2.1,12,14,6,7
2016-12-14 08:00:00,55.4,7.6,7.5,1019.7,1,1.5,12,14,7,8
2016-12-14 09:00:00,65.1,8.4,8.3,1020.0,2,1.5,12,14,1,9
2016-12-14 10:00:00,66.8,9.5,8.6,1019.9,3,3.6,12,14,2,10
2016-12-14 11:00:00,69.0,11.2,9.4,1019.8,2,2.6,12,14,3,11
2016-12-14 12:00:00,72.5,13.5,8.8,1019.6,3,4.1,12,14,4,12
2016-12-14 13:00:00,70.3,13.7,6.7,1019.3,3,5.1,12,14,5,13
2016-12-14 14:00:00,70.4,13.6,5.0,1019.2,3,4.1,12,14,6,14
2016-12-14 15:00:00,66.5,12.7,4.2,1019.0,3,4.6,12,14,7,15
2016-12-14 16:00:00,70.6,11.4,4.2,1019.4,3,5.7,12,14,1,16
2016-12-14 17:00:00,78.7,9.8,4.6,1020.0,3,3.6,12,14,2,17
2016-12-14 18:00:00,82.3,9.5,5.4,1020.1,3,4.1,12,14,3,18
2016-12-14 19:00:00,79.3,7.7,5.0,1020.2,3,2.6,12,14,4,19
2016-12-14 20:00:00,81.9,6.7,3.9,1020.4,3,3.1,12,14,5,20
2016-12-14 21:00:00,81.2,7.8,5.5,1020.3,3,3.6,12,14,6,21
2016-12-14 22:00:00,74.7,6.7,5.0,1020.7,3,2.6,12,14,7,22
2016-12-14 23:00:00,78.1,7.2,6.1,1020.9,3,2.6,12,14,1,23
2016-12-15 00:00:00,72.6,5.3,4.5,1020.5,3,2.6,12,15,2,0
2016-12-15 01:00:00,67.3,4.9,4.2,1020.3,3,2.6,12,15,3,1
2016-12-15 02:00:00,57.5,6.3,6.2,1020.4,3,1.5,12,15,4,2
2016-12-15 03:00:00,52.6,6.7,6.6,1020.4,3,2.1,12,15,5,3
2016-12-15 04:00:00,46.9,7.0,6.7,1020.1,3,1.5,12,15,6,4
2016-12-15 05:00:00,42.6,7.5,7.1,1019.9,2,2.6,12,15,7,5
2016-12-15 06:00:00,44.4,7.9,7.3,1019.6,3,2.6,12,15,1,6
2016-12-15 07:00:00,47.7,8.3,7.7,1019.5,3,3.1,12,15,2,7
2016-12-15 08:00:00,60.6,8.8,8.0,1019.7,3,3.6,12,15,3,8
2016-12-15 09:00:00,67.1,9.2,8.2,1019.8,3,4.1,12,15,4,9
2016-12-15 10:00:00,70.8,9.6,8.3,1019.9,3,4.6,12,15,5,10
2016-12-15 11:00:00,67.2,10.4,8.5,1019.3,3,4.6,12,15,6,11
2016-12-15 12:00:00,67.4,10.8,8.5,1018.8,3,4.1,12,15,7,12
2016-12-15 13:00:00,67.9,10.8,8.4,1018.2,3,4.6,12,15,1,13
2016-12-15 14:00:00,66.4,10.8,8.5,1017.9,3,4.1,12,15,2,14
2016-12-15 15:00:00,64.6,11.1,8.5,1017.8,3,3.6,12,15,3,15
2016-12-15 16:00:00,68.0,10.4,8.1,1018.0,3,4.6,12,15,4,16
2016-12-15 17:00:00,76.5,8.9,7.3,1017.7,3,3.6,12,15,5,17
2016-12-15 18:00:00,85.9,8.7,7.2,1017.7,3,3.6,12,15,6,18
2016-12-15 19:00:00,90.9,8.4,6.9,1017.8,3,3.6,12,15,7,19
2016-12-15 20:00:00,84.8,8.3,6.7,1017.9,3,3.6,12,15,1,20
2016-12-15 21:00:00,77.6,8.6,7.0,1018.2,3,4.6,12,15,2,21
2016-12-15 22:00:00,77.3,8.7,7.1,1018.3,3,3.6,12,15,3,22
2016-12-15 23:00:00,73.8,8.4,6.8,1018.6,3,2.6,12,15,4,23
2016-12-16 00:00:00,74.7,8.7,7.7,1018.9,3,2.1,12,16,5,0
2016-12-16 01:00:00,67.5,9.1,8.0,1018.9,3,2.6,12,16,6,1
2016-12-16 02:00:00,63.5,8.8,7.8,1019.4,3,2.1,12,16,7,2
2016-12-16 03:00:00,58.1,8.8,7.9,1019.9,3,3.1,12,16,1,3
2016-12-16 04:00:00,48.3,7.4,6.5,1020.3,3,2.1,12,16,2,4
2016-12-16 05:00:00,43.5,8.6,8.1,1020.7,2,1.5,12,16,3,5
2016-12-16 06:00:00,43.6,9.2,8.4,1021.2,3,2.1,12,16,4,6
2016-12-16 07:00:00,42.1,9.4,8.7,1021.9,3,2.1,12,16,5,7
2016-12-16 08:00:00,50.4,9.5,8.8,1022.5,3,2.1,12,16,6,8
2016-12-16 09:00:00,66.1,9.6,8.9,1023.3,2,2.6,12,16,7,9
2016-12-16 10:00:00,71.5,10.2,8.8,1024.0,3,3.6,12,16,1,10
2016-12-16 11:00:00,72.2,9.9,8.3,1024.6,2,3.1,12,16,2,11
2016-12-16 12:00:00,76.8,10.0,8.3,1024.9,2,2.1,12,16,3,12
2016-12-16 13:00:00,74.5,10.1,8.1,1025.5,2,1.0,12,16,4,13
2016-12-16 14:00:00,69.4,10.3,8.2,1025.9,2,1.5,12,16,5,14
2016-12-16 15:00:00,68.9,10.1,7.8,1026.3,2,1.5,12,16,6,15
2016-12-16 16:00:00,71.2,10.4,7.9,1027.2,1,1.5,12,16,7,16
2016-12-16 17:00:00,75.6,10.0,7.8,1028.2,3,1.5,12,16,1,17
2016-12-16 18:00:00,76.4,10.1,7.7,1029.1,4,2.1,12,16,2,18
2016-12-16 19:00:00,79.6,10.1,7.5,1029.6,6,2.1,12,16,3,19
2016-12-16 20:00:00,69.6,10.0,7.4,1030.5,6,2.1,12,16,4,20
2016-12-16 21:00:00,75.5,10.1,7.2,1031.1,6,0.5,12,16,5,21
2016-12-16 22:00:00,73.6,10.5,7.6,1031.9,5,1.5,12,16,6,22
2016-12-16 23:00:00,74.1,8.9,6.9,1032.4,5,1.5,12,16,7,23
2016-12-17 00:00:00,65.9,7.2,6.3,1032.8,0,0.0,12,17,1,0
2016-12-17 01:00:00,64.3,6.4,5.9,1033.1,6,0.5,12,17,2,1
2016-12-17 02:00:00,60.9,5.5,5.2,1033.8,7,1.5,12,17,3,2
2016-12-17 03:00:00,61.6,4.7,4.4,1034.2,7,0.5,12,17,4,3
2016-12-17 04:00:00,56.0,4.4,4.3,1034.6,6,1.0,12,17,5,4
2016-12-17 05:00:00,48.8,4.3,4.3,1035.1,6,1.5,12,17,6,5
2016-12-17 06:00:00,47.3,5.8,5.8,1036.0,6,2.6,12,17,7,6
2016-12-17 07:00:00,49.4,6.4,6.4,1036.9,6,2.6,12,17,1,7
2016-12-17 08:00:00,47.2,6.0,6.0,1037.7,6,2.6,12,17,2,8
2016-12-17 09:00:00,53.5,6.0,6.0,1038.0,5,2.1,12,17,3,9
2016-12-17 10:00:00,56.4,6.3,6.3,1038.2,5,2.1,12,17,4,10
2016-12-17 11:00:00,59.7,6.3,6.3,1038.7,7,1.5,12,17,5,11
2016-12-17 12:00:00,62.4,6.5,6.5,1038.5,6,1.5,12,17,6,12
2016-12-17 13:00:00,66.5,6.6,6.6,1038.6,7,1.0,12,17,7,13
2016-12-17 14:00:00,66.0,6.9,6.9,1038.5,6,1.0,12,17,1,14
2016-12-17 15:00:00,64.7,7.3,7.3,1039.0,7,1.0,12,17,2,15
2016-12-17 16:00:00,63.6,7.3,7.3,1039.4,7,1.0,12,17,3,16
2016-12-17 17:00:00,64.7,7.4,7.3,1039.8,7,1.0,12,17,4,17
2016-12-17 18:00:00,65.5,7.2,7.1,1039.9,1,0.5,12,17,5,18
2016-12-17 19:00:00,67.7,7.7,7.4,1039.7,4,1.5,12,17,6,19
2016-12-17 20:00:00,59.9,7.6,7.1,1039.8,6,1.0,12,17,7,20
2016-12-17 21:00:00,59.0,7.3,7.2,1040.0,6,1.5,12,17,1,21
2016-12-17 22:00:00,62.7,7.0,7.0,1039.5,5,1.0,12,17,2,22
2016-12-17 23:00:00,62.7,6.4,6.3,1039.5,7,1.5,12,17,3,23
2016-12-18 00:00:00,59.7,6.2,6.2,1039.3,0,0.0,12,18,4,0
2016-12-18 01:00:00,55.4,6.5,6.5,1039.1,7,1.0,12,18,5,1
2016-12-18 02:00:00,52.9,6.4,6.3,1038.8,1,0.5,12,18,6,2
2016-12-18 03:00:00,47.4,6.4,6.3,1038.9,4,0.5,12,18,7,3
2016-12-18 04:00:00,44.2,6.4,6.4,1038.2,5,1.5,12,18,1,4
2016-12-18 05:00:00,43.1,6.5,6.5,1037.9,6,0.5,12,18,2,5
2016-12-18 06:00:00,43.4,6.6,6.6,1038.2,7,0.5,12,18,3,6
2016-12-18 07:00:00,45.5,6.7,6.7,1037.8,6,1.5,12,18,4,7
2016-12-18 08:00:00,48.8,6.6,6.6,1037.7,6,1.5,12,18,5,8
2016-12-18 09:00:00,51.8,6.7,6.7,1037.9,6,1.5,12,18,6,9
2016-12-18 10:00:00,55.7,6.7,6.7,1037.7,6,2.1,12,18,7,10
2016-12-18 11:00:00,54.9,6.7,6.7,1037.1,6,2.6,12,18,1,11
2016-12-18 12:00:00,53.4,6.9,6.6,1036.6,6,2.6,12,18,2,12
2016-12-18 13:00:00,52.0,7.2,6.6,1036.1,6,2.1,12,18,3,13
2016-12-18 14:00:00,56.8,7.2,6.5,1035.2,6,2.6,12,18,4,14
2016-12-18 15:00:00,59.1,7.4,6.6,1034.8,6,1.5,12,18,5,15
2016-12-18 16:00:00,61.3,7.3,5.7,1034.6,6,1.5,12,18,6,16
2016-12-18 17:00:00,61.2,7.2,5.2,1034.4,6,1.5,12,18,7,17
2016-12-18 18:00:00,63.0,6.9,4.9,1033.7,5,3.1,12,18,1,18
2016-12-18 19:00:00,61.1,7.0,5.7,1033.6,7,1.0,12,18,2,19
2016-12-18 20:00:00,58.9,7.0,5.4,1033.5,6,1.0,12,18,3,20
2016-12-18 21:00:00,64.1,6.7,4.9,1033.1,6,1.5,12,18,4,21
2016-12-18 22:00:00,62.3,6.5,5.1,1032.9,7,1.0,12,18,5,22
2016-12-18 23:00:00,63.4,6.2,5.1,1032.4,7,2.1,12,18,6,23
2016-12-19 00:00:00,53.6,5.8,4.7,1032.1,6,1.5,12,19,7,0
2016-12-19 01:00:00,53.3,5.5,4.4,1031.6,6,2.1,12,19,1,1
2016-12-19 02:00:00,53.3,5.2,4.5,1031.4,7,2.1,12,19,2,2
2016-12-19 03:00:00,48.0,5.2,4.6,1030.9,6,1.5,12,19,3,3
2016-12-19 04:00:00,44.4,5.0,4.5,1030.0,6,2.1,12,19,4,4
2016-12-19 05:00:00,42.0,4.7,4.3,1029.6,6,1.0,12,19,5,5
2016-12-19 06:00:00,39.9,4.6,4.3,1029.0,6,1.0,12,19,6,6
2016-12-19 07:00:00,45.2,4.6,4.3,1028.7,7,1.5,12,19,7,7
2016-12-19 08:00:00,41.9,4.5,4.1,1028.2,7,1.5,12,19,1,8
2016-12-19 09:00:00,52.7,4.9,4.2,1028.2,7,0.5,12,19,2,9
2016-12-19 10:00:00,57.5,5.4,4.4,1028.2,7,1.5,12,19,3,10
2016-12-19 11:00:00,56.9,5.5,4.3,1028.0,0,1.5,12,19,4,11
2016-12-19 12:00:00,59.7,6.2,4.7,1027.1,7,1.5,12,19,5,12
2016-12-19 13:00:00,57.5,6.1,5.1,1026.4,7,1.0,12,19,6,13
2016-12-19 14:00:00,58.8,6.3,5.7,1025.7,0,1.5,12,19,7,14
2016-12-19 15:00:00,61.2,6.6,5.7,1025.4,1,1.0,12,19,1,15
2016-12-19 16:00:00,57.3,6.9,5.8,1025.5,1,1.5,12,19,2,16
2016-12-19 17:00:00,55.8,6.9,5.7,1025.2,1,2.6,12,19,3,17
2016-12-19 18:00:00,57.7,6.7,5.4,1025.2,1,2.6,12,19,4,18
2016-12-19 19:00:00,55.6,6.6,5.3,1024.8,1,2.6,12,19,5,19
2016-12-19 20:00:00,53.5,6.7,5.1,1024.2,1,2.6,12,19,6,20
2016-12-19 21:00:00,52.8,6.6,6.0,1024.0,2,2.6,12,19,7,21
2016-12-19 22:00:00,52.3,6.5,5.8,1023.8,2,2.6,12,19,1,22
2016-12-19 23:00:00,53.6,6.5,5.2,1023.9,2,3.1,12,19,2,23
2016-12-20 00:00:00,51.6,5.2,3.7,1023.8,2,2.6,12,20,3,0
2016-12-20 01:00:00,45.8,5.8,4.8,1023.8,2,2.1,12,20,4,1
2016-12-20 02:00:00,44.9,5.9,4.4,1023.1,0,1.0,12,20,5,2
2016-12-20 03:00:00,46.2,6.0,4.2,1023.1,2,3.1,12,20,6,3
2016-12-20 04:00:00,39.2,5.9,3.8,1022.7,2,2.6,12,20,7,4
2016-12-20 05:00:00,38.5,5.4,3.4,1022.2,2,3.1,12,20,1,5
2016-12-20 06:00:00,39.0,5.4,3.5,1021.8,2,4.1,12,20,2,6
2016-12-20 07:00:00,40.4,5.4,3.1,1022.1,3,3.1,12,20,3,7
2016-12-20 08:00:00,45.7,4.7,2.1,1021.9,3,3.6,12,20,4,8
2016-12-20 09:00:00,53.3,4.3,2.0,1021.9,2,4.6,12,20,5,9
2016-12-20 10:00:00,56.9,5.0,2.5,1022.1,3,4.6,12,20,6,10
2016-12-20 11:00:00,56.7,6.2,2.4,1022.1,3,3.1,12,20,7,11
2016-12-20 12:00:00,53.1,7.0,2.3,1021.4,3,3.1,12,20,1,12
2016-12-20 13:00:00,48.2,7.1,2.9,1020.8,3,2.6,12,20,2,13
2016-12-20 14:00:00,48.8,6.4,3.0,1020.3,3,3.1,12,20,3,14
2016-12-20 15:00:00,51.4,6.3,3.3,1020.0,3,3.1,12,20,4,15
2016-12-20 16:00:00,51.8,5.3,2.8,1019.7,3,3.6,12,20,5,16
2016-12-20 17:00:00,56.4,5.4,3.3,1019.6,4,3.1,12,20,6,17
2016-12-20 18:00:00,56.4,5.4,3.5,1019.4,4,3.6,12,20,7,18
2016-12-20 19:00:00,60.8,5.4,3.4,1019.4,4,3.6,12,20,1,19
2016-12-20 20:00:00,57.7,5.3,2.9,1019.6,4,3.6,12,20,2,20
2016-12-20 21:00:00,55.4,4.7,2.6,1019.3,4,3.6,12,20,3,21
2016-12-20 22:00:00,52.0,4.3,2.0,1019.2,4,4.1,12,20,4,22
2016-12-20 23:00:00,54.2,4.3,2.2,1018.8,4,4.6,12,20,5,23
2016-12-21 00:00:00,49.0,4.8,2.4,1018.6,4,3.6,12,21,6,0
2016-12-21 01:00:00,47.7,5.4,3.2,1018.2,4,3.6,12,21,7,1
2016-12-21 02:00:00,46.0,6.5,4.9,1017.7,4,4.6,12,21,1,2
2016-12-21 03:00:00,42.7,7.1,6.5,1017.7,4,4.1,12,21,2,3
2016-12-21 04:00:00,40.6,7.9,7.0,1017.5,4,4.1,12,21,3,4
2016-12-21 05:00:00,40.3,8.7,6.9,1017.6,5,6.7,12,21,4,5
2016-12-21 06:00:00,41.1,8.9,7.3,1017.8,5,7.2,12,21,5,6
2016-12-21 07:00:00,39.5,9.3,7.7,1018.0,4,5.7,12,21,6,7
2016-12-21 08:00:00,42.8,9.3,8.0,1018.4,4,5.7,12,21,7,8
2016-12-21 09:00:00,50.0,9.6,8.7,1019.1,5,5.7,12,21,1,9
2016-12-21 10:00:00,54.0,9.9,9.3,1019.3,4,5.1,12,21,2,10
2016-12-21 11:00:00,50.1,10.4,9.5,1019.1,4,5.1,12,21,3,11
2016-12-21 12:00:00,53.0,10.8,10.0,1018.5,5,5.7,12,21,4,12
2016-12-21 13:00:00,52.5,11.6,9.9,1018.1,5,6.7,12,21,5,13
2016-12-21 14:00:00,54.0,11.8,9.2,1018.7,5,6.2,12,21,6,14
2016-12-21 15:00:00,53.8,11.1,7.0,1019.5,6,5.1,12,21,7,15
2016-12-21 16:00:00,52.2,10.5,6.7,1020.1,5,4.1,12,21,1,16
2016-12-21 17:00:00,52.1,10.4,7.2,1020.6,5,4.1,12,21,2,17
2016-12-21 18:00:00,51.5,10.0,7.7,1020.9,4,3.6,12,21,3,18
2016-12-21 19:00:00,49.4,10.2,8.2,1021.4,4,3.6,12,21,4,19
2016-12-21 20:00:00,47.2,10.0,8.3,1022.1,5,3.6,12,21,5,20
2016-12-21 21:00:00,47.9,9.9,8.2,1022.2,5,3.6,12,21,6,21
2016-12-21 22:00:00,52.9,9.6,7.8,1022.4,6,2.6,12,21,7,22
2016-12-21 23:00:00,52.2,9.3,7.2,1022.8,7,2.1,12,21,1,23
2016-12-22 00:00:00,46.0,8.3,6.3,1022.8,6,2.1,12,22,2,0
2016-12-22 01:00:00,43.2,7.4,6.2,1023.2,6,2.1,12,22,3,1
2016-12-22 02:00:00,44.5,6.0,5.1,1024.0,7,1.5,12,22,4,2
2016-12-22 03:00:00,40.1,3.8,2.7,1024.4,6,1.0,12,22,5,3
2016-12-22 04:00:00,38.5,4.3,4.1,1025.1,6,2.1,12,22,6,4
2016-12-22 05:00:00,37.9,3.9,3.9,1025.3,6,2.1,12,22,7,5
2016-12-22 06:00:00,39.6,4.7,4.7,1025.4,6,1.5,12,22,1,6
2016-12-22 07:00:00,42.4,4.6,4.6,1025.9,5,1.0,12,22,2,7
2016-12-22 08:00:00,43.3,3.7,3.7,1026.5,6,1.0,12,22,3,8
2016-12-22 09:00:00,48.7,3.2,3.1,1027.2,0,0.5,12,22,4,9
2016-12-22 10:00:00,55.4,3.5,3.5,1027.9,7,1.0,12,22,5,10
2016-12-22 11:00:00,52.0,6.9,5.1,1027.8,5,2.1,12,22,6,11
2016-12-22 12:00:00,54.3,9.0,4.3,1027.6,5,4.6,12,22,7,12
2016-12-22 13:00:00,55.1,10.5,3.8,1027.7,5,4.6,12,22,1,13
2016-12-22 14:00:00,52.2,10.1,3.5,1027.7,5,5.1,12,22,2,14
2016-12-22 15:00:00,51.3,9.3,3.2,1028.1,5,4.6,12,22,3,15
2016-12-22 16:00:00,46.3,8.7,3.4,1028.3,5,4.6,12,22,4,16
2016-12-22 17:00:00,48.7,8.1,3.8,1029.1,5,4.6,12,22,5,17
2016-12-22 18:00:00,46.2,8.3,4.5,1030.0,5,4.6,12,22,6,18
2016-12-22 19:00:00,51.2,7.5,4.2,1030.4,5,4.6,12,22,7,19
2016-12-22 20:00:00,49.1,6.8,4.1,1030.4,5,4.1,12,22,1,20
2016-12-22 21:00:00,48.8,6.7,4.6,1030.6,5,4.1,12,22,2,21
2016-12-22 22:00:00,47.4,6.3,4.6,1031.3,5,3.6,12,22,3,22
2016-12-22 23:00:00,47.0,6.1,5.1,1031.6,5,3.1,12,22,4,23
2016-12-23 00:00:00,47.9,4.2,3.4,1031.9,5,2.6,12,23,5,0
2016-12-23 01:00:00,46.4,4.5,4.2,1031.6,5,2.1,12,23,6,1
2016-12-23 02:00:00,43.4,5.2,4.9,1031.5,5,1.5,12,23,7,2
2016-12-23 03:00:00,41.9,5.4,5.1,1031.6,5,2.6,12,23,1,3
2016-12-23 04:00:00,40.0,5.3,4.9,1031.3,4,3.1,12,23,2,4
2016-12-23 05:00:00,39.5,5.8,5.5,1030.7,4,2.1,12,23,3,5
2016-12-23 06:00:00,37.2,5.8,5.4,1030.2,4,2.6,12,23,4,6
2016-12-23 07:00:00,37.1,6.4,6.1,1029.5,4,4.1,12,23,5,7
2016-12-23 08:00:00,40.0,7.4,7.0,1029.0,4,4.6,12,23,6,8
2016-12-23 09:00:00,48.0,8.2,7.6,1028.7,4,4.1,12,23,7,9
2016-12-23 10:00:00,51.0,9.7,8.2,1028.1,4,5.7,12,23,1,10
2016-12-23 11:00:00,49.7,10.6,8.1,1027.2,5,6.7,12,23,2,11
2016-12-23 12:00:00,51.9,10.7,7.8,1025.8,5,7.7,12,23,3,12
2016-12-23 13:00:00,52.2,10.8,7.8,1024.4,4,8.2,12,23,4,13
2016-12-23 14:00:00,54.1,10.8,7.7,1022.9,5,10.8,12,23,5,14
2016-12-23 15:00:00,49.7,10.8,7.5,1021.9,5,8.8,12,23,6,15
2016-12-23 16:00:00,50.3,10.8,7.8,1020.7,5,9.3,12,23,7,16
2016-12-23 17:00:00,55.9,10.7,8.8,1019.9,4,9.3,12,23,1,17
2016-12-23 18:00:00,56.8,10.7,9.7,1019.1,5,10.3,12,23,2,18
2016-12-23 19:00:00,58.7,11.1,10.3,1019.1,5,8.8,12,23,3,19
2016-12-23 20:00:00,50.8,11.3,7.6,1020.9,6,5.7,12,23,4,20
2016-12-23 21:00:00,48.3,9.1,7.2,1021.8,6,4.1,12,23,5,21
2016-12-23 22:00:00,47.2,8.5,7.0,1022.4,5,5.1,12,23,6,22
2016-12-23 23:00:00,45.7,7.6,6.0,1023.4,6,4.6,12,23,7,23
2016-12-24 00:00:00,45.4,7.8,6.4,1024.1,5,4.1,12,24,1,0
2016-12-24 01:00:00,41.3,7.5,5.7,1024.4,5,5.1,12,24,2,1
2016-12-24 02:00:00,42.4,7.0,5.1,1025.0,6,6.2,12,24,3,2
2016-12-24 03:00:00,42.1,5.8,3.3,1025.5,6,4.6,12,24,4,3
2016-12-24 04:00:00,39.1,5.8,3.6,1026.2,5,4.6,12,24,5,4
2016-12-24 05:00:00,39.1,5.6,3.3,1026.2,5,4.1,12,24,6,5
2016-12-24 06:00:00,39.9,5.4,3.5,1025.5,5,5.1,12,24,7,6
2016-12-24 07:00:00,39.3,5.9,3.3,1026.2,5,5.1,12,24,1,7
2016-12-24 08:00:00,40.6,6.2,3.3,1026.7,5,4.6,12,24,2,8
2016-12-24 09:00:00,43.7,6.8,3.4,1026.8,5,7.2,12,24,3,9
2016-12-24 10:00:00,46.5,7.5,4.0,1027.1,5,5.7,12,24,4,10
2016-12-24 11:00:00,46.6,8.5,4.6,1027.2,6,7.7,12,24,5,11
2016-12-24 12:00:00,47.9,9.0,4.8,1027.1,6,8.2,12,24,6,12
2016-12-24 13:00:00,48.0,9.5,4.8,1026.5,5,7.7,12,24,7,13
2016-12-24 14:00:00,44.9,9.8,4.8,1026.5,5,7.2,12,24,1,14
2016-12-24 15:00:00,45.6,9.9,5.1,1026.0,5,8.8,12,24,2,15
2016-12-24 16:00:00,46.3,9.7,4.9,1026.0,5,8.2,12,24,3,16
2016-12-24 17:00:00,50.9,10.0,5.1,1026.2,5,8.2,12,24,4,17
2016-12-24 18:00:00,48.9,9.8,5.2,1027.0,5,5.1,12,24,5,18
2016-12-24 19:00:00,54.1,9.3,5.4,1027.1,5,5.7,12,24,6,19
2016-12-24 20:00:00,50.1,9.4,5.7,1027.0,5,6.7,12,24,7,20
2016-12-24 21:00:00,52.7,9.6,6.3,1026.6,5,7.2,12,24,1,21
2016-12-24 22:00:00,50.0,10.0,6.3,1025.9,5,8.2,12,24,2,22
2016-12-24 23:00:00,47.2,9.9,6.1,1026.0,5,8.2,12,24,3,23
2016-12-25 00:00:00,46.9,9.9,6.4,1025.4,5,8.2,12,25,4,0
2016-12-25 01:00:00,44.6,10.1,6.5,1025.0,6,9.8,12,25,5,1
2016-12-25 02:00:00,43.6,10.0,6.7,1024.3,6,9.3,12,25,6,2
2016-12-25 03:00:00,40.9,9.8,6.8,1024.2,6,8.2,12,25,7,3
2016-12-25 04:00:00,41.5,10.1,7.0,1024.4,6,6.2,12,25,1,4
2016-12-25 05:00:00,41.7,10.3,7.3,1024.1,5,6.2,12,25,2,5
2016-12-25 06:00:00,41.2,10.7,7.9,1024.3,5,5.7,12,25,3,6
2016-12-25 07:00:00,39.7,10.8,8.3,1024.3,5,6.2,12,25,4,7
2016-12-25 08:00:00,38.7,10.7,8.8,1024.1,5,7.7,12,25,5,8
2016-12-25 09:00:00,40.8,11.4,9.0,1024.3,5,7.2,12,25,6,9
2016-12-25 10:00:00,44.9,11.8,9.4,1024.5,5,6.7,12,25,7,10
2016-12-25 11:00:00,47.2,12.1,9.7,1024.1,5,6.7,12,25,1,11
2016-12-25 12:00:00,51.5,12.5,10.2,1023.5,5,7.2,12,25,2,12
2016-12-25 13:00:00,53.0,12.8,11.0,1023.2,5,7.7,12,25,3,13
2016-12-25 14:00:00,45.3,13.2,10.6,1022.5,5,7.7,12,25,4,14
2016-12-25 15:00:00,50.4,13.5,10.6,1022.6,5,7.7,12,25,5,15
2016-12-25 16:00:00,54.8,12.5,10.0,1022.6,5,8.8,12,25,6,16
2016-12-25 17:00:00,54.5,12.2,9.7,1022.7,5,5.7,12,25,7,17
2016-12-25 18:00:00,59.2,12.5,9.8,1022.7,5,7.2,12,25,1,18
2016-12-25 19:00:00,56.0,12.6,10.0,1022.5,5,7.2,12,25,2,19
2016-12-25 20:00:00,49.4,12.8,9.7,1022.7,5,8.2,12,25,3,20
2016-12-25 21:00:00,52.4,12.3,9.6,1022.3,5,7.7,12,25,4,21
2016-12-25 22:00:00,49.3,12.5,9.3,1022.2,5,7.2,12,25,5,22
2016-12-25 23:00:00,46.7,12.4,9.0,1022.3,5,7.7,12,25,6,23
2016-12-26 00:00:00,49.7,12.3,9.2,1022.1,5,7.7,12,26,7,0
2016-12-26 01:00:00,43.0,12.0,9.4,1022.1,5,7.2,12,26,1,1
2016-12-26 02:00:00,42.4,12.1,9.5,1022.1,5,7.7,12,26,2,2
2016-12-26 03:00:00,39.2,8.4,7.5,1023.9,6,5.7,12,26,3,3
2016-12-26 04:00:00,39.9,8.0,6.7,1024.7,6,4.1,12,26,4,4
2016-12-26 05:00:00,38.7,8.2,6.3,1025.6,6,3.6,12,26,5,5
2016-12-26 06:00:00,39.8,7.3,5.5,1026.3,6,4.6,12,26,6,6
2016-12-26 07:00:00,39.7,7.0,4.7,1027.5,6,4.1,12,26,7,7
2016-12-26 08:00:00,45.6,6.5,4.4,1029.0,6,3.1,12,26,1,8
2016-12-26 09:00:00,45.3,5.9,4.0,1030.2,6,3.6,12,26,2,9
2016-12-26 10:00:00,45.4,7.7,3.6,1031.7,6,4.1,12,26,3,10
2016-12-26 11:00:00,43.4,8.0,0.9,1032.8,6,5.7,12,26,4,11
2016-12-26 12:00:00,42.7,8.5,0.0,1033.4,6,6.2,12,26,5,12
2016-12-26 13:00:00,45.8,8.2,0.6,1033.7,6,5.1,12,26,6,13
2016-12-26 14:00:00,46.5,7.9,0.8,1034.2,6,5.1,12,26,7,14
2016-12-26 15:00:00,47.3,7.7,0.9,1034.9,6,4.6,12,26,1,15
2016-12-26 16:00:00,50.4,6.6,1.1,1035.7,6,3.6,12,26,2,16
2016-12-26 17:00:00,53.4,6.2,1.3,1036.3,6,4.6,12,26,3,17
2016-12-26 18:00:00,53.8,5.1,0.5,1037.0,6,3.6,12,26,4,18
2016-12-26 19:00:00,54.2,4.4,0.9,1037.7,5,4.1,12,26,5,19
2016-12-26 20:00:00,53.6,4.6,0.4,1038.3,6,3.1,12,26,6,20
2016-12-26 21:00:00,54.0,4.3,0.5,1039.6,6,4.1,12,26,7,21
2016-12-26 22:00:00,55.6,3.7,0.2,1040.1,6,4.6,12,26,1,22
2016-12-26 23:00:00,56.1,3.1,-0.4,1040.4,6,3.6,12,26,2,23
2016-12-27 00:00:00,52.6,2.5,-0.5,1041.1,6,2.6,12,27,3,0
2016-12-27 01:00:00,53.0,1.6,-0.4,1041.3,6,4.6,12,27,4,1
2016-12-27 02:00:00,47.2,1.8,0.1,1041.6,6,1.5,12,27,5,2
2016-12-27 03:00:00,46.9,1.0,-0.6,1042.0,6,1.5,12,27,6,3
2016-12-27 04:00:00,44.3,1.5,0.0,1041.9,6,2.1,12,27,7,4
2016-12-27 05:00:00,47.2,0.4,-0.9,1042.2,7,1.5,12,27,1,5
2016-12-27 06:00:00,45.6,-0.6,-1.5,1042.5,7,0.5,12,27,2,6
2016-12-27 07:00:00,46.0,0.4,-0.1,1042.7,6,1.5,12,27,3,7
2016-12-27 08:00:00,47.8,0.2,-0.8,1043.2,6,1.5,12,27,4,8
2016-12-27 09:00:00,47.9,0.2,-0.7,1043.5,6,1.5,12,27,5,9
2016-12-27 10:00:00,54.4,1.4,-0.1,1044.3,5,1.0,12,27,6,10
2016-12-27 11:00:00,49.7,3.3,0.6,1044.9,6,1.0,12,27,7,11
2016-12-27 12:00:00,49.0,4.9,1.4,1044.9,6,1.0,12,27,1,12
2016-12-27 13:00:00,53.0,5.8,1.3,1044.7,6,1.5,12,27,2,13
2016-12-27 14:00:00,52.9,6.4,1.7,1044.5,6,0.5,12,27,3,14
2016-12-27 15:00:00,51.0,5.6,1.6,1044.6,7,1.0,12,27,4,15
2016-12-27 16:00:00,54.3,4.8,1.6,1044.6,7,1.0,12,27,5,16
2016-12-27 17:00:00,55.3,3.3,1.0,1044.9,1,0.5,12,27,6,17
2016-12-27 18:00:00,59.5,3.2,1.8,1045.2,0,0.5,12,27,7,18
2016-12-27 19:00:00,56.9,2.1,0.6,1045.1,0,0.0,12,27,1,19
2016-12-27 20:00:00,56.0,1.9,0.9,1045.4,0,0.5,12,27,2,20
2016-12-27 21:00:00,59.2,1.2,0.3,1045.5,1,1.0,12,27,3,21
2016-12-27 22:00:00,55.8,0.8,0.0,1045.3,1,1.0,12,27,4,22
2016-12-27 23:00:00,52.9,0.5,-0.1,1045.2,1,0.5,12,27,5,23
2016-12-28 00:00:00,52.3,-0.2,-1.0,1045.2,0,0.0,12,28,6,0
2016-12-28 01:00:00,46.2,-0.6,-1.1,1044.8,0,1.0,12,28,7,1
2016-12-28 02:00:00,47.0,-0.9,-1.3,1044.7,1,1.5,12,28,1,2
2016-12-28 03:00:00,45.1,-1.1,-1.3,1044.6,0,0.5,12,28,2,3
2016-12-28 04:00:00,41.3,-0.8,-1.0,1044.3,1,0.5,12,28,3,4
2016-12-28 05:00:00,43.5,-1.1,-1.4,1043.9,2,1.0,12,28,4,5
2016-12-28 06:00:00,41.5,-0.8,-1.0,1043.7,0,0.5,12,28,5,6
2016-12-28 07:00:00,42.9,-0.6,-1.0,1043.7,0,1.5,12,28,6,7
2016-12-28 08:00:00,44.0,-0.8,-1.3,1043.3,1,1.5,12,28,7,8
2016-12-28 09:00:00,50.0,-0.8,-1.3,1043.4,1,1.0,12,28,1,9
2016-12-28 10:00:00,49.7,0.8,0.3,1043.6,1,1.5,12,28,2,10
2016-12-28 11:00:00,51.7,3.6,2.6,1043.6,2,1.5,12,28,3,11
2016-12-28 12:00:00,53.9,6.0,3.8,1043.0,2,2.6,12,28,4,12
2016-12-28 13:00:00,54.0,7.1,4.2,1042.4,2,3.1,12,28,5,13
2016-12-28 14:00:00,54.5,8.0,4.1,1041.9,3,3.6,12,28,6,14
2016-12-28 15:00:00,54.9,7.1,3.3,1041.5,3,2.6,12,28,7,15
2016-12-28 16:00:00,53.9,5.7,2.8,1041.1,2,1.5,12,28,1,16
2016-12-28 17:00:00,56.8,3.8,1.5,1041.1,1,1.0,12,28,2,17
2016-12-28 18:00:00,54.9,3.5,2.4,1040.8,1,1.5,12,28,3,18
2016-12-28 19:00:00,59.8,3.0,2.1,1040.6,1,1.5,12,28,4,19
2016-12-28 20:00:00,53.5,1.6,0.6,1040.3,1,0.5,12,28,5,20
2016-12-28 21:00:00,53.7,2.0,1.5,1040.2,1,1.5,12,28,6,21
2016-12-28 22:00:00,55.7,1.8,1.3,1040.3,1,2.1,12,28,7,22
2016-12-28 23:00:00,54.3,1.3,0.8,1040.1,1,2.1,12,28,1,23
2016-12-29 00:00:00,51.6,0.7,0.2,1040.0,1,1.5,12,29,2,0
2016-12-29 01:00:00,46.5,-0.3,-0.8,1039.5,1,1.0,12,29,3,1
2016-12-29 02:00:00,47.1,-1.2,-1.6,1039.2,0,0.5,12,29,4,2
2016-12-29 03:00:00,44.7,-1.2,-1.4,1038.6,1,1.0,12,29,5,3
2016-12-29 04:00:00,41.6,-2.0,-2.4,1038.5,1,1.0,12,29,6,4
2016-12-29 05:00:00,43.0,-2.3,-2.6,1038.3,1,1.0,12,29,7,5
2016-12-29 06:00:00,43.4,-0.9,-0.9,1037.8,1,1.0,12,29,1,6
2016-12-29 07:00:00,45.6,-0.4,-0.8,1037.4,1,1.5,12,29,2,7
2016-12-29 08:00:00,44.7,-0.6,-1.2,1037.4,1,1.0,12,29,3,8
2016-12-29 09:00:00,49.7,-0.2,-0.8,1037.6,1,1.5,12,29,4,9
2016-12-29 10:00:00,49.3,2.7,2.0,1037.8,2,2.1,12,29,5,10
2016-12-29 11:00:00,50.4,5.2,3.0,1037.7,3,2.1,12,29,6,11
2016-12-29 12:00:00,56.6,6.9,3.5,1037.1,3,2.6,12,29,7,12
2016-12-29 13:00:00,57.5,8.5,4.1,1036.5,3,2.1,12,29,1,13
2016-12-29 14:00:00,54.4,8.6,3.3,1036.2,4,1.0,12,29,2,14
2016-12-29 15:00:00,52.2,8.7,3.4,1036.0,3,1.0,12,29,3,15
2016-12-29 16:00:00,54.6,7.5,3.2,1035.9,3,1.5,12,29,4,16
2016-12-29 17:00:00,60.6,6.7,4.2,1036.5,4,2.1,12,29,5,17
2016-12-29 18:00:00,61.8,6.0,4.2,1036.5,4,2.6,12,29,6,18
2016-12-29 19:00:00,60.4,4.8,3.3,1036.6,4,2.1,12,29,7,19
2016-12-29 20:00:00,57.9,3.6,2.4,1036.8,5,0.5,12,29,1,20
2016-12-29 21:00:00,60.7,1.5,0.7,1036.7,7,0.5,12,29,2,21
2016-12-29 22:00:00,56.3,1.3,0.8,1036.7,0,1.0,12,29,3,22
2016-12-29 23:00:00,54.7,-0.9,-1.4,1037.0,7,1.5,12,29,4,23
2016-12-30 00:00:00,53.7,-0.4,-0.4,1037.0,0,0.5,12,30,5,0
2016-12-30 01:00:00,54.0,0.1,0.1,1037.3,0,0.5,12,30,6,1
2016-12-30 02:00:00,49.3,0.5,0.5,1037.3,4,1.0,12,30,7,2
2016-12-30 03:00:00,47.3,0.4,0.4,1037.0,4,1.5,12,30,1,3
2016-12-30 04:00:00,44.0,0.2,0.2,1036.8,3,1.5,12,30,2,4
2016-12-30 05:00:00,42.4,0.2,0.2,1036.6,2,0.5,12,30,3,5
2016-12-30 06:00:00,42.1,0.7,0.7,1036.6,0,0.5,12,30,4,6
2016-12-30 07:00:00,43.1,0.4,0.4,1036.9,7,1.5,12,30,5,7
2016-12-30 08:00:00,44.8,0.3,0.3,1037.3,7,1.0,12,30,6,8
2016-12-30 09:00:00,46.4,0.6,0.6,1037.4,6,1.0,12,30,7,9
2016-12-30 10:00:00,48.8,1.1,1.1,1037.9,6,2.1,12,30,1,10
2016-12-30 11:00:00,49.4,1.3,1.3,1037.9,5,1.5,12,30,2,11
2016-12-30 12:00:00,55.1,0.6,0.6,1037.1,6,2.6,12,30,3,12
2016-12-30 13:00:00,58.1,1.0,1.0,1036.8,6,2.1,12,30,4,13
2016-12-30 14:00:00,55.6,2.0,2.0,1036.4,5,2.1,12,30,5,14
2016-12-30 15:00:00,56.9,2.7,2.7,1036.2,5,1.0,12,30,6,15
2016-12-30 16:00:00,52.4,3.2,3.2,1035.8,5,1.5,12,30,7,16
2016-12-30 17:00:00,62.0,3.2,3.2,1035.8,5,1.5,12,30,1,17
2016-12-30 18:00:00,62.8,3.0,3.0,1035.8,5,1.5,12,30,2,18
2016-12-30 19:00:00,66.4,2.8,2.8,1035.8,6,1.0,12,30,3,19
2016-12-30 20:00:00,61.5,2.6,2.6,1035.9,7,1.5,12,30,4,20
2016-12-30 21:00:00,59.5,2.5,2.5,1036.0,6,1.5,12,30,5,21
2016-12-30 22:00:00,59.8,2.6,2.6,1035.9,5,2.6,12,30,6,22
2016-12-30 23:00:00,57.3,2.9,2.9,1035.6,4,2.6,12,30,7,23
2016-12-31 00:00:00,50.9,2.9,2.8,1035.0,4,2.1,12,31,1,0
2016-12-31 01:00:00,52.0,3.1,3.0,1034.5,5,1.5,12,31,2,1
2016-12-31 02:00:00,48.8,3.5,3.4,1034.3,5,1.0,12,31,3,2
2016-12-31 03:00:00,46.9,3.7,3.5,1034.0,5,1.0,12,31,4,3
2016-12-31 04:00:00,45.5,3.9,3.7,1033.2,4,1.5,12,31,5,4
2016-12-31 05:00:00,43.6,4.4,4.2,1033.0,5,2.1,12,31,6,5
2016-12-31 06:00:00,45.6,4.4,4.1,1033.0,6,0.5,12,31,7,6
2016-12-31 07:00:00,43.3,4.2,4.1,1033.0,5,3.6,12,31,1,7
2016-12-31 08:00:00,43.7,4.2,4.2,1033.3,5,3.1,12,31,2,8
2016-12-31 09:00:00,46.0,4.8,4.8,1033.2,5,2.1,12,31,3,9
2016-12-31 10:00:00,55.2,5.7,5.7,1033.0,5,3.1,12,31,4,10
2016-12-31 11:00:00,54.6,6.8,6.5,1032.6,4,3.1,12,31,5,11
2016-12-31 12:00:00,53.5,7.6,6.7,1031.6,5,3.6,12,31,6,12
2016-12-31 13:00:00,53.6,8.5,7.3,1030.9,5,3.6,12,31,7,13
2016-12-31 14:00:00,54.3,8.8,7.1,1030.1,6,5.1,12,31,1,14
2016-12-31 15:00:00,54.1,8.7,6.8,1029.6,6,4.1,12,31,2,15
2016-12-31 16:00:00,51.6,8.6,6.8,1029.2,5,3.6,12,31,3,16
2016-12-31 17:00:00,56.7,8.5,6.8,1028.8,5,2.6,12,31,4,17
2016-12-31 18:00:00,65.3,8.5,6.6,1028.1,5,3.1,12,31,5,18
2016-12-31 19:00:00,60.9,8.1,6.5,1027.5,5,3.6,12,31,6,19
2016-12-31 20:00:00,56.5,7.2,6.1,1026.9,5,4.1,12,31,7,20
2016-12-31 21:00:00,54.2,6.9,5.8,1026.2,5,4.6,12,31,1,21
2016-12-31 22:00:00,52.1,6.9,6.2,1025.4,4,3.1,12,31,2,22
2016-12-31 23:00:00,47.8,7.5,6.5,1024.7,5,5.7,12,31,3,23
2017-01-01 00:00:00,23.3,6.7,5.2,1024.1,4,5.1,1,1,4,0
2017-01-01 01:00:00,50.1,6.2,5.1,1022.7,5,3.6,1,1,5,1
2017-01-01 02:00:00,48.39999999999999,6.0,4.9,1021.9,5,4.6,1,1,6,2
2017-01-01 03:00:00,49.90000000000001,5.7,4.8,1020.7,4,3.6,1,1,7,3
2017-01-01 04:00:00,50.0,5.6,4.5,1019.6,5,4.1,1,1,1,4
2017-01-01 05:00:00,43.600000000000016,5.5,4.6,1018.5,4,2.6,1,1,2,5
2017-01-01 06:00:00,40.89999999999998,5.9,5.0,1017.8,5,3.1,1,1,3,6
2017-01-01 07:00:00,42.5,6.4,5.5,1017.1,4,3.1,1,1,4,7
2017-01-01 08:00:00,48.0,6.7,6.0,1016.3,4,2.6,1,1,5,8
2017-01-01 09:00:00,50.69999999999999,7.3,6.7,1015.9,4,3.1,1,1,6,9
2017-01-01 10:00:00,52.400000000000105,8.0,7.1,1015.8,5,3.1,1,1,7,10
2017-01-01 11:00:00,56.099999999999895,8.7,7.6,1015.6,5,2.6,1,1,1,11
2017-01-01 12:00:00,57.5,9.7,7.7,1015.1,5,3.6,1,1,2,12
2017-01-01 13:00:00,59.80000000000007,9.8,7.4,1014.6,5,3.6,1,1,3,13
2017-01-01 14:00:00,57.29999999999996,9.1,7.5,1014.6,6,3.1,1,1,4,14
2017-01-01 15:00:00,58.899999999999984,5.2,4.0,1015.8,0,5.1,1,1,5,15
2017-01-01 16:00:00,58.099999999999895,4.6,3.3,1017.0,0,6.2,1,1,6,16
2017-01-01 17:00:00,60.899999999999984,4.5,3.2,1018.2,0,4.6,1,1,7,17
2017-01-01 18:00:00,63.70000000000004,4.3,3.2,1018.9,1,4.1,1,1,1,18
2017-01-01 19:00:00,65.70000000000005,4.5,3.2,1019.6,1,5.1,1,1,2,19
2017-01-01 20:00:00,60.900000000000105,4.6,3.4,1020.6,1,4.6,1,1,3,20
2017-01-01 21:00:00,57.700000000000045,4.6,3.6,1021.4,0,3.1,1,1,4,21
2017-01-01 22:00:00,57.400000000000105,4.5,3.4,1022.2,0,3.6,1,1,5,22
2017-01-01 23:00:00,51.599999999999895,4.2,2.8,1022.8,0,3.6,1,1,6,23
2017-01-02 00:00:00,53.10000000000014,3.9,2.6,1023.3,0,3.1,1,2,7,0
2017-01-02 01:00:00,49.200000000000045,3.9,2.4,1023.9,0,4.1,1,2,1,1
2017-01-02 02:00:00,48.5,3.7,2.2,1024.4,0,4.1,1,2,2,2
2017-01-02 03:00:00,47.200000000000045,2.6,1.2,1025.3,0,3.1,1,2,3,3
2017-01-02 04:00:00,46.200000000000045,2.4,1.2,1025.9,0,4.1,1,2,4,4
2017-01-02 05:00:00,46.5,2.3,1.5,1026.3,0,3.1,1,2,5,5
2017-01-02 06:00:00,43.400000000000105,2.2,1.1,1026.4,0,2.1,1,2,6,6
2017-01-02 07:00:00,49.0,2.3,0.9,1027.2,0,2.6,1,2,7,7
2017-01-02 08:00:00,48.200000000000045,2.0,0.6,1028.2,0,3.1,1,2,1,8
2017-01-02 09:00:00,46.900000000000105,2.0,0.3,1028.9,0,1.5,1,2,2,9
2017-01-02 10:00:00,48.900000000000105,2.9,0.5,1029.4,0,3.1,1,2,3,10
2017-01-02 11:00:00,47.099999999999895,3.9,0.8,1029.9,0,4.1,1,2,4,11
2017-01-02 12:00:00,51.29999999999996,4.5,0.9,1030.0,0,4.1,1,2,5,12
2017-01-02 13:00:00,52.200000000000045,5.2,0.8,1029.7,0,3.1,1,2,6,13
2017-01-02 14:00:00,56.79999999999996,5.4,0.8,1029.7,0,2.6,1,2,7,14
2017-01-02 15:00:00,55.0,5.2,0.8,1029.9,7,2.6,1,2,1,15
2017-01-02 16:00:00,60.099999999999895,4.3,0.6,1030.1,7,2.1,1,2,2,16
2017-01-02 17:00:00,61.30000000000018,3.3,0.6,1030.4,7,2.1,1,2,3,17
2017-01-02 18:00:00,64.09999999999991,2.3,0.2,1030.8,7,2.6,1,2,4,18
2017-01-02 19:00:00,65.19999999999982,1.7,-0.1,1030.8,7,2.6,1,2,5,19
2017-01-02 20:00:00,65.30000000000018,1.3,-0.4,1030.9,6,2.1,1,2,6,20
2017-01-02 21:00:00,61.70000000000028,0.2,-1.2,1030.8,6,1.5,1,2,7,21
2017-01-02 22:00:00,58.80000000000018,0.2,-0.9,1030.7,6,1.5,1,2,1,22
2017-01-02 23:00:00,57.400000000000105,-1.0,-2.1,1030.6,6,2.1,1,2,2,23
2017-01-03 00:00:00,61.900000000000105,-1.8,-2.6,1030.5,6,1.5,1,3,3,0
2017-01-03 01:00:00,54.900000000000105,-1.4,-2.2,1030.5,6,1.5,1,3,4,1
2017-01-03 02:00:00,50.400000000000105,-1.5,-2.0,1030.5,6,2.1,1,3,5,2
2017-01-03 03:00:00,49.89999999999963,-2.1,-2.7,1030.5,6,2.1,1,3,6,3
2017-01-03 04:00:00,46.099999999999895,-2.1,-2.5,1030.1,5,2.1,1,3,7,4
2017-01-03 05:00:00,46.5,-1.9,-2.4,1029.8,5,3.1,1,3,1,5
2017-01-03 06:00:00,48.0,-1.3,-2.0,1029.8,6,2.6,1,3,2,6
2017-01-03 07:00:00,50.10000000000037,-0.9,-1.7,1029.4,6,3.1,1,3,3,7
2017-01-03 08:00:00,51.400000000000105,-1.7,-2.9,1029.6,6,2.6,1,3,4,8
2017-01-03 09:00:00,59.5,-0.9,-2.0,1029.8,6,1.5,1,3,5,9
2017-01-03 10:00:00,63.899999999999636,1.1,-0.6,1029.6,6,4.6,1,3,6,10
2017-01-03 11:00:00,69.30000000000018,2.1,-0.1,1029.1,6,5.7,1,3,7,11
2017-01-03 12:00:00,67.60000000000036,3.7,0.8,1028.5,6,5.7,1,3,1,12
2017-01-03 13:00:00,70.09999999999991,5.2,1.7,1027.8,6,5.1,1,3,2,13
2017-01-03 14:00:00,71.09999999999991,5.7,1.1,1026.9,6,5.1,1,3,3,14
2017-01-03 15:00:00,62.899999999999636,5.2,1.1,1027.0,6,4.6,1,3,4,15
2017-01-03 16:00:00,66.09999999999991,4.5,1.6,1026.6,6,4.6,1,3,5,16
2017-01-03 17:00:00,63.0,4.3,1.6,1026.7,6,4.6,1,3,6,17
2017-01-03 18:00:00,65.39999999999964,4.2,1.6,1026.3,6,4.6,1,3,7,18
2017-01-03 19:00:00,68.5,3.8,1.4,1026.0,6,5.1,1,3,1,19
2017-01-03 20:00:00,71.10000000000036,3.1,1.3,1025.7,6,4.6,1,3,2,20
2017-01-03 21:00:00,71.40000000000009,3.9,1.4,1025.7,6,4.6,1,3,3,21
2017-01-03 22:00:00,69.5,3.8,1.3,1025.5,6,3.6,1,3,4,22
2017-01-03 23:00:00,67.90000000000009,3.5,1.1,1025.0,6,4.1,1,3,5,23
2017-01-04 00:00:00,63.20000000000028,2.8,0.9,1024.6,6,5.7,1,4,6,0
2017-01-04 01:00:00,55.900000000000105,2.8,1.0,1024.2,6,6.2,1,4,7,1
2017-01-04 02:00:00,53.199999999999825,3.6,1.4,1024.1,6,4.6,1,4,1,2
2017-01-04 03:00:00,52.899999999999636,4.5,1.9,1024.1,6,5.1,1,4,2,3
2017-01-04 04:00:00,48.60000000000037,4.9,2.0,1023.6,6,5.1,1,4,3,4
2017-01-04 05:00:00,47.599999999999454,5.0,2.1,1023.6,6,4.1,1,4,4,5
2017-01-04 06:00:00,48.400000000000546,5.2,2.2,1023.3,6,3.6,1,4,5,6
2017-01-04 07:00:00,49.00000000000001,4.8,2.3,1023.4,6,4.1,1,4,6,7
2017-01-04 08:00:00,58.199999999999825,5.0,2.7,1023.5,7,4.6,1,4,7,8
2017-01-04 09:00:00,63.099999999999454,5.5,3.4,1023.9,6,4.6,1,4,1,9
2017-01-04 10:00:00,62.399999999999636,6.2,3.7,1024.3,6,4.6,1,4,2,10
2017-01-04 11:00:00,62.30000000000018,7.4,4.6,1024.7,6,4.1,1,4,3,11
2017-01-04 12:00:00,67.39999999999964,8.3,5.1,1024.7,7,4.1,1,4,4,12
2017-01-04 13:00:00,66.39999999999964,6.4,2.5,1025.2,0,3.6,1,4,5,13
2017-01-04 14:00:00,66.90000000000055,7.2,1.6,1025.2,0,4.1,1,4,6,14
2017-01-04 15:00:00,67.20000000000073,7.0,0.4,1025.9,0,3.6,1,4,7,15
2017-01-04 16:00:00,70.40000000000055,6.7,-0.4,1026.3,0,2.6,1,4,1,16
2017-01-04 17:00:00,79.20000000000073,5.5,-1.4,1027.1,0,2.1,1,4,2,17
2017-01-04 18:00:00,78.10000000000036,4.5,-1.7,1027.9,0,2.6,1,4,3,18
2017-01-04 19:00:00,73.1999999999998,3.0,-1.8,1028.7,7,2.6,1,4,4,19
2017-01-04 20:00:00,73.3000000000002,2.2,-2.1,1029.1,7,1.5,1,4,5,20
2017-01-04 21:00:00,79.89999999999964,1.7,-2.3,1029.6,7,2.1,1,4,6,21
2017-01-04 22:00:00,70.19999999999982,1.3,-2.3,1029.9,7,2.1,1,4,7,22
2017-01-04 23:00:00,69.69999999999982,1.0,-2.3,1030.3,7,2.1,1,4,1,23
2017-01-05 00:00:00,66.19999999999982,1.5,-2.4,1030.7,0,2.6,1,5,2,0
2017-01-05 01:00:00,56.599999999999454,0.3,-2.8,1031.0,0,1.5,1,5,3,1
2017-01-05 02:00:00,54.19999999999982,0.1,-2.7,1031.7,7,1.5,1,5,4,2
2017-01-05 03:00:00,52.099999999999454,-0.2,-2.7,1031.7,0,1.0,1,5,5,3
2017-01-05 04:00:00,53.30000000000018,-0.2,-2.8,1032.1,7,1.0,1,5,6,4
2017-01-05 05:00:00,48.899999999999636,-1.2,-3.2,1032.2,0,1.0,1,5,7,5
2017-01-05 06:00:00,48.30000000000018,-2.0,-3.6,1032.8,4,1.0,1,5,1,6
2017-01-05 07:00:00,49.80000000000018,-0.8,-2.6,1033.3,6,1.5,1,5,2,7
2017-01-05 08:00:00,57.60000000000037,-1.1,-2.7,1033.8,7,0.5,1,5,3,8
2017-01-05 09:00:00,65.10000000000036,-0.7,-2.5,1034.3,6,1.0,1,5,4,9
2017-01-05 10:00:00,69.89999999999964,0.9,-1.7,1034.8,6,1.5,1,5,5,10
2017-01-05 11:00:00,76.6999999999998,2.0,-1.5,1035.1,6,1.5,1,5,6,11
2017-01-05 12:00:00,75.60000000000036,3.4,-0.7,1035.1,1,0.5,1,5,7,12
2017-01-05 13:00:00,73.0,4.7,-0.3,1034.9,2,1.5,1,5,1,13
2017-01-05 14:00:00,70.5,5.4,-0.2,1034.8,6,0.5,1,5,2,14
2017-01-05 15:00:00,67.5,5.4,0.3,1034.6,5,2.1,1,5,3,15
2017-01-05 16:00:00,70.59999999999945,3.8,-0.5,1035.3,6,1.5,1,5,4,16
2017-01-05 17:00:00,72.60000000000036,3.2,-0.3,1036.0,7,1.5,1,5,5,17
2017-01-05 18:00:00,79.10000000000036,2.4,-0.1,1036.3,0,1.0,1,5,6,18
2017-01-05 19:00:00,75.8000000000002,1.0,-0.7,1036.7,0,0.0,1,5,7,19
2017-01-05 20:00:00,72.5,0.4,-0.4,1036.9,5,0.5,1,5,1,20
2017-01-05 21:00:00,75.5,0.8,-0.6,1037.1,7,1.0,1,5,2,21
2017-01-05 22:00:00,80.10000000000036,0.4,-0.9,1037.5,0,1.0,1,5,3,22
2017-01-05 23:00:00,72.1999999999998,-0.9,-1.7,1037.7,1,0.5,1,5,4,23
2017-01-06 00:00:00,68.99999999999909,-1.3,-1.8,1037.7,2,1.5,1,6,5,0
2017-01-06 01:00:00,59.19999999999982,-2.1,-2.7,1037.5,3,1.5,1,6,6,1
2017-01-06 02:00:00,57.699999999999825,-1.9,-2.1,1037.4,3,0.5,1,6,7,2
2017-01-06 03:00:00,52.60000000000037,-2.2,-2.5,1037.4,0,0.5,1,6,1,3
2017-01-06 04:00:00,49.0,-2.7,-3.2,1037.3,0,0.5,1,6,2,4
2017-01-06 05:00:00,47.30000000000018,-1.9,-2.1,1037.1,1,0.5,1,6,3,5
2017-01-06 06:00:00,51.30000000000018,-1.0,-1.2,1037.1,2,0.5,1,6,4,6
2017-01-06 07:00:00,50.60000000000037,-0.3,-0.6,1037.2,3,0.5,1,6,5,7
2017-01-06 08:00:00,54.80000000000018,0.2,-0.4,1037.5,1,0.5,1,6,6,8
2017-01-06 09:00:00,73.09999999999945,1.6,0.7,1037.7,5,1.5,1,6,7,9
2017-01-06 10:00:00,72.8000000000002,2.3,1.0,1037.7,4,1.5,1,6,1,10
2017-01-06 11:00:00,68.0,3.6,1.6,1037.2,4,2.1,1,6,2,11
2017-01-06 12:00:00,72.6999999999998,5.4,2.4,1036.6,4,3.1,1,6,3,12
2017-01-06 13:00:00,72.1999999999998,6.4,2.2,1035.9,4,3.6,1,6,4,13
2017-01-06 14:00:00,72.09999999999945,6.7,1.2,1035.5,5,4.6,1,6,5,14
2017-01-06 15:00:00,72.70000000000073,6.2,1.9,1035.5,4,3.6,1,6,6,15
2017-01-06 16:00:00,73.0,5.6,2.9,1035.5,4,3.1,1,6,7,16
2017-01-06 17:00:00,76.0,4.8,3.3,1035.5,4,3.1,1,6,1,17
2017-01-06 18:00:00,84.20000000000073,4.7,3.9,1035.1,4,3.6,1,6,2,18
2017-01-06 19:00:00,81.80000000000109,4.8,4.2,1034.7,4,4.1,1,6,3,19
2017-01-06 20:00:00,78.70000000000073,4.9,4.2,1034.3,4,4.1,1,6,4,20
2017-01-06 21:00:00,75.69999999999891,5.0,4.7,1033.9,4,3.6,1,6,5,21
2017-01-06 22:00:00,78.39999999999964,5.4,5.1,1033.8,5,4.1,1,6,6,22
2017-01-06 23:00:00,72.39999999999964,5.9,5.6,1033.4,5,4.1,1,6,7,23
2017-01-07 00:00:00,66.10000000000036,6.2,5.9,1032.8,5,5.1,1,7,1,0
2017-01-07 01:00:00,66.39999999999964,6.3,6.1,1032.5,5,4.1,1,7,2,1
2017-01-07 02:00:00,64.60000000000038,6.6,6.5,1032.2,5,3.1,1,7,3,2
2017-01-07 03:00:00,54.20000000000073,6.7,6.7,1031.7,5,2.6,1,7,4,3
2017-01-07 04:00:00,49.70000000000073,6.9,6.8,1031.4,5,2.1,1,7,5,4
2017-01-07 05:00:00,48.0,7.0,7.0,1031.4,5,1.5,1,7,6,5
2017-01-07 06:00:00,48.699999999998894,7.4,7.4,1031.1,6,2.1,1,7,7,6
2017-01-07 07:00:00,52.79999999999927,7.7,7.7,1031.2,6,2.6,1,7,1,7
2017-01-07 08:00:00,55.399999999999636,7.9,7.8,1031.5,6,2.6,1,7,2,8
2017-01-07 09:00:00,58.60000000000038,8.2,8.1,1031.8,6,1.5,1,7,3,9
2017-01-07 10:00:00,70.19999999999891,9.0,8.8,1032.2,6,2.6,1,7,4,10
2017-01-07 11:00:00,65.79999999999927,9.6,9.2,1032.0,6,3.1,1,7,5,11
2017-01-07 12:00:00,65.30000000000109,10.4,9.6,1032.0,6,3.1,1,7,6,12
2017-01-07 13:00:00,69.70000000000073,10.7,9.7,1031.7,6,2.1,1,7,7,13
2017-01-07 14:00:00,74.09999999999854,10.8,9.6,1031.6,7,2.1,1,7,1,14
2017-01-07 15:00:00,67.90000000000146,10.7,9.2,1031.7,7,1.5,1,7,2,15
2017-01-07 16:00:00,66.0,10.4,9.1,1032.1,7,2.1,1,7,3,16
2017-01-07 17:00:00,76.70000000000073,10.1,9.0,1032.3,7,1.0,1,7,4,17
2017-01-07 18:00:00,81.39999999999964,9.9,9.0,1032.6,7,1.5,1,7,5,18
2017-01-07 19:00:00,80.0,10.1,8.9,1032.6,0,1.0,1,7,6,19
2017-01-07 20:00:00,81.10000000000036,9.5,8.4,1032.6,6,2.1,1,7,7,20
2017-01-07 21:00:00,79.39999999999964,9.2,8.5,1032.8,6,2.1,1,7,1,21
2017-01-07 22:00:00,69.5,9.2,8.9,1032.7,6,2.1,1,7,2,22
2017-01-07 23:00:00,65.5,9.2,8.8,1032.8,6,2.1,1,7,3,23
2017-01-08 00:00:00,71.19999999999891,9.0,8.5,1032.6,6,2.1,1,8,4,0
2017-01-08 01:00:00,54.00000000000001,8.8,8.1,1032.4,6,2.6,1,8,5,1
2017-01-08 02:00:00,50.899999999999636,8.5,7.9,1032.5,6,1.5,1,8,6,2
2017-01-08 03:00:00,52.10000000000038,8.1,7.6,1032.4,6,1.5,1,8,7,3
2017-01-08 04:00:00,49.50000000000001,7.8,7.2,1032.3,7,0.5,1,8,1,4
2017-01-08 05:00:00,50.199999999998894,7.8,7.6,1032.2,7,0.5,1,8,2,5
2017-01-08 06:00:00,45.69999999999892,7.7,7.4,1032.2,2,0.5,1,8,3,6
2017-01-08 07:00:00,45.300000000001106,8.2,7.9,1032.3,4,1.0,1,8,4,7
2017-01-08 08:00:00,52.300000000001106,8.5,8.1,1032.8,6,0.5,1,8,5,8
2017-01-08 09:00:00,60.29999999999927,8.6,8.3,1033.2,7,0.5,1,8,6,9
2017-01-08 10:00:00,69.69999999999891,9.0,8.7,1033.5,1,1.5,1,8,7,10
2017-01-08 11:00:00,74.5,9.1,8.9,1033.4,1,1.0,1,8,1,11
2017-01-08 12:00:00,73.89999999999964,9.4,8.5,1033.0,4,2.1,1,8,2,12
2017-01-08 13:00:00,76.80000000000109,9.4,8.4,1032.4,4,2.1,1,8,3,13
2017-01-08 14:00:00,78.40000000000146,9.4,8.8,1032.0,2,1.0,1,8,4,14
2017-01-08 15:00:00,86.69999999999891,9.3,8.7,1032.0,2,0.5,1,8,5,15
2017-01-08 16:00:00,84.69999999999891,9.2,8.8,1031.7,1,1.0,1,8,6,16
2017-01-08 17:00:00,87.0,9.1,8.8,1031.6,2,1.0,1,8,7,17
2017-01-08 18:00:00,95.89999999999964,9.2,9.0,1031.5,1,1.5,1,8,1,18
2017-01-08 19:00:00,107.60000000000036,9.2,9.0,1031.3,2,1.5,1,8,2,19
2017-01-08 20:00:00,102.79999999999927,9.2,9.1,1031.0,4,2.1,1,8,3,20
2017-01-08 21:00:00,100.19999999999891,9.0,8.9,1031.0,6,2.1,1,8,4,21
2017-01-08 22:00:00,92.0,8.5,8.4,1030.5,6,1.5,1,8,5,22
2017-01-08 23:00:00,88.0,8.6,8.5,1030.1,5,2.6,1,8,6,23
2017-01-09 00:00:00,85.0,8.4,8.3,1029.5,4,3.1,1,9,7,0
2017-01-09 01:00:00,69.89999999999964,8.2,8.2,1028.6,4,2.1,1,9,1,1
2017-01-09 02:00:00,65.5,8.0,7.9,1027.8,5,2.6,1,9,2,2
2017-01-09 03:00:00,59.59999999999854,7.6,7.4,1027.2,5,2.1,1,9,3,3
2017-01-09 04:00:00,55.00000000000001,7.5,7.3,1026.5,5,2.6,1,9,4,4
2017-01-09 05:00:00,51.90000000000146,7.8,7.5,1025.9,5,3.6,1,9,5,5
2017-01-09 06:00:00,51.10000000000037,7.7,7.5,1024.5,4,2.6,1,9,6,6
2017-01-09 07:00:00,63.29999999999927,8.2,7.5,1023.9,5,4.6,1,9,7,7
2017-01-09 08:00:00,78.79999999999927,8.4,7.8,1023.1,5,4.6,1,9,1,8
2017-01-09 09:00:00,88.40000000000146,8.7,7.8,1022.4,5,4.6,1,9,2,9
2017-01-09 10:00:00,83.30000000000109,9.3,7.5,1021.8,5,6.7,1,9,3,10
2017-01-09 11:00:00,75.60000000000036,9.6,7.1,1021.0,5,6.7,1,9,4,11
2017-01-09 12:00:00,75.89999999999964,9.3,7.0,1019.3,5,6.7,1,9,5,12
2017-01-09 13:00:00,77.39999999999964,9.0,7.6,1017.3,5,5.7,1,9,6,13
2017-01-09 14:00:00,88.30000000000109,9.2,7.9,1015.4,4,6.2,1,9,7,14
2017-01-09 15:00:00,88.39999999999964,9.4,8.3,1014.1,5,6.7,1,9,1,15
2017-01-09 16:00:00,92.90000000000146,9.7,8.3,1012.6,5,8.2,1,9,2,16
2017-01-09 17:00:00,92.39999999999964,9.7,8.8,1011.4,5,7.2,1,9,3,17
2017-01-09 18:00:00,104.19999999999891,7.7,5.6,1011.7,6,6.7,1,9,4,18
2017-01-09 19:00:00,110.30000000000109,6.9,4.2,1012.3,6,3.6,1,9,5,19
2017-01-09 20:00:00,117.79999999999927,5.6,3.4,1012.3,6,3.6,1,9,6,20
2017-01-09 21:00:00,109.89999999999964,5.0,3.0,1011.9,6,5.1,1,9,7,21
2017-01-09 22:00:00,107.0,4.7,3.0,1011.3,6,5.1,1,9,1,22
2017-01-09 23:00:00,96.89999999999964,4.2,2.8,1010.9,6,5.7,1,9,2,23
2017-01-10 00:00:00,81.09999999999854,3.8,2.8,1011.0,6,5.1,1,10,3,0
2017-01-10 01:00:00,75.79999999999927,3.2,2.5,1010.5,6,4.6,1,10,4,1
2017-01-10 02:00:00,65.20000000000073,2.6,1.8,1010.6,6,3.6,1,10,5,2
2017-01-10 03:00:00,62.50000000000001,3.7,2.9,1010.2,6,3.6,1,10,6,3
2017-01-10 04:00:00,54.300000000001106,3.8,2.8,1010.1,6,4.1,1,10,7,4
2017-01-10 05:00:00,52.800000000001106,4.3,3.0,1009.8,6,4.1,1,10,1,5
2017-01-10 06:00:00,56.00000000000001,3.8,2.3,1009.5,6,4.1,1,10,2,6
2017-01-10 07:00:00,60.69999999999892,4.5,2.9,1009.9,6,3.6,1,10,3,7
2017-01-10 08:00:00,89.39999999999964,5.2,3.5,1010.5,6,4.6,1,10,4,8
2017-01-10 09:00:00,96.5,5.4,3.5,1010.6,6,4.6,1,10,5,9
2017-01-10 10:00:00,90.60000000000036,6.6,3.9,1011.1,6,4.6,1,10,6,10
2017-01-10 11:00:00,88.20000000000074,7.7,4.2,1011.6,6,4.6,1,10,7,11
2017-01-10 12:00:00,94.79999999999927,7.9,5.0,1011.4,6,4.1,1,10,1,12
2017-01-10 13:00:00,87.89999999999964,8.7,4.6,1011.2,6,5.7,1,10,2,13
2017-01-10 14:00:00,90.29999999999927,8.9,4.7,1011.2,6,4.6,1,10,3,14
2017-01-10 15:00:00,82.60000000000036,8.9,4.3,1011.7,6,5.1,1,10,4,15
2017-01-10 16:00:00,77.60000000000036,8.2,4.0,1012.1,6,3.6,1,10,5,16
2017-01-10 17:00:00,87.60000000000036,7.3,4.0,1012.2,6,4.6,1,10,6,17
2017-01-10 18:00:00,100.10000000000036,7.5,4.4,1012.6,5,3.1,1,10,7,18
2017-01-10 19:00:00,102.39999999999964,6.9,4.6,1012.8,5,3.1,1,10,1,19
2017-01-10 20:00:00,105.09999999999854,7.4,5.6,1012.7,5,4.1,1,10,2,20
2017-01-10 21:00:00,95.89999999999964,7.5,6.2,1012.2,5,3.6,1,10,3,21
2017-01-10 22:00:00,86.39999999999964,7.6,6.4,1011.8,5,4.6,1,10,4,22
2017-01-10 23:00:00,85.30000000000109,7.9,6.8,1012.3,5,3.6,1,10,5,23
2017-01-11 00:00:00,78.10000000000036,6.9,6.3,1011.5,5,3.6,1,11,6,0
2017-01-11 01:00:00,64.69999999999891,7.5,6.8,1011.2,5,4.1,1,11,7,1
2017-01-11 02:00:00,53.20000000000073,7.1,6.2,1010.3,5,4.1,1,11,1,2
2017-01-11 03:00:00,49.29999999999927,7.0,6.3,1009.5,5,3.6,1,11,2,3
2017-01-11 04:00:00,47.5,7.3,6.2,1008.7,5,5.7,1,11,3,4
2017-01-11 05:00:00,50.0,7.2,6.5,1008.0,5,4.6,1,11,4,5
2017-01-11 06:00:00,49.40000000000145,8.7,8.0,1007.9,6,3.1,1,11,5,6
2017-01-11 07:00:00,53.300000000002896,9.0,8.0,1007.8,6,4.1,1,11,6,7
2017-01-11 08:00:00,72.09999999999854,9.9,7.6,1007.5,6,6.7,1,11,7,8
2017-01-11 09:00:00,80.70000000000073,9.8,7.7,1008.6,6,4.1,1,11,1,9
2017-01-11 10:00:00,77.59999999999854,10.6,7.4,1009.0,6,4.6,1,11,2,10
2017-01-11 11:00:00,81.0,10.9,4.1,1009.7,6,6.7,1,11,3,11
2017-01-11 12:00:00,77.90000000000146,10.7,2.6,1010.4,7,7.2,1,11,4,12
2017-01-11 13:00:00,79.70000000000073,11.1,2.0,1010.5,6,7.7,1,11,5,13
2017-01-11 14:00:00,84.20000000000073,10.0,1.4,1011.2,7,5.7,1,11,6,14
2017-01-11 15:00:00,81.40000000000146,9.4,1.1,1012.0,7,6.2,1,11,7,15
2017-01-11 16:00:00,85.89999999999779,8.7,-0.6,1012.6,7,7.2,1,11,1,16
2017-01-11 17:00:00,91.10000000000221,8.3,-1.1,1013.7,6,6.2,1,11,2,17
2017-01-11 18:00:00,99.0,7.3,-0.6,1014.4,6,4.1,1,11,3,18
2017-01-11 19:00:00,104.70000000000073,6.0,-0.6,1014.6,6,5.7,1,11,4,19
2017-01-11 20:00:00,103.40000000000146,6.0,-0.4,1014.6,6,5.7,1,11,5,20
2017-01-11 21:00:00,96.30000000000292,6.0,-0.1,1014.8,6,6.2,1,11,6,21
2017-01-11 22:00:00,85.89999999999779,5.7,0.1,1015.3,6,6.2,1,11,7,22
2017-01-11 23:00:00,82.40000000000146,5.5,0.5,1015.6,6,5.1,1,11,1,23
2017-01-12 00:00:00,83.39999999999782,5.3,1.0,1015.2,5,5.1,1,12,2,0
2017-01-12 01:00:00,67.20000000000073,4.9,1.0,1015.0,5,5.7,1,12,3,1
2017-01-12 02:00:00,56.39999999999782,5.4,1.5,1014.9,5,4.6,1,12,4,2
2017-01-12 03:00:00,53.70000000000073,5.8,1.3,1014.5,6,5.7,1,12,5,3
2017-01-12 04:00:00,53.40000000000145,5.6,1.1,1013.5,5,4.6,1,12,6,4
2017-01-12 05:00:00,48.300000000002896,5.6,1.7,1012.8,5,4.1,1,12,7,5
2017-01-12 06:00:00,51.09999999999855,5.8,2.3,1012.3,5,4.6,1,12,1,6
2017-01-12 07:00:00,56.10000000000218,5.7,2.5,1011.7,5,4.6,1,12,2,7
2017-01-12 08:00:00,69.79999999999927,5.6,2.5,1010.9,5,4.6,1,12,3,8
2017-01-12 09:00:00,77.0,5.9,2.9,1009.8,5,5.1,1,12,4,9
2017-01-12 10:00:00,80.90000000000146,6.5,3.4,1008.6,5,5.1,1,12,5,10
2017-01-12 11:00:00,83.30000000000291,6.6,4.0,1007.1,5,4.6,1,12,6,11
2017-01-12 12:00:00,83.39999999999782,6.5,4.8,1004.8,5,3.1,1,12,7,12
2017-01-12 13:00:00,92.70000000000073,6.3,4.9,1002.9,5,4.6,1,12,1,13
2017-01-12 14:00:00,86.10000000000221,5.7,4.2,1000.0,4,3.6,1,12,2,14
2017-01-12 15:00:00,84.40000000000146,5.2,4.3,997.0,3,3.6,1,12,3,15
2017-01-12 16:00:00,86.79999999999926,4.4,2.8,995.3,5,1.5,1,12,4,16
2017-01-12 17:00:00,99.0,2.6,1.4,994.2,7,4.6,1,12,5,17
2017-01-12 18:00:00,120.39999999999779,0.9,0.5,993.9,0,4.1,1,12,6,18
2017-01-12 19:00:00,131.40000000000146,1.3,0.8,994.8,7,5.1,1,12,7,19
2017-01-12 20:00:00,111.79999999999927,2.1,1.1,995.9,7,5.1,1,12,1,20
2017-01-12 21:00:00,106.0,2.6,0.7,996.9,7,6.7,1,12,2,21
2017-01-12 22:00:00,99.10000000000221,2.4,-0.3,998.5,7,7.2,1,12,3,22
2017-01-12 23:00:00,100.0,1.8,-0.7,999.8,6,5.7,1,12,4,23
2017-01-13 00:00:00,88.79999999999926,1.1,-1.1,1000.9,6,5.1,1,13,5,0
2017-01-13 01:00:00,84.79999999999927,0.8,-1.1,1001.7,6,5.1,1,13,6,1
2017-01-13 02:00:00,68.60000000000218,0.8,-1.1,1002.8,6,5.1,1,13,7,2
2017-01-13 03:00:00,58.0,0.5,-1.3,1003.4,6,5.1,1,13,1,3
2017-01-13 04:00:00,53.70000000000071,1.4,-1.0,1004.0,6,5.1,1,13,2,4
2017-01-13 05:00:00,54.59999999999854,1.9,-0.5,1005.2,6,4.6,1,13,3,5
2017-01-13 06:00:00,58.60000000000218,1.7,-0.7,1006.0,6,4.6,1,13,4,6
2017-01-13 07:00:00,63.70000000000071,1.7,-1.2,1006.9,6,6.7,1,13,5,7
2017-01-13 08:00:00,76.09999999999854,1.9,-2.3,1007.8,6,6.7,1,13,6,8
2017-01-13 09:00:00,87.70000000000074,1.7,-1.9,1007.9,6,7.7,1,13,7,9
2017-01-13 10:00:00,87.09999999999854,3.1,-1.9,1007.5,6,8.2,1,13,1,10
2017-01-13 11:00:00,89.0,2.1,0.1,1008.5,6,9.3,1,13,2,11
2017-01-13 12:00:00,92.79999999999927,4.3,-0.3,1008.8,7,7.7,1,13,3,12
2017-01-13 13:00:00,98.39999999999779,6.0,0.0,1009.6,7,8.8,1,13,4,13
2017-01-13 14:00:00,97.0,6.5,-0.1,1010.6,7,7.2,1,13,5,14
2017-01-13 15:00:00,97.89999999999779,6.1,-0.4,1011.5,7,6.2,1,13,6,15
2017-01-13 16:00:00,100.40000000000146,5.9,-0.1,1012.5,7,6.2,1,13,7,16
2017-01-13 17:00:00,104.29999999999927,5.2,-0.5,1013.3,7,7.2,1,13,1,17
2017-01-13 18:00:00,99.09999999999854,4.2,0.0,1014.0,7,5.7,1,13,2,18
2017-01-13 19:00:00,105.1999999999971,3.5,-0.2,1014.6,7,5.1,1,13,3,19
2017-01-13 20:00:00,102.10000000000221,3.0,-0.5,1015.5,6,5.1,1,13,4,20
2017-01-13 21:00:00,101.90000000000146,2.7,-0.7,1016.2,6,5.1,1,13,5,21
2017-01-13 22:00:00,97.80000000000292,2.1,-1.3,1016.9,7,4.1,1,13,6,22
2017-01-13 23:00:00,90.0,1.8,-1.5,1017.3,7,5.1,1,13,7,23
2017-01-14 00:00:00,81.40000000000146,1.7,-1.6,1017.9,7,4.6,1,14,1,0
2017-01-14 01:00:00,82.39999999999782,1.0,-1.7,1018.4,7,3.1,1,14,2,1
2017-01-14 02:00:00,67.90000000000146,1.2,-1.8,1018.6,6,4.1,1,14,3,2
2017-01-14 03:00:00,67.0,1.2,-2.0,1018.9,6,3.6,1,14,4,3
2017-01-14 04:00:00,64.59999999999854,1.1,-2.0,1018.7,6,4.1,1,14,5,4
2017-01-14 05:00:00,56.800000000002896,0.1,-1.8,1018.5,6,4.6,1,14,6,5
2017-01-14 06:00:00,58.60000000000218,0.9,-1.2,1018.4,6,5.1,1,14,7,6
2017-01-14 07:00:00,58.29999999999927,0.5,-1.2,1018.2,6,5.1,1,14,1,7
2017-01-14 08:00:00,63.0,0.6,-1.1,1018.8,6,4.1,1,14,2,8
2017-01-14 09:00:00,71.20000000000073,1.8,-0.2,1019.3,6,4.1,1,14,3,9
2017-01-14 10:00:00,84.5,3.1,0.3,1019.5,6,5.7,1,14,4,10
2017-01-14 11:00:00,88.79999999999926,4.2,0.5,1020.1,6,5.1,1,14,5,11
2017-01-14 12:00:00,93.5,5.0,1.3,1020.3,7,4.1,1,14,6,12
2017-01-14 13:00:00,95.89999999999779,3.4,2.1,1020.4,7,3.1,1,14,7,13
2017-01-14 14:00:00,95.20000000000073,3.7,2.4,1020.6,7,2.6,1,14,1,14
2017-01-14 15:00:00,86.5,4.7,2.6,1020.9,6,4.1,1,14,2,15
2017-01-14 16:00:00,94.80000000000292,4.1,2.2,1021.2,6,2.6,1,14,3,16
2017-01-14 17:00:00,102.29999999999927,3.7,2.1,1021.6,6,2.1,1,14,4,17
2017-01-14 18:00:00,102.39999999999779,2.8,1.7,1022.1,6,2.1,1,14,5,18
2017-01-14 19:00:00,105.79999999999927,3.4,2.0,1022.3,6,2.6,1,14,6,19
2017-01-14 20:00:00,98.70000000000073,3.8,2.3,1022.8,6,2.6,1,14,7,20
2017-01-14 21:00:00,96.5,2.9,1.4,1023.3,6,1.0,1,14,1,21
2017-01-14 22:00:00,87.20000000000074,2.5,1.2,1023.6,6,2.1,1,14,2,22
2017-01-14 23:00:00,80.10000000000218,2.6,1.4,1023.7,6,2.6,1,14,3,23
2017-01-15 00:00:00,75.60000000000218,2.0,0.8,1024.0,6,2.1,1,15,4,0
2017-01-15 01:00:00,73.69999999999709,1.4,0.7,1024.1,6,2.6,1,15,5,1
2017-01-15 02:00:00,70.0,1.1,0.3,1024.2,7,2.1,1,15,6,2
2017-01-15 03:00:00,63.39999999999782,1.4,0.9,1024.4,7,1.5,1,15,7,3
2017-01-15 04:00:00,61.39999999999782,1.7,1.4,1024.4,6,2.1,1,15,1,4
2017-01-15 05:00:00,58.5,2.2,2.1,1024.0,6,1.5,1,15,2,5
2017-01-15 06:00:00,53.70000000000073,3.0,2.9,1023.7,4,1.5,1,15,3,6
2017-01-15 07:00:00,55.29999999999927,3.4,3.2,1023.6,5,2.6,1,15,4,7
2017-01-15 08:00:00,58.90000000000145,3.8,3.4,1023.5,5,2.6,1,15,5,8
2017-01-15 09:00:00,69.90000000000146,4.4,4.1,1023.1,5,2.1,1,15,6,9
2017-01-15 10:00:00,73.90000000000146,5.1,4.7,1022.2,5,4.1,1,15,7,10
2017-01-15 11:00:00,82.09999999999854,5.9,5.5,1021.7,6,4.6,1,15,1,11
2017-01-15 12:00:00,94.20000000000073,6.5,6.0,1021.1,6,3.6,1,15,2,12
2017-01-15 13:00:00,94.60000000000221,7.2,6.4,1020.7,6,3.6,1,15,3,13
2017-01-15 14:00:00,93.20000000000073,7.6,7.0,1020.5,7,3.6,1,15,4,14
2017-01-15 15:00:00,94.90000000000146,8.2,7.7,1020.6,7,3.6,1,15,5,15
2017-01-15 16:00:00,100.29999999999927,8.6,7.9,1020.9,7,4.1,1,15,6,16
2017-01-15 17:00:00,94.70000000000073,8.6,8.0,1021.4,7,3.1,1,15,7,17
2017-01-15 18:00:00,98.5,8.7,8.2,1021.9,7,2.6,1,15,1,18
2017-01-15 19:00:00,104.20000000000073,9.0,8.3,1022.2,0,2.1,1,15,2,19
2017-01-15 20:00:00,106.90000000000146,8.7,8.1,1022.8,0,2.6,1,15,3,20
2017-01-15 21:00:00,98.89999999999779,8.5,7.8,1023.1,7,1.5,1,15,4,21
2017-01-15 22:00:00,93.20000000000073,8.0,7.6,1023.7,7,1.5,1,15,5,22
2017-01-15 23:00:00,89.39999999999779,7.8,7.5,1024.2,7,1.5,1,15,6,23
2017-01-16 00:00:00,86.60000000000221,8.0,7.5,1024.4,7,1.5,1,16,7,0
2017-01-16 01:00:00,74.79999999999927,8.1,7.5,1024.4,0,2.1,1,16,1,1
2017-01-16 02:00:00,67.39999999999782,7.9,7.3,1024.7,1,2.1,1,16,2,2
2017-01-16 03:00:00,59.0,7.4,6.7,1025.0,1,2.1,1,16,3,3
2017-01-16 04:00:00,59.79999999999927,6.6,6.0,1025.2,2,2.6,1,16,4,4
2017-01-16 05:00:00,58.40000000000146,5.8,5.5,1025.5,1,2.6,1,16,5,5
2017-01-16 06:00:00,53.99999999999999,5.4,5.1,1025.9,2,1.5,1,16,6,6
2017-01-16 07:00:00,59.49999999999999,5.3,5.0,1026.2,3,2.1,1,16,7,7
2017-01-16 08:00:00,77.30000000000291,5.0,4.7,1026.8,3,2.6,1,16,1,8
2017-01-16 09:00:00,85.10000000000218,4.7,4.4,1027.5,3,2.6,1,16,2,9
2017-01-16 10:00:00,82.90000000000146,4.8,4.3,1027.7,3,2.6,1,16,3,10
2017-01-16 11:00:00,83.79999999999927,4.8,3.7,1028.0,3,2.6,1,16,4,11
2017-01-16 12:00:00,76.90000000000146,4.9,4.0,1028.0,3,2.6,1,16,5,12
2017-01-16 13:00:00,81.40000000000146,4.8,3.8,1027.7,3,2.1,1,16,6,13
2017-01-16 14:00:00,82.89999999999782,4.9,3.8,1027.9,3,2.1,1,16,7,14
2017-01-16 15:00:00,73.39999999999782,4.9,3.4,1028.2,3,2.6,1,16,1,15
2017-01-16 16:00:00,77.90000000000146,4.6,3.2,1028.4,3,2.1,1,16,2,16
2017-01-16 17:00:00,91.59999999999854,4.5,3.0,1028.8,3,2.1,1,16,3,17
2017-01-16 18:00:00,107.30000000000292,4.4,3.1,1029.5,3,2.6,1,16,4,18
2017-01-16 19:00:00,121.0,4.5,3.3,1030.2,3,2.1,1,16,5,19
2017-01-16 20:00:00,115.20000000000073,4.7,3.0,1030.7,3,2.1,1,16,6,20
2017-01-16 21:00:00,109.5,4.7,2.9,1031.3,3,1.5,1,16,7,21
2017-01-16 22:00:00,107.5,4.3,3.1,1031.9,2,1.0,1,16,1,22
2017-01-16 23:00:00,99.09999999999854,4.3,2.8,1032.0,2,1.0,1,16,2,23
2017-01-17 00:00:00,93.0,3.9,2.9,1032.4,1,0.5,1,17,3,0
2017-01-17 01:00:00,75.20000000000073,3.2,2.4,1032.4,3,2.1,1,17,4,1
2017-01-17 02:00:00,62.39999999999782,2.4,1.6,1033.2,2,1.5,1,17,5,2
2017-01-17 03:00:00,57.40000000000145,1.9,1.2,1033.4,3,1.5,1,17,6,3
2017-01-17 04:00:00,53.99999999999999,1.8,1.4,1033.7,2,1.0,1,17,7,4
2017-01-17 05:00:00,48.5,1.3,1.0,1034.0,1,0.5,1,17,1,5
2017-01-17 06:00:00,51.90000000000145,1.4,1.0,1034.5,1,0.5,1,17,2,6
2017-01-17 07:00:00,53.89999999999782,0.7,0.2,1034.9,3,2.1,1,17,3,7
2017-01-17 08:00:00,73.5,0.7,0.4,1035.7,2,0.5,1,17,4,8
2017-01-17 09:00:00,86.0,0.8,0.5,1036.3,2,1.5,1,17,5,9
2017-01-17 10:00:00,88.10000000000221,3.0,2.1,1036.6,2,1.0,1,17,6,10
2017-01-17 11:00:00,84.70000000000073,4.4,0.8,1036.9,3,2.6,1,17,7,11
2017-01-17 12:00:00,85.80000000000291,5.5,-1.6,1036.9,3,2.6,1,17,1,12
2017-01-17 13:00:00,85.90000000000146,6.0,-3.0,1036.6,4,2.1,1,17,2,13
2017-01-17 14:00:00,92.70000000000073,6.1,-3.3,1036.4,3,1.0,1,17,3,14
2017-01-17 15:00:00,93.5,5.4,-4.6,1036.5,3,1.5,1,17,4,15
2017-01-17 16:00:00,91.59999999999854,4.3,-3.9,1036.9,4,1.5,1,17,5,16
2017-01-17 17:00:00,97.09999999999854,2.7,-3.8,1037.0,4,2.1,1,17,6,17
2017-01-17 18:00:00,113.89999999999779,2.1,-4.4,1037.4,3,2.6,1,17,7,18
2017-01-17 19:00:00,119.20000000000073,0.3,-3.2,1037.7,3,2.1,1,17,1,19
2017-01-17 20:00:00,115.1999999999971,0.3,-2.6,1038.1,3,2.1,1,17,2,20
2017-01-17 21:00:00,112.90000000000146,0.1,-2.0,1038.3,3,2.6,1,17,3,21
2017-01-17 22:00:00,106.5,0.4,-2.1,1038.2,4,2.1,1,17,4,22
2017-01-17 23:00:00,103.89999999999779,-0.5,-2.8,1038.4,4,1.5,1,17,5,23
2017-01-18 00:00:00,93.79999999999927,-1.4,-2.4,1038.7,3,1.0,1,18,6,0
2017-01-18 01:00:00,80.5,-1.4,-2.1,1038.7,0,0.0,1,18,7,1
2017-01-18 02:00:00,66.10000000000218,-1.8,-2.6,1038.8,1,0.5,1,18,1,2
2017-01-18 03:00:00,57.90000000000145,-3.0,-3.6,1038.8,0,0.0,1,18,2,3
2017-01-18 04:00:00,53.29999999999927,-2.3,-2.7,1038.6,1,0.5,1,18,3,4
2017-01-18 05:00:00,54.60000000000218,-2.2,-2.7,1038.5,0,0.5,1,18,4,5
2017-01-18 06:00:00,55.800000000002896,-2.8,-3.7,1038.4,1,0.5,1,18,5,6
2017-01-18 07:00:00,55.60000000000218,-2.1,-2.6,1038.8,1,1.0,1,18,6,7
2017-01-18 08:00:00,73.59999999999854,-2.7,-3.5,1039.0,0,0.5,1,18,7,8
2017-01-18 09:00:00,89.10000000000221,-1.8897774464814177,-2.570787637898501,1039.3184417702944,5,0.4965987547746742,1,18,1,9
2017-01-18 10:00:00,91.09999999999854,0.4,-1.4,1039.6,0,1.0,1,18,2,10
2017-01-18 11:00:00,82.80000000000291,3.4,-2.4,1039.6,3,1.5,1,18,3,11
2017-01-18 12:00:00,83.10000000000218,5.1,-5.0,1039.3,2,1.0,1,18,4,12
2017-01-18 13:00:00,91.39999999999779,4.3,-5.3,1039.0,7,1.0,1,18,5,13
2017-01-18 14:00:00,98.09999999999854,5.0,-6.0,1038.8097789545684,3,1.0,1,18,6,14
2017-01-18 15:00:00,92.60000000000221,5.0,-5.8,1038.7,1,1.0,1,18,7,15
2017-01-18 16:00:00,100.90000000000146,4.8,-5.5,1038.6,0,1.0,1,18,1,16
2017-01-18 17:00:00,102.10000000000221,4.0,-4.5,1038.4,1,1.0,1,18,2,17
2017-01-18 18:00:00,118.90000000000146,2.9,-4.0,1038.5,2,1.0,1,18,3,18
2017-01-18 19:00:00,118.70000000000073,1.9465049584189968,-3.9413394976174665,1038.7355254407837,2,0.7904180916406751,1,18,4,19
2017-01-18 20:00:00,114.5,1.5,-3.5,1038.8,1,0.5,1,18,5,20
2017-01-18 21:00:00,103.90000000000146,1.7,-2.3,1038.5,1,0.5,1,18,6,21
2017-01-18 22:00:00,96.39999999999779,1.5,-2.4,1038.3,0,1.5,1,18,7,22
2017-01-18 23:00:00,96.40000000000146,0.5,-2.3,1038.4,0,1.0,1,18,1,23
2017-01-19 00:00:00,91.79999999999563,0.5,-2.4,1038.5,0,1.0,1,19,2,0
2017-01-19 01:00:00,81.60000000000218,-1.0,-3.2,1038.3,2,0.5,1,19,3,1
2017-01-19 02:00:00,67.40000000000146,-1.3,-2.9,1038.3,0,1.0,1,19,4,2
2017-01-19 03:00:00,65.0,-1.8,-3.0,1038.2,0,1.0,1,19,5,3
2017-01-19 04:00:00,56.99999999999999,-2.1,-3.2,1038.1,0,1.0,1,19,6,4
2017-01-19 05:00:00,55.10000000000218,-2.9,-3.9,1037.8,7,0.5,1,19,7,5
2017-01-19 06:00:00,56.09999999999855,-2.1,-2.9,1037.4,7,1.0,1,19,1,6
2017-01-19 07:00:00,58.99999999999999,-1.4,-2.6,1037.7,0,1.5,1,19,2,7
2017-01-19 08:00:00,80.39999999999782,-0.6,-2.0,1038.0,1,2.6,1,19,3,8
2017-01-19 09:00:00,86.70000000000074,0.5,-1.5,1038.0,0,1.5,1,19,4,9
2017-01-19 10:00:00,87.60000000000221,1.6,-0.9,1037.8,0,2.6,1,19,5,10
2017-01-19 11:00:00,85.50000000000364,3.6,-0.2,1038.0,1,1.5,1,19,6,11
2017-01-19 12:00:00,81.59999999999854,5.9,-1.7,1037.5,1,3.1,1,19,7,12
2017-01-19 13:00:00,85.69999999999709,6.6,-3.8,1036.9,1,3.1,1,19,1,13
2017-01-19 14:00:00,87.0,6.9,-2.2,1036.4,1,2.6,1,19,2,14
2017-01-19 15:00:00,82.09999999999854,6.8,-1.1,1036.3,1,2.1,1,19,3,15
2017-01-19 16:00:00,86.5,5.8,-0.7,1036.2,1,2.1,1,19,4,16
2017-01-19 17:00:00,95.59999999999854,4.5,-0.6,1036.2,1,2.6,1,19,5,17
2017-01-19 18:00:00,110.0,3.7,-0.3,1036.2,1,2.1,1,19,6,18
2017-01-19 19:00:00,118.0,3.2,0.1,1036.4,1,2.6,1,19,7,19
2017-01-19 20:00:00,116.0,2.5,-0.2,1036.5,1,2.1,1,19,1,20
2017-01-19 21:00:00,111.5,1.6,-0.7,1036.4,1,2.6,1,19,2,21
2017-01-19 22:00:00,109.69999999999708,1.4,-0.9,1036.4,1,2.6,1,19,3,22
2017-01-19 23:00:00,104.40000000000146,0.8,-1.3,1036.2,0,1.5,1,19,4,23
2017-01-20 00:00:00,83.09999999999854,0.4,-1.4,1035.9,0,1.0,1,20,5,0
2017-01-20 01:00:00,81.70000000000438,-0.1,-1.6,1035.5,1,1.5,1,20,6,1
2017-01-20 02:00:00,63.30000000000291,-0.1,-1.9,1035.3,1,1.5,1,20,7,2
2017-01-20 03:00:00,58.19999999999709,-0.4,-2.0,1035.2,0,1.5,1,20,1,3
2017-01-20 04:00:00,53.5,-0.7,-2.0,1035.1,0,1.5,1,20,2,4
2017-01-20 05:00:00,51.90000000000145,-0.7,-2.1,1035.0,0,2.1,1,20,3,5
2017-01-20 06:00:00,53.90000000000145,-0.6,-2.1,1034.7,0,2.1,1,20,4,6
2017-01-20 07:00:00,61.99999999999999,-0.7,-2.3,1034.5,0,1.5,1,20,5,7
2017-01-20 08:00:00,72.59999999999854,-1.0,-2.8,1034.7,1,2.6,1,20,6,8
2017-01-20 09:00:00,88.0,-0.1,-2.3,1034.6,1,2.6,1,20,7,9
2017-01-20 10:00:00,93.40000000000146,2.0,-1.2,1034.5,1,2.6,1,20,1,10
2017-01-20 11:00:00,88.8000000000029,4.2,-1.0,1034.2,1,2.6,1,20,2,11
2017-01-20 12:00:00,88.40000000000146,5.8,-1.8,1033.7,2,4.6,1,20,3,12
2017-01-20 13:00:00,90.0,6.6,-2.5,1032.9,1,4.6,1,20,4,13
2017-01-20 14:00:00,94.09999999999854,7.0,-2.6,1032.4,2,4.1,1,20,5,14
2017-01-20 15:00:00,85.20000000000434,7.1,-3.7,1032.0,2,4.1,1,20,6,15
2017-01-20 16:00:00,94.09999999999854,6.2,-4.1,1031.9,1,3.6,1,20,7,16
2017-01-20 17:00:00,110.0,4.8,-5.0,1031.9,1,3.6,1,20,1,17
2017-01-20 18:00:00,114.0,4.1,-3.3,1031.7,1,3.6,1,20,2,18
2017-01-20 19:00:00,115.59999999999854,2.9,-2.7,1031.7,1,2.6,1,20,3,19
2017-01-20 20:00:00,110.0,2.5,-1.6,1031.6,1,2.6,1,20,4,20
2017-01-20 21:00:00,107.19999999999708,1.8,-1.3,1031.5,1,2.6,1,20,5,21
2017-01-20 22:00:00,100.6999999999971,1.5,-0.7,1031.4,1,2.6,1,20,6,22
2017-01-20 23:00:00,95.80000000000292,1.2,-0.6,1031.5,1,2.1,1,20,7,23
2017-01-21 00:00:00,82.80000000000291,0.8,-0.3,1031.2,1,2.6,1,21,1,0
2017-01-21 01:00:00,76.5,0.5,-0.4,1030.9,1,2.6,1,21,2,1
2017-01-21 02:00:00,67.79999999999563,0.0,-0.9,1030.6,1,2.1,1,21,3,2
2017-01-21 03:00:00,66.19999999999709,-0.2,-1.2,1030.1,1,2.6,1,21,4,3
2017-01-21 04:00:00,58.59999999999854,-0.4,-1.9,1029.8,1,2.6,1,21,5,4
2017-01-21 05:00:00,56.19999999999709,-0.8,-2.6,1029.6,1,1.5,1,21,6,5
2017-01-21 06:00:00,50.69999999999709,-0.7,-2.5,1029.3,1,2.6,1,21,7,6
2017-01-21 07:00:00,50.0,-0.6,-1.7,1029.0,1,3.1,1,21,1,7
2017-01-21 08:00:00,56.40000000000145,-0.9,-1.7,1028.8,1,2.6,1,21,2,8
2017-01-21 09:00:00,61.90000000000146,-0.2,-1.3,1028.8,1,2.1,1,21,3,9
2017-01-21 10:00:00,72.40000000000146,1.3,-1.3,1028.8,1,2.1,1,21,4,10
2017-01-21 11:00:00,80.69999999999709,2.9,-1.1,1028.5,1,1.5,1,21,5,11
2017-01-21 12:00:00,81.80000000000291,3.7,-4.2,1027.8,2,3.6,1,21,6,12
2017-01-21 13:00:00,87.3000000000029,4.3,-5.3,1027.2,2,3.6,1,21,7,13
2017-01-21 14:00:00,93.30000000000292,4.8,-6.0,1026.3,3,5.1,1,21,1,14
2017-01-21 15:00:00,90.19999999999708,4.5,-5.9,1025.8,2,3.6,1,21,2,15
2017-01-21 16:00:00,93.60000000000582,3.3,-6.3,1025.8,3,3.6,1,21,3,16
2017-01-21 17:00:00,95.5,0.7,-6.2,1025.9,3,3.1,1,21,4,17
2017-01-21 18:00:00,98.79999999999563,0.3,-5.0,1026.1,3,2.1,1,21,5,18
2017-01-21 19:00:00,101.40000000000146,0.5,-3.9,1026.3,4,2.6,1,21,6,19
2017-01-21 20:00:00,109.6999999999971,-0.4,-3.9,1026.4,4,2.1,1,21,7,20
2017-01-21 21:00:00,97.80000000000292,-0.6,-3.5,1026.8,4,2.1,1,21,1,21
2017-01-21 22:00:00,98.80000000000292,-2.1,-4.5,1026.7,4,2.1,1,21,2,22
2017-01-21 23:00:00,98.0,-2.6,-3.7,1026.8,4,1.5,1,21,3,23
2017-01-22 00:00:00,86.39999999999418,-3.4,-4.4,1026.9,3,1.0,1,22,4,0
2017-01-22 01:00:00,80.80000000000291,-3.0,-3.9,1026.9,3,1.0,1,22,5,1
2017-01-22 02:00:00,72.79999999999562,-3.1,-4.1,1026.8,3,1.0,1,22,6,2
2017-01-22 03:00:00,66.40000000000146,-3.0,-3.9,1026.7,3,1.5,1,22,7,3
2017-01-22 04:00:00,56.40000000000145,-3.6,-4.7,1026.7,0,0.5,1,22,1,4
2017-01-22 05:00:00,49.19999999999709,-4.0,-5.2,1026.5,0,1.0,1,22,2,5
2017-01-22 06:00:00,51.40000000000146,-3.6,-4.6,1026.3,0,1.0,1,22,3,6
2017-01-22 07:00:00,54.19999999999709,-3.3,-4.0,1026.3,1,0.5,1,22,4,7
2017-01-22 08:00:00,61.09999999999854,-4.1,-5.3,1026.9,1,0.5,1,22,5,8
2017-01-22 09:00:00,67.19999999999709,-2.6,-3.3,1027.4,2,1.5,1,22,6,9
2017-01-22 10:00:00,73.90000000000146,-0.9,-2.3,1027.8,7,1.0,1,22,7,10
2017-01-22 11:00:00,79.30000000000291,0.5,-1.6,1027.7,7,1.0,1,22,1,11
2017-01-22 12:00:00,85.5,4.0,0.2,1027.8,3,1.5,1,22,2,12
2017-01-22 13:00:00,97.69999999999708,5.6,0.0,1027.3,4,1.0,1,22,3,13
2017-01-22 14:00:00,89.20000000000437,6.1,0.3,1026.9,3,1.0,1,22,4,14
2017-01-22 15:00:00,94.5,6.3,0.8,1026.8,4,2.1,1,22,5,15
2017-01-22 16:00:00,92.69999999999708,5.5,0.2,1026.8,4,1.0,1,22,6,16
2017-01-22 17:00:00,99.0,4.1,0.3,1027.1,0,1.0,1,22,7,17
2017-01-22 18:00:00,107.90000000000146,3.2,0.4,1027.5,0,1.0,1,22,1,18
2017-01-22 19:00:00,115.59999999999854,1.6,-0.2,1027.7,2,1.0,1,22,2,19
2017-01-22 20:00:00,114.40000000000146,0.9,-1.0,1027.9,2,0.5,1,22,3,20
2017-01-22 21:00:00,119.6999999999971,0.3,-1.0,1028.2,0,0.5,1,22,4,21
2017-01-22 22:00:00,110.6999999999971,-0.2,-1.1,1028.3,1,1.0,1,22,5,22
2017-01-22 23:00:00,104.79999999999563,-1.4,-2.5,1028.6,7,0.5,1,22,6,23
2017-01-23 00:00:00,91.5,-2.3,-3.0,1029.0,7,1.0,1,23,7,0
2017-01-23 01:00:00,78.59999999999854,-3.0,-3.6,1028.7,0,0.0,1,23,1,1
2017-01-23 02:00:00,64.5,-3.5,-4.1,1028.6,7,0.5,1,23,2,2
2017-01-23 03:00:00,60.40000000000145,-4.0,-4.4,1028.2,6,1.0,1,23,3,3
2017-01-23 04:00:00,54.70000000000436,-3.4,-3.6,1028.2,5,1.5,1,23,4,4
2017-01-23 05:00:00,53.0,-2.8,-2.9,1028.7,7,1.0,1,23,5,5
2017-01-23 06:00:00,55.19999999999709,-2.6,-2.7,1028.6,6,1.0,1,23,6,6
2017-01-23 07:00:00,63.09999999999854,-2.3,-2.4,1028.7,6,1.0,1,23,7,7
2017-01-23 08:00:00,77.29999999999562,-2.0,-2.1,1028.8,5,1.5,1,23,1,8
2017-01-23 09:00:00,89.70000000000437,-1.5,-1.6,1028.9,6,1.0,1,23,2,9
2017-01-23 10:00:00,92.5,-0.8,-0.9,1029.1,6,1.0,1,23,3,10
2017-01-23 11:00:00,96.59999999999854,0.3,0.2,1029.3,6,1.5,1,23,4,11
2017-01-23 12:00:00,91.59999999999854,1.3,1.0,1029.0,6,1.5,1,23,5,12
2017-01-23 13:00:00,82.79999999999566,2.2,1.6,1028.3,5,0.5,1,23,6,13
2017-01-23 14:00:00,85.40000000000146,3.9,2.3,1027.8,3,1.0,1,23,7,14
2017-01-23 15:00:00,88.3000000000029,3.7,2.1,1027.8,5,1.5,1,23,1,15
2017-01-23 16:00:00,94.39999999999418,3.8,2.2,1027.8,6,1.0,1,23,2,16
2017-01-23 17:00:00,100.40000000000146,3.8,2.3,1027.9,1,0.5,1,23,3,17
2017-01-23 18:00:00,112.59999999999854,3.8,2.4,1028.1,0,0.5,1,23,4,18
2017-01-23 19:00:00,130.20000000000437,4.4,3.1,1027.9,5,1.0,1,23,5,19
2017-01-23 20:00:00,119.90000000000146,3.9,2.5,1027.9,7,0.5,1,23,6,20
2017-01-23 21:00:00,125.5,4.1,2.5,1028.0,6,2.1,1,23,7,21
2017-01-23 22:00:00,105.69999999999708,3.8,2.5,1028.0,0,1.0,1,23,1,22
2017-01-23 23:00:00,105.40000000000146,3.6,2.6,1027.9,6,1.5,1,23,2,23
2017-01-24 00:00:00,88.90000000000146,3.2,2.4,1027.8,6,1.0,1,24,3,0
2017-01-24 01:00:00,75.20000000000438,3.2,2.5,1027.5,6,0.5,1,24,4,1
2017-01-24 02:00:00,64.89999999999418,2.4,1.7,1027.5,5,1.0,1,24,5,2
2017-01-24 03:00:00,49.40000000000146,0.8,0.0,1027.5,6,1.0,1,24,6,3
2017-01-24 04:00:00,50.49999999999999,-0.2,-0.5,1027.5,5,1.0,1,24,7,4
2017-01-24 05:00:00,52.5,-0.3,-0.5,1027.5,0,0.5,1,24,1,5
2017-01-24 06:00:00,55.0,-0.8,-1.1,1027.7,7,0.5,1,24,2,6
2017-01-24 07:00:00,57.89999999999418,-1.6,-1.8,1027.9,7,1.0,1,24,3,7
2017-01-24 08:00:00,73.20000000000434,-1.8,-1.9,1028.3,0,1.0,1,24,4,8
2017-01-24 09:00:00,90.90000000000146,-1.5,-1.6,1028.7,7,1.0,1,24,5,9
2017-01-24 10:00:00,92.5,0.0,-0.1,1029.0,6,1.0,1,24,6,10
2017-01-24 11:00:00,85.80000000000291,2.1,1.8,1029.3,7,0.5,1,24,7,11
2017-01-24 12:00:00,87.3000000000029,5.8,3.6,1029.0,7,0.5,1,24,1,12
2017-01-24 13:00:00,89.40000000000146,7.3,3.6,1028.5,6,1.0,1,24,2,13
2017-01-24 14:00:00,81.90000000000146,8.8,3.8,1028.1,6,2.1,1,24,3,14
2017-01-24 15:00:00,63.20000000000436,9.4,4.3,1027.7,6,2.6,1,24,4,15
2017-01-24 16:00:00,85.30000000000291,8.6,3.7,1027.7,6,3.1,1,24,5,16
2017-01-24 17:00:00,96.70000000000437,6.5,3.1,1028.3,6,2.6,1,24,6,17
2017-01-24 18:00:00,108.30000000000292,6.6,3.5,1028.4,5,2.6,1,24,7,18
2017-01-24 19:00:00,122.0,5.1,2.8,1028.4,5,2.1,1,24,1,19
2017-01-24 20:00:00,113.90000000000146,4.7,2.7,1028.8,5,1.5,1,24,2,20
2017-01-24 21:00:00,106.79999999999563,4.5,3.0,1029.0,5,2.1,1,24,3,21
2017-01-24 22:00:00,105.09999999999854,3.6,2.2,1028.8,4,1.0,1,24,4,22
2017-01-24 23:00:00,97.09999999999854,2.7,1.5,1028.8,4,0.5,1,24,5,23
2017-01-25 00:00:00,82.29999999999562,1.2,0.6,1028.8,2,0.5,1,25,6,0
2017-01-25 01:00:00,76.70000000000438,-0.3,-1.0,1028.6,2,0.5,1,25,7,1
2017-01-25 02:00:00,59.59999999999854,-1.2,-1.6,1028.5,7,0.5,1,25,1,2
2017-01-25 03:00:00,54.40000000000145,-1.9,-2.1,1028.6,7,0.5,1,25,2,3
2017-01-25 04:00:00,52.59999999999854,-1.7,-1.8,1028.7,7,0.5,1,25,3,4
2017-01-25 05:00:00,50.09999999999854,-1.7,-1.8,1028.8,0,0.0,1,25,4,5
2017-01-25 06:00:00,49.19999999999709,-1.4,-1.5,1028.7,2,1.0,1,25,5,6
2017-01-25 07:00:00,52.70000000000436,-0.8,-0.8,1028.8,3,1.5,1,25,6,7
2017-01-25 08:00:00,67.09999999999854,-0.4,-0.4,1028.9,4,1.5,1,25,7,8
2017-01-25 09:00:00,78.5,0.8,0.8,1029.3,2,1.5,1,25,1,9
2017-01-25 10:00:00,80.0,2.2,2.2,1029.3,3,1.5,1,25,2,10
2017-01-25 11:00:00,79.09999999999854,2.9,2.9,1029.0,4,2.6,1,25,3,11
2017-01-25 12:00:00,73.59999999999854,3.1,3.1,1028.4,3,2.6,1,25,4,12
2017-01-25 13:00:00,69.0,3.4,3.3,1027.7,4,2.1,1,25,5,13
2017-01-25 14:00:00,77.89999999999421,3.6,3.1,1027.0,3,2.6,1,25,6,14
2017-01-25 15:00:00,79.09999999999854,3.4,3.0,1026.8,2,3.1,1,25,7,15
2017-01-25 16:00:00,74.30000000000291,3.2,2.7,1026.7,3,2.1,1,25,1,16
2017-01-25 17:00:00,85.40000000000146,3.0,2.5,1026.4,3,2.6,1,25,2,17
2017-01-25 18:00:00,97.79999999999563,2.7,2.1,1026.5,3,3.1,1,25,3,18
2017-01-25 19:00:00,98.59999999999854,2.4,1.6,1026.3,3,3.1,1,25,4,19
2017-01-25 20:00:00,103.40000000000146,1.7,0.9,1026.1,3,3.6,1,25,5,20
2017-01-25 21:00:00,94.39999999999418,1.0,0.2,1025.9,2,3.6,1,25,6,21
2017-01-25 22:00:00,93.40000000000146,0.3,-0.4,1025.7,3,4.6,1,25,7,22
2017-01-25 23:00:00,85.5,-0.1,-0.8,1025.7,2,3.1,1,25,1,23
2017-01-26 00:00:00,83.29999999999566,-0.2,-1.1,1025.2,3,3.6,1,26,2,0
2017-01-26 01:00:00,68.29999999999563,-0.6,-1.6,1024.6,3,4.1,1,26,3,1
2017-01-26 02:00:00,67.40000000000146,-0.8,-1.9,1023.9,3,4.1,1,26,4,2
2017-01-26 03:00:00,60.70000000000436,-0.4,-2.0,1023.2,3,4.1,1,26,5,3
2017-01-26 04:00:00,51.40000000000145,-0.3,-1.9,1022.5,3,4.1,1,26,6,4
2017-01-26 05:00:00,46.59999999999854,-0.4,-2.2,1022.2,3,4.6,1,26,7,5
2017-01-26 06:00:00,47.40000000000146,-0.2,-2.0,1021.7,3,5.1,1,26,1,6
2017-01-26 07:00:00,51.60000000000582,-0.1,-1.9,1021.2,3,5.7,1,26,2,7
2017-01-26 08:00:00,64.09999999999854,-0.2,-2.2,1021.0,3,5.7,1,26,3,8
2017-01-26 09:00:00,71.80000000000291,-0.4,-2.3,1020.8,3,5.7,1,26,4,9
2017-01-26 10:00:00,76.59999999999854,-0.6,-2.6,1020.9,3,5.7,1,26,5,10
2017-01-26 11:00:00,77.79999999999562,-0.7,-3.2,1020.6,3,6.2,1,26,6,11
2017-01-26 12:00:00,79.5,-0.8,-3.2,1019.8,3,5.1,1,26,7,12
2017-01-26 13:00:00,77.09999999999854,-0.3,-2.9,1019.3,3,4.6,1,26,1,13
2017-01-26 14:00:00,70.59999999999854,0.2,-2.8,1019.0,4,5.1,1,26,2,14
2017-01-26 15:00:00,66.89999999999418,0.3,-2.8,1018.6,3,4.6,1,26,3,15
2017-01-26 16:00:00,72.90000000000146,0.1,-3.0,1018.4,3,5.1,1,26,4,16
2017-01-26 17:00:00,82.70000000000438,-0.5,-2.9,1018.2,3,4.6,1,26,5,17
2017-01-26 18:00:00,99.79999999999563,-0.9,-3.0,1018.3,3,4.6,1,26,6,18
2017-01-26 19:00:00,112.09999999999854,-2.1,-3.5,1017.7,2,2.6,1,26,7,19
2017-01-26 20:00:00,104.5,-1.3,-2.8,1016.9,2,2.6,1,26,1,20
2017-01-26 21:00:00,98.90000000000146,-1.4,-2.6,1016.8,2,3.1,1,26,2,21
2017-01-26 22:00:00,98.5,-1.8,-3.3,1016.5,2,2.6,1,26,3,22
2017-01-26 23:00:00,95.09999999999854,-1.9,-3.4,1015.8,2,2.6,1,26,4,23
2017-01-27 00:00:00,70.39999999999421,-0.8,-2.2,1015.1,2,2.6,1,27,5,0
2017-01-27 01:00:00,66.59999999999854,-1.0,-2.5,1014.1,2,3.1,1,27,6,1
2017-01-27 02:00:00,54.300000000002896,-1.0,-2.4,1013.3,2,3.1,1,27,7,2
2017-01-27 03:00:00,46.799999999995634,-1.7,-3.3,1012.8,2,3.1,1,27,1,3
2017-01-27 04:00:00,45.5,-1.3,-2.4,1011.6,1,2.1,1,27,2,4
2017-01-27 05:00:00,43.0,-1.1,-1.9,1011.2,1,1.5,1,27,3,5
2017-01-27 06:00:00,46.69999999999709,-0.8,-1.8,1010.2,1,2.1,1,27,4,6
2017-01-27 07:00:00,48.799999999995634,0.2,-0.6,1010.5,2,1.0,1,27,5,7
2017-01-27 08:00:00,60.99999999999999,0.5,-0.8,1010.7,1,1.5,1,27,6,8
2017-01-27 09:00:00,69.40000000000146,1.5,0.6,1010.7,2,2.6,1,27,7,9
2017-01-27 10:00:00,71.90000000000146,3.6,2.2,1010.7,3,4.1,1,27,1,10
2017-01-27 11:00:00,67.69999999999709,5.2,2.7,1010.5,3,3.1,1,27,2,11
2017-01-27 12:00:00,67.30000000000291,4.8,2.5,1010.4,3,5.7,1,27,3,12
2017-01-27 13:00:00,68.5,5.6,2.7,1009.7,3,3.6,1,27,4,13
2017-01-27 14:00:00,67.29999999999563,5.6,2.8,1009.6,3,5.1,1,27,5,14
2017-01-27 15:00:00,65.30000000000291,5.7,2.9,1009.2,2,3.6,1,27,6,15
2017-01-27 16:00:00,73.80000000000291,6.2,3.4,1009.3,3,4.1,1,27,7,16
2017-01-27 17:00:00,79.09999999999854,5.7,3.2,1009.7,3,4.6,1,27,1,17
2017-01-27 18:00:00,90.59999999999854,5.6,3.4,1010.1,3,3.6,1,27,2,18
2017-01-27 19:00:00,87.40000000000146,6.0,3.3,1010.0,3,4.1,1,27,3,19
2017-01-27 20:00:00,83.09999999999854,6.4,3.6,1009.9,3,4.1,1,27,4,20
2017-01-27 21:00:00,80.0,6.7,3.8,1009.7,3,4.6,1,27,5,21
2017-01-27 22:00:00,69.19999999999709,6.5,4.0,1009.5,4,4.1,1,27,6,22
2017-01-27 23:00:00,67.0,6.5,4.1,1009.4,3,4.1,1,27,7,23
2017-01-28 00:00:00,57.300000000002896,6.2,4.0,1009.1,3,3.6,1,28,1,0
2017-01-28 01:00:00,48.69999999999709,6.1,4.1,1008.5,3,3.6,1,28,2,1
2017-01-28 02:00:00,50.40000000000145,6.2,4.0,1007.9,3,4.1,1,28,3,2
2017-01-28 03:00:00,46.19999999999709,7.2,4.5,1007.6,3,5.7,1,28,4,3
2017-01-28 04:00:00,43.700000000004366,7.0,5.0,1007.2,3,4.1,1,28,5,4
2017-01-28 05:00:00,39.599999999998545,7.1,5.5,1007.2,3,3.6,1,28,6,5
2017-01-28 06:00:00,36.599999999998545,7.5,5.6,1006.8,3,5.1,1,28,7,6
2017-01-28 07:00:00,38.89999999999418,7.8,5.9,1007.0,3,4.6,1,28,1,7
2017-01-28 08:00:00,41.599999999998545,8.3,6.4,1007.1,4,5.1,1,28,2,8
2017-01-28 09:00:00,44.69999999999709,8.2,6.4,1007.7,4,4.1,1,28,3,9
2017-01-28 10:00:00,52.20000000000436,7.0,4.5,1009.3,6,5.7,1,28,4,10
2017-01-28 11:00:00,56.59999999999855,9.2,5.0,1010.0,5,6.2,1,28,5,11
2017-01-28 12:00:00,60.19999999999709,9.7,4.7,1010.3,5,6.7,1,28,6,12
2017-01-28 13:00:00,64.69999999999709,9.6,4.2,1010.5,5,5.7,1,28,7,13
2017-01-28 14:00:00,62.300000000002896,9.6,3.5,1010.4,5,6.2,1,28,1,14
2017-01-28 15:00:00,56.5,9.5,3.0,1010.8,5,6.2,1,28,2,15
2017-01-28 16:00:00,56.30000000000291,9.3,2.7,1011.3,5,5.7,1,28,3,16
2017-01-28 17:00:00,69.69999999999709,8.0,2.8,1012.1,6,5.1,1,28,4,17
2017-01-28 18:00:00,69.30000000000291,5.9,2.6,1013.0,5,3.6,1,28,5,18
2017-01-28 19:00:00,72.79999999999562,6.0,2.4,1013.3,5,4.1,1,28,6,19
2017-01-28 20:00:00,72.0,5.3,2.2,1013.7,5,3.6,1,28,7,20
2017-01-28 21:00:00,75.29999999999562,5.5,2.8,1013.9,5,4.6,1,28,1,21
2017-01-28 22:00:00,73.80000000000291,4.7,2.5,1014.0,4,4.6,1,28,2,22
2017-01-28 23:00:00,64.60000000000582,4.6,2.6,1014.2,4,4.6,1,28,3,23
2017-01-29 00:00:00,68.0,4.5,2.7,1014.0,4,3.6,1,29,4,0
2017-01-29 01:00:00,54.70000000000436,4.6,2.9,1013.8,4,3.1,1,29,5,1
2017-01-29 02:00:00,48.299999999995634,4.0,2.8,1013.3,4,3.6,1,29,6,2
2017-01-29 03:00:00,43.10000000000582,3.2,2.1,1013.7,5,3.1,1,29,7,3
2017-01-29 04:00:00,40.099999999998545,2.5,1.8,1014.0,5,2.6,1,29,1,4
2017-01-29 05:00:00,40.599999999998545,2.5,2.0,1014.3,5,3.1,1,29,2,5
2017-01-29 06:00:00,36.5,2.1,1.4,1014.4,5,2.1,1,29,3,6
2017-01-29 07:00:00,37.099999999998545,2.7,2.1,1014.5,4,2.1,1,29,4,7
2017-01-29 08:00:00,41.10000000000582,3.8,2.9,1014.6,4,3.1,1,29,5,8
2017-01-29 09:00:00,47.59999999999855,4.7,3.8,1014.7,4,3.1,1,29,6,9
2017-01-29 10:00:00,54.49999999999999,6.2,5.1,1014.4,4,3.6,1,29,7,10
2017-01-29 11:00:00,59.19999999999709,6.6,5.5,1014.4,4,3.6,1,29,1,11
2017-01-29 12:00:00,65.59999999999854,7.6,6.2,1013.7,4,4.1,1,29,2,12
2017-01-29 13:00:00,68.59999999999854,8.3,6.6,1012.9,4,4.6,1,29,3,13
2017-01-29 14:00:00,71.30000000000291,8.5,6.5,1012.1,4,4.6,1,29,4,14
2017-01-29 15:00:00,74.69999999999709,8.1,7.0,1011.5,4,4.6,1,29,5,15
2017-01-29 16:00:00,73.30000000000291,7.8,6.6,1010.6,3,4.6,1,29,6,16
2017-01-29 17:00:00,77.20000000000438,7.7,6.9,1010.0,3,5.1,1,29,7,17
2017-01-29 18:00:00,92.79999999999563,7.6,6.9,1009.0,3,5.1,1,29,1,18
2017-01-29 19:00:00,97.69999999999708,7.7,7.2,1007.5,3,5.7,1,29,2,19
2017-01-29 20:00:00,96.30000000000292,8.4,7.9,1006.6,4,4.6,1,29,3,20
2017-01-29 21:00:00,90.70000000000437,9.2,8.7,1005.9,4,6.2,1,29,4,21
2017-01-29 22:00:00,90.79999999999563,9.5,9.0,1005.9,5,5.7,1,29,5,22
2017-01-29 23:00:00,84.69999999999709,9.8,9.5,1006.0,5,4.1,1,29,6,23
2017-01-30 00:00:00,73.40000000000146,9.6,9.3,1006.5,5,3.1,1,30,7,0
2017-01-30 01:00:00,61.30000000000291,9.9,9.7,1006.9,6,4.1,1,30,1,1
2017-01-30 02:00:00,48.5,9.6,9.4,1007.1,6,2.1,1,30,2,2
2017-01-30 03:00:00,38.300000000002896,9.5,9.4,1007.7,6,3.1,1,30,3,3
2017-01-30 04:00:00,35.900000000001455,8.7,8.3,1008.6,7,2.1,1,30,4,4
2017-01-30 05:00:00,35.0,7.8,7.3,1008.7,0,1.5,1,30,5,5
2017-01-30 06:00:00,36.799999999995634,7.6,6.9,1009.3,0,1.5,1,30,6,6
2017-01-30 07:00:00,42.900000000001455,7.4,6.7,1009.9,1,1.5,1,30,7,7
2017-01-30 08:00:00,55.99999999999999,7.2,6.5,1010.6,0,1.0,1,30,1,8
2017-01-30 09:00:00,60.90000000000146,6.8,5.7,1011.3,1,3.1,1,30,2,9
2017-01-30 10:00:00,68.90000000000146,7.0,6.0,1011.4,1,4.1,1,30,3,10
2017-01-30 11:00:00,63.69999999999709,7.4,5.7,1012.2,2,1.5,1,30,4,11
2017-01-30 12:00:00,63.09999999999855,8.0,6.5,1012.0,2,2.1,1,30,5,12
2017-01-30 13:00:00,61.09999999999855,8.3,6.0,1012.1,1,2.6,1,30,6,13
2017-01-30 14:00:00,62.59999999999854,8.0,5.8,1011.8,2,3.1,1,30,7,14
2017-01-30 15:00:00,66.5,8.4,6.0,1011.6,2,3.1,1,30,1,15
2017-01-30 16:00:00,73.5,7.8,5.7,1012.1,2,3.1,1,30,2,16
2017-01-30 17:00:00,75.5,7.5,5.9,1012.4,2,4.1,1,30,3,17
2017-01-30 18:00:00,89.09999999999854,7.1,5.7,1012.7,2,4.1,1,30,4,18
2017-01-30 19:00:00,91.5,6.7,5.4,1013.0,2,4.6,1,30,5,19
2017-01-30 20:00:00,96.0,6.4,5.1,1013.4,2,5.1,1,30,6,20
2017-01-30 21:00:00,91.0,5.9,5.2,1013.5,2,4.6,1,30,7,21
2017-01-30 22:00:00,92.19999999999708,5.8,5.5,1013.5,2,3.6,1,30,1,22
2017-01-30 23:00:00,86.59999999999854,5.8,5.5,1013.5,2,3.6,1,30,2,23
2017-01-31 00:00:00,75.79999999999562,5.8,5.5,1013.6,2,3.1,1,31,3,0
2017-01-31 01:00:00,59.799999999995634,5.8,5.6,1013.2,2,3.6,1,31,4,1
2017-01-31 02:00:00,48.19999999999709,5.8,5.6,1013.1,2,4.6,1,31,5,2
2017-01-31 03:00:00,39.199999999997104,5.9,5.4,1013.2,2,3.6,1,31,6,3
2017-01-31 04:00:00,40.800000000002896,6.0,5.4,1013.2,2,4.1,1,31,7,4
2017-01-31 05:00:00,38.0,5.8,5.3,1013.0,2,5.1,1,31,1,5
2017-01-31 06:00:00,41.0,5.7,5.2,1013.2,2,5.7,1,31,2,6
2017-01-31 07:00:00,44.5,5.6,5.3,1013.0,2,5.1,1,31,3,7
2017-01-31 08:00:00,56.90000000000145,5.6,5.3,1013.3,2,4.6,1,31,4,8
2017-01-31 09:00:00,68.40000000000146,5.7,5.4,1013.6,2,4.1,1,31,5,9
2017-01-31 10:00:00,78.59999999999854,5.9,5.6,1013.8,2,4.1,1,31,6,10
2017-01-31 11:00:00,72.5,6.4,6.2,1013.9,2,4.1,1,31,7,11
2017-01-31 12:00:00,72.0,7.0,6.5,1013.7,3,3.1,1,31,1,12
2017-01-31 13:00:00,73.5,7.6,6.9,1013.3,3,3.6,1,31,2,13
2017-01-31 14:00:00,75.79999999999562,7.9,6.9,1012.9,3,3.6,1,31,3,14
2017-01-31 15:00:00,67.59999999999854,7.9,7.1,1012.6,3,4.1,1,31,4,15
2017-01-31 16:00:00,72.09999999999854,8.1,7.3,1012.4,2,3.6,1,31,5,16
2017-01-31 17:00:00,79.30000000000291,8.1,7.6,1012.5,2,3.1,1,31,6,17
2017-01-31 18:00:00,92.1999999999971,8.3,7.9,1012.6,3,2.6,1,31,7,18
2017-01-31 19:00:00,85.70000000000438,8.5,8.1,1012.4,3,3.6,1,31,1,19
2017-01-31 20:00:00,87.8000000000029,8.5,8.2,1012.2,3,3.6,1,31,2,20
2017-01-31 21:00:00,85.10000000000579,8.7,8.6,1011.8,3,3.1,1,31,3,21
2017-01-31 22:00:00,88.90000000000146,9.2,8.9,1011.6,3,3.6,1,31,4,22
2017-01-31 23:00:00,80.59999999999854,9.2,8.9,1011.3,3,3.6,1,31,5,23
2017-02-01 00:00:00,69.59999999999854,9.4,9.2,1010.8,3,4.1,2,1,6,0
2017-02-01 01:00:00,56.09999999999855,9.6,9.4,1010.4,3,4.6,2,1,7,1
2017-02-01 02:00:00,43.30000000000291,9.9,9.8,1009.9,3,4.6,2,1,1,2
2017-02-01 03:00:00,39.5,10.0,9.9,1009.5,3,3.1,2,1,2,3
2017-02-01 04:00:00,38.599999999998545,10.6,10.4,1009.0,4,4.1,2,1,3,4
2017-02-01 05:00:00,36.099999999998545,10.4,10.1,1008.6,4,4.1,2,1,4,5
2017-02-01 06:00:00,36.099999999998545,10.4,10.1,1008.1,4,4.1,2,1,5,6
2017-02-01 07:00:00,42.799999999995634,10.6,10.2,1007.6,4,4.6,2,1,6,7
2017-02-01 08:00:00,56.59999999999854,10.1,9.6,1007.6,3,4.6,2,1,7,8
2017-02-01 09:00:00,64.70000000000437,10.3,9.8,1007.6,4,4.1,2,1,1,9
2017-02-01 10:00:00,61.20000000000436,10.3,9.6,1007.6,4,4.1,2,1,2,10
2017-02-01 11:00:00,60.799999999995634,10.3,9.9,1007.5,4,3.1,2,1,3,11
2017-02-01 12:00:00,67.69999999999709,11.0,10.5,1006.9,4,3.1,2,1,4,12
2017-02-01 13:00:00,69.29999999999563,11.2,9.8,1006.2,4,3.6,2,1,5,13
2017-02-01 14:00:00,72.90000000000146,10.9,9.1,1005.6,4,4.1,2,1,6,14
2017-02-01 15:00:00,71.80000000000291,11.4,9.2,1004.8,4,3.6,2,1,7,15
2017-02-01 16:00:00,75.69999999999709,10.8,8.7,1004.9,4,4.6,2,1,1,16
2017-02-01 17:00:00,77.0,10.3,8.2,1004.5,4,4.6,2,1,2,17
2017-02-01 18:00:00,90.90000000000146,9.9,8.3,1004.5,4,4.1,2,1,3,18
2017-02-01 19:00:00,90.5,10.3,8.9,1004.1,4,4.6,2,1,4,19
2017-02-01 20:00:00,87.6999999999971,10.5,8.9,1003.7,4,5.1,2,1,5,20
2017-02-01 21:00:00,77.89999999999421,10.2,9.1,1003.5,4,4.6,2,1,6,21
2017-02-01 22:00:00,70.09999999999854,10.4,9.1,1003.1,4,4.1,2,1,7,22
2017-02-01 23:00:00,71.59999999999854,10.4,9.2,1002.7,4,4.1,2,1,1,23
2017-02-02 00:00:00,68.70000000000435,10.3,9.3,1002.4,4,5.1,2,2,2,0
2017-02-02 01:00:00,49.90000000000146,10.3,9.3,1001.7,4,5.1,2,2,3,1
2017-02-02 02:00:00,39.599999999998545,10.4,9.2,1001.2,4,6.2,2,2,4,2
2017-02-02 03:00:00,33.69999999999709,10.0,9.4,1000.9,4,5.7,2,2,5,3
2017-02-02 04:00:00,33.0,9.9,9.4,1000.4,4,5.1,2,2,6,4
2017-02-02 05:00:00,30.099999999998545,9.7,9.2,1000.1,4,4.6,2,2,7,5
2017-02-02 06:00:00,34.90000000000145,9.7,8.6,999.4,4,6.2,2,2,1,6
2017-02-02 07:00:00,36.099999999998545,9.2,7.9,998.5,3,5.1,2,2,2,7
2017-02-02 08:00:00,47.40000000000146,9.2,7.6,998.1,3,5.7,2,2,3,8
2017-02-02 09:00:00,56.20000000000436,10.4,8.4,997.7,4,6.2,2,2,4,9
2017-02-02 10:00:00,60.60000000000582,10.6,8.3,997.2,4,7.7,2,2,5,10
2017-02-02 11:00:00,60.19999999999709,10.3,8.9,996.8,4,7.7,2,2,6,11
2017-02-02 12:00:00,61.70000000000436,9.9,9.0,995.9,4,7.2,2,2,7,12
2017-02-02 13:00:00,64.59999999999854,10.5,8.8,994.8,4,7.2,2,2,1,13
2017-02-02 14:00:00,59.09999999999855,11.2,8.9,994.1,4,7.7,2,2,2,14
2017-02-02 15:00:00,59.299999999995634,11.2,8.5,994.0,4,8.2,2,2,3,15
2017-02-02 16:00:00,65.30000000000291,11.4,8.4,994.0,4,7.7,2,2,4,16
2017-02-02 17:00:00,71.20000000000438,10.7,8.6,994.1,4,6.7,2,2,5,17
2017-02-02 18:00:00,77.70000000000438,11.0,8.8,994.6,4,6.7,2,2,6,18
2017-02-02 19:00:00,80.30000000000291,11.1,8.0,994.7,4,8.2,2,2,7,19
2017-02-02 20:00:00,86.0,10.3,8.2,994.8,4,8.2,2,2,1,20
2017-02-02 21:00:00,77.90000000000146,10.3,8.0,995.2,4,7.2,2,2,2,21
2017-02-02 22:00:00,74.80000000000291,10.4,7.9,995.5,4,6.7,2,2,3,22
2017-02-02 23:00:00,69.89999999999418,10.3,7.6,995.9,4,6.2,2,2,4,23
2017-02-03 00:00:00,63.40000000000146,10.2,7.3,996.4,4,5.7,2,3,5,0
2017-02-03 01:00:00,50.40000000000146,10.0,6.9,996.3,4,5.7,2,3,6,1
2017-02-03 02:00:00,39.400000000001455,9.5,6.7,996.6,4,5.7,2,3,7,2
2017-02-03 03:00:00,33.19999999999709,9.4,6.6,996.8,4,6.2,2,3,1,3
2017-02-03 04:00:00,33.69999999999709,8.7,6.3,997.1,4,6.2,2,3,2,4
2017-02-03 05:00:00,30.900000000001448,7.3,5.5,997.3,4,4.6,2,3,3,5
2017-02-03 06:00:00,34.20000000000437,6.7,5.6,997.6,4,3.6,2,3,4,6
2017-02-03 07:00:00,35.0,7.6,6.2,997.8,4,3.6,2,3,5,7
2017-02-03 08:00:00,48.799999999995634,6.7,5.4,997.9,3,3.6,2,3,6,8
2017-02-03 09:00:00,55.19999999999709,7.6,5.9,997.5,4,5.7,2,3,7,9
2017-02-03 10:00:00,58.49999999999999,9.3,7.2,997.8,3,4.6,2,3,1,10
2017-02-03 11:00:00,55.89999999999418,9.3,6.0,997.6,3,6.7,2,3,2,11
2017-02-03 12:00:00,59.799999999995634,10.1,6.2,996.5,3,8.2,2,3,3,12
2017-02-03 13:00:00,62.299999999995634,10.3,5.9,994.9,3,7.2,2,3,4,13
2017-02-03 14:00:00,61.800000000002896,9.7,5.2,993.8,3,7.7,2,3,5,14
2017-02-03 15:00:00,57.799999999995634,9.5,5.2,993.0,3,8.2,2,3,6,15
2017-02-03 16:00:00,61.90000000000146,8.3,6.2,992.4,3,7.7,2,3,7,16
2017-02-03 17:00:00,63.299999999995634,8.0,6.6,991.9,3,7.2,2,3,1,17
2017-02-03 18:00:00,70.60000000000579,7.6,6.4,991.3,3,7.7,2,3,2,18
2017-02-03 19:00:00,80.09999999999854,7.6,6.4,989.9,3,7.2,2,3,3,19
2017-02-03 20:00:00,72.80000000000291,7.6,6.2,989.0,3,6.7,2,3,4,20
2017-02-03 21:00:00,67.89999999999418,5.7,3.7,991.0,5,11.8,2,3,5,21
2017-02-03 22:00:00,65.90000000000146,5.3,3.0,992.4,5,9.3,2,3,6,22
2017-02-03 23:00:00,65.80000000000291,5.2,3.0,993.3,5,5.7,2,3,7,23
2017-02-04 00:00:00,60.0,4.3,2.5,994.5,4,3.6,2,4,1,0
2017-02-04 01:00:00,52.799999999995634,3.8,2.4,994.7,4,3.1,2,4,2,1
2017-02-04 02:00:00,44.40000000000145,3.4,2.1,995.0,4,2.6,2,4,3,2
2017-02-04 03:00:00,37.799999999995634,2.9,2.0,995.0,4,2.1,2,4,4,3
2017-02-04 04:00:00,35.60000000000582,2.5,2.1,994.8,1,1.5,2,4,5,4
2017-02-04 05:00:00,34.299999999995634,2.4,2.1,994.6,3,2.1,2,4,6,5
2017-02-04 06:00:00,33.099999999998545,2.5,2.2,994.9,0,1.0,2,4,7,6
2017-02-04 07:00:00,36.400000000001455,3.2,3.0,995.6,1,1.0,2,4,1,7
2017-02-04 08:00:00,41.199999999997104,4.4,3.9,995.9,3,1.5,2,4,2,8
2017-02-04 09:00:00,47.0,4.1,3.7,996.9,7,1.0,2,4,3,9
2017-02-04 10:00:00,56.70000000000436,5.0,4.5,997.7,0,1.5,2,4,4,10
2017-02-04 11:00:00,63.80000000000291,6.3,4.8,997.9,0,0.5,2,4,5,11
2017-02-04 12:00:00,62.40000000000146,7.2,4.5,998.0,6,1.0,2,4,6,12
2017-02-04 13:00:00,58.0,7.5,3.4,998.3,6,2.1,2,4,7,13
2017-02-04 14:00:00,59.300000000002896,9.6,4.1,998.3,5,1.5,2,4,1,14
2017-02-04 15:00:00,59.40000000000145,9.8,3.0,998.6,5,2.1,2,4,2,15
2017-02-04 16:00:00,68.79999999999563,8.3,1.1,999.0,5,3.6,2,4,3,16
2017-02-04 17:00:00,72.70000000000438,7.1,1.2,999.3,4,2.6,2,4,4,17
2017-02-04 18:00:00,73.09999999999854,6.6,1.8,999.7,4,3.1,2,4,5,18
2017-02-04 19:00:00,77.5,5.6,2.2,999.7,4,3.6,2,4,6,19
2017-02-04 20:00:00,80.0,4.7,1.6,999.4,3,3.1,2,4,7,20
2017-02-04 21:00:00,73.80000000000291,4.3,2.7,999.2,2,3.1,2,4,1,21
2017-02-04 22:00:00,71.10000000000579,4.7,2.7,999.0,3,3.6,2,4,2,22
2017-02-04 23:00:00,67.09999999999854,5.4,2.7,999.3,5,4.1,2,4,3,23
2017-02-05 00:00:00,65.69999999999709,4.4,2.9,999.0,4,3.6,2,5,4,0
2017-02-05 01:00:00,53.5,3.1,2.1,998.6,3,3.1,2,5,5,1
2017-02-05 02:00:00,45.59999999999855,2.9,1.9,998.2,2,2.6,2,5,6,2
2017-02-05 03:00:00,40.0,3.8,2.8,998.0,3,3.1,2,5,7,3
2017-02-05 04:00:00,44.49999999999999,4.4,3.6,997.9,2,2.1,2,5,1,4
2017-02-05 05:00:00,39.300000000002896,4.7,3.5,997.8,2,2.6,2,5,2,5
2017-02-05 06:00:00,36.900000000001455,4.5,3.3,997.9,1,2.1,2,5,3,6
2017-02-05 07:00:00,39.099999999998545,4.4,3.3,997.9,1,2.1,2,5,4,7
2017-02-05 08:00:00,42.699999999997104,4.4,3.3,998.6,1,3.1,2,5,5,8
2017-02-05 09:00:00,45.299999999995634,4.5,3.6,999.4,1,3.1,2,5,6,9
2017-02-05 10:00:00,57.19999999999709,4.8,3.7,1000.3,1,2.6,2,5,7,10
2017-02-05 11:00:00,63.99999999999999,5.3,3.9,1001.6,1,3.1,2,5,1,11
2017-02-05 12:00:00,69.19999999999709,5.3,4.1,1002.4,1,3.6,2,5,2,12
2017-02-05 13:00:00,75.59999999999854,5.2,3.6,1003.1,1,3.6,2,5,3,13
2017-02-05 14:00:00,74.60000000000579,5.4,3.6,1003.8,0,4.1,2,5,4,14
2017-02-05 15:00:00,70.80000000000291,5.4,3.3,1004.8,0,4.1,2,5,5,15
2017-02-05 16:00:00,68.29999999999563,5.2,3.1,1006.4,0,3.1,2,5,6,16
2017-02-05 17:00:00,74.5,4.9,3.1,1007.5,0,2.6,2,5,7,17
2017-02-05 18:00:00,78.5,4.3,2.8,1008.9,0,1.5,2,5,1,18
2017-02-05 19:00:00,86.90000000000146,4.6,3.0,1010.6,0,2.6,2,5,2,19
2017-02-05 20:00:00,85.5,5.0,3.2,1011.9,7,1.5,2,5,3,20
2017-02-05 21:00:00,89.29999999999563,5.1,3.6,1013.1,0,1.0,2,5,4,21
2017-02-05 22:00:00,90.5,5.1,3.5,1014.2,7,1.5,2,5,5,22
2017-02-05 23:00:00,79.19999999999709,5.0,3.1,1015.0,7,2.6,2,5,6,23
2017-02-06 00:00:00,67.0,3.6,2.1,1015.8,6,1.5,2,6,7,0
2017-02-06 01:00:00,54.59999999999854,4.0,2.6,1016.4,6,3.6,2,6,1,1
2017-02-06 02:00:00,45.70000000000436,2.5,1.3,1017.0,7,1.5,2,6,2,2
2017-02-06 03:00:00,37.300000000002896,2.1,1.4,1017.9,7,1.5,2,6,3,3
2017-02-06 04:00:00,37.699999999997104,0.4,-0.3,1018.0,5,1.0,2,6,4,4
2017-02-06 05:00:00,37.0,0.9,0.6,1018.8,5,1.5,2,6,5,5
2017-02-06 06:00:00,39.699999999997104,0.1,-0.2,1019.1,4,0.5,2,6,6,6
2017-02-06 07:00:00,43.40000000000145,0.6,0.5,1019.4,7,0.5,2,6,7,7
2017-02-06 08:00:00,65.09999999999854,0.8,0.5,1019.5,0,1.0,2,6,1,8
2017-02-06 09:00:00,67.40000000000146,0.8,0.5,1019.7,2,1.5,2,6,2,9
2017-02-06 10:00:00,67.70000000000437,2.6,1.8,1019.8,6,1.0,2,6,3,10
2017-02-06 11:00:00,64.30000000000291,5.2,1.9,1019.8,4,0.5,2,6,4,11
2017-02-06 12:00:00,61.799999999995634,6.5,3.0,1019.0,2,2.6,2,6,5,12
2017-02-06 13:00:00,66.39999999999418,6.7,3.4,1018.8,4,3.1,2,6,6,13
2017-02-06 14:00:00,57.70000000000436,7.4,2.7,1017.9,4,4.1,2,6,7,14
2017-02-06 15:00:00,57.799999999995634,7.0,2.3,1017.2,4,4.6,2,6,1,15
2017-02-06 16:00:00,65.19999999999709,6.7,3.4,1016.9,4,4.1,2,6,2,16
2017-02-06 17:00:00,68.19999999999709,6.4,3.8,1016.6,3,3.6,2,6,3,17
2017-02-06 18:00:00,85.69999999999709,6.3,4.1,1016.2,3,4.1,2,6,4,18
2017-02-06 19:00:00,85.70000000000438,5.6,4.2,1015.7,3,4.6,2,6,5,19
2017-02-06 20:00:00,83.79999999999562,4.8,3.2,1015.1,3,5.1,2,6,6,20
2017-02-06 21:00:00,85.29999999999562,4.4,3.5,1014.4,3,5.7,2,6,7,21
2017-02-06 22:00:00,96.80000000000292,4.4,3.8,1013.8,3,5.1,2,6,1,22
2017-02-06 23:00:00,86.3000000000029,4.5,4.1,1013.1,3,4.6,2,6,2,23
2017-02-07 00:00:00,75.0,4.7,4.3,1012.9,2,3.6,2,7,3,0
2017-02-07 01:00:00,61.799999999995634,4.9,4.7,1012.3,3,3.1,2,7,4,1
2017-02-07 02:00:00,46.0,5.0,4.9,1012.0,2,3.1,2,7,5,2
2017-02-07 03:00:00,37.800000000002896,5.1,5.0,1011.7,2,2.6,2,7,6,3
2017-02-07 04:00:00,34.40000000000145,5.3,5.2,1011.4,2,2.1,2,7,7,4
2017-02-07 05:00:00,34.19999999999709,5.4,5.3,1011.6,2,1.5,2,7,1,5
2017-02-07 06:00:00,39.200000000004366,5.6,5.5,1011.8,2,2.1,2,7,2,6
2017-02-07 07:00:00,44.69999999999709,6.0,5.9,1011.8,3,2.1,2,7,3,7
2017-02-07 08:00:00,54.0,6.5,6.2,1012.4,5,2.1,2,7,4,8
2017-02-07 09:00:00,64.90000000000146,6.4,6.1,1012.8,6,2.1,2,7,5,9
2017-02-07 10:00:00,68.69999999999709,7.7,6.7,1013.2,6,3.6,2,7,6,10
2017-02-07 11:00:00,73.69999999999709,8.3,6.2,1014.0,6,3.6,2,7,7,11
2017-02-07 12:00:00,66.30000000000291,9.1,4.8,1014.2,7,3.6,2,7,1,12
2017-02-07 13:00:00,68.89999999999418,10.5,5.1,1014.4,7,3.1,2,7,2,13
2017-02-07 14:00:00,67.09999999999854,10.6,3.7,1014.3,7,3.1,2,7,3,14
2017-02-07 15:00:00,65.90000000000146,10.6,3.7,1014.7,7,2.6,2,7,4,15
2017-02-07 16:00:00,76.70000000000438,10.5,3.0,1015.1,6,2.6,2,7,5,16
2017-02-07 17:00:00,74.39999999999421,9.5,3.2,1015.7,7,1.5,2,7,6,17
2017-02-07 18:00:00,83.69999999999709,8.2,3.3,1016.3,0,1.5,2,7,7,18
2017-02-07 19:00:00,96.5,7.3,3.3,1016.9,6,1.0,2,7,1,19
2017-02-07 20:00:00,90.5,6.6,3.3,1017.4,7,1.0,2,7,2,20
2017-02-07 21:00:00,90.90000000000146,5.5,3.1,1018.0,7,1.5,2,7,3,21
2017-02-07 22:00:00,88.0,4.8,2.7,1018.5,7,2.1,2,7,4,22
2017-02-07 23:00:00,86.59999999999127,4.0,2.4,1019.2,6,2.1,2,7,5,23
2017-02-08 00:00:00,73.30000000000291,3.9,2.5,1020.1,7,2.6,2,8,6,0
2017-02-08 01:00:00,57.80000000000291,5.0,3.1,1020.9,7,1.5,2,8,7,1
2017-02-08 02:00:00,44.5,4.8,3.1,1021.3,0,1.5,2,8,1,2
2017-02-08 03:00:00,38.39999999999418,5.1,3.5,1021.7,7,1.5,2,8,2,3
2017-02-08 04:00:00,36.60000000000582,4.3,3.2,1022.3,6,2.1,2,8,3,4
2017-02-08 05:00:00,36.0,4.5,3.5,1023.0,7,1.5,2,8,4,5
2017-02-08 06:00:00,36.5,4.6,3.4,1023.7,7,1.5,2,8,5,6
2017-02-08 07:00:00,40.5,4.5,3.3,1024.5,7,2.1,2,8,6,7
2017-02-08 08:00:00,50.79999999998836,3.9,2.8,1025.2,1,2.1,2,8,7,8
2017-02-08 09:00:00,68.39999999999418,3.7,2.7,1025.6,0,2.1,2,8,1,9
2017-02-08 10:00:00,68.10000000000582,4.3,3.6,1026.4,7,1.5,2,8,2,10
2017-02-08 11:00:00,69.0,5.0,3.2,1026.7,1,3.1,2,8,3,11
2017-02-08 12:00:00,67.5,5.0,2.6,1026.9,1,3.1,2,8,4,12
2017-02-08 13:00:00,75.5,4.5,2.5,1027.4,1,3.6,2,8,5,13
2017-02-08 14:00:00,77.30000000000291,4.3,1.9,1027.7,1,2.6,2,8,6,14
2017-02-08 15:00:00,76.80000000000291,4.7,1.2,1028.1,0,2.6,2,8,7,15
2017-02-08 16:00:00,75.0,4.7,1.2,1028.3,1,2.6,2,8,1,16
2017-02-08 17:00:00,75.19999999999709,4.6,0.7,1028.7,1,2.6,2,8,2,17
2017-02-08 18:00:00,91.19999999999708,4.2,0.2,1029.2,1,2.6,2,8,3,18
2017-02-08 19:00:00,101.5,3.9,-0.4,1029.7,1,3.1,2,8,4,19
2017-02-08 20:00:00,95.69999999999708,3.6,-0.2,1029.9,1,2.6,2,8,5,20
2017-02-08 21:00:00,89.89999999999418,3.3,-0.3,1030.2,1,2.6,2,8,6,21
2017-02-08 22:00:00,86.40000000000873,3.0,0.0,1030.3,1,2.1,2,8,7,22
2017-02-08 23:00:00,80.5,2.8,-0.4,1030.3,1,3.1,2,8,1,23
2017-02-09 00:00:00,82.19999999999709,2.5,-0.3,1030.5,1,2.6,2,9,2,0
2017-02-09 01:00:00,65.09999999999127,2.4,-0.4,1030.2,1,2.6,2,9,3,1
2017-02-09 02:00:00,51.0,2.2,-0.4,1030.1,1,2.6,2,9,4,2
2017-02-09 03:00:00,43.10000000000582,2.1,-0.4,1029.7,1,2.6,2,9,5,3
2017-02-09 04:00:00,43.90000000000872,2.1,-0.3,1029.5,1,2.6,2,9,6,4
2017-02-09 05:00:00,41.89999999999418,2.1,-0.4,1029.7,1,2.6,2,9,7,5
2017-02-09 06:00:00,42.199999999997104,2.1,-0.7,1029.6,1,2.6,2,9,1,6
2017-02-09 07:00:00,45.30000000000291,2.1,-0.8,1029.3,1,2.6,2,9,2,7
2017-02-09 08:00:00,60.5,2.0,-1.1,1029.1,1,3.6,2,9,3,8
2017-02-09 09:00:00,73.30000000000291,2.0,-1.1,1028.8,1,3.1,2,9,4,9
2017-02-09 10:00:00,74.29999999998836,2.1,-1.0,1028.6,1,3.1,2,9,5,10
2017-02-09 11:00:00,68.5,2.2,-1.1,1028.4,1,3.1,2,9,6,11
2017-02-09 12:00:00,69.0,2.4,-0.9,1027.9,1,3.1,2,9,7,12
2017-02-09 13:00:00,86.89999999999418,2.5,-0.9,1027.6,1,3.1,2,9,1,13
2017-02-09 14:00:00,95.5,2.5,-0.7,1027.0,1,3.1,2,9,2,14
2017-02-09 15:00:00,90.19999999999708,2.5,-0.5,1026.3,1,4.1,2,9,3,15
2017-02-09 16:00:00,83.19999999999709,2.4,-0.3,1026.1,1,4.6,2,9,4,16
2017-02-09 17:00:00,87.8000000000029,2.1,-0.2,1025.7,1,4.6,2,9,5,17
2017-02-09 18:00:00,112.30000000000292,1.9,0.0,1025.8,1,3.6,2,9,6,18
2017-02-09 19:00:00,111.09999999999128,1.8,0.3,1025.6,1,3.6,2,9,7,19
2017-02-09 20:00:00,115.39999999999418,1.6,0.6,1025.7,1,4.1,2,9,1,20
2017-02-09 21:00:00,101.5,1.6,0.6,1025.5,1,4.1,2,9,2,21
2017-02-09 22:00:00,99.19999999999708,1.5,0.6,1025.3,1,4.1,2,9,3,22
2017-02-09 23:00:00,97.69999999999708,1.4,0.8,1024.8,1,3.6,2,9,4,23
2017-02-10 00:00:00,96.60000000000582,1.4,1.0,1024.6,1,3.1,2,10,5,0
2017-02-10 01:00:00,81.39999999999421,1.4,1.1,1024.3,1,3.6,2,10,6,1
2017-02-10 02:00:00,65.5,1.5,1.2,1024.3,1,3.1,2,10,7,2
2017-02-10 03:00:00,59.69999999999709,1.5,1.2,1024.0,1,4.1,2,10,1,3
2017-02-10 04:00:00,54.60000000000582,1.5,1.1,1023.8,1,3.6,2,10,2,4
2017-02-10 05:00:00,53.5,1.5,1.1,1023.7,1,4.1,2,10,3,5
2017-02-10 06:00:00,54.19999999999709,1.5,1.1,1023.7,1,4.1,2,10,4,6
2017-02-10 07:00:00,55.80000000000291,1.4,1.0,1023.8,1,4.1,2,10,5,7
2017-02-10 08:00:00,66.29999999998836,1.5,0.9,1024.1,1,4.1,2,10,6,8
2017-02-10 09:00:00,77.10000000000579,1.4,0.8,1024.2,1,3.6,2,10,7,9
2017-02-10 10:00:00,86.1999999999971,1.4,0.8,1024.2,0,4.1,2,10,1,10
2017-02-10 11:00:00,85.10000000000579,1.5,0.9,1024.4,0,3.6,2,10,2,11
2017-02-10 12:00:00,82.79999999998836,1.5,0.8,1024.1,0,4.1,2,10,3,12
2017-02-10 13:00:00,89.29999999998836,1.8,0.9,1023.9,1,4.1,2,10,4,13
2017-02-10 14:00:00,95.0,1.9,0.8,1023.7,1,3.6,2,10,5,14
2017-02-10 15:00:00,90.0,2.2,0.3,1023.6,1,3.1,2,10,6,15
2017-02-10 16:00:00,88.1999999999971,2.2,-0.3,1023.8,1,4.1,2,10,7,16
2017-02-10 17:00:00,95.19999999999708,2.0,-0.9,1024.0,0,3.6,2,10,1,17
2017-02-10 18:00:00,97.0,1.5,-1.4,1024.0,0,2.1,2,10,2,18
2017-02-10 19:00:00,98.80000000000292,1.3,-1.2,1024.1,0,2.6,2,10,3,19
2017-02-10 20:00:00,103.10000000000582,1.3,-0.8,1024.1,0,3.6,2,10,4,20
2017-02-10 21:00:00,95.0,1.3,-0.8,1023.9,7,2.6,2,10,5,21
2017-02-10 22:00:00,88.0,1.4,-0.6,1024.1,0,3.6,2,10,6,22
2017-02-10 23:00:00,92.80000000000292,1.4,-0.7,1023.7,0,3.1,2,10,7,23
2017-02-11 00:00:00,90.30000000000292,1.6,-0.7,1023.5,0,4.1,2,11,1,0
2017-02-11 01:00:00,74.19999999999709,1.4,-0.5,1023.3,0,2.1,2,11,2,1
2017-02-11 02:00:00,68.80000000000291,1.2,-0.2,1022.9,7,3.1,2,11,3,2
2017-02-11 03:00:00,65.60000000000582,0.9,-0.1,1022.4,7,3.1,2,11,4,3
2017-02-11 04:00:00,54.09999999999128,1.0,0.3,1022.1,7,3.6,2,11,5,4
2017-02-11 05:00:00,52.80000000000291,1.2,0.5,1022.1,0,3.1,2,11,6,5
2017-02-11 06:00:00,55.40000000000872,1.2,0.6,1022.0,0,3.1,2,11,7,6
2017-02-11 07:00:00,54.0,0.6,-0.3,1022.3,1,3.6,2,11,1,7
2017-02-11 08:00:00,61.60000000000582,0.7,-0.5,1022.7,0,3.1,2,11,2,8
2017-02-11 09:00:00,67.5,0.8,-0.6,1022.7,1,3.1,2,11,3,9
2017-02-11 10:00:00,69.39999999999418,1.1,-0.4,1022.9,0,3.1,2,11,4,10
2017-02-11 11:00:00,76.90000000000873,1.3,-0.2,1023.2,0,4.1,2,11,5,11
2017-02-11 12:00:00,81.60000000000579,1.6,0.2,1023.0,0,3.6,2,11,6,12
2017-02-11 13:00:00,88.39999999999418,2.0,0.0,1022.7,1,4.6,2,11,7,13
2017-02-11 14:00:00,94.70000000001164,2.0,0.0,1022.7,0,3.6,2,11,1,14
2017-02-11 15:00:00,84.5,2.7,0.1,1022.5,1,4.1,2,11,2,15
2017-02-11 16:00:00,83.29999999998836,2.6,0.2,1022.5,0,3.6,2,11,3,16
2017-02-11 17:00:00,86.40000000000873,2.4,0.1,1022.4,1,4.1,2,11,4,17
2017-02-11 18:00:00,92.69999999999708,2.3,0.0,1022.5,0,3.6,2,11,5,18
2017-02-11 19:00:00,98.19999999999708,2.0,0.4,1022.5,0,2.6,2,11,6,19
2017-02-11 20:00:00,91.80000000000292,2.0,0.5,1022.3,0,3.1,2,11,7,20
2017-02-11 21:00:00,93.0,2.2,0.9,1022.2,0,4.1,2,11,1,21
2017-02-11 22:00:00,91.19999999999708,2.6,1.0,1022.1,0,4.1,2,11,2,22
2017-02-11 23:00:00,89.10000000000582,2.5,1.3,1021.9,0,4.1,2,11,3,23
2017-02-12 00:00:00,86.0,2.3,1.3,1021.9,0,3.1,2,12,4,0
2017-02-12 01:00:00,75.5,2.2,1.0,1021.9,1,3.6,2,12,5,1
2017-02-12 02:00:00,66.59999999999127,2.3,1.0,1022.2,1,4.6,2,12,6,2
2017-02-12 03:00:00,58.80000000000291,2.2,1.5,1022.4,1,3.6,2,12,7,3
2017-02-12 04:00:00,54.0,2.3,1.7,1022.2,1,3.6,2,12,1,4
2017-02-12 05:00:00,51.29999999998836,2.5,1.1,1022.5,1,4.6,2,12,2,5
2017-02-12 06:00:00,50.0,2.0,0.3,1022.4,1,3.6,2,12,3,6
2017-02-12 07:00:00,55.80000000000291,1.7,0.3,1022.5,1,4.6,2,12,4,7
2017-02-12 08:00:00,61.80000000000291,1.7,0.2,1022.8,1,4.1,2,12,5,8
2017-02-12 09:00:00,66.20000000001164,1.9,0.2,1022.8,1,3.6,2,12,6,9
2017-02-12 10:00:00,67.69999999999709,2.3,0.5,1023.0,1,4.1,2,12,7,10
2017-02-12 11:00:00,77.29999999998836,2.1,0.9,1023.0,1,4.1,2,12,1,11
2017-02-12 12:00:00,83.60000000000579,2.3,1.2,1022.7,1,4.1,2,12,2,12
2017-02-12 13:00:00,95.69999999999708,2.6,1.6,1022.4,1,4.1,2,12,3,13
2017-02-12 14:00:00,91.40000000000872,3.6,1.8,1021.9,1,4.1,2,12,4,14
2017-02-12 15:00:00,90.90000000000872,3.8,1.2,1021.8,2,4.6,2,12,5,15
2017-02-12 16:00:00,93.19999999999708,3.9,0.6,1021.6,2,5.1,2,12,6,16
2017-02-12 17:00:00,96.30000000000292,3.9,0.8,1022.0,2,4.6,2,12,7,17
2017-02-12 18:00:00,94.10000000000582,4.2,1.6,1022.4,2,5.1,2,12,1,18
2017-02-12 19:00:00,94.59999999999128,4.6,2.8,1022.6,2,5.1,2,12,2,19
2017-02-12 20:00:00,93.5,5.2,3.9,1022.8,2,7.2,2,12,3,20
2017-02-12 21:00:00,95.30000000000292,5.7,4.1,1022.7,2,6.2,2,12,4,21
2017-02-12 22:00:00,88.6999999999971,5.9,4.2,1022.9,2,5.7,2,12,5,22
2017-02-12 23:00:00,83.5,6.0,4.2,1022.9,2,6.2,2,12,6,23
2017-02-13 00:00:00,78.10000000000579,5.7,3.9,1023.0,2,7.2,2,13,7,0
2017-02-13 01:00:00,69.20000000001164,5.2,3.5,1023.0,2,6.2,2,13,1,1
2017-02-13 02:00:00,62.80000000000291,5.2,3.5,1022.6,2,5.7,2,13,2,2
2017-02-13 03:00:00,56.39999999999418,5.1,3.4,1022.4,2,5.7,2,13,3,3
2017-02-13 04:00:00,50.60000000000582,5.1,3.3,1022.4,2,4.6,2,13,4,4
2017-02-13 05:00:00,51.0,4.8,3.0,1022.5,2,5.1,2,13,5,5
2017-02-13 06:00:00,49.80000000000291,4.5,2.8,1022.1,2,4.6,2,13,6,6
2017-02-13 07:00:00,54.80000000000291,4.6,2.8,1021.9,2,5.7,2,13,7,7
2017-02-13 08:00:00,61.0,4.6,2.8,1022.3,2,6.2,2,13,1,8
2017-02-13 09:00:00,70.09999999999127,5.5,3.1,1022.5,2,5.7,2,13,2,9
2017-02-13 10:00:00,78.90000000000873,6.6,3.5,1022.7,2,6.2,2,13,3,10
2017-02-13 11:00:00,77.60000000000579,7.5,3.3,1022.8,2,6.2,2,13,4,11
2017-02-13 12:00:00,78.89999999999421,8.4,3.2,1022.2,2,6.7,2,13,5,12
2017-02-13 13:00:00,77.30000000000291,9.9,3.3,1021.6,2,7.2,2,13,6,13
2017-02-13 14:00:00,78.39999999999421,10.2,2.5,1020.6,2,7.7,2,13,7,14
2017-02-13 15:00:00,73.30000000000291,9.3,2.5,1020.2,2,7.2,2,13,1,15
2017-02-13 16:00:00,75.30000000000291,8.2,2.5,1020.3,2,6.7,2,13,2,16
2017-02-13 17:00:00,87.40000000000873,6.5,2.5,1020.6,2,5.1,2,13,3,17
2017-02-13 18:00:00,95.60000000000582,5.3,2.5,1021.0,2,5.1,2,13,4,18
2017-02-13 19:00:00,97.09999999999128,5.0,2.7,1021.4,2,5.1,2,13,5,19
2017-02-13 20:00:00,98.80000000000292,5.2,2.9,1021.3,2,5.7,2,13,6,20
2017-02-13 21:00:00,94.30000000000292,5.1,2.6,1021.2,2,4.6,2,13,7,21
2017-02-13 22:00:00,91.0,5.1,2.5,1021.1,2,4.1,2,13,1,22
2017-02-13 23:00:00,81.69999999999709,5.0,2.1,1021.0,2,4.6,2,13,2,23
2017-02-14 00:00:00,79.39999999999421,4.7,1.9,1021.0,2,4.6,2,14,3,0
2017-02-14 01:00:00,70.70000000001164,4.5,1.6,1020.8,2,4.1,2,14,4,1
2017-02-14 02:00:00,56.19999999999709,3.9,1.3,1020.9,2,3.6,2,14,5,2
2017-02-14 03:00:00,53.5,3.8,1.0,1020.9,2,4.6,2,14,6,3
2017-02-14 04:00:00,50.0,3.5,0.7,1020.5,2,4.1,2,14,7,4
2017-02-14 05:00:00,48.80000000000291,3.0,0.5,1020.9,2,3.6,2,14,1,5
2017-02-14 06:00:00,50.69999999999709,2.7,0.6,1021.1,2,3.1,2,14,2,6
2017-02-14 07:00:00,51.5,2.7,0.5,1021.6,2,3.1,2,14,3,7
2017-02-14 08:00:00,57.0,3.5,1.0,1021.7,2,2.6,2,14,4,8
2017-02-14 09:00:00,70.5,4.1,1.6,1022.8,2,3.6,2,14,5,9
2017-02-14 10:00:00,75.69999999999709,5.1,1.9,1023.2,2,2.6,2,14,6,10
2017-02-14 11:00:00,81.89999999999421,6.7,3.1,1023.4,2,3.1,2,14,7,11
2017-02-14 12:00:00,82.10000000000579,9.3,4.1,1023.3,2,3.1,2,14,1,12
2017-02-14 13:00:00,71.69999999999709,10.5,5.8,1023.6,2,1.0,2,14,2,13
2017-02-14 14:00:00,75.30000000000291,11.8,5.7,1023.6,3,4.1,2,14,3,14
2017-02-14 15:00:00,76.10000000000579,11.1,6.0,1024.0,3,4.6,2,14,4,15
2017-02-14 16:00:00,77.10000000000579,10.9,6.0,1024.5,3,4.1,2,14,5,16
2017-02-14 17:00:00,77.30000000000291,10.4,6.1,1024.7,3,2.6,2,14,6,17
2017-02-14 18:00:00,82.89999999999421,10.1,6.0,1025.0,3,4.6,2,14,7,18
2017-02-14 19:00:00,81.59999999999127,10.0,6.0,1025.4,3,5.1,2,14,1,19
2017-02-14 20:00:00,84.69999999999709,9.8,6.0,1025.8,3,3.1,2,14,2,20
2017-02-14 21:00:00,81.0,9.7,6.6,1026.1,3,4.1,2,14,3,21
2017-02-14 22:00:00,77.60000000000579,9.7,7.1,1026.4,3,3.1,2,14,4,22
2017-02-14 23:00:00,82.89999999999421,9.7,7.3,1026.6,3,3.1,2,14,5,23
2017-02-15 00:00:00,75.80000000000291,9.5,7.7,1027.0,3,2.6,2,15,6,0
2017-02-15 01:00:00,70.80000000000291,9.2,7.8,1027.1,3,2.1,2,15,7,1
2017-02-15 02:00:00,64.30000000000291,9.3,8.2,1027.2,3,3.1,2,15,1,2
2017-02-15 03:00:00,55.89999999999418,8.7,7.4,1027.4,3,1.5,2,15,2,3
2017-02-15 04:00:00,55.80000000000291,7.9,7.3,1027.5,3,1.5,2,15,3,4
2017-02-15 05:00:00,55.39999999999418,7.8,7.3,1027.3,2,0.5,2,15,4,5
2017-02-15 06:00:00,49.30000000000291,7.9,7.5,1027.3,1,1.0,2,15,5,6
2017-02-15 07:00:00,51.69999999999709,6.9,6.7,1027.3,2,2.1,2,15,6,7
2017-02-15 08:00:00,56.80000000000291,7.7,7.5,1027.7,2,1.5,2,15,7,8
2017-02-15 09:00:00,69.09999999999127,8.8,8.3,1028.1,3,3.1,2,15,1,9
2017-02-15 10:00:00,73.69999999999709,9.9,8.9,1027.9,3,3.6,2,15,2,10
2017-02-15 11:00:00,75.20000000001164,10.7,8.6,1027.5,4,4.6,2,15,3,11
2017-02-15 12:00:00,74.5,11.5,9.0,1027.1,3,4.6,2,15,4,12
2017-02-15 13:00:00,78.30000000000291,11.2,8.9,1026.8,4,5.7,2,15,5,13
2017-02-15 14:00:00,72.39999999999421,9.8,8.9,1026.6,4,6.2,2,15,6,14
2017-02-15 15:00:00,78.80000000000291,9.8,8.8,1027.0,4,4.1,2,15,7,15
2017-02-15 16:00:00,77.30000000000291,9.4,8.1,1027.1,4,5.1,2,15,1,16
2017-02-15 17:00:00,82.90000000000873,8.9,7.8,1027.7,5,5.1,2,15,2,17
2017-02-15 18:00:00,80.69999999999709,8.6,7.7,1028.4,5,4.6,2,15,3,18
2017-02-15 19:00:00,81.40000000000873,8.1,7.2,1028.8,4,4.6,2,15,4,19
2017-02-15 20:00:00,74.5,8.0,7.0,1028.9,4,4.6,2,15,5,20
2017-02-15 21:00:00,84.69999999999709,8.2,6.8,1029.2,5,5.7,2,15,6,21
2017-02-15 22:00:00,84.10000000000579,7.7,6.7,1029.6,5,5.1,2,15,7,22
2017-02-15 23:00:00,79.90000000000873,7.7,6.7,1029.6,5,4.1,2,15,1,23
2017-02-16 00:00:00,72.89999999999421,7.1,6.3,1030.0,5,3.6,2,16,2,0
2017-02-16 01:00:00,71.80000000000291,7.0,6.4,1029.8,5,3.6,2,16,3,1
2017-02-16 02:00:00,56.80000000000291,6.3,5.8,1030.0,5,3.1,2,16,4,2
2017-02-16 03:00:00,53.5,6.2,5.8,1030.2,5,3.6,2,16,5,3
2017-02-16 04:00:00,53.70000000001164,6.8,6.5,1030.2,5,4.6,2,16,6,4
2017-02-16 05:00:00,52.69999999999709,6.1,5.7,1030.1,5,3.1,2,16,7,5
2017-02-16 06:00:00,49.90000000000872,5.7,5.4,1030.1,5,2.6,2,16,1,6
2017-02-16 07:00:00,50.90000000000872,6.4,6.2,1030.1,5,2.6,2,16,2,7
2017-02-16 08:00:00,59.5,6.9,6.3,1030.5,5,3.1,2,16,3,8
2017-02-16 09:00:00,69.80000000000291,7.4,6.6,1030.7,6,3.1,2,16,4,9
2017-02-16 10:00:00,73.69999999999709,8.5,7.2,1030.7,6,3.1,2,16,5,10
2017-02-16 11:00:00,72.69999999999709,9.0,7.0,1030.8,6,3.1,2,16,6,11
2017-02-16 12:00:00,71.30000000000291,9.6,7.1,1030.4,6,4.1,2,16,7,12
2017-02-16 13:00:00,76.40000000000873,10.1,6.8,1029.7,6,2.6,2,16,1,13
2017-02-16 14:00:00,74.10000000000579,11.6,6.6,1028.8,6,5.1,2,16,2,14
2017-02-16 15:00:00,69.29999999998836,11.3,5.5,1028.5,6,6.2,2,16,3,15
2017-02-16 16:00:00,67.5,11.2,5.0,1028.4,6,5.1,2,16,4,16
2017-02-16 17:00:00,75.80000000000291,10.3,4.9,1028.6,6,5.7,2,16,5,17
2017-02-16 18:00:00,82.80000000000291,9.8,4.3,1028.7,6,3.1,2,16,6,18
2017-02-16 19:00:00,81.80000000000291,9.8,4.6,1028.8,5,3.6,2,16,7,19
2017-02-16 20:00:00,82.80000000000291,9.4,4.8,1028.8,6,3.1,2,16,1,20
2017-02-16 21:00:00,82.39999999999421,9.0,5.3,1029.1,6,2.1,2,16,2,21
2017-02-16 22:00:00,79.5,8.7,5.9,1028.9,5,3.1,2,16,3,22
2017-02-16 23:00:00,77.5,8.4,6.1,1028.8,5,3.6,2,16,4,23
2017-02-17 00:00:00,60.40000000000872,8.3,6.3,1028.5,6,3.6,2,17,5,0
2017-02-17 01:00:00,67.0,8.2,6.4,1028.5,6,3.6,2,17,6,1
2017-02-17 02:00:00,57.19999999999709,7.9,6.4,1028.2,6,4.1,2,17,7,2
2017-02-17 03:00:00,54.10000000000582,8.2,6.4,1028.0,6,3.1,2,17,1,3
2017-02-17 04:00:00,50.80000000000291,7.9,6.2,1027.9,6,2.6,2,17,2,4
2017-02-17 05:00:00,47.5,7.5,6.2,1028.1,6,2.6,2,17,3,5
2017-02-17 06:00:00,47.0,7.5,6.2,1027.9,6,2.6,2,17,4,6
2017-02-17 07:00:00,47.59999999999128,7.2,5.9,1027.9,6,3.1,2,17,5,7
2017-02-17 08:00:00,51.39999999999418,7.3,6.1,1028.2,6,3.1,2,17,6,8
2017-02-17 09:00:00,68.30000000000291,8.0,6.4,1028.4,6,2.6,2,17,7,9
2017-02-17 10:00:00,67.60000000000582,9.6,6.7,1028.7,6,2.6,2,17,1,10
2017-02-17 11:00:00,57.5,10.5,7.2,1028.7,6,3.1,2,17,2,11
2017-02-17 12:00:00,55.10000000000582,11.4,7.1,1028.6,6,2.1,2,17,3,12
2017-02-17 13:00:00,57.0,12.3,7.0,1028.2,6,1.5,2,17,4,13
2017-02-17 14:00:00,53.90000000000872,12.8,5.7,1027.7,7,1.0,2,17,5,14
2017-02-17 15:00:00,52.0,13.1,6.0,1027.3,5,2.1,2,17,6,15
2017-02-17 16:00:00,55.0,11.4,5.1,1027.0,5,3.1,2,17,7,16
2017-02-17 17:00:00,64.5,10.6,5.2,1026.8,4,1.5,2,17,1,17
2017-02-17 18:00:00,65.69999999999709,9.7,5.2,1027.1,5,1.5,2,17,2,18
2017-02-17 19:00:00,65.69999999999709,9.7,6.0,1027.4,4,2.6,2,17,3,19
2017-02-17 20:00:00,66.69999999999709,8.7,5.8,1027.3,5,4.1,2,17,4,20
2017-02-17 21:00:00,66.69999999999709,7.8,5.7,1027.4,4,3.6,2,17,5,21
2017-02-17 22:00:00,62.30000000000291,6.8,5.5,1027.5,4,3.1,2,17,6,22
2017-02-17 23:00:00,58.89999999999418,6.4,5.7,1027.4,4,2.6,2,17,7,23
2017-02-18 00:00:00,53.30000000000291,6.0,5.5,1027.3,5,4.1,2,18,1,0
2017-02-18 01:00:00,48.60000000000582,6.2,5.3,1027.1,4,3.1,2,18,2,1
2017-02-18 02:00:00,41.699999999997104,6.3,4.8,1026.9,4,3.1,2,18,3,2
2017-02-18 03:00:00,34.30000000000291,6.0,5.3,1026.6,4,3.1,2,18,4,3
2017-02-18 04:00:00,39.40000000000872,5.6,5.0,1026.2,4,3.6,2,18,5,4
2017-02-18 05:00:00,34.90000000000873,5.7,5.3,1026.1,5,3.1,2,18,6,5
2017-02-18 06:00:00,35.300000000002896,5.9,5.7,1025.7,4,3.1,2,18,7,6
2017-02-18 07:00:00,34.60000000000582,6.1,5.6,1025.6,4,3.1,2,18,1,7
2017-02-18 08:00:00,39.699999999997104,6.3,5.7,1026.0,5,3.1,2,18,2,8
2017-02-18 09:00:00,43.79999999998836,6.6,5.9,1026.1,5,3.1,2,18,3,9
2017-02-18 10:00:00,43.80000000000291,7.0,5.9,1026.1,4,3.6,2,18,4,10
2017-02-18 11:00:00,51.09999999999128,7.6,6.2,1026.0,4,3.1,2,18,5,11
2017-02-18 12:00:00,51.19999999999709,8.3,6.4,1025.9,4,3.1,2,18,6,12
2017-02-18 13:00:00,55.30000000000291,9.4,6.9,1025.3,5,4.1,2,18,7,13
2017-02-18 14:00:00,59.09999999999128,10.6,6.5,1024.6,4,1.5,2,18,1,14
2017-02-18 15:00:00,55.0,12.0,6.8,1023.9,4,1.5,2,18,2,15
2017-02-18 16:00:00,55.5,12.7,6.7,1023.6,5,1.5,2,18,3,16
2017-02-18 17:00:00,63.80000000000291,11.5,4.5,1023.3,5,4.6,2,18,4,17
2017-02-18 18:00:00,74.5,10.2,4.3,1023.7,4,3.6,2,18,5,18
2017-02-18 19:00:00,68.89999999999418,8.9,4.0,1024.0,4,3.6,2,18,6,19
2017-02-18 20:00:00,68.80000000000291,7.6,4.5,1024.0,4,4.1,2,18,7,20
2017-02-18 21:00:00,66.80000000000291,6.7,4.5,1023.9,4,3.1,2,18,1,21
2017-02-18 22:00:00,62.09999999999128,5.3,3.7,1024.1,5,2.6,2,18,2,22
2017-02-18 23:00:00,57.39999999999418,5.4,3.9,1024.6,6,2.1,2,18,3,23
2017-02-19 00:00:00,61.60000000000582,4.8,3.9,1024.1,5,3.1,2,19,4,0
2017-02-19 01:00:00,52.20000000001164,3.6,2.9,1023.8,5,2.1,2,19,5,1
2017-02-19 02:00:00,45.0,4.1,3.5,1022.8,5,2.6,2,19,6,2
2017-02-19 03:00:00,40.199999999997104,3.2,2.4,1023.0,6,1.5,2,19,7,3
2017-02-19 04:00:00,36.70000000001164,4.7,4.5,1022.7,5,2.6,2,19,1,4
2017-02-19 05:00:00,32.60000000000582,5.1,4.9,1022.1,5,2.6,2,19,2,5
2017-02-19 06:00:00,34.0,5.6,5.2,1022.3,4,1.0,2,19,3,6
2017-02-19 07:00:00,36.60000000000582,6.1,5.3,1022.7,5,1.5,2,19,4,7
2017-02-19 08:00:00,34.0,6.9,6.0,1022.9,5,3.1,2,19,5,8
2017-02-19 09:00:00,35.300000000002896,7.9,6.3,1022.9,5,4.1,2,19,6,9
2017-02-19 10:00:00,43.19999999999709,8.9,6.3,1023.6,6,4.6,2,19,7,10
2017-02-19 11:00:00,47.60000000000582,9.8,6.6,1023.7,6,5.1,2,19,1,11
2017-02-19 12:00:00,55.89999999999418,10.5,6.4,1023.2,6,5.7,2,19,2,12
2017-02-19 13:00:00,66.39999999999418,11.1,5.6,1022.6,6,4.6,2,19,3,13
2017-02-19 14:00:00,68.39999999999418,12.6,7.3,1022.2,6,4.1,2,19,4,14
2017-02-19 15:00:00,63.69999999999709,11.6,6.5,1021.9,6,4.1,2,19,5,15
2017-02-19 16:00:00,61.69999999999709,11.3,7.2,1021.8,6,4.6,2,19,6,16
2017-02-19 17:00:00,62.0,11.0,7.5,1021.5,6,4.6,2,19,7,17
2017-02-19 18:00:00,69.30000000000291,10.8,7.7,1021.8,6,4.1,2,19,1,18
2017-02-19 19:00:00,74.90000000000873,10.7,7.7,1021.8,6,4.1,2,19,2,19
2017-02-19 20:00:00,81.10000000000579,10.3,8.3,1021.8,5,3.1,2,19,3,20
2017-02-19 21:00:00,80.70000000001164,10.1,8.5,1021.9,5,4.1,2,19,4,21
2017-02-19 22:00:00,73.70000000001164,9.9,9.0,1021.8,5,4.1,2,19,5,22
2017-02-19 23:00:00,73.10000000000579,10.1,8.8,1021.5,5,4.1,2,19,6,23
2017-02-20 00:00:00,61.89999999999418,10.1,8.8,1021.7,6,4.6,2,20,7,0
2017-02-20 01:00:00,50.5,9.9,9.2,1021.1,6,5.1,2,20,1,1
2017-02-20 02:00:00,40.89999999999418,9.9,9.1,1020.4,6,4.1,2,20,2,2
2017-02-20 03:00:00,33.80000000000291,9.8,8.9,1019.8,6,4.6,2,20,3,3
2017-02-20 04:00:00,33.09999999999127,9.6,8.7,1019.5,6,4.1,2,20,4,4
2017-02-20 05:00:00,31.5,9.9,9.1,1019.2,6,4.1,2,20,5,5
2017-02-20 06:00:00,32.90000000000873,10.0,9.5,1019.0,5,3.6,2,20,6,6
2017-02-20 07:00:00,37.10000000000582,10.5,9.8,1019.0,6,2.6,2,20,7,7
2017-02-20 08:00:00,49.30000000000291,11.2,10.3,1019.1,6,4.6,2,20,1,8
2017-02-20 09:00:00,58.5,11.8,10.5,1019.6,6,4.6,2,20,2,9
2017-02-20 10:00:00,58.39999999999418,12.1,10.2,1019.3,5,4.6,2,20,3,10
2017-02-20 11:00:00,51.40000000000872,14.3,11.0,1018.8,5,4.6,2,20,4,11
2017-02-20 12:00:00,50.60000000000582,14.4,10.5,1018.5,6,5.7,2,20,5,12
2017-02-20 13:00:00,50.0,16.5,11.0,1018.2,6,6.2,2,20,6,13
2017-02-20 14:00:00,48.39999999999418,17.3,11.1,1017.6,6,7.2,2,20,7,14
2017-02-20 15:00:00,62.20000000001164,16.0,10.7,1017.7,6,7.2,2,20,1,15
2017-02-20 16:00:00,65.70000000001164,14.5,10.6,1017.7,6,6.7,2,20,2,16
2017-02-20 17:00:00,71.40000000000873,13.6,10.3,1017.7,6,8.2,2,20,3,17
2017-02-20 18:00:00,68.59999999999127,13.3,10.4,1018.0,6,6.7,2,20,4,18
2017-02-20 19:00:00,67.5,13.1,10.4,1017.9,6,6.2,2,20,5,19
2017-02-20 20:00:00,72.29999999998836,12.4,10.0,1018.4,6,5.7,2,20,6,20
2017-02-20 21:00:00,72.30000000000291,12.1,10.0,1018.6,6,4.6,2,20,7,21
2017-02-20 22:00:00,68.19999999999709,11.6,9.5,1018.5,6,5.7,2,20,1,22
2017-02-20 23:00:00,66.20000000001164,11.5,9.3,1018.1,6,7.7,2,20,2,23
2017-02-21 00:00:00,61.70000000001164,10.6,8.9,1018.3,6,5.1,2,21,3,0
2017-02-21 01:00:00,48.80000000000291,10.4,8.7,1018.1,6,6.2,2,21,4,1
2017-02-21 02:00:00,37.5,10.4,8.9,1018.2,6,6.2,2,21,5,2
2017-02-21 03:00:00,32.59999999999127,10.7,9.1,1018.1,6,4.6,2,21,6,3
2017-02-21 04:00:00,34.10000000000582,10.1,9.7,1017.9,6,4.6,2,21,7,4
2017-02-21 05:00:00,32.40000000000873,9.9,9.7,1017.4,5,4.1,2,21,1,5
2017-02-21 06:00:00,33.09999999999127,9.8,9.6,1017.4,6,4.6,2,21,2,6
2017-02-21 07:00:00,36.300000000002896,10.0,9.7,1017.4,6,4.6,2,21,3,7
2017-02-21 08:00:00,43.5,10.3,9.7,1017.6,6,5.1,2,21,4,8
2017-02-21 09:00:00,59.19999999999709,10.9,9.9,1017.9,6,4.1,2,21,5,9
2017-02-21 10:00:00,66.5,11.5,10.1,1017.8,6,4.6,2,21,6,10
2017-02-21 11:00:00,57.0,12.1,10.1,1017.7,6,5.7,2,21,7,11
2017-02-21 12:00:00,57.59999999999128,12.4,10.2,1017.4,6,6.7,2,21,1,12
2017-02-21 13:00:00,57.59999999999128,13.1,10.3,1016.7,6,6.2,2,21,2,13
2017-02-21 14:00:00,59.0,13.5,10.4,1015.9,6,6.2,2,21,3,14
2017-02-21 15:00:00,53.89999999999418,13.0,10.0,1015.2,6,7.7,2,21,4,15
2017-02-21 16:00:00,52.69999999999709,12.9,10.0,1014.7,6,7.7,2,21,5,16
2017-02-21 17:00:00,64.80000000000291,12.6,10.0,1014.4,6,7.2,2,21,6,17
2017-02-21 18:00:00,74.70000000001164,12.4,9.5,1014.2,6,6.7,2,21,7,18
2017-02-21 19:00:00,84.0,12.1,9.3,1013.7,6,9.3,2,21,1,19
2017-02-21 20:00:00,77.30000000000291,11.9,9.0,1013.6,6,5.7,2,21,2,20
2017-02-21 21:00:00,78.69999999999709,11.8,8.6,1012.8,5,6.7,2,21,3,21
2017-02-21 22:00:00,66.80000000000291,11.8,8.6,1012.4,5,9.3,2,21,4,22
2017-02-21 23:00:00,62.69999999999709,11.5,8.3,1011.9,5,8.2,2,21,5,23
2017-02-22 00:00:00,56.90000000000872,11.5,8.5,1011.5,6,8.2,2,22,6,0
2017-02-22 01:00:00,49.59999999999128,11.5,8.6,1010.8,6,9.8,2,22,7,1
2017-02-22 02:00:00,39.699999999997104,11.7,8.4,1010.4,6,9.3,2,22,1,2
2017-02-22 03:00:00,35.900000000008724,11.8,8.0,1009.6,6,11.3,2,22,2,3
2017-02-22 04:00:00,36.699999999997104,11.5,8.4,1009.6,6,9.3,2,22,3,4
2017-02-22 05:00:00,34.80000000000291,11.2,8.7,1009.5,6,8.8,2,22,4,5
2017-02-22 06:00:00,32.09999999999127,11.1,8.9,1009.2,6,8.8,2,22,5,6
2017-02-22 07:00:00,43.19999999999709,11.2,9.0,1009.1,6,8.2,2,22,6,7
2017-02-22 08:00:00,44.0,10.7,9.6,1009.1,5,7.7,2,22,7,8
2017-02-22 09:00:00,55.30000000000291,11.3,9.6,1008.9,6,8.2,2,22,1,9
2017-02-22 10:00:00,52.39999999999418,12.2,9.6,1008.9,6,10.3,2,22,2,10
2017-02-22 11:00:00,59.09999999999128,13.4,9.5,1008.7,6,10.3,2,22,3,11
2017-02-22 12:00:00,56.30000000000291,13.1,9.6,1008.7,6,8.8,2,22,4,12
2017-02-22 13:00:00,60.19999999999709,12.8,9.5,1008.6,6,8.8,2,22,5,13
2017-02-22 14:00:00,56.89999999999418,12.9,9.9,1008.0,6,8.8,2,22,6,14
2017-02-22 15:00:00,52.30000000000291,13.2,10.0,1007.6,6,9.3,2,22,7,15
2017-02-22 16:00:00,58.19999999999709,13.2,9.7,1007.2,6,10.3,2,22,1,16
2017-02-22 17:00:00,61.19999999999709,12.8,9.2,1007.0,6,10.3,2,22,2,17
2017-02-22 18:00:00,76.09999999999127,12.5,9.3,1007.3,6,8.2,2,22,3,18
2017-02-22 19:00:00,78.90000000000873,11.9,9.8,1007.2,6,7.2,2,22,4,19
2017-02-22 20:00:00,77.0,11.5,10.3,1007.4,5,5.7,2,22,5,20
2017-02-22 21:00:00,75.79999999998836,11.0,10.4,1007.0,5,5.1,2,22,6,21
2017-02-22 22:00:00,62.89999999999418,11.2,10.0,1006.5,5,5.7,2,22,7,22
2017-02-22 23:00:00,59.39999999999418,10.6,10.0,1005.6,5,6.7,2,22,1,23
2017-02-23 00:00:00,59.80000000000291,10.6,9.6,1005.0,5,6.7,2,23,2,0
2017-02-23 01:00:00,51.30000000000291,10.6,9.2,1004.0,5,8.8,2,23,3,1
2017-02-23 02:00:00,44.69999999999709,10.7,9.2,1002.7,5,7.7,2,23,4,2
2017-02-23 03:00:00,34.90000000000873,10.7,9.0,1001.1,5,7.2,2,23,5,3
2017-02-23 04:00:00,35.900000000008724,10.2,9.2,999.5,5,7.7,2,23,6,4
2017-02-23 05:00:00,37.699999999997104,10.4,8.6,998.1,5,8.8,2,23,7,5
2017-02-23 06:00:00,35.0,10.0,8.9,995.6,5,8.8,2,23,1,6
2017-02-23 07:00:00,36.39999999999418,10.5,8.7,994.1,5,10.3,2,23,2,7
2017-02-23 08:00:00,45.0,10.9,7.8,992.3,5,10.8,2,23,3,8
2017-02-23 09:00:00,58.89999999999418,9.6,6.1,992.6,6,12.4,2,23,4,9
2017-02-23 10:00:00,56.60000000000582,9.9,3.9,992.2,6,15.4,2,23,5,10
2017-02-23 11:00:00,54.40000000000872,9.9,3.0,992.6,6,16.5,2,23,6,11
2017-02-23 12:00:00,55.70000000001164,10.3,2.9,992.7,6,16.5,2,23,7,12
2017-02-23 13:00:00,65.90000000000873,10.4,2.0,992.8,6,17.0,2,23,1,13
2017-02-23 14:00:00,58.90000000000872,10.7,0.8,993.0,6,14.9,2,23,2,14
2017-02-23 15:00:00,55.5,10.8,0.4,994.5,6,13.4,2,23,3,15
2017-02-23 16:00:00,55.60000000000582,10.3,1.0,996.3,6,13.4,2,23,4,16
2017-02-23 17:00:00,65.30000000000291,9.5,0.9,998.0,6,11.3,2,23,5,17
2017-02-23 18:00:00,73.30000000000291,8.5,0.9,1000.1,6,8.8,2,23,6,18
2017-02-23 19:00:00,80.0,7.5,1.8,1002.0,6,8.2,2,23,7,19
2017-02-23 20:00:00,74.80000000000291,6.8,2.4,1003.7,6,6.7,2,23,1,20
2017-02-23 21:00:00,70.0,6.8,1.9,1005.1,7,7.2,2,23,2,21
2017-02-23 22:00:00,67.0,6.3,1.9,1006.4,7,6.7,2,23,3,22
2017-02-23 23:00:00,66.0,5.5,2.2,1007.5,6,5.1,2,23,4,23
2017-02-24 00:00:00,62.5,5.6,2.3,1008.8,6,4.1,2,24,5,0
2017-02-24 01:00:00,50.80000000000291,5.0,2.0,1009.4,6,4.6,2,24,6,1
2017-02-24 02:00:00,41.39999999999418,5.3,1.1,1010.6,6,5.1,2,24,7,2
2017-02-24 03:00:00,35.60000000000582,4.6,0.7,1011.3,6,4.1,2,24,1,3
2017-02-24 04:00:00,35.5,3.3,0.4,1012.0,6,3.6,2,24,2,4
2017-02-24 05:00:00,32.89999999999418,3.2,0.5,1012.9,6,3.6,2,24,3,5
2017-02-24 06:00:00,33.0,3.5,0.2,1013.7,6,3.6,2,24,4,6
2017-02-24 07:00:00,37.0,2.8,0.0,1014.5,6,3.1,2,24,5,7
2017-02-24 08:00:00,47.39999999999418,3.5,0.2,1015.4,6,4.1,2,24,6,8
2017-02-24 09:00:00,59.69999999999709,4.8,0.2,1016.1,6,4.1,2,24,7,9
2017-02-24 10:00:00,56.60000000000582,6.5,0.1,1016.8,7,5.1,2,24,1,10
2017-02-24 11:00:00,57.90000000000872,7.4,-0.2,1017.4,7,6.7,2,24,2,11
2017-02-24 12:00:00,50.69999999999709,8.8,0.2,1017.8,7,4.6,2,24,3,12
2017-02-24 13:00:00,55.10000000000582,8.2,-0.9,1018.0,7,5.1,2,24,4,13
2017-02-24 14:00:00,58.89999999999418,8.6,-1.3,1018.0,7,4.1,2,24,5,14
2017-02-24 15:00:00,63.19999999999709,8.6,-0.9,1018.4,7,4.6,2,24,6,15
2017-02-24 16:00:00,66.0,8.9,-0.9,1018.5,7,2.6,2,24,7,16
2017-02-24 17:00:00,69.5,8.6,-1.5,1018.9,6,2.6,2,24,1,17
2017-02-24 18:00:00,76.19999999999709,7.5,-1.0,1019.2,6,2.1,2,24,2,18
2017-02-24 19:00:00,84.80000000000291,7.1,-0.7,1019.6,5,3.1,2,24,3,19
2017-02-24 20:00:00,75.89999999999421,6.5,-0.9,1019.7,5,3.1,2,24,4,20
2017-02-24 21:00:00,72.80000000000291,5.7,-0.8,1019.7,5,3.6,2,24,5,21
2017-02-24 22:00:00,72.10000000000579,5.2,-0.3,1019.4,4,3.6,2,24,6,22
2017-02-24 23:00:00,64.39999999999418,5.1,-0.4,1019.2,4,3.6,2,24,7,23
2017-02-25 00:00:00,60.5,5.3,-0.2,1019.1,4,3.6,2,25,1,0
2017-02-25 01:00:00,60.19999999999709,5.1,0.8,1018.4,4,3.6,2,25,2,1
2017-02-25 02:00:00,57.0,5.7,2.5,1017.7,4,4.1,2,25,3,2
2017-02-25 03:00:00,50.30000000000291,6.0,3.8,1017.1,4,3.1,2,25,4,3
2017-02-25 04:00:00,42.09999999999128,6.7,5.1,1016.7,4,3.6,2,25,5,4
2017-02-25 05:00:00,36.59999999999128,7.3,5.7,1016.0,5,5.1,2,25,6,5
2017-02-25 06:00:00,35.0,7.8,5.7,1015.4,5,5.7,2,25,7,6
2017-02-25 07:00:00,37.699999999997104,7.5,6.4,1015.0,5,6.2,2,25,1,7
2017-02-25 08:00:00,41.70000000001164,8.0,6.5,1014.5,4,5.1,2,25,2,8
2017-02-25 09:00:00,46.10000000000582,8.2,6.4,1014.1,5,6.7,2,25,3,9
2017-02-25 10:00:00,55.0,9.2,6.3,1014.1,5,6.7,2,25,4,10
2017-02-25 11:00:00,60.29999999998836,9.6,5.9,1013.9,5,7.7,2,25,5,11
2017-02-25 12:00:00,58.80000000000291,9.9,6.0,1013.4,5,6.7,2,25,6,12
2017-02-25 13:00:00,61.70000000001164,9.9,6.6,1013.0,5,6.7,2,25,7,13
2017-02-25 14:00:00,66.59999999999127,10.4,6.1,1012.1,5,7.7,2,25,1,14
2017-02-25 15:00:00,64.89999999999418,10.5,6.4,1011.7,5,9.3,2,25,2,15
2017-02-25 16:00:00,71.0,9.6,6.9,1011.5,5,7.2,2,25,3,16
2017-02-25 17:00:00,72.80000000000291,9.1,7.7,1011.5,5,6.7,2,25,4,17
2017-02-25 18:00:00,76.89999999999421,9.1,7.4,1011.5,5,6.2,2,25,5,18
2017-02-25 19:00:00,74.0,9.3,7.0,1011.4,5,7.7,2,25,6,19
2017-02-25 20:00:00,67.80000000000291,9.1,7.2,1010.8,5,7.2,2,25,7,20
2017-02-25 21:00:00,69.10000000000582,9.1,7.7,1010.6,5,7.2,2,25,1,21
2017-02-25 22:00:00,66.40000000000873,9.5,7.6,1010.1,5,7.7,2,25,2,22
2017-02-25 23:00:00,67.5,9.5,7.4,1009.3,5,7.7,2,25,3,23
2017-02-26 00:00:00,60.0,9.4,7.6,1009.1,5,8.2,2,26,4,0
2017-02-26 01:00:00,49.60000000000582,9.2,8.2,1008.9,5,6.7,2,26,5,1
2017-02-26 02:00:00,48.39999999999418,9.6,8.3,1008.2,5,7.2,2,26,6,2
2017-02-26 03:00:00,39.300000000002896,9.7,8.7,1007.9,5,6.7,2,26,7,3
2017-02-26 04:00:00,37.300000000002896,9.9,8.9,1007.3,5,6.7,2,26,1,4
2017-02-26 05:00:00,34.59999999999127,10.2,9.1,1007.4,5,5.7,2,26,2,5
2017-02-26 06:00:00,34.60000000000582,10.0,9.2,1007.5,5,4.6,2,26,3,6
2017-02-26 07:00:00,34.69999999999709,10.1,9.3,1007.7,5,4.1,2,26,4,7
2017-02-26 08:00:00,34.0,9.9,8.7,1008.1,6,4.1,2,26,5,8
2017-02-26 09:00:00,37.0,10.4,8.1,1007.9,5,5.1,2,26,6,9
2017-02-26 10:00:00,49.69999999999709,10.4,8.2,1007.9,5,6.2,2,26,7,10
2017-02-26 11:00:00,50.10000000000582,11.2,8.5,1007.6,5,6.2,2,26,1,11
2017-02-26 12:00:00,58.79999999998836,11.6,6.8,1007.2,5,8.2,2,26,2,12
2017-02-26 13:00:00,62.30000000000291,11.4,6.3,1006.5,5,9.3,2,26,3,13
2017-02-26 14:00:00,64.80000000000291,11.1,6.9,1005.9,5,9.8,2,26,4,14
2017-02-26 15:00:00,61.30000000000291,10.5,7.3,1005.1,5,7.7,2,26,5,15
2017-02-26 16:00:00,63.69999999999709,10.6,7.1,1004.1,5,7.7,2,26,6,16
2017-02-26 17:00:00,69.39999999999418,10.6,7.3,1003.4,5,9.8,2,26,7,17
2017-02-26 18:00:00,75.0,10.9,7.2,1003.5,5,9.8,2,26,1,18
2017-02-26 19:00:00,76.19999999999709,10.5,8.0,1003.2,5,9.3,2,26,2,19
2017-02-26 20:00:00,83.80000000000291,10.1,8.3,1002.6,5,9.3,2,26,3,20
2017-02-26 21:00:00,77.69999999999709,10.2,8.7,1002.1,5,8.8,2,26,4,21
2017-02-26 22:00:00,77.0,10.6,8.7,1001.4,5,8.8,2,26,5,22
2017-02-26 23:00:00,70.69999999999709,7.9,7.2,1001.2,6,7.2,2,26,6,23
2017-02-27 00:00:00,66.39999999999418,8.7,7.4,1000.9,5,6.7,2,27,7,0
2017-02-27 01:00:00,55.39999999999418,8.8,7.8,999.9,4,5.7,2,27,1,1
2017-02-27 02:00:00,43.10000000000582,8.4,7.1,999.5,5,5.1,2,27,2,2
2017-02-27 03:00:00,35.199999999997104,8.1,7.3,998.3,4,4.1,2,27,3,3
2017-02-27 04:00:00,35.199999999997104,8.1,6.9,997.0,4,5.1,2,27,4,4
2017-02-27 05:00:00,37.10000000000582,7.6,6.2,995.9,4,4.1,2,27,5,5
2017-02-27 06:00:00,37.0,7.7,6.6,994.5,4,3.6,2,27,6,6
2017-02-27 07:00:00,37.5,8.1,6.9,993.9,4,4.1,2,27,7,7
2017-02-27 08:00:00,47.69999999999709,8.1,6.8,992.8,4,5.1,2,27,1,8
2017-02-27 09:00:00,61.39999999999418,8.6,7.5,991.5,4,4.1,2,27,2,9
2017-02-27 10:00:00,60.39999999999418,8.7,7.2,990.2,4,4.6,2,27,3,10
2017-02-27 11:00:00,58.89999999999418,7.7,5.6,988.4,4,6.7,2,27,4,11
2017-02-27 12:00:00,62.80000000000291,8.5,5.0,987.1,4,7.2,2,27,5,12
2017-02-27 13:00:00,60.30000000000291,7.2,5.2,986.0,4,5.1,2,27,6,13
2017-02-27 14:00:00,52.10000000000582,6.7,5.4,985.2,6,4.6,2,27,7,14
2017-02-27 15:00:00,55.89999999999418,7.5,5.1,984.3,4,5.7,2,27,1,15
2017-02-27 16:00:00,62.59999999999128,5.7,3.7,984.4,6,9.3,2,27,2,16
2017-02-27 17:00:00,68.10000000000582,5.4,2.8,984.6,5,6.2,2,27,3,17
2017-02-27 18:00:00,77.60000000000579,4.8,2.7,985.3,5,5.7,2,27,4,18
2017-02-27 19:00:00,80.20000000001164,4.9,2.0,985.3,5,6.2,2,27,5,19
2017-02-27 20:00:00,87.60000000000582,3.7,2.1,985.3,5,5.7,2,27,6,20
2017-02-27 21:00:00,87.20000000001164,3.3,1.9,985.2,5,4.1,2,27,7,21
2017-02-27 22:00:00,74.80000000000291,3.7,1.8,985.2,5,5.7,2,27,1,22
2017-02-27 23:00:00,76.89999999999421,3.0,1.3,985.2,5,5.1,2,27,2,23
2017-02-28 00:00:00,63.40000000000872,2.6,1.3,985.0,5,4.1,2,28,3,0
2017-02-28 01:00:00,52.40000000000872,2.3,1.0,984.7,5,4.1,2,28,4,1
2017-02-28 02:00:00,42.40000000000872,2.2,1.3,984.6,5,3.1,2,28,5,2
2017-02-28 03:00:00,32.29999999998836,1.8,0.8,985.1,6,4.6,2,28,6,3
2017-02-28 04:00:00,37.39999999999418,2.2,0.8,985.5,5,5.1,2,28,7,4
2017-02-28 05:00:00,37.09999999999128,1.8,0.7,985.8,5,4.6,2,28,1,5
2017-02-28 06:00:00,36.60000000000582,1.5,0.6,986.3,6,3.1,2,28,2,6
2017-02-28 07:00:00,37.800000000002896,1.4,0.4,986.9,5,4.1,2,28,3,7
2017-02-28 08:00:00,50.0,1.4,0.3,987.5,5,3.1,2,28,4,8
2017-02-28 09:00:00,64.80000000000291,3.2,1.7,988.1,5,4.1,2,28,5,9
2017-02-28 10:00:00,67.60000000000582,5.0,2.0,988.4,6,5.7,2,28,6,10
2017-02-28 11:00:00,65.0,6.2,1.5,988.6,6,6.7,2,28,7,11
2017-02-28 12:00:00,64.30000000000291,7.0,0.8,989.0,6,7.2,2,28,1,12
2017-02-28 13:00:00,61.59999999999128,7.5,0.4,989.5,6,8.2,2,28,2,13
2017-02-28 14:00:00,62.5,6.9,0.0,989.6,6,8.2,2,28,3,14
2017-02-28 15:00:00,58.5,5.5,2.2,989.8,5,7.2,2,28,4,15
2017-02-28 16:00:00,60.80000000000291,4.5,3.4,990.5,5,7.2,2,28,5,16
2017-02-28 17:00:00,63.0,5.2,3.4,990.6,5,5.7,2,28,6,17
2017-02-28 18:00:00,84.19999999999709,5.4,3.8,990.9,5,5.1,2,28,7,18
2017-02-28 19:00:00,94.0,6.3,4.5,991.5,5,6.2,2,28,1,19
2017-02-28 20:00:00,90.39999999999418,6.6,3.8,991.5,5,7.7,2,28,2,20
2017-02-28 21:00:00,80.80000000000291,6.9,3.7,991.8,6,8.8,2,28,3,21
2017-02-28 22:00:00,73.5,7.2,4.4,992.6,6,8.8,2,28,4,22
2017-02-28 23:00:00,70.80000000000291,7.4,3.5,993.9,6,6.7,2,28,5,23
2017-03-01 00:00:00,67.79999999998836,7.1,3.0,994.9,6,7.2,3,1,6,0
2017-03-01 01:00:00,51.20000000001164,6.6,2.0,996.0,6,5.1,3,1,7,1
2017-03-01 02:00:00,40.10000000000582,5.3,3.0,997.0,6,4.1,3,1,1,2
2017-03-01 03:00:00,36.199999999997104,6.4,4.1,997.6,6,4.6,3,1,2,3
2017-03-01 04:00:00,35.699999999997104,6.5,4.3,998.1,6,4.6,3,1,3,4
2017-03-01 05:00:00,32.5,6.3,3.9,998.8,6,4.6,3,1,4,5
2017-03-01 06:00:00,35.59999999999128,5.7,3.4,999.1,6,5.1,3,1,5,6
2017-03-01 07:00:00,36.0,6.0,3.4,999.6,5,4.6,3,1,6,7
2017-03-01 08:00:00,52.59999999999128,5.8,3.2,1000.0,5,4.6,3,1,7,8
2017-03-01 09:00:00,61.0,6.7,3.6,1000.0,5,4.1,3,1,1,9
2017-03-01 10:00:00,53.80000000000291,7.4,3.9,999.9,5,5.1,3,1,2,10
2017-03-01 11:00:00,53.79999999998836,8.0,3.7,999.9,5,5.7,3,1,3,11
2017-03-01 12:00:00,59.5,9.2,3.5,999.6,5,5.1,3,1,4,12
2017-03-01 13:00:00,58.80000000000291,9.0,3.8,998.9,5,5.1,3,1,5,13
2017-03-01 14:00:00,61.89999999999418,9.3,4.4,998.3,5,4.6,3,1,6,14
2017-03-01 15:00:00,67.5,8.8,5.2,998.0,5,5.1,3,1,7,15
2017-03-01 16:00:00,65.89999999999418,8.1,4.8,997.8,5,4.6,3,1,1,16
2017-03-01 17:00:00,68.5,7.7,4.6,997.6,5,4.1,3,1,2,17
2017-03-01 18:00:00,82.19999999999709,7.1,5.2,998.1,5,4.1,3,1,3,18
2017-03-01 19:00:00,83.09999999999127,6.8,6.2,998.0,5,3.6,3,1,4,19
2017-03-01 20:00:00,90.19999999999708,6.9,6.1,997.9,5,3.6,3,1,5,20
2017-03-01 21:00:00,85.30000000000291,6.8,6.1,997.7,5,5.1,3,1,6,21
2017-03-01 22:00:00,82.30000000000291,6.9,4.2,998.0,6,9.8,3,1,7,22
2017-03-01 23:00:00,74.5,5.9,2.5,999.2,6,11.8,3,1,1,23
2017-03-02 00:00:00,75.19999999999709,5.6,1.0,1000.1,6,9.8,3,2,2,0
2017-03-02 01:00:00,52.5,5.8,0.1,1000.9,5,10.8,3,2,3,1
2017-03-02 02:00:00,45.09999999999128,5.2,0.1,1001.7,5,11.8,3,2,4,2
2017-03-02 03:00:00,40.199999999997104,5.4,0.4,1002.4,6,10.8,3,2,5,3
2017-03-02 04:00:00,40.5,5.3,1.1,1003.2,6,9.3,3,2,6,4
2017-03-02 05:00:00,37.40000000000872,5.0,1.1,1004.0,6,9.8,3,2,7,5
2017-03-02 06:00:00,35.199999999997104,5.2,0.3,1004.6,6,8.8,3,2,1,6
2017-03-02 07:00:00,41.59999999999128,5.5,0.3,1005.3,6,8.2,3,2,2,7
2017-03-02 08:00:00,56.29999999998836,6.4,0.6,1006.3,6,9.8,3,2,3,8
2017-03-02 09:00:00,59.30000000000291,7.7,0.8,1007.5,6,11.3,3,2,4,9
2017-03-02 10:00:00,62.90000000000872,8.3,0.8,1008.9,6,10.8,3,2,5,10
2017-03-02 11:00:00,60.80000000000291,9.5,1.6,1010.0,6,9.3,3,2,6,11
2017-03-02 12:00:00,59.69999999999709,10.7,1.8,1010.8,6,9.3,3,2,7,12
2017-03-02 13:00:00,60.0,11.1,0.9,1011.2,6,10.3,3,2,1,13
2017-03-02 14:00:00,56.0,11.0,-0.8,1011.6,6,8.8,3,2,2,14
2017-03-02 15:00:00,56.39999999999418,11.2,-1.0,1011.7,6,8.8,3,2,3,15
2017-03-02 16:00:00,57.80000000000291,10.6,-3.7,1012.1,6,8.2,3,2,4,16
2017-03-02 17:00:00,67.5,9.6,-3.0,1012.4,6,6.2,3,2,5,17
2017-03-02 18:00:00,81.70000000001164,8.8,-2.6,1012.6,5,4.1,3,2,6,18
2017-03-02 19:00:00,89.89999999999418,8.2,1.6,1012.7,4,4.1,3,2,7,19
2017-03-02 20:00:00,92.0,7.3,3.0,1012.7,4,3.6,3,2,1,20
2017-03-02 21:00:00,99.19999999999708,6.7,3.8,1012.3,4,3.6,3,2,2,21
2017-03-02 22:00:00,92.20000000001164,6.2,3.7,1012.1,4,3.1,3,2,3,22
2017-03-02 23:00:00,91.80000000000292,6.4,3.8,1011.2,4,3.6,3,2,4,23
2017-03-03 00:00:00,74.30000000000291,5.7,3.7,1010.5,4,3.1,3,3,5,0
2017-03-03 01:00:00,71.19999999999709,6.6,3.9,1009.5,4,3.6,3,3,6,1
2017-03-03 02:00:00,63.0,5.8,3.4,1008.4,3,3.6,3,3,7,2
2017-03-03 03:00:00,55.69999999999709,5.2,3.9,1007.2,3,3.1,3,3,1,3
2017-03-03 04:00:00,55.60000000000582,5.1,3.9,1006.0,2,3.1,3,3,2,4
2017-03-03 05:00:00,49.59999999999128,5.8,4.2,1004.9,3,3.6,3,3,3,5
2017-03-03 06:00:00,47.80000000000291,6.4,4.2,1003.8,3,3.6,3,3,4,6
2017-03-03 07:00:00,48.80000000000291,6.3,4.9,1002.8,3,4.1,3,3,5,7
2017-03-03 08:00:00,57.89999999999418,6.5,5.0,1001.3,3,5.1,3,3,6,8
2017-03-03 09:00:00,70.10000000000582,6.8,5.2,1000.7,3,4.6,3,3,7,9
2017-03-03 10:00:00,76.0,7.1,6.2,999.7,3,5.1,3,3,1,10
2017-03-03 11:00:00,77.09999999999127,7.6,6.8,998.5,3,5.7,3,3,2,11
2017-03-03 12:00:00,79.29999999998836,8.6,7.5,997.6,3,4.6,3,3,3,12
2017-03-03 13:00:00,79.19999999999709,9.9,8.2,996.3,3,5.7,3,3,4,13
2017-03-03 14:00:00,73.40000000000873,10.9,8.3,995.1,4,5.1,3,3,5,14
2017-03-03 15:00:00,72.39999999999421,11.2,8.0,994.4,4,5.1,3,3,6,15
2017-03-03 16:00:00,71.10000000000579,11.0,7.8,993.5,4,5.1,3,3,7,16
2017-03-03 17:00:00,82.10000000000579,10.4,7.6,993.2,3,4.6,3,3,1,17
2017-03-03 18:00:00,85.89999999999418,10.0,7.5,992.7,3,4.1,3,3,2,18
2017-03-03 19:00:00,86.39999999999418,9.8,7.5,992.6,4,3.6,3,3,3,19
2017-03-03 20:00:00,85.80000000000291,9.8,7.7,991.7,3,3.1,3,3,4,20
2017-03-03 21:00:00,78.69999999999709,9.4,7.6,990.9,2,3.1,3,3,5,21
2017-03-03 22:00:00,78.19999999999709,9.0,7.7,991.4,5,6.2,3,3,6,22
2017-03-03 23:00:00,74.70000000001164,8.7,7.4,990.5,4,1.5,3,3,7,23
2017-03-04 00:00:00,69.09999999999127,8.2,7.7,990.1,2,2.6,3,4,1,0
2017-03-04 01:00:00,61.5,8.0,7.5,989.7,3,2.6,3,4,2,1
2017-03-04 02:00:00,53.80000000000291,8.2,7.5,989.5,4,2.1,3,4,3,2
2017-03-04 03:00:00,49.0,8.0,7.0,988.9,4,2.6,3,4,4,3
2017-03-04 04:00:00,47.5,7.9,7.0,989.1,4,3.1,3,4,5,4
2017-03-04 05:00:00,50.30000000000291,7.5,6.6,989.0,5,3.1,3,4,6,5
2017-03-04 06:00:00,49.5,7.3,6.3,989.2,5,3.6,3,4,7,6
2017-03-04 07:00:00,49.0,7.0,5.8,989.3,4,2.6,3,4,1,7
2017-03-04 08:00:00,51.29999999998836,7.2,6.0,989.5,5,4.1,3,4,2,8
2017-03-04 09:00:00,55.80000000000291,7.5,5.7,989.5,5,4.1,3,4,3,9
2017-03-04 10:00:00,58.39999999999418,10.0,6.6,989.0,5,4.6,3,4,4,10
2017-03-04 11:00:00,63.0,10.1,4.1,989.3,5,5.7,3,4,5,11
2017-03-04 12:00:00,73.5,11.2,3.3,989.2,5,6.7,3,4,6,12
2017-03-04 13:00:00,75.0,11.4,4.2,988.9,5,6.2,3,4,7,13
2017-03-04 14:00:00,72.79999999998836,11.7,2.3,988.4,5,6.7,3,4,1,14
2017-03-04 15:00:00,70.80000000000291,11.8,3.6,988.3,5,5.1,3,4,2,15
2017-03-04 16:00:00,70.80000000000291,9.6,4.5,988.3,4,7.2,3,4,3,16
2017-03-04 17:00:00,74.20000000001164,9.2,5.3,988.5,4,6.2,3,4,4,17
2017-03-04 18:00:00,73.80000000000291,8.8,5.7,988.8,4,5.7,3,4,5,18
2017-03-04 19:00:00,77.19999999999709,8.1,5.5,989.6,5,5.1,3,4,6,19
2017-03-04 20:00:00,81.80000000000291,7.7,5.0,989.9,5,5.1,3,4,7,20
2017-03-04 21:00:00,82.0,7.4,4.2,990.7,5,5.7,3,4,1,21
2017-03-04 22:00:00,74.89999999999421,7.0,3.6,991.4,5,8.2,3,4,2,22
2017-03-04 23:00:00,72.5,7.1,3.7,992.1,5,8.2,3,4,3,23
2017-03-05 00:00:00,74.10000000000579,6.6,3.3,992.9,5,6.7,3,5,4,0
2017-03-05 01:00:00,64.30000000000291,6.2,3.2,993.3,5,6.2,3,5,5,1
2017-03-05 02:00:00,58.59999999999128,6.0,3.4,993.6,5,6.2,3,5,6,2
2017-03-05 03:00:00,54.80000000000291,5.9,2.7,993.7,5,5.7,3,5,7,3
2017-03-05 04:00:00,49.79999999998836,6.1,2.6,993.6,5,5.1,3,5,1,4
2017-03-05 05:00:00,46.69999999999709,5.9,2.7,992.8,4,4.1,3,5,2,5
2017-03-05 06:00:00,47.5,6.6,3.9,992.0,4,4.6,3,5,3,6
2017-03-05 07:00:00,49.59999999999128,7.2,4.5,990.7,4,5.1,3,5,4,7
2017-03-05 08:00:00,52.39999999999418,6.5,4.2,989.9,4,8.8,3,5,5,8
2017-03-05 09:00:00,56.09999999999128,5.8,4.6,987.9,3,8.2,3,5,6,9
2017-03-05 10:00:00,58.80000000000291,8.4,7.2,986.7,4,6.7,3,5,7,10
2017-03-05 11:00:00,64.19999999999709,11.0,5.9,986.6,5,8.2,3,5,1,11
2017-03-05 12:00:00,70.39999999999421,10.2,4.8,987.4,5,8.8,3,5,2,12
2017-03-05 13:00:00,76.30000000000291,8.9,3.1,987.9,6,10.8,3,5,3,13
2017-03-05 14:00:00,79.29999999998836,8.8,5.2,988.7,6,8.2,3,5,4,14
2017-03-05 15:00:00,80.69999999999709,10.0,3.8,989.3,6,8.2,3,5,5,15
2017-03-05 16:00:00,81.39999999999421,7.5,4.2,990.4,6,8.8,3,5,6,16
2017-03-05 17:00:00,81.69999999999709,8.5,3.8,990.8,6,7.7,3,5,7,17
2017-03-05 18:00:00,82.5,6.7,4.8,991.6,5,7.7,3,5,1,18
2017-03-05 19:00:00,98.90000000000872,6.2,4.7,992.3,5,5.1,3,5,2,19
2017-03-05 20:00:00,97.79999999998836,6.6,5.1,993.3,6,6.7,3,5,3,20
2017-03-05 21:00:00,88.90000000000873,6.5,5.3,994.2,6,6.7,3,5,4,21
2017-03-05 22:00:00,91.20000000001164,6.4,4.5,995.7,6,7.7,3,5,5,22
2017-03-05 23:00:00,85.30000000000291,6.0,3.5,997.5,7,8.8,3,5,6,23
2017-03-06 00:00:00,75.0,6.2,3.9,999.1,6,6.7,3,6,7,0
2017-03-06 01:00:00,67.09999999999127,6.3,3.4,1000.0,6,5.7,3,6,1,1
2017-03-06 02:00:00,53.19999999999709,6.0,3.3,1000.6,6,4.6,3,6,2,2
2017-03-06 03:00:00,49.5,4.7,2.5,1000.5,6,3.1,3,6,3,3
2017-03-06 04:00:00,46.5,4.3,2.6,1000.7,6,2.6,3,6,4,4
2017-03-06 05:00:00,45.19999999999709,3.4,2.4,1000.8,6,3.6,3,6,5,5
2017-03-06 06:00:00,45.40000000000872,3.1,2.2,1000.2,6,2.6,3,6,6,6
2017-03-06 07:00:00,51.40000000000872,3.6,2.7,1000.0,6,1.5,3,6,7,7
2017-03-06 08:00:00,57.40000000000872,4.0,2.6,1000.3,6,2.1,3,6,1,8
2017-03-06 09:00:00,74.69999999999709,5.5,3.3,1001.1,7,2.6,3,6,2,9
2017-03-06 10:00:00,72.39999999999421,7.3,3.9,1002.1,7,3.6,3,6,3,10
2017-03-06 11:00:00,71.09999999999127,9.1,3.4,1002.9,7,5.1,3,6,4,11
2017-03-06 12:00:00,70.80000000000291,9.8,3.0,1003.8,7,5.1,3,6,5,12
2017-03-06 13:00:00,72.0,9.9,1.4,1004.6,7,5.1,3,6,6,13
2017-03-06 14:00:00,75.80000000000291,10.2,0.8,1005.5,7,5.7,3,6,7,14
2017-03-06 15:00:00,75.39999999999421,10.1,0.2,1006.4,7,4.6,3,6,1,15
2017-03-06 16:00:00,77.19999999999709,10.2,0.3,1007.0,7,4.6,3,6,2,16
2017-03-06 17:00:00,84.39999999999421,10.0,-0.3,1007.8,7,3.6,3,6,3,17
2017-03-06 18:00:00,94.19999999999708,9.3,-0.2,1008.7,6,3.1,3,6,4,18
2017-03-06 19:00:00,96.60000000000582,8.2,3.5,1009.8,6,4.6,3,6,5,19
2017-03-06 20:00:00,99.80000000000292,7.2,3.8,1010.5,6,4.1,3,6,6,20
2017-03-06 21:00:00,94.10000000000582,6.8,3.3,1011.2,6,4.6,3,6,7,21
2017-03-06 22:00:00,86.60000000000582,6.9,3.5,1011.8,6,4.1,3,6,1,22
2017-03-06 23:00:00,83.80000000000291,7.0,4.0,1012.4,6,3.1,3,6,2,23
2017-03-07 00:00:00,80.69999999999709,7.1,4.4,1012.8,6,4.1,3,7,3,0
2017-03-07 01:00:00,64.19999999999709,7.2,4.4,1013.6,6,4.1,3,7,4,1
2017-03-07 02:00:00,54.69999999999709,6.8,3.8,1014.3,6,4.1,3,7,5,2
2017-03-07 03:00:00,52.39999999999418,6.1,4.0,1014.3,6,5.7,3,7,6,3
2017-03-07 04:00:00,51.5,5.6,3.7,1015.0,7,4.1,3,7,7,4
2017-03-07 05:00:00,49.0,5.4,3.0,1015.6,6,4.1,3,7,1,5
2017-03-07 06:00:00,48.40000000000872,5.1,2.7,1016.6,6,3.6,3,7,2,6
2017-03-07 07:00:00,54.0,4.2,2.6,1016.8,6,2.6,3,7,3,7
2017-03-07 08:00:00,62.09999999999128,5.2,2.8,1017.4,6,3.1,3,7,4,8
2017-03-07 09:00:00,73.89999999999421,6.1,2.5,1017.6,6,3.6,3,7,5,9
2017-03-07 10:00:00,79.80000000000291,6.8,2.2,1017.2,6,2.6,3,7,6,10
2017-03-07 11:00:00,77.5,7.5,2.3,1018.2,7,3.1,3,7,7,11
2017-03-07 12:00:00,83.0,8.5,2.3,1017.7,7,2.1,3,7,1,12
2017-03-07 13:00:00,82.30000000000291,10.5,2.9,1017.8,6,2.1,3,7,2,13
2017-03-07 14:00:00,80.09999999999127,10.7,2.3,1018.0,6,3.6,3,7,3,14
2017-03-07 15:00:00,70.30000000000291,11.4,2.1,1017.0,6,3.1,3,7,4,15
2017-03-07 16:00:00,74.0,11.2,1.9,1016.7,5,3.1,3,7,5,16
2017-03-07 17:00:00,73.89999999999421,10.0,0.5,1017.2,5,5.1,3,7,6,17
2017-03-07 18:00:00,82.80000000000291,8.9,0.3,1017.6,5,3.1,3,7,7,18
2017-03-07 19:00:00,90.69999999999708,8.1,1.7,1017.7,4,4.6,3,7,1,19
2017-03-07 20:00:00,99.09999999999128,7.4,2.3,1017.8,4,4.1,3,7,2,20
2017-03-07 21:00:00,98.69999999999708,7.4,3.1,1017.0,4,4.1,3,7,3,21
2017-03-07 22:00:00,97.80000000000292,7.6,4.1,1016.7,4,4.1,3,7,4,22
2017-03-07 23:00:00,91.09999999999128,7.8,5.1,1015.5,4,4.6,3,7,5,23
2017-03-08 00:00:00,78.20000000001164,7.7,6.7,1015.0,4,5.1,3,8,6,0
2017-03-08 01:00:00,73.90000000000873,7.8,7.2,1013.9,4,5.1,3,8,7,1
2017-03-08 02:00:00,61.70000000001164,8.1,7.4,1012.4,4,6.2,3,8,1,2
2017-03-08 03:00:00,51.69999999999709,8.1,7.7,1011.4,4,6.2,3,8,2,3
2017-03-08 04:00:00,51.19999999999709,8.5,8.1,1010.6,4,4.6,3,8,3,4
2017-03-08 05:00:00,52.39999999999418,9.4,8.8,1010.0,5,4.1,3,8,4,5
2017-03-08 06:00:00,50.69999999999709,10.5,9.8,1009.3,5,5.1,3,8,5,6
2017-03-08 07:00:00,50.69999999999709,11.6,10.3,1009.5,5,7.2,3,8,6,7
2017-03-08 08:00:00,61.30000000000291,12.0,10.5,1010.2,6,6.2,3,8,7,8
2017-03-08 09:00:00,72.60000000000579,11.7,10.9,1011.0,6,5.7,3,8,1,9
2017-03-08 10:00:00,67.39999999999418,12.3,11.1,1010.6,6,5.1,3,8,2,10
2017-03-08 11:00:00,64.30000000000291,13.1,11.2,1011.1,6,6.2,3,8,3,11
2017-03-08 12:00:00,69.10000000000582,14.3,10.9,1011.3,6,6.2,3,8,4,12
2017-03-08 13:00:00,75.60000000000579,14.7,9.6,1011.7,6,5.7,3,8,5,13
2017-03-08 14:00:00,77.69999999999709,14.2,8.1,1012.3,6,6.7,3,8,6,14
2017-03-08 15:00:00,75.30000000000291,13.4,8.5,1012.7,6,6.2,3,8,7,15
2017-03-08 16:00:00,74.10000000000579,13.3,8.0,1013.0,6,5.7,3,8,1,16
2017-03-08 17:00:00,75.80000000000291,12.4,8.1,1013.9,6,5.1,3,8,2,17
2017-03-08 18:00:00,82.20000000001164,11.3,8.4,1014.5,5,4.1,3,8,3,18
2017-03-08 19:00:00,91.09999999999128,10.7,8.5,1015.4,5,3.6,3,8,4,19
2017-03-08 20:00:00,86.3000000000029,9.8,8.0,1015.6,6,3.6,3,8,5,20
2017-03-08 21:00:00,81.40000000000873,9.7,8.5,1016.1,5,2.6,3,8,6,21
2017-03-08 22:00:00,81.09999999999127,9.5,8.3,1016.3,5,3.6,3,8,7,22
2017-03-08 23:00:00,81.10000000000579,9.3,8.2,1016.2,5,3.1,3,8,1,23
2017-03-09 00:00:00,75.39999999999421,9.2,8.3,1016.3,5,3.1,3,9,2,0
2017-03-09 01:00:00,62.10000000000582,9.9,8.9,1016.4,5,2.6,3,9,3,1
2017-03-09 02:00:00,52.5,10.7,9.9,1016.4,5,3.1,3,9,4,2
2017-03-09 03:00:00,51.0,11.6,10.3,1016.2,5,5.7,3,9,5,3
2017-03-09 04:00:00,48.0,11.7,9.9,1015.6,5,5.7,3,9,6,4
2017-03-09 05:00:00,46.0,11.8,9.6,1016.0,6,7.2,3,9,7,5
2017-03-09 06:00:00,42.90000000000872,11.8,9.4,1016.8,6,5.1,3,9,1,6
2017-03-09 07:00:00,44.0,11.4,8.8,1017.6,6,4.6,3,9,2,7
2017-03-09 08:00:00,50.19999999999709,11.9,9.1,1018.1,6,4.6,3,9,3,8
2017-03-09 09:00:00,61.0,12.9,9.2,1018.8,6,6.2,3,9,4,9
2017-03-09 10:00:00,67.0,14.2,9.0,1019.4,6,5.7,3,9,5,10
2017-03-09 11:00:00,63.60000000000582,14.5,7.8,1020.3,6,6.2,3,9,6,11
2017-03-09 12:00:00,61.30000000000291,15.1,7.4,1020.9,6,6.2,3,9,7,12
2017-03-09 13:00:00,61.69999999999709,16.2,6.4,1021.4,6,5.1,3,9,1,13
2017-03-09 14:00:00,63.90000000000872,16.1,4.9,1021.5,6,4.6,3,9,2,14
2017-03-09 15:00:00,60.0,16.0,4.3,1021.9,7,3.6,3,9,3,15
2017-03-09 16:00:00,63.79999999998836,16.1,3.0,1022.5,6,5.1,3,9,4,16
2017-03-09 17:00:00,68.59999999999127,14.6,1.8,1023.2,0,3.6,3,9,5,17
2017-03-09 18:00:00,82.19999999999709,13.4,2.2,1024.1,0,2.1,3,9,6,18
2017-03-09 19:00:00,84.0,11.9,2.0,1024.8,0,2.1,3,9,7,19
2017-03-09 20:00:00,85.5,11.3,1.9,1025.1,1,2.1,3,9,1,20
2017-03-09 21:00:00,82.20000000001164,10.7,2.9,1025.8,1,2.1,3,9,2,21
2017-03-09 22:00:00,74.0,10.0,3.2,1026.5,1,2.1,3,9,3,22
2017-03-09 23:00:00,78.10000000000579,9.5,3.1,1026.4,2,1.0,3,9,4,23
2017-03-10 00:00:00,71.09999999999127,8.6,3.7,1026.9,2,3.6,3,10,5,0
2017-03-10 01:00:00,66.19999999999709,8.0,3.9,1027.1,2,3.1,3,10,6,1
2017-03-10 02:00:00,53.80000000000291,6.8,3.6,1027.1,2,2.6,3,10,7,2
2017-03-10 03:00:00,48.10000000000582,7.0,3.5,1026.8,2,2.1,3,10,1,3
2017-03-10 04:00:00,45.09999999999128,7.3,3.2,1026.3,2,1.5,3,10,2,4
2017-03-10 05:00:00,45.80000000000291,7.3,3.6,1026.4,2,2.1,3,10,3,5
2017-03-10 06:00:00,44.0,7.8,5.3,1026.3,3,3.6,3,10,4,6
2017-03-10 07:00:00,44.89999999999418,7.8,5.8,1026.4,3,3.1,3,10,5,7
2017-03-10 08:00:00,57.20000000001164,8.3,6.2,1026.5,3,2.6,3,10,6,8
2017-03-10 09:00:00,65.69999999999709,9.1,7.1,1026.4,3,3.1,3,10,7,9
2017-03-10 10:00:00,71.10000000000579,8.9,8.3,1026.5,4,3.1,3,10,1,10
2017-03-10 11:00:00,69.89999999999418,9.8,8.8,1026.2,4,2.6,3,10,2,11
2017-03-10 12:00:00,71.5,10.7,9.1,1025.6,3,2.6,3,10,3,12
2017-03-10 13:00:00,66.39999999999418,11.7,9.4,1025.0,4,3.1,3,10,4,13
2017-03-10 14:00:00,67.59999999999127,12.1,9.4,1024.5,4,3.6,3,10,5,14
2017-03-10 15:00:00,61.59999999999128,12.4,9.5,1023.9,4,3.6,3,10,6,15
2017-03-10 16:00:00,64.80000000000291,12.1,9.3,1023.5,4,4.1,3,10,7,16
2017-03-10 17:00:00,71.19999999999709,11.3,9.2,1023.6,5,4.1,3,10,1,17
2017-03-10 18:00:00,73.60000000000579,11.1,9.2,1023.8,4,3.6,3,10,2,18
2017-03-10 19:00:00,79.80000000000291,10.9,9.2,1023.6,4,3.1,3,10,3,19
2017-03-10 20:00:00,81.69999999999709,10.7,9.1,1023.3,4,4.6,3,10,4,20
2017-03-10 21:00:00,75.19999999999709,10.5,9.1,1023.0,4,3.6,3,10,5,21
2017-03-10 22:00:00,74.0,10.5,9.1,1022.6,4,3.1,3,10,6,22
2017-03-10 23:00:00,69.0,10.3,9.3,1022.3,4,2.1,3,10,7,23
2017-03-11 00:00:00,62.39999999999418,10.4,9.4,1022.3,4,1.5,3,11,1,0
2017-03-11 01:00:00,66.30000000000291,10.3,9.4,1022.1,3,2.1,3,11,2,1
2017-03-11 02:00:00,60.69999999999709,10.3,9.5,1021.5,3,1.5,3,11,3,2
2017-03-11 03:00:00,55.40000000000872,10.4,9.5,1020.5,3,2.6,3,11,4,3
2017-03-11 04:00:00,48.09999999999128,10.4,9.3,1019.8,3,4.1,3,11,5,4
2017-03-11 05:00:00,41.800000000002896,10.4,9.2,1019.6,4,2.6,3,11,6,5
2017-03-11 06:00:00,41.699999999997104,10.3,9.3,1019.2,4,3.6,3,11,7,6
2017-03-11 07:00:00,42.70000000001164,10.2,9.1,1019.1,3,3.6,3,11,1,7
2017-03-11 08:00:00,46.39999999999418,10.5,9.2,1019.3,4,3.1,3,11,2,8
2017-03-11 09:00:00,49.69999999999709,10.7,9.3,1019.3,4,2.1,3,11,3,9
2017-03-11 10:00:00,53.5,10.8,9.5,1019.3,4,2.6,3,11,4,10
2017-03-11 11:00:00,54.69999999999709,11.8,9.9,1018.9,3,3.1,3,11,5,11
2017-03-11 12:00:00,59.79999999998836,12.8,10.0,1018.5,4,3.1,3,11,6,12
2017-03-11 13:00:00,61.80000000000291,15.0,11.0,1017.6,4,3.6,3,11,7,13
2017-03-11 14:00:00,60.0,16.4,10.7,1017.0,3,2.6,3,11,1,14
2017-03-11 15:00:00,57.19999999999709,16.9,11.3,1016.4,4,2.6,3,11,2,15
2017-03-11 16:00:00,55.69999999999709,15.9,9.4,1016.2,4,3.1,3,11,3,16
2017-03-11 17:00:00,61.0,15.7,9.6,1015.9,4,3.6,3,11,4,17
2017-03-11 18:00:00,65.19999999999709,14.8,9.8,1016.1,5,3.6,3,11,5,18
2017-03-11 19:00:00,69.5,14.1,9.2,1016.0,4,3.1,3,11,6,19
2017-03-11 20:00:00,69.60000000000582,13.1,8.6,1016.2,4,4.1,3,11,7,20
2017-03-11 21:00:00,66.30000000000291,12.6,9.0,1015.9,3,3.6,3,11,1,21
2017-03-11 22:00:00,63.80000000000291,12.1,9.4,1015.5,4,3.1,3,11,2,22
2017-03-11 23:00:00,61.19999999999709,11.3,8.6,1015.2,4,2.6,3,11,3,23
2017-03-12 00:00:00,66.40000000000873,10.5,8.1,1014.7,3,2.1,3,12,4,0
2017-03-12 01:00:00,59.5,9.9,7.5,1014.1,3,2.6,3,12,5,1
2017-03-12 02:00:00,53.10000000000582,9.6,6.9,1013.6,3,2.1,3,12,6,2
2017-03-12 03:00:00,46.79999999998836,9.6,6.6,1013.3,6,1.0,3,12,7,3
2017-03-12 04:00:00,45.60000000000582,9.5,7.0,1012.9,7,0.5,3,12,1,4
2017-03-12 05:00:00,40.10000000000582,9.8,7.1,1012.3,0,0.5,3,12,2,5
2017-03-12 06:00:00,41.40000000000872,10.0,7.1,1012.2,0,1.0,3,12,3,6
2017-03-12 07:00:00,42.5,9.5,7.2,1012.5,7,0.5,3,12,4,7
2017-03-12 08:00:00,42.10000000000582,10.2,7.6,1013.1,7,1.5,3,12,5,8
2017-03-12 09:00:00,45.20000000001164,10.7,7.1,1013.5,6,1.5,3,12,6,9
2017-03-12 10:00:00,53.19999999999709,9.8,8.4,1013.5,6,2.1,3,12,7,10
2017-03-12 11:00:00,54.69999999999709,10.1,9.1,1013.7,6,2.1,3,12,1,11
2017-03-12 12:00:00,59.29999999998836,10.3,9.6,1014.1,6,2.6,3,12,2,12
2017-03-12 13:00:00,67.90000000000873,10.6,10.1,1014.3,6,1.5,3,12,3,13
2017-03-12 14:00:00,73.80000000000291,11.5,10.5,1014.5,7,2.1,3,12,4,14
2017-03-12 15:00:00,78.20000000001164,11.6,10.1,1014.8,7,2.6,3,12,5,15
2017-03-12 16:00:00,71.19999999999709,12.0,10.0,1015.3,7,2.1,3,12,6,16
2017-03-12 17:00:00,71.40000000000873,12.2,10.6,1016.0,6,1.5,3,12,7,17
2017-03-12 18:00:00,73.30000000000291,12.0,9.6,1016.7,7,2.1,3,12,1,18
2017-03-12 19:00:00,83.5,11.9,9.0,1017.9,6,2.6,3,12,2,19
2017-03-12 20:00:00,79.0,11.5,9.1,1018.8,6,2.1,3,12,3,20
2017-03-12 21:00:00,75.80000000000291,11.1,8.7,1019.7,7,2.6,3,12,4,21
2017-03-12 22:00:00,77.70000000001164,10.9,7.8,1020.6,7,3.6,3,12,5,22
2017-03-12 23:00:00,74.80000000000291,10.3,7.2,1021.4,0,3.1,3,12,6,23
2017-03-13 00:00:00,65.59999999999127,9.6,6.7,1022.4,7,3.1,3,13,7,0
2017-03-13 01:00:00,58.09999999999128,8.5,5.8,1023.2,7,3.6,3,13,1,1
2017-03-13 02:00:00,51.0,8.2,5.4,1024.0,7,1.5,3,13,2,2
2017-03-13 03:00:00,47.10000000000582,7.1,4.9,1024.7,7,2.1,3,13,3,3
2017-03-13 04:00:00,43.5,6.5,4.7,1025.2,7,2.1,3,13,4,4
2017-03-13 05:00:00,41.5,6.3,4.5,1026.0,7,2.1,3,13,5,5
2017-03-13 06:00:00,43.30000000000291,6.3,3.8,1026.6,7,2.1,3,13,6,6
2017-03-13 07:00:00,46.60000000000582,6.1,3.7,1027.9,7,2.1,3,13,7,7
2017-03-13 08:00:00,51.29999999998836,7.0,4.2,1028.3,7,2.6,3,13,1,8
2017-03-13 09:00:00,66.59999999999127,9.2,5.6,1029.1,7,2.1,3,13,2,9
2017-03-13 10:00:00,63.5,10.8,3.5,1029.5,7,3.1,3,13,3,10
2017-03-13 11:00:00,64.10000000000582,12.0,3.1,1029.7,7,3.6,3,13,4,11
2017-03-13 12:00:00,60.60000000000582,12.9,3.5,1029.7,7,3.6,3,13,5,12
2017-03-13 13:00:00,60.89999999999418,13.8,4.3,1029.6,6,4.6,3,13,6,13
2017-03-13 14:00:00,61.0,14.0,4.0,1029.6622060937332,6,4.1,3,13,7,14
2017-03-13 15:00:00,59.10000000000582,15.2,5.4,1029.8,6,3.6,3,13,1,15
2017-03-13 16:00:00,65.10000000000582,14.9,5.4,1029.9,6,3.6,3,13,2,16
2017-03-13 17:00:00,70.90000000000873,13.8,5.5,1030.1,6,3.1,3,13,3,17
2017-03-13 18:00:00,76.20000000001164,12.6,5.9,1030.6,6,2.1,3,13,4,18
2017-03-13 19:00:00,79.10000000000579,12.9,6.1,1030.9,5,2.1,3,13,5,19
2017-03-13 20:00:00,80.79999999998836,13.1,6.2,1031.3,4,2.6,3,13,6,20
2017-03-13 21:00:00,83.5,11.3,7.6,1031.7,6,4.6,3,13,7,21
2017-03-13 22:00:00,74.19999999999709,10.1,7.8,1032.2,6,3.6,3,13,1,22
2017-03-13 23:00:00,71.19999999999709,9.6,7.7,1032.0,5,3.1,3,13,2,23
2017-03-14 00:00:00,61.60000000000582,8.7,7.3,1032.2,5,3.1,3,14,3,0
2017-03-14 01:00:00,58.60000000000582,8.1,7.1,1032.1,5,3.1,3,14,4,1
2017-03-14 02:00:00,48.5,7.2,6.3,1032.0,5,2.1,3,14,5,2
2017-03-14 03:00:00,43.0,7.8,7.5,1032.2,6,4.6,3,14,6,3
2017-03-14 04:00:00,43.19999999999709,8.2,7.7,1031.7,6,5.7,3,14,7,4
2017-03-14 05:00:00,41.5,8.5,7.8,1031.5,6,5.1,3,14,1,5
2017-03-14 06:00:00,42.40000000000872,8.6,7.5,1031.7,6,5.1,3,14,2,6
2017-03-14 07:00:00,43.20000000001164,8.9,7.7,1032.2,6,5.1,3,14,3,7
2017-03-14 08:00:00,52.60000000000582,9.6,8.2,1032.4,6,5.7,3,14,4,8
2017-03-14 09:00:00,66.80000000000291,10.5,8.4,1032.6,6,5.7,3,14,5,9
2017-03-14 10:00:00,67.39999999999418,10.7,8.0,1032.8,6,6.2,3,14,6,10
2017-03-14 11:00:00,64.89999999999418,11.2,8.4,1032.7,6,5.1,3,14,7,11
2017-03-14 12:00:00,65.89999999999418,12.8,8.5,1032.2,6,6.2,3,14,1,12
2017-03-14 13:00:00,57.89999999999418,14.4,8.6,1032.3,6,6.2,3,14,2,13
2017-03-14 14:00:00,54.39999999999418,14.2,9.0,1032.2,6,4.6,3,14,3,14
2017-03-14 15:00:00,57.60000000000582,14.5,9.1,1032.2,6,4.6,3,14,4,15
2017-03-14 16:00:00,50.0,14.6,9.4,1031.9,6,4.6,3,14,5,16
2017-03-14 17:00:00,55.90000000000872,14.3,9.5,1031.8,6,3.6,3,14,6,17
2017-03-14 18:00:00,73.10000000000579,14.0,9.6,1032.2,6,3.6,3,14,7,18
2017-03-14 19:00:00,75.20000000001164,13.7,9.5,1032.7,6,4.1,3,14,1,19
2017-03-14 20:00:00,73.89999999999421,12.5,9.1,1033.0,6,3.6,3,14,2,20
2017-03-14 21:00:00,65.69999999999709,11.5,9.4,1033.3,6,3.1,3,14,3,21
2017-03-14 22:00:00,58.90000000000872,10.8,8.9,1033.3,6,2.6,3,14,4,22
2017-03-14 23:00:00,57.5,10.7,9.1,1033.3,6,2.1,3,14,5,23
2017-03-15 00:00:00,55.60000000000582,9.3,8.3,1033.3,6,2.1,3,15,6,0
2017-03-15 01:00:00,43.10000000000582,9.4,8.8,1033.5,6,2.1,3,15,7,1
2017-03-15 02:00:00,34.30000000000291,8.7,8.3,1033.3,6,1.0,3,15,1,2
2017-03-15 03:00:00,35.400000000008724,8.0,7.6,1033.3,6,1.5,3,15,2,3
2017-03-15 04:00:00,34.09999999999127,8.3,8.1,1033.4,6,2.6,3,15,3,4
2017-03-15 05:00:00,35.39999999999418,8.3,8.2,1033.9,7,1.5,3,15,4,5
2017-03-15 06:00:00,32.69999999999709,8.3,8.2,1034.1,7,1.0,3,15,5,6
2017-03-15 07:00:00,33.80000000000291,8.4,8.3,1034.4,7,0.5,3,15,6,7
2017-03-15 08:00:00,40.09999999999128,8.9,8.6,1034.8,7,1.5,3,15,7,8
2017-03-15 09:00:00,49.80000000000291,9.8,8.3,1034.6,7,1.5,3,15,1,9
2017-03-15 10:00:00,48.5,11.3,7.9,1034.4,7,1.5,3,15,2,10
2017-03-15 11:00:00,49.39999999999418,13.7,8.7,1033.9,6,2.1,3,15,3,11
2017-03-15 12:00:00,49.59999999999128,14.7,8.4,1033.5,5,3.6,3,15,4,12
2017-03-15 13:00:00,53.09999999999128,16.5,9.0,1032.8,5,2.6,3,15,5,13
2017-03-15 14:00:00,55.90000000000872,17.4,7.8,1032.0,6,2.1,3,15,6,14
2017-03-15 15:00:00,43.10000000000582,17.7,8.1,1031.5,5,3.1,3,15,7,15
2017-03-15 16:00:00,51.89999999999418,17.4,7.5,1031.0,6,3.1,3,15,1,16
2017-03-15 17:00:00,61.60000000000582,16.6,7.9,1030.7,6,4.1,3,15,2,17
2017-03-15 18:00:00,60.30000000000291,15.0,7.6,1030.7,6,2.6,3,15,3,18
2017-03-15 19:00:00,74.39999999999421,14.1,7.8,1030.7,6,2.6,3,15,4,19
2017-03-15 20:00:00,67.89999999999418,12.2,7.0,1030.5,6,2.1,3,15,5,20
2017-03-15 21:00:00,71.09999999999127,11.7,7.4,1030.4,6,1.5,3,15,6,21
2017-03-15 22:00:00,64.30000000000291,10.6,7.6,1030.3,6,1.5,3,15,7,22
2017-03-15 23:00:00,49.69999999999709,9.2,7.3,1029.8,4,1.0,3,15,1,23
2017-03-16 00:00:00,61.39999999999418,8.5,6.9,1029.1,4,0.5,3,16,2,0
2017-03-16 01:00:00,43.19999999999709,8.4,7.7,1028.3,5,2.6,3,16,3,1
2017-03-16 02:00:00,37.90000000000872,7.6,6.8,1027.6,5,1.5,3,16,4,2
2017-03-16 03:00:00,39.199999999997104,7.4,6.7,1026.8,5,3.1,3,16,5,3
2017-03-16 04:00:00,33.0,6.7,6.3,1026.6,4,2.1,3,16,6,4
2017-03-16 05:00:00,35.5,5.9,5.7,1026.1,4,2.1,3,16,7,5
2017-03-16 06:00:00,33.70000000001164,5.8,5.7,1025.9,5,3.6,3,16,1,6
2017-03-16 07:00:00,34.80000000000291,5.9,5.7,1025.7,5,3.6,3,16,2,7
2017-03-16 08:00:00,40.300000000002896,6.4,6.1,1025.5,5,3.1,3,16,3,8
2017-03-16 09:00:00,45.69999999999709,7.3,6.9,1025.0,5,3.6,3,16,4,9
2017-03-16 10:00:00,52.30000000000291,9.0,8.0,1024.5,5,4.6,3,16,5,10
2017-03-16 11:00:00,55.60000000000582,10.4,8.4,1023.7,5,5.1,3,16,6,11
2017-03-16 12:00:00,51.70000000001164,10.9,8.5,1022.8,6,4.1,3,16,7,12
2017-03-16 13:00:00,64.19999999999709,11.5,8.7,1022.1,6,5.1,3,16,1,13
2017-03-16 14:00:00,60.69999999999709,12.3,8.6,1021.1,6,5.1,3,16,2,14
2017-03-16 15:00:00,55.59999999999128,12.3,8.7,1020.1,6,6.7,3,16,3,15
2017-03-16 16:00:00,59.30000000000291,12.3,8.4,1019.4,5,4.6,3,16,4,16
2017-03-16 17:00:00,66.30000000000291,11.8,7.7,1019.2,6,6.2,3,16,5,17
2017-03-16 18:00:00,75.80000000000291,11.0,6.8,1019.2,6,5.7,3,16,6,18
2017-03-16 19:00:00,78.60000000000579,10.8,6.4,1019.5,6,4.1,3,16,7,19
2017-03-16 20:00:00,77.89999999999421,10.0,5.9,1019.3,6,4.1,3,16,1,20
2017-03-16 21:00:00,79.69999999999709,9.2,5.6,1019.3,5,3.6,3,16,2,21
2017-03-16 22:00:00,76.79999999998836,8.3,5.7,1019.4,6,4.1,3,16,3,22
2017-03-16 23:00:00,76.89999999999421,7.5,5.3,1019.5,6,2.6,3,16,4,23
2017-03-17 00:00:00,63.79999999998836,7.7,5.9,1019.5,6,2.6,3,17,5,0
2017-03-17 01:00:00,57.80000000000291,7.9,6.2,1020.1,7,3.1,3,17,6,1
2017-03-17 02:00:00,51.80000000000291,8.0,3.5,1020.2,7,2.1,3,17,7,2
2017-03-17 03:00:00,45.69999999999709,5.8,3.3,1020.1,6,2.1,3,17,1,3
2017-03-17 04:00:00,41.70000000001164,6.2,3.4,1020.1,6,2.1,3,17,2,4
2017-03-17 05:00:00,40.199999999997104,5.1,2.3,1020.2,6,2.6,3,17,3,5
2017-03-17 06:00:00,38.90000000000872,4.6,3.2,1020.3,6,3.1,3,17,4,6
2017-03-17 07:00:00,42.59999999999128,4.5,2.7,1020.6,6,3.6,3,17,5,7
2017-03-17 08:00:00,46.80000000000291,5.0,2.3,1020.7,6,5.1,3,17,6,8
2017-03-17 09:00:00,59.20000000001164,7.0,1.6,1020.7,6,6.7,3,17,7,9
2017-03-17 10:00:00,62.80000000000291,8.4,2.5,1020.6,6,6.7,3,17,1,10
2017-03-17 11:00:00,63.69999999999709,9.7,2.7,1020.3,6,7.2,3,17,2,11
2017-03-17 12:00:00,65.19999999999709,10.0,2.0,1019.7,6,7.2,3,17,3,12
2017-03-17 13:00:00,69.69999999999709,10.6,3.4,1019.1,6,8.2,3,17,4,13
2017-03-17 14:00:00,68.69999999999709,11.7,4.0,1017.7,6,8.2,3,17,5,14
2017-03-17 15:00:00,65.29999999998836,11.3,3.1,1017.0,6,8.2,3,17,6,15
2017-03-17 16:00:00,68.09999999999127,10.6,3.6,1016.1,6,8.2,3,17,7,16
2017-03-17 17:00:00,70.59999999999127,10.7,4.2,1014.9,5,8.2,3,17,1,17
2017-03-17 18:00:00,74.0,10.1,4.5,1014.0,5,7.7,3,17,2,18
2017-03-17 19:00:00,81.60000000000579,9.9,4.7,1012.9,5,8.2,3,17,3,19
2017-03-17 20:00:00,77.80000000000291,9.9,5.0,1011.6,5,9.8,3,17,4,20
2017-03-17 21:00:00,74.0,9.9,5.6,1010.7,5,10.3,3,17,5,21
2017-03-17 22:00:00,71.60000000000579,10.2,6.3,1010.4,6,11.3,3,17,6,22
2017-03-17 23:00:00,65.19999999999709,10.0,6.9,1009.3,6,11.8,3,17,7,23
2017-03-18 00:00:00,62.5,10.2,7.8,1008.7,6,10.3,3,18,1,0
2017-03-18 01:00:00,58.30000000000291,10.5,8.5,1008.4,6,9.8,3,18,2,1
2017-03-18 02:00:00,55.60000000000582,10.8,9.3,1008.2,6,8.2,3,18,3,2
2017-03-18 03:00:00,48.90000000000872,11.0,9.8,1008.2,6,7.7,3,18,4,3
2017-03-18 04:00:00,45.89999999999418,11.2,9.7,1008.2,6,7.7,3,18,5,4
2017-03-18 05:00:00,43.10000000000582,11.2,9.5,1008.5,6,7.7,3,18,6,5
2017-03-18 06:00:00,42.300000000002896,10.7,9.7,1009.3,6,5.7,3,18,7,6
2017-03-18 07:00:00,42.0,10.6,10.1,1009.9,6,6.7,3,18,1,7
2017-03-18 08:00:00,41.10000000000582,11.2,10.2,1010.4,6,7.2,3,18,2,8
2017-03-18 09:00:00,44.10000000000582,12.1,10.6,1010.7,6,7.2,3,18,3,9
2017-03-18 10:00:00,48.69999999999709,13.0,10.7,1010.8,6,7.7,3,18,4,10
2017-03-18 11:00:00,55.60000000000582,13.4,10.3,1011.0,6,7.7,3,18,5,11
2017-03-18 12:00:00,65.10000000000582,14.2,10.4,1011.0,6,9.3,3,18,6,12
2017-03-18 13:00:00,64.90000000000873,13.8,10.1,1011.0,6,8.8,3,18,7,13
2017-03-18 14:00:00,64.69999999999709,14.0,9.8,1011.1,6,8.8,3,18,1,14
2017-03-18 15:00:00,63.39999999999418,14.3,9.8,1010.8,6,8.8,3,18,2,15
2017-03-18 16:00:00,71.90000000000873,13.9,9.8,1010.9,6,7.7,3,18,3,16
2017-03-18 17:00:00,70.5,14.0,9.8,1010.9,6,7.7,3,18,4,17
2017-03-18 18:00:00,77.60000000000579,13.1,9.8,1011.1,6,5.1,3,18,5,18
2017-03-18 19:00:00,84.29999999998836,12.7,9.6,1011.4,6,7.7,3,18,6,19
2017-03-18 20:00:00,77.0,12.4,9.8,1012.5,6,7.2,3,18,7,20
2017-03-18 21:00:00,73.90000000000873,12.4,9.9,1012.5,6,8.2,3,18,1,21
2017-03-18 22:00:00,71.40000000000873,12.2,9.9,1012.5,6,7.7,3,18,2,22
2017-03-18 23:00:00,66.09999999999127,12.1,10.0,1012.1,6,6.7,3,18,3,23
2017-03-19 00:00:00,63.90000000000872,12.1,10.0,1011.8,6,6.7,3,19,4,0
2017-03-19 01:00:00,58.0,11.8,9.8,1011.5,6,6.2,3,19,5,1
2017-03-19 02:00:00,52.20000000001164,11.9,9.8,1010.8,5,7.2,3,19,6,2
2017-03-19 03:00:00,49.60000000000582,12.1,9.9,1010.6,6,6.2,3,19,7,3
2017-03-19 04:00:00,49.0,12.0,9.7,1010.0,6,6.7,3,19,1,4
2017-03-19 05:00:00,43.89999999999418,12.0,9.7,1010.0,6,7.7,3,19,2,5
2017-03-19 06:00:00,40.0,11.6,9.5,1009.6,6,7.2,3,19,3,6
2017-03-19 07:00:00,40.29999999998836,11.9,8.6,1009.6,6,8.8,3,19,4,7
2017-03-19 08:00:00,40.90000000000872,11.8,7.6,1009.7,6,10.3,3,19,5,8
2017-03-19 09:00:00,44.59999999999128,12.4,7.7,1009.3,6,9.3,3,19,6,9
2017-03-19 10:00:00,52.10000000000582,13.0,8.2,1009.1,6,9.3,3,19,7,10
2017-03-19 11:00:00,56.09999999999128,13.6,8.5,1008.9,6,10.3,3,19,1,11
2017-03-19 12:00:00,58.80000000000291,13.7,9.0,1008.8,6,8.8,3,19,2,12
2017-03-19 13:00:00,65.79999999998836,15.2,10.1,1008.1,6,10.3,3,19,3,13
2017-03-19 14:00:00,63.0,14.7,7.8,1008.3,6,11.3,3,19,4,14
2017-03-19 15:00:00,61.80000000000291,14.8,8.0,1008.0,6,11.3,3,19,5,15
2017-03-19 16:00:00,62.69999999999709,14.1,8.5,1008.0,6,10.3,3,19,6,16
2017-03-19 17:00:00,62.90000000000872,13.9,8.4,1007.6,6,9.8,3,19,7,17
2017-03-19 18:00:00,71.60000000000579,13.8,8.9,1007.9,5,8.2,3,19,1,18
2017-03-19 19:00:00,81.80000000000291,12.9,9.2,1008.3,5,9.3,3,19,2,19
2017-03-19 20:00:00,74.10000000000579,12.2,9.6,1008.7,5,7.7,3,19,3,20
2017-03-19 21:00:00,73.19999999999709,11.6,10.0,1008.7,5,6.7,3,19,4,21
2017-03-19 22:00:00,73.30000000000291,11.4,10.2,1008.6,5,6.7,3,19,5,22
2017-03-19 23:00:00,72.5,11.7,9.7,1008.1,5,6.7,3,19,6,23
2017-03-20 00:00:00,65.60000000000582,11.7,9.4,1008.1,5,7.2,3,20,7,0
2017-03-20 01:00:00,57.30000000000291,11.6,9.7,1007.4,5,7.2,3,20,1,1
2017-03-20 02:00:00,48.39999999999418,11.2,9.9,1007.0,5,6.7,3,20,2,2
2017-03-20 03:00:00,42.199999999997104,11.0,10.0,1006.3,5,6.7,3,20,3,3
2017-03-20 04:00:00,39.10000000000582,10.6,10.1,1006.0,5,5.7,3,20,4,4
2017-03-20 05:00:00,38.09999999999128,10.8,10.0,1005.3,5,6.7,3,20,5,5
2017-03-20 06:00:00,42.70000000001164,11.0,10.1,1005.2,5,5.7,3,20,6,6
2017-03-20 07:00:00,42.79999999998836,11.2,10.3,1004.8,5,6.7,3,20,7,7
2017-03-20 08:00:00,48.89999999999418,11.4,10.3,1004.2,5,6.2,3,20,1,8
2017-03-20 09:00:00,61.10000000000582,11.9,10.3,1003.9,5,6.7,3,20,2,9
2017-03-20 10:00:00,67.0,12.1,10.2,1003.5,5,6.7,3,20,3,10
2017-03-20 11:00:00,66.5,11.8,10.7,1003.2,5,8.8,3,20,4,11
2017-03-20 12:00:00,67.70000000001164,12.4,9.1,1002.6,5,10.8,3,20,5,12
2017-03-20 13:00:00,68.0,12.3,8.3,1002.5,5,8.2,3,20,6,13
2017-03-20 14:00:00,69.90000000000873,11.4,9.2,1002.0,5,9.3,3,20,7,14
2017-03-20 15:00:00,66.60000000000582,10.9,9.6,1002.4,5,7.7,3,20,1,15
2017-03-20 16:00:00,62.19999999999709,11.9,9.2,1002.5,6,7.7,3,20,2,16
2017-03-20 17:00:00,67.5,10.6,7.2,1003.2,6,7.7,3,20,3,17
2017-03-20 18:00:00,80.09999999999127,9.7,6.3,1003.7,6,5.7,3,20,4,18
2017-03-20 19:00:00,84.5,9.2,5.6,1004.2,6,7.2,3,20,5,19
2017-03-20 20:00:00,89.09999999999127,8.5,4.9,1004.9,6,7.2,3,20,6,20
2017-03-20 21:00:00,80.30000000000291,8.2,4.1,1005.4,6,6.2,3,20,7,21
2017-03-20 22:00:00,84.40000000000873,7.4,4.3,1005.7,6,5.7,3,20,1,22
2017-03-20 23:00:00,76.30000000000291,6.7,4.1,1006.0,5,3.1,3,20,2,23
2017-03-21 00:00:00,69.19999999999709,6.4,4.6,1006.1,5,4.6,3,21,3,0
2017-03-21 01:00:00,62.30000000000291,6.5,4.3,1006.1,6,5.1,3,21,4,1
2017-03-21 02:00:00,49.60000000000582,6.6,3.7,1006.3,6,6.7,3,21,5,2
2017-03-21 03:00:00,49.09999999999128,6.1,2.8,1006.8,6,6.7,3,21,6,3
2017-03-21 04:00:00,45.30000000000291,5.2,2.0,1007.2,6,6.7,3,21,7,4
2017-03-21 05:00:00,43.30000000000291,4.6,1.9,1007.8,6,5.1,3,21,1,5
2017-03-21 06:00:00,42.29999999998836,3.9,1.3,1008.6,6,5.1,3,21,2,6
2017-03-21 07:00:00,43.70000000001164,4.3,0.6,1009.3,6,6.2,3,21,3,7
2017-03-21 08:00:00,51.80000000000291,5.7,0.4,1009.8,6,6.2,3,21,4,8
2017-03-21 09:00:00,56.09999999999128,7.3,0.9,1010.2,6,7.2,3,21,5,9
2017-03-21 10:00:00,63.39999999999418,8.4,-0.7,1010.4,6,7.2,3,21,6,10
2017-03-21 11:00:00,63.60000000000582,10.1,0.9,1010.4,6,7.7,3,21,7,11
2017-03-21 12:00:00,65.5,11.0,-1.3,1010.4,6,8.2,3,21,1,12
2017-03-21 13:00:00,60.69999999999709,11.3,-0.7,1010.3,6,7.7,3,21,2,13
2017-03-21 14:00:00,63.19999999999709,10.1,-1.3,1010.1,6,7.7,3,21,3,14
2017-03-21 15:00:00,62.80000000000291,10.6,-1.7,1009.6,6,6.7,3,21,4,15
2017-03-21 16:00:00,64.10000000000582,10.5,-1.0,1009.6,5,6.7,3,21,5,16
2017-03-21 17:00:00,68.09999999999127,9.4,1.5,1009.7,6,5.1,3,21,6,17
2017-03-21 18:00:00,76.20000000001164,9.4,0.9,1009.7,5,5.1,3,21,7,18
2017-03-21 19:00:00,81.19999999999709,8.3,0.7,1010.0,5,6.7,3,21,1,19
2017-03-21 20:00:00,83.5,6.7,2.3,1010.2,5,5.7,3,21,2,20
2017-03-21 21:00:00,82.09999999999127,6.3,2.9,1009.7,4,3.6,3,21,3,21
2017-03-21 22:00:00,83.89999999999421,5.8,2.7,1009.2,4,4.1,3,21,4,22
2017-03-21 23:00:00,80.39999999999421,6.1,2.4,1008.8,4,4.6,3,21,5,23
2017-03-22 00:00:00,70.79999999998836,5.5,1.8,1008.1,3,4.1,3,22,6,0
2017-03-22 01:00:00,60.70000000001164,5.9,2.1,1007.4,3,4.6,3,22,7,1
2017-03-22 02:00:00,53.5,5.3,1.8,1006.5,3,4.6,3,22,1,2
2017-03-22 03:00:00,46.89999999999418,5.1,2.1,1005.7,3,4.6,3,22,2,3
2017-03-22 04:00:00,50.80000000000291,5.5,2.4,1005.1,3,4.6,3,22,3,4
2017-03-22 05:00:00,46.60000000000582,6.3,2.6,1004.8,3,5.1,3,22,4,5
2017-03-22 06:00:00,46.69999999999709,6.3,2.7,1004.1,3,6.2,3,22,5,6
2017-03-22 07:00:00,47.90000000000872,6.7,3.0,1003.7,3,5.7,3,22,6,7
2017-03-22 08:00:00,55.69999999999709,7.1,4.2,1003.9,3,7.7,3,22,7,8
2017-03-22 09:00:00,63.80000000000291,6.7,5.0,1004.2,4,8.2,3,22,1,9
2017-03-22 10:00:00,64.40000000000873,6.9,5.2,1004.2,3,7.7,3,22,2,10
2017-03-22 11:00:00,68.69999999999709,6.8,5.6,1004.5,3,6.7,3,22,3,11
2017-03-22 12:00:00,72.20000000001164,8.6,6.2,1004.6,4,6.7,3,22,4,12
2017-03-22 13:00:00,69.30000000000291,7.6,5.8,1005.5,5,5.1,3,22,5,13
2017-03-22 14:00:00,70.09999999999127,10.6,5.6,1005.6,4,6.2,3,22,6,14
2017-03-22 15:00:00,72.89999999999421,10.3,4.3,1005.9,4,5.1,3,22,7,15
2017-03-22 16:00:00,68.69999999999709,10.1,2.6,1006.4,4,5.7,3,22,1,16
2017-03-22 17:00:00,74.5,9.8,3.9,1006.9,6,2.6,3,22,2,17
2017-03-22 18:00:00,84.89999999999421,9.3,3.4,1007.8,4,3.6,3,22,3,18
2017-03-22 19:00:00,81.90000000000873,7.9,3.1,1008.8,4,3.6,3,22,4,19
2017-03-22 20:00:00,79.0,6.9,3.9,1009.6,3,3.1,3,22,5,20
2017-03-22 21:00:00,77.59999999999127,5.8,4.0,1010.3,3,2.6,3,22,6,21
2017-03-22 22:00:00,76.59999999997672,6.1,4.9,1010.6,2,2.1,3,22,7,22
2017-03-22 23:00:00,69.0,6.4,5.1,1010.8,1,2.1,3,22,1,23
2017-03-23 00:00:00,75.0,6.7,4.7,1011.0,2,2.1,3,23,2,0
2017-03-23 01:00:00,60.79999999998836,6.4,5.1,1011.2,1,2.6,3,23,3,1
2017-03-23 02:00:00,55.5,6.1,5.3,1011.4,1,2.1,3,23,4,2
2017-03-23 03:00:00,52.39999999999418,6.1,5.6,1011.1,0,1.5,3,23,5,3
2017-03-23 04:00:00,49.10000000000582,6.9,6.2,1011.2,1,4.1,3,23,6,4
2017-03-23 05:00:00,49.5,7.1,5.8,1011.3,2,5.1,3,23,7,5
2017-03-23 06:00:00,47.80000000001746,7.1,5.7,1011.8,1,3.6,3,23,1,6
2017-03-23 07:00:00,51.30000000001746,7.3,5.7,1012.6,1,4.6,3,23,2,7
2017-03-23 08:00:00,58.5,7.9,5.8,1013.7,2,5.1,3,23,3,8
2017-03-23 09:00:00,64.79999999998836,8.6,5.4,1014.8,2,5.7,3,23,4,9
2017-03-23 10:00:00,69.19999999998254,9.5,5.7,1014.9,1,4.6,3,23,5,10
2017-03-23 11:00:00,67.29999999998836,10.3,5.1,1014.9,1,5.1,3,23,6,11
2017-03-23 12:00:00,65.79999999998836,11.5,5.0,1015.2,2,6.7,3,23,7,12
2017-03-23 13:00:00,63.70000000001164,11.1,4.0,1015.5,2,8.2,3,23,1,13
2017-03-23 14:00:00,64.39999999999418,11.0,3.0,1015.6,1,6.7,3,23,2,14
2017-03-23 15:00:00,66.5,11.4,4.1,1015.4,2,7.7,3,23,3,15
2017-03-23 16:00:00,63.20000000001164,11.4,2.9,1016.1,2,8.8,3,23,4,16
2017-03-23 17:00:00,67.59999999997672,10.9,2.4,1017.1,2,8.8,3,23,5,17
2017-03-23 18:00:00,82.69999999998255,10.3,3.2,1018.1,1,5.7,3,23,6,18
2017-03-23 19:00:00,91.10000000000582,9.1,3.5,1018.6,1,5.7,3,23,7,19
2017-03-23 20:00:00,83.0,8.2,3.9,1019.5,1,6.2,3,23,1,20
2017-03-23 21:00:00,76.70000000001164,7.6,4.0,1020.8,1,5.7,3,23,2,21
2017-03-23 22:00:00,82.20000000001164,7.1,4.4,1021.8,1,5.7,3,23,3,22
2017-03-23 23:00:00,80.20000000001164,7.1,4.6,1022.2,1,5.1,3,23,4,23
2017-03-24 00:00:00,66.30000000001746,7.1,4.7,1022.8,1,5.1,3,24,5,0
2017-03-24 01:00:00,66.39999999999418,6.8,4.6,1023.5,1,5.7,3,24,6,1
2017-03-24 02:00:00,59.900000000023276,6.8,4.7,1023.7,1,5.1,3,24,7,2
2017-03-24 03:00:00,52.60000000000582,6.7,4.7,1023.5,1,5.1,3,24,1,3
2017-03-24 04:00:00,48.400000000023276,6.9,4.8,1023.9,1,4.1,3,24,2,4
2017-03-24 05:00:00,46.5,7.1,4.7,1024.6,1,4.6,3,24,3,5
2017-03-24 06:00:00,46.10000000000582,7.3,4.7,1025.7,1,4.6,3,24,4,6
2017-03-24 07:00:00,46.60000000000582,7.5,4.9,1026.5,1,4.6,3,24,5,7
2017-03-24 08:00:00,53.30000000001746,7.8,5.1,1027.5,1,4.1,3,24,6,8
2017-03-24 09:00:00,64.70000000001164,8.0,5.4,1028.1,1,5.7,3,24,7,9
2017-03-24 10:00:00,74.0,8.5,5.7,1028.1,1,5.7,3,24,1,10
2017-03-24 11:00:00,67.89999999999418,9.3,5.7,1028.8,1,5.7,3,24,2,11
2017-03-24 12:00:00,76.79999999998836,10.0,5.9,1029.7,2,4.6,3,24,3,12
2017-03-24 13:00:00,79.20000000001164,11.0,6.7,1029.7,1,4.6,3,24,4,13
2017-03-24 14:00:00,69.5,11.6,5.7,1029.6,1,4.6,3,24,5,14
2017-03-24 15:00:00,60.20000000001164,12.8,6.2,1029.4,1,5.7,3,24,6,15
2017-03-24 16:00:00,61.29999999998836,13.2,5.5,1029.3,1,5.7,3,24,7,16
2017-03-24 17:00:00,66.89999999999418,13.1,4.2,1029.2,1,6.7,3,24,1,17
2017-03-24 18:00:00,71.5,11.9,3.3,1029.7,1,5.7,3,24,2,18
2017-03-24 19:00:00,78.70000000001164,10.6,3.9,1030.7,1,3.1,3,24,3,19
2017-03-24 20:00:00,79.30000000001745,9.3,4.1,1031.8,1,5.7,3,24,4,20
2017-03-24 21:00:00,73.39999999999421,8.2,3.4,1031.8,1,4.1,3,24,5,21
2017-03-24 22:00:00,68.20000000001164,7.2,3.0,1032.5,1,3.1,3,24,6,22
2017-03-24 23:00:00,68.60000000000582,6.7,3.0,1032.5,1,4.1,3,24,7,23
2017-03-25 00:00:00,61.5,6.1,2.8,1032.5,1,4.1,3,25,1,0
2017-03-25 01:00:00,58.80000000001746,5.9,3.0,1032.4,1,3.6,3,25,2,1
2017-03-25 02:00:00,56.29999999998836,5.3,2.8,1031.9,1,3.1,3,25,3,2
2017-03-25 03:00:00,53.29999999998836,5.1,2.8,1031.7,1,3.1,3,25,4,3
2017-03-25 04:00:00,49.0,5.3,2.8,1031.5,1,4.6,3,25,5,4
2017-03-25 05:00:00,49.099999999976724,4.7,2.3,1031.3,1,3.1,3,25,6,5
2017-03-25 06:00:00,46.19999999998254,4.6,2.2,1031.4,1,4.1,3,25,7,6
2017-03-25 07:00:00,45.900000000023276,4.7,2.3,1031.5,0,1.5,3,25,1,7
2017-03-25 08:00:00,45.10000000000582,7.5,3.1,1031.6,1,3.6,3,25,2,8
2017-03-25 09:00:00,45.10000000000582,9.6,2.7,1031.2,1,4.6,3,25,3,9
2017-03-25 10:00:00,51.0,11.5,2.2,1030.9,1,5.1,3,25,4,10
2017-03-25 11:00:00,59.0,13.0,1.9,1030.2,1,6.7,3,25,5,11
2017-03-25 12:00:00,60.80000000001746,14.1,-0.2,1029.5,1,7.2,3,25,6,12
2017-03-25 13:00:00,55.80000000001746,14.3,-1.9,1028.8,1,7.7,3,25,7,13
2017-03-25 14:00:00,57.89999999999418,15.1,-2.7,1027.9,1,6.7,3,25,1,14
2017-03-25 15:00:00,58.10000000000582,14.7,-2.0,1027.2,1,6.2,3,25,2,15
2017-03-25 16:00:00,62.29999999998836,14.8,-4.7,1026.4,1,7.2,3,25,3,16
2017-03-25 17:00:00,61.0,14.1,-4.6,1025.8,1,6.2,3,25,4,17
2017-03-25 18:00:00,65.10000000000582,12.7,-6.0,1025.9,1,5.1,3,25,5,18
2017-03-25 19:00:00,70.19999999998254,10.9,-6.1,1026.2,1,5.1,3,25,6,19
2017-03-25 20:00:00,70.5,9.8,-7.1,1026.1,1,4.6,3,25,7,20
2017-03-25 21:00:00,65.09999999997672,8.9,-7.3,1026.0,1,5.7,3,25,1,21
2017-03-25 22:00:00,64.5,8.1,-7.1,1025.9,1,5.1,3,25,2,22
2017-03-25 23:00:00,59.89999999999418,7.3,-6.6,1026.0,1,4.1,3,25,3,23
2017-03-26 00:00:00,41.10000000000582,6.7,-5.6,1026.0,1,3.1,3,26,4,0
2017-03-26 01:00:00,56.39999999999418,6.2,-3.7,1025.3,1,5.1,3,26,5,1
2017-03-26 02:00:00,49.29999999998836,5.5,-1.9,1025.3,1,1.0,3,26,6,2
2017-03-26 03:00:00,46.099999999976724,5.5,-0.1,1024.8,1,2.6,3,26,7,3
2017-03-26 04:00:00,45.29999999998836,5.6,1.7,1024.7,1,3.6,3,26,1,4
2017-03-26 05:00:00,43.400000000023276,5.5,2.4,1024.5,1,4.1,3,26,2,5
2017-03-26 06:00:00,44.20000000001164,5.5,3.3,1024.7,1,3.1,3,26,3,6
2017-03-26 07:00:00,46.79999999998836,6.3,4.4,1024.7,1,3.1,3,26,4,7
2017-03-26 08:00:00,46.0,7.4,5.3,1024.7,1,4.1,3,26,5,8
2017-03-26 09:00:00,49.400000000023276,9.7,5.9,1024.8,1,6.7,3,26,6,9
2017-03-26 10:00:00,47.70000000001164,11.7,5.3,1024.5,2,5.1,3,26,7,10
2017-03-26 11:00:00,54.5,13.9,5.3,1024.2,2,6.2,3,26,1,11
2017-03-26 12:00:00,56.29999999998836,15.2,5.7,1024.0,2,5.7,3,26,2,12
2017-03-26 13:00:00,53.599999999976724,15.6,5.0,1023.5,2,5.7,3,26,3,13
2017-03-26 14:00:00,53.10000000000582,15.2,4.8,1023.6,2,8.2,3,26,4,14
2017-03-26 15:00:00,56.69999999998254,16.0,5.3,1023.1,2,6.2,3,26,5,15
2017-03-26 16:00:00,61.10000000000582,14.4,4.3,1022.8,2,6.2,3,26,6,16
2017-03-26 17:00:00,63.39999999999418,13.2,4.2,1022.8,2,6.2,3,26,7,17
2017-03-26 18:00:00,66.29999999998836,12.1,4.5,1022.8,2,5.7,3,26,1,18
2017-03-26 19:00:00,70.5,11.2,4.5,1023.1,2,6.2,3,26,2,19
2017-03-26 20:00:00,71.39999999999421,10.2,4.7,1023.5,2,4.6,3,26,3,20
2017-03-26 21:00:00,70.39999999999421,9.7,4.1,1024.2,2,3.1,3,26,4,21
2017-03-26 22:00:00,63.5,8.1,4.0,1024.6,2,4.1,3,26,5,22
2017-03-26 23:00:00,41.29999999998836,8.1,4.5,1024.3,1,3.1,3,26,6,23
2017-03-27 00:00:00,40.099999999976724,7.2,3.4,1024.2,1,2.1,3,27,7,0
2017-03-27 01:00:00,51.29999999998836,6.4,3.6,1023.9,1,2.6,3,27,1,1
2017-03-27 02:00:00,49.19999999998254,6.8,4.5,1023.4,1,3.1,3,27,2,2
2017-03-27 03:00:00,48.10000000000582,6.6,4.8,1023.3,1,3.1,3,27,3,3
2017-03-27 04:00:00,44.10000000000582,6.4,5.3,1023.4,1,3.1,3,27,4,4
2017-03-27 05:00:00,42.599999999976724,6.6,5.7,1023.1,2,3.6,3,27,5,5
2017-03-27 06:00:00,42.70000000001164,6.8,5.6,1023.4,2,2.6,3,27,6,6
2017-03-27 07:00:00,46.79999999998836,7.1,5.5,1023.4,1,3.1,3,27,7,7
2017-03-27 08:00:00,43.79999999998836,7.6,5.8,1023.3,1,3.6,3,27,1,8
2017-03-27 09:00:00,51.60000000000582,8.0,5.5,1023.5,1,3.6,3,27,2,9
2017-03-27 10:00:00,54.70000000001164,10.2,5.9,1023.3,1,2.6,3,27,3,10
2017-03-27 11:00:00,52.60000000000582,12.1,6.8,1023.0,1,3.6,3,27,4,11
2017-03-27 12:00:00,50.29999999998836,13.8,6.9,1022.2,2,3.6,3,27,5,12
2017-03-27 13:00:00,50.89999999999418,15.0,6.3,1021.6,2,3.6,3,27,6,13
2017-03-27 14:00:00,51.20000000001164,15.3,5.2,1021.0,2,4.6,3,27,7,14
2017-03-27 15:00:00,50.20000000001164,15.9,6.0,1020.1,2,4.1,3,27,1,15
2017-03-27 16:00:00,52.20000000001164,15.9,6.8,1019.8,2,3.6,3,27,2,16
2017-03-27 17:00:00,52.79999999998836,15.1,7.0,1019.4,2,3.6,3,27,3,17
2017-03-27 18:00:00,59.39999999999418,13.1,6.2,1019.9,3,4.1,3,27,4,18
2017-03-27 19:00:00,63.099999999976724,11.3,6.7,1020.3,3,4.1,3,27,5,19
2017-03-27 20:00:00,61.39999999999418,10.8,6.3,1020.7,2,2.6,3,27,6,20
2017-03-27 21:00:00,63.10000000000582,9.8,5.8,1020.7,2,3.1,3,27,7,21
2017-03-27 22:00:00,58.5,8.4,6.0,1020.4,2,2.1,3,27,1,22
2017-03-27 23:00:00,60.29999999998836,7.4,5.9,1020.4,2,1.5,3,27,2,23
2017-03-28 00:00:00,57.099999999976724,6.7,5.6,1020.4,1,2.1,3,28,3,0
2017-03-28 01:00:00,58.69999999998254,6.4,5.8,1020.2,2,2.1,3,28,4,1
2017-03-28 02:00:00,54.89999999999418,5.8,5.4,1019.9,2,1.5,3,28,5,2
2017-03-28 03:00:00,49.60000000000582,6.0,5.5,1019.7,1,1.5,3,28,6,3
2017-03-28 04:00:00,49.79999999998836,6.2,5.7,1019.3,1,2.1,3,28,7,4
2017-03-28 05:00:00,45.0,6.4,5.7,1019.3,2,1.5,3,28,1,5
2017-03-28 06:00:00,45.20000000001164,6.7,5.9,1019.3,2,1.5,3,28,2,6
2017-03-28 07:00:00,45.39999999999418,6.9,6.1,1019.4,2,2.1,3,28,3,7
2017-03-28 08:00:00,45.5,9.3,6.7,1019.5,2,1.5,3,28,4,8
2017-03-28 09:00:00,48.70000000001164,10.9,6.9,1019.8,5,2.1,3,28,5,9
2017-03-28 10:00:00,54.0,13.3,8.2,1020.0,5,3.6,3,28,6,10
2017-03-28 11:00:00,52.70000000001164,15.5,8.5,1019.9,5,3.6,3,28,7,11
2017-03-28 12:00:00,52.89999999999418,17.1,9.5,1019.7,5,5.1,3,28,1,12
2017-03-28 13:00:00,53.10000000000582,15.9,8.3,1019.9,5,6.7,3,28,2,13
2017-03-28 14:00:00,49.69999999998254,16.9,8.9,1019.7,5,4.6,3,28,3,14
2017-03-28 15:00:00,49.29999999998836,16.7,8.0,1019.6,5,5.7,3,28,4,15
2017-03-28 16:00:00,51.0,15.2,7.3,1020.1,5,7.7,3,28,5,16
2017-03-28 17:00:00,57.39999999999418,14.1,7.6,1020.2,5,6.7,3,28,6,17
2017-03-28 18:00:00,56.89999999999418,13.4,8.2,1020.4,5,7.2,3,28,7,18
2017-03-28 19:00:00,59.5,13.0,8.2,1020.8,5,6.2,3,28,1,19
2017-03-28 20:00:00,59.69999999998254,12.4,8.0,1021.0,5,5.1,3,28,2,20
2017-03-28 21:00:00,58.0,12.1,8.2,1021.4,5,4.6,3,28,3,21
2017-03-28 22:00:00,58.10000000000582,11.6,8.6,1021.2,5,4.6,3,28,4,22
2017-03-28 23:00:00,56.5,11.1,9.1,1021.3,4,3.1,3,28,5,23
2017-03-29 00:00:00,56.39999999999418,11.4,9.0,1020.7,4,4.1,3,29,6,0
2017-03-29 01:00:00,50.0,12.0,9.2,1020.6,5,7.2,3,29,7,1
2017-03-29 02:00:00,48.10000000000582,11.7,9.5,1020.4,5,6.2,3,29,1,2
2017-03-29 03:00:00,43.099999999976724,11.8,9.3,1020.3,5,6.7,3,29,2,3
2017-03-29 04:00:00,42.29999999998836,11.8,9.4,1020.3,5,6.7,3,29,3,4
2017-03-29 05:00:00,40.70000000001164,11.7,9.5,1020.5,5,6.2,3,29,4,5
2017-03-29 06:00:00,39.69999999998254,12.0,9.7,1021.0,5,5.7,3,29,5,6
2017-03-29 07:00:00,41.70000000001164,12.3,9.7,1021.4,5,6.2,3,29,6,7
2017-03-29 08:00:00,41.10000000000582,12.5,9.7,1022.1,5,5.7,3,29,7,8
2017-03-29 09:00:00,50.89999999999418,13.1,9.9,1022.4,5,6.2,3,29,1,9
2017-03-29 10:00:00,52.20000000001164,13.6,10.6,1022.6,5,5.7,3,29,2,10
2017-03-29 11:00:00,50.0,13.7,10.4,1022.8,5,6.2,3,29,3,11
2017-03-29 12:00:00,52.10000000000582,14.3,10.5,1022.5,5,7.2,3,29,4,12
2017-03-29 13:00:00,55.0,14.9,10.0,1022.3,5,7.7,3,29,5,13
2017-03-29 14:00:00,56.20000000001164,13.9,10.4,1022.2,5,7.7,3,29,6,14
2017-03-29 15:00:00,55.70000000001164,13.1,10.7,1022.0,5,6.2,3,29,7,15
2017-03-29 16:00:00,57.10000000000582,13.8,10.9,1021.6,5,6.2,3,29,1,16
2017-03-29 17:00:00,58.20000000001164,14.4,10.6,1021.7,5,5.7,3,29,2,17
2017-03-29 18:00:00,63.0,14.3,10.7,1021.9,5,5.7,3,29,3,18
2017-03-29 19:00:00,65.60000000000582,14.3,10.4,1021.8,4,4.1,3,29,4,19
2017-03-29 20:00:00,62.69999999998254,14.1,10.4,1022.1,5,4.1,3,29,5,20
2017-03-29 21:00:00,58.79999999998836,13.6,10.1,1022.5,4,4.1,3,29,6,21
2017-03-29 22:00:00,59.69999999998254,12.8,9.6,1022.3,4,3.1,3,29,7,22
2017-03-29 23:00:00,56.79999999998836,12.1,9.2,1022.0,4,2.6,3,29,1,23
2017-03-30 00:00:00,53.19999999998254,11.8,9.0,1021.9,4,2.6,3,30,2,0
2017-03-30 01:00:00,52.30000000001746,11.9,9.1,1021.4,4,4.1,3,30,3,1
2017-03-30 02:00:00,48.60000000000582,12.1,8.7,1020.9,4,4.1,3,30,4,2
2017-03-30 03:00:00,44.89999999999418,12.2,7.6,1020.7,4,3.1,3,30,5,3
2017-03-30 04:00:00,42.5,11.8,7.4,1020.8,5,3.6,3,30,6,4
2017-03-30 05:00:00,39.60000000000582,12.1,7.9,1020.6,4,3.6,3,30,7,5
2017-03-30 06:00:00,41.0,12.6,8.1,1020.7,4,3.1,3,30,1,6
2017-03-30 07:00:00,40.39999999999418,12.7,8.3,1020.5,4,4.1,3,30,2,7
2017-03-30 08:00:00,39.89999999999418,13.5,9.2,1020.6,4,3.1,3,30,3,8
2017-03-30 09:00:00,46.29999999998836,14.7,9.6,1020.8,4,3.1,3,30,4,9
2017-03-30 10:00:00,50.599999999976724,15.9,9.5,1020.6,4,4.6,3,30,5,10
2017-03-30 11:00:00,51.10000000000582,18.4,8.7,1020.0,4,5.7,3,30,6,11
2017-03-30 12:00:00,50.5,19.9,8.1,1019.3,4,5.7,3,30,7,12
2017-03-30 13:00:00,48.5,20.6,7.4,1018.7,5,7.7,3,30,1,13
2017-03-30 14:00:00,46.0,21.3,8.3,1017.8,4,5.7,3,30,2,14
2017-03-30 15:00:00,44.39999999999418,20.6,8.3,1017.4,4,6.2,3,30,3,15
2017-03-30 16:00:00,47.70000000001164,19.8,9.1,1016.7,4,5.7,3,30,4,16
2017-03-30 17:00:00,55.0,18.9,8.8,1016.2,4,5.1,3,30,5,17
2017-03-30 18:00:00,53.5,18.4,8.5,1015.6,4,3.6,3,30,6,18
2017-03-30 19:00:00,63.39999999999418,17.9,7.6,1015.5,4,5.1,3,30,7,19
2017-03-30 20:00:00,63.20000000001164,17.3,7.9,1015.0,3,4.6,3,30,1,20
2017-03-30 21:00:00,55.60000000000582,16.5,8.4,1014.3,3,4.6,3,30,2,21
2017-03-30 22:00:00,53.89999999999418,16.0,8.3,1013.6,3,3.1,3,30,3,22
2017-03-30 23:00:00,54.79999999998836,14.7,7.9,1012.8,3,3.6,3,30,4,23
2017-03-31 00:00:00,51.900000000023276,13.8,7.9,1011.9,3,3.1,3,31,5,0
2017-03-31 01:00:00,44.29999999998836,14.1,7.7,1011.2,4,4.1,3,31,6,1
2017-03-31 02:00:00,40.70000000001164,13.2,7.5,1010.4,4,4.1,3,31,7,2
2017-03-31 03:00:00,37.599999999976724,12.6,7.7,1009.9,4,3.1,3,31,1,3
2017-03-31 04:00:00,38.29999999998836,12.3,8.1,1009.8,4,2.6,3,31,2,4
2017-03-31 05:00:00,37.70000000001164,11.5,7.8,1009.6,5,2.1,3,31,3,5
2017-03-31 06:00:00,37.39999999999418,12.1,8.5,1009.4,5,2.6,3,31,4,6
2017-03-31 07:00:00,37.20000000001164,12.7,8.8,1009.6,4,2.6,3,31,5,7
2017-03-31 08:00:00,38.30000000001746,13.0,9.4,1009.6,4,3.1,3,31,6,8
2017-03-31 09:00:00,46.10000000000582,12.6,10.3,1010.4,5,5.7,3,31,7,9
2017-03-31 10:00:00,50.29999999998836,13.3,9.5,1010.7,5,5.7,3,31,1,10
2017-03-31 11:00:00,50.79999999998836,13.7,9.1,1010.5,5,7.7,3,31,2,11
2017-03-31 12:00:00,53.5,14.0,8.3,1010.4,5,6.7,3,31,3,12
2017-03-31 13:00:00,57.0,15.0,7.5,1010.3,5,6.7,3,31,4,13
2017-03-31 14:00:00,54.39999999999418,16.7,7.5,1010.1,5,7.7,3,31,5,14
2017-03-31 15:00:00,50.19999999998254,15.8,5.9,1010.1,5,8.2,3,31,6,15
2017-03-31 16:00:00,47.20000000001164,15.5,5.3,1010.3,5,8.8,3,31,7,16
2017-03-31 17:00:00,50.60000000000582,14.3,6.6,1010.2,5,7.2,3,31,1,17
2017-03-31 18:00:00,53.10000000000582,13.7,6.1,1010.0,5,6.7,3,31,2,18
2017-03-31 19:00:00,54.79999999998836,12.6,6.4,1009.8,4,3.1,3,31,3,19
2017-03-31 20:00:00,59.599999999976724,12.1,6.6,1009.8,3,3.1,3,31,4,20
2017-03-31 21:00:00,57.39999999999418,10.9,6.5,1009.6,3,3.6,3,31,5,21
2017-03-31 22:00:00,56.0,10.3,7.2,1009.3,4,4.1,3,31,6,22
2017-03-31 23:00:00,53.69999999998254,8.3,6.1,1008.9,3,2.1,3,31,7,23
2017-04-01 00:00:00,52.5,9.5,7.0,1008.5,3,5.7,4,1,1,0
2017-04-01 01:00:00,48.10000000000582,9.2,6.7,1007.9,3,4.6,4,1,2,1
2017-04-01 02:00:00,42.60000000000582,9.6,6.9,1007.5,3,4.1,4,1,3,2
2017-04-01 03:00:00,40.20000000001164,10.3,7.2,1007.2,4,6.2,4,1,4,3
2017-04-01 04:00:00,41.5,10.0,7.0,1007.3,4,4.6,4,1,5,4
2017-04-01 05:00:00,41.0,10.0,7.0,1007.3,4,4.1,4,1,6,5
2017-04-01 06:00:00,38.60000000000582,10.1,7.6,1007.6,4,4.6,4,1,7,6
2017-04-01 07:00:00,40.20000000001164,10.4,7.4,1008.0,4,4.6,4,1,1,7
2017-04-01 08:00:00,39.099999999976724,10.2,8.1,1008.6,4,5.7,4,1,2,8
2017-04-01 09:00:00,39.20000000001164,11.1,8.8,1009.2,5,4.1,4,1,3,9
2017-04-01 10:00:00,40.29999999998836,14.5,7.6,1009.2,5,6.2,4,1,4,10
2017-04-01 11:00:00,43.20000000001164,14.5,4.9,1009.4,6,6.2,4,1,5,11
2017-04-01 12:00:00,51.0,16.1,6.1,1009.4,6,5.7,4,1,6,12
2017-04-01 13:00:00,50.5,14.0,5.1,1009.7,6,6.2,4,1,7,13
2017-04-01 14:00:00,52.60000000000582,14.7,7.0,1009.8,5,6.2,4,1,1,14
2017-04-01 15:00:00,54.20000000001164,16.0,7.6,1009.7,5,4.1,4,1,2,15
2017-04-01 16:00:00,53.60000000000582,14.2,5.3,1009.9,5,5.1,4,1,3,16
2017-04-01 17:00:00,50.39999999999418,13.6,6.7,1010.6,5,5.1,4,1,4,17
2017-04-01 18:00:00,56.60000000000582,12.4,7.0,1011.3,5,4.1,4,1,5,18
2017-04-01 19:00:00,58.599999999976724,11.3,6.1,1011.9,5,3.6,4,1,6,19
2017-04-01 20:00:00,59.89999999999418,11.1,6.5,1013.0,7,0.5,4,1,7,20
2017-04-01 21:00:00,58.5,11.1,7.0,1013.5,5,2.6,4,1,1,21
2017-04-01 22:00:00,55.79999999998836,10.2,6.6,1014.2,4,2.1,4,1,2,22
2017-04-01 23:00:00,56.0,9.9,6.6,1014.7,6,2.1,4,1,3,23
2017-04-02 00:00:00,50.39999999999418,9.4,6.9,1015.2,6,2.1,4,2,4,0
2017-04-02 01:00:00,45.89999999999418,8.4,6.5,1015.8,7,1.5,4,2,5,1
2017-04-02 02:00:00,41.80000000001746,7.5,5.9,1016.3,6,1.0,4,2,6,2
2017-04-02 03:00:00,41.099999999976724,6.7,5.1,1016.9,6,1.0,4,2,7,3
2017-04-02 04:00:00,39.10000000000582,6.8,5.8,1017.7,7,1.5,4,2,1,4
2017-04-02 05:00:00,36.60000000000582,7.3,6.0,1018.5,6,1.0,4,2,2,5
2017-04-02 06:00:00,36.89999999999418,6.8,5.4,1019.5,7,2.1,4,2,3,6
2017-04-02 07:00:00,36.39999999999418,7.7,5.7,1020.6,7,2.1,4,2,4,7
2017-04-02 08:00:00,38.39999999999418,8.9,5.6,1021.5,7,2.6,4,2,5,8
2017-04-02 09:00:00,38.5,10.6,6.1,1022.1,6,2.6,4,2,6,9
2017-04-02 10:00:00,42.20000000001164,11.9,6.9,1022.5,7,2.1,4,2,7,10
2017-04-02 11:00:00,47.0,13.1,6.2,1023.0,7,2.6,4,2,1,11
2017-04-02 12:00:00,48.70000000001164,13.5,5.5,1023.0,7,2.1,4,2,2,12
2017-04-02 13:00:00,49.39999999999418,14.2,5.3,1023.1,7,2.1,4,2,3,13
2017-04-02 14:00:00,50.10000000000582,15.0,5.5,1023.2,6,2.1,4,2,4,14
2017-04-02 15:00:00,51.19999999998254,15.4,5.2,1023.3,7,2.1,4,2,5,15
2017-04-02 16:00:00,49.19999999998254,16.4,5.3,1023.4,6,3.1,4,2,6,16
2017-04-02 17:00:00,51.80000000001746,15.7,4.6,1024.0,6,3.1,4,2,7,17
2017-04-02 18:00:00,60.0,14.7,4.3,1024.4,6,3.1,4,2,1,18
2017-04-02 19:00:00,58.19999999998254,12.5,5.1,1024.9,7,2.1,4,2,2,19
2017-04-02 20:00:00,58.29999999998836,11.7,4.8,1025.4,0,1.5,4,2,3,20
2017-04-02 21:00:00,62.0,10.8,4.8,1026.0,1,1.5,4,2,4,21
2017-04-02 22:00:00,60.0,9.4,4.3,1026.2,1,0.5,4,2,5,22
2017-04-02 23:00:00,50.69999999998254,8.9,4.8,1026.4,0,0.5,4,2,6,23
2017-04-03 00:00:00,44.599999999976724,7.3,4.6,1026.6,0,0.0,4,3,7,0
2017-04-03 01:00:00,46.39999999999418,6.9,4.7,1026.3,1,1.0,4,3,1,1
2017-04-03 02:00:00,44.0,6.3,4.4,1026.2,1,0.5,4,3,2,2
2017-04-03 03:00:00,42.400000000023276,5.7,3.8,1026.1,1,0.5,4,3,3,3
2017-04-03 04:00:00,41.0,4.6,3.0,1026.1,3,1.5,4,3,4,4
2017-04-03 05:00:00,41.10000000000582,5.3,4.1,1026.2,1,1.0,4,3,5,5
2017-04-03 06:00:00,42.69999999998254,4.1,3.7,1026.4,1,1.5,4,3,6,6
2017-04-03 07:00:00,41.89999999999418,6.2,6.2,1026.5,1,1.0,4,3,7,7
2017-04-03 08:00:00,42.60000000000582,9.3,7.1,1026.5,2,1.5,4,3,1,8
2017-04-03 09:00:00,49.39999999999418,11.6,6.8,1026.5,3,1.0,4,3,2,9
2017-04-03 10:00:00,47.69999999998254,14.1,7.1,1026.2,4,3.6,4,3,3,10
2017-04-03 11:00:00,48.5,15.4,6.6,1026.0,4,5.7,4,3,4,11
2017-04-03 12:00:00,48.099999999976724,16.3,7.8,1025.4,4,5.7,4,3,5,12
2017-04-03 13:00:00,48.29999999998836,16.9,7.8,1025.0,4,4.6,4,3,6,13
2017-04-03 14:00:00,46.5,16.7,7.4,1024.6,5,5.7,4,3,7,14
2017-04-03 15:00:00,43.60000000000582,16.4,4.5,1024.2,5,5.1,4,3,1,15
2017-04-03 16:00:00,36.099999999976724,16.5,4.6,1023.9,5,6.7,4,3,2,16
2017-04-03 17:00:00,47.70000000001164,15.2,5.9,1023.6,5,6.2,4,3,3,17
2017-04-03 18:00:00,49.0,13.9,5.6,1023.5,5,5.7,4,3,4,18
2017-04-03 19:00:00,47.5,12.8,6.1,1023.7,5,5.1,4,3,5,19
2017-04-03 20:00:00,51.60000000000582,11.2,6.5,1024.0,5,5.7,4,3,6,20
2017-04-03 21:00:00,48.19999999998254,9.7,6.1,1024.2,5,5.7,4,3,7,21
2017-04-03 22:00:00,42.0,9.6,6.2,1024.0,5,5.7,4,3,1,22
2017-04-03 23:00:00,44.79999999998836,8.8,6.2,1024.1,5,4.6,4,3,2,23
2017-04-04 00:00:00,42.60000000000582,8.9,6.6,1024.0,4,3.6,4,4,3,0
2017-04-04 01:00:00,37.70000000001164,9.2,7.0,1023.7,5,3.6,4,4,4,1
2017-04-04 02:00:00,34.30000000001745,9.4,7.6,1023.1,4,2.1,4,4,5,2
2017-04-04 03:00:00,29.0,9.4,8.3,1023.0,4,2.1,4,4,6,3
2017-04-04 04:00:00,29.60000000000582,9.6,8.5,1023.1,5,2.1,4,4,7,4
2017-04-04 05:00:00,31.60000000000582,9.7,8.6,1023.3,4,2.6,4,4,1,5
2017-04-04 06:00:00,25.5,10.0,8.9,1023.6,5,1.5,4,4,2,6
2017-04-04 07:00:00,29.799999999988362,10.4,8.9,1024.5,7,1.0,4,4,3,7
2017-04-04 08:00:00,33.400000000023276,10.6,9.4,1024.9,7,1.0,4,4,4,8
2017-04-04 09:00:00,40.39999999999418,11.9,9.5,1025.2,7,2.1,4,4,5,9
2017-04-04 10:00:00,43.89999999999418,12.8,9.3,1025.7,7,2.1,4,4,6,10
2017-04-04 11:00:00,46.30000000001746,13.1,8.9,1026.2,0,2.6,4,4,7,11
2017-04-04 12:00:00,53.70000000001164,13.3,8.6,1026.4,7,2.6,4,4,1,12
2017-04-04 13:00:00,41.5,14.0,9.2,1026.4,1,2.1,4,4,2,13
2017-04-04 14:00:00,48.10000000000582,14.8,9.2,1026.4,0,1.5,4,4,3,14
2017-04-04 15:00:00,51.5,14.3,9.7,1026.5,7,4.1,4,4,4,15
2017-04-04 16:00:00,40.89999999999418,14.0,9.0,1026.7,0,3.6,4,4,5,16
2017-04-04 17:00:00,52.0,14.3,8.8,1027.0,0,3.6,4,4,6,17
2017-04-04 18:00:00,45.10000000000582,13.7,8.6,1027.6,0,3.1,4,4,7,18
2017-04-04 19:00:00,44.5,13.3,9.0,1028.1,0,3.6,4,4,1,19
2017-04-04 20:00:00,52.5,12.1,9.3,1029.0,0,4.1,4,4,2,20
2017-04-04 21:00:00,51.0,11.1,8.4,1029.7,0,3.1,4,4,3,21
2017-04-04 22:00:00,44.70000000001164,10.6,8.1,1029.9,0,2.6,4,4,4,22
2017-04-04 23:00:00,47.89999999999418,9.2,7.7,1030.3,7,2.1,4,4,5,23
2017-04-05 00:00:00,43.39999999999418,9.3,6.8,1030.4,7,2.6,4,5,6,0
2017-04-05 01:00:00,33.29999999998836,7.6,3.9,1030.3,6,1.5,4,5,7,1
2017-04-05 02:00:00,29.89999999999418,7.1,3.7,1030.3,7,1.5,4,5,1,2
2017-04-05 03:00:00,29.60000000000582,6.9,3.4,1030.5,7,2.6,4,5,2,3
2017-04-05 04:00:00,27.799999999988362,5.7,2.7,1030.4,7,1.5,4,5,3,4
2017-04-05 05:00:00,29.800000000017466,5.2,2.7,1030.9,7,1.5,4,5,4,5
2017-04-05 06:00:00,25.199999999982534,5.8,3.1,1031.0,7,2.6,4,5,5,6
2017-04-05 07:00:00,26.300000000017466,6.9,3.6,1031.7,7,3.1,4,5,6,7
2017-04-05 08:00:00,31.5,9.0,4.3,1032.1,7,2.6,4,5,7,8
2017-04-05 09:00:00,39.0,10.2,4.0,1032.2,0,3.6,4,5,1,9
2017-04-05 10:00:00,40.79999999998836,10.9,3.8,1031.8,0,4.1,4,5,2,10
2017-04-05 11:00:00,40.0,11.9,3.9,1031.6,0,3.1,4,5,3,11
2017-04-05 12:00:00,39.5,12.5,3.5,1031.6,0,4.1,4,5,4,12
2017-04-05 13:00:00,40.900000000023276,13.8,4.1,1031.2,0,3.6,4,5,5,13
2017-04-05 14:00:00,37.29999999998836,13.9,3.1,1030.7,0,3.6,4,5,6,14
2017-04-05 15:00:00,45.79999999998836,14.5,3.3,1030.3,7,3.6,4,5,7,15
2017-04-05 16:00:00,38.39999999999418,14.3,4.1,1030.1,7,3.1,4,5,1,16
2017-04-05 17:00:00,47.20000000001164,14.3,3.8,1029.7,7,3.6,4,5,2,17
2017-04-05 18:00:00,37.79999999998836,13.2,4.1,1030.4,7,3.6,4,5,3,18
2017-04-05 19:00:00,50.099999999976724,11.8,3.9,1030.8,0,3.1,4,5,4,19
2017-04-05 20:00:00,53.20000000001164,10.9,4.1,1031.3,7,3.1,4,5,5,20
2017-04-05 21:00:00,52.20000000001164,10.0,3.9,1031.6,7,2.6,4,5,6,21
2017-04-05 22:00:00,52.10000000000582,9.3,4.0,1031.5,7,3.1,4,5,7,22
2017-04-05 23:00:00,44.29999999998836,8.9,3.8,1031.5,0,3.1,4,5,1,23
2017-04-06 00:00:00,41.60000000000582,7.7,3.6,1031.4,7,1.5,4,6,2,0
2017-04-06 01:00:00,35.0,7.3,3.6,1031.4,7,2.1,4,6,3,1
2017-04-06 02:00:00,29.5,6.1,3.4,1031.3,6,1.0,4,6,4,2
2017-04-06 03:00:00,29.0,7.0,4.2,1031.3,7,1.0,4,6,5,3
2017-04-06 04:00:00,32.0,7.0,4.0,1031.5,0,1.0,4,6,6,4
2017-04-06 05:00:00,29.60000000000582,6.4,3.8,1031.5,0,1.0,4,6,7,5
2017-04-06 06:00:00,30.10000000000582,6.4,4.0,1031.7,0,1.5,4,6,1,6
2017-04-06 07:00:00,27.0,7.3,4.5,1032.3,7,1.0,4,6,2,7
2017-04-06 08:00:00,31.59999999997672,8.6,4.9,1032.4,7,1.0,4,6,3,8
2017-04-06 09:00:00,42.5,10.8,5.0,1032.2,7,1.0,4,6,4,9
2017-04-06 10:00:00,41.599999999976724,12.7,5.6,1032.1,6,0.5,4,6,5,10
2017-04-06 11:00:00,37.79999999998836,14.5,4.9,1031.8,6,1.5,4,6,6,11
2017-04-06 12:00:00,39.0,15.1,4.7,1031.3,6,2.6,4,6,7,12
2017-04-06 13:00:00,45.0,16.1,5.0,1030.7,7,2.1,4,6,1,13
2017-04-06 14:00:00,47.20000000001164,16.6,5.0,1030.0,5,1.5,4,6,2,14
2017-04-06 15:00:00,40.400000000023276,17.0,4.9,1029.3,6,1.5,4,6,3,15
2017-04-06 16:00:00,45.70000000001164,17.2,5.3,1028.8,5,2.6,4,6,4,16
2017-04-06 17:00:00,41.70000000001164,16.9,5.4,1028.8,6,4.1,4,6,5,17
2017-04-06 18:00:00,47.89999999999418,15.9,5.8,1028.6,6,3.1,4,6,6,18
2017-04-06 19:00:00,55.80000000001746,14.4,5.9,1028.8,7,2.1,4,6,7,19
2017-04-06 20:00:00,53.89999999999418,12.9,6.0,1028.9,7,2.1,4,6,1,20
2017-04-06 21:00:00,56.89999999999418,12.1,6.2,1029.2,0,1.5,4,6,2,21
2017-04-06 22:00:00,44.39999999999418,11.3,6.1,1029.2,7,2.1,4,6,3,22
2017-04-06 23:00:00,49.30000000001746,10.3,5.8,1029.1,0,1.0,4,6,4,23
2017-04-07 00:00:00,43.39999999999418,8.9,5.6,1029.1,7,1.5,4,7,5,0
2017-04-07 01:00:00,38.60000000000582,8.2,4.6,1029.0,0,1.5,4,7,6,1
2017-04-07 02:00:00,36.10000000000582,7.4,4.3,1028.9,7,1.0,4,7,7,2
2017-04-07 03:00:00,33.10000000000582,6.6,4.2,1028.6,7,1.0,4,7,1,3
2017-04-07 04:00:00,33.60000000000582,6.3,3.4,1028.1,6,1.0,4,7,2,4
2017-04-07 05:00:00,32.5,6.3,3.9,1027.9,7,1.0,4,7,3,5
2017-04-07 06:00:00,34.10000000000582,5.7,4.1,1028.2,7,1.5,4,7,4,6
2017-04-07 07:00:00,31.699999999982534,6.9,4.5,1028.6,7,1.5,4,7,5,7
2017-04-07 08:00:00,30.299999999988362,8.9,5.0,1028.7,6,1.5,4,7,6,8
2017-04-07 09:00:00,40.79999999998836,11.7,5.0,1028.5,1,2.1,4,7,7,9
2017-04-07 10:00:00,39.70000000001164,12.4,5.2,1028.1,7,1.5,4,7,1,10
2017-04-07 11:00:00,44.80000000001746,13.1,5.2,1028.0,0,2.1,4,7,2,11
2017-04-07 12:00:00,40.39999999999418,15.5,7.3,1027.4,0,1.5,4,7,3,12
2017-04-07 13:00:00,41.60000000000582,15.7,5.7,1026.8,6,2.6,4,7,4,13
2017-04-07 14:00:00,49.89999999999418,17.2,6.2,1026.2,5,2.1,4,7,5,14
2017-04-07 15:00:00,38.5,16.9,5.5,1025.6,7,2.6,4,7,6,15
2017-04-07 16:00:00,46.10000000000582,17.0,6.2,1025.3,0,3.1,4,7,7,16
2017-04-07 17:00:00,44.5,16.5,6.8,1025.1,1,2.6,4,7,1,17
2017-04-07 18:00:00,44.80000000001746,15.7,6.6,1025.2,0,2.6,4,7,2,18
2017-04-07 19:00:00,59.69999999998254,14.1,6.4,1025.3,0,2.1,4,7,3,19
2017-04-07 20:00:00,61.39999999999418,12.7,6.0,1026.0,1,2.1,4,7,4,20
2017-04-07 21:00:00,61.29999999998836,12.1,6.0,1026.1,1,1.5,4,7,5,21
2017-04-07 22:00:00,40.599999999976724,11.2,5.7,1025.8,1,2.1,4,7,6,22
2017-04-07 23:00:00,50.099999999976724,10.4,5.6,1025.6,0,1.0,4,7,7,23
2017-04-08 00:00:00,52.39999999999418,8.4,5.1,1025.5,0,1.0,4,8,1,0
2017-04-08 01:00:00,44.400000000023276,7.3,5.0,1025.2,7,0.5,4,8,2,1
2017-04-08 02:00:00,31.09999999997672,6.9,5.0,1024.9,0,0.5,4,8,3,2
2017-04-08 03:00:00,20.39999999999418,5.8,4.2,1024.7,1,0.5,4,8,4,3
2017-04-08 04:00:00,24.700000000011638,6.0,4.8,1024.4,1,1.0,4,8,5,4
2017-04-08 05:00:00,30.200000000011638,5.5,4.8,1024.6,4,1.0,4,8,6,5
2017-04-08 06:00:00,40.5,6.0,5.2,1024.8,7,1.0,4,8,7,6
2017-04-08 07:00:00,37.80000000001746,7.6,6.0,1025.0,0,0.5,4,8,1,7
2017-04-08 08:00:00,29.200000000011638,10.7,7.3,1025.1,2,0.5,4,8,2,8
2017-04-08 09:00:00,25.89999999999418,12.5,7.0,1025.1,4,2.6,4,8,3,9
2017-04-08 10:00:00,29.400000000023283,14.8,6.7,1024.8,4,2.1,4,8,4,10
2017-04-08 11:00:00,36.79999999998836,17.0,5.2,1024.4,4,2.1,4,8,5,11
2017-04-08 12:00:00,44.19999999998254,18.4,4.2,1023.9,4,3.1,4,8,6,12
2017-04-08 13:00:00,50.10000000000582,19.3,3.6,1023.3,4,3.1,4,8,7,13
2017-04-08 14:00:00,48.70000000001164,19.9,3.9,1022.7,4,2.6,4,8,1,14
2017-04-08 15:00:00,46.89999999999418,20.4,4.2,1022.1,4,3.1,4,8,2,15
2017-04-08 16:00:00,49.39999999999418,20.2,5.5,1021.8,4,3.1,4,8,3,16
2017-04-08 17:00:00,50.0,19.3,7.1,1021.7,4,4.1,4,8,4,17
2017-04-08 18:00:00,49.89999999999418,17.8,6.4,1021.6,4,4.6,4,8,5,18
2017-04-08 19:00:00,44.20000000001164,15.9,6.5,1021.9,4,3.6,4,8,6,19
2017-04-08 20:00:00,42.5,14.8,6.7,1022.2,4,3.6,4,8,7,20
2017-04-08 21:00:00,52.70000000001164,14.0,6.8,1022.2,4,3.1,4,8,1,21
2017-04-08 22:00:00,53.29999999998836,13.0,6.8,1022.1,4,2.6,4,8,2,22
2017-04-08 23:00:00,53.29999999998836,9.6,5.2,1022.2,3,2.6,4,8,3,23
2017-04-09 00:00:00,49.39999999999418,9.2,5.6,1022.1,3,3.1,4,9,4,0
2017-04-09 01:00:00,44.30000000001746,9.1,5.3,1021.8,2,1.5,4,9,5,1
2017-04-09 02:00:00,40.70000000001164,9.1,6.1,1021.5,2,0.5,4,9,6,2
2017-04-09 03:00:00,26.0,8.3,5.1,1021.3,2,1.5,4,9,7,3
2017-04-09 04:00:00,23.700000000011638,8.5,5.9,1021.1,3,2.6,4,9,1,4
2017-04-09 05:00:00,23.199999999982534,8.5,5.8,1021.1,3,3.1,4,9,2,5
2017-04-09 06:00:00,28.699999999982534,9.9,6.2,1021.2,3,3.1,4,9,3,6
2017-04-09 07:00:00,27.900000000023283,11.7,7.2,1021.3,3,2.1,4,9,4,7
2017-04-09 08:00:00,30.800000000017466,14.1,7.6,1021.4,3,2.1,4,9,5,8
2017-04-09 09:00:00,37.69999999998254,16.8,8.5,1021.4,4,2.1,4,9,6,9
2017-04-09 10:00:00,40.69999999998254,19.5,9.3,1021.0,4,3.1,4,9,7,10
2017-04-09 11:00:00,35.5,22.1,9.6,1020.6,4,4.1,4,9,1,11
2017-04-09 12:00:00,44.60000000000582,23.3,9.9,1019.9,4,5.7,4,9,2,12
2017-04-09 13:00:00,45.10000000000582,24.4,7.2,1019.4,4,6.2,4,9,3,13
2017-04-09 14:00:00,51.0,24.9,5.5,1019.0,4,7.2,4,9,4,14
2017-04-09 15:00:00,47.10000000000582,24.7,7.1,1018.3,4,6.7,4,9,5,15
2017-04-09 16:00:00,46.79999999998836,24.2,8.8,1017.9,5,8.2,4,9,6,16
2017-04-09 17:00:00,48.5,23.2,5.7,1017.8,5,7.7,4,9,7,17
2017-04-09 18:00:00,47.20000000001164,20.5,4.1,1018.0,5,6.2,4,9,1,18
2017-04-09 19:00:00,52.69999999998254,18.4,5.7,1018.3,5,5.1,4,9,2,19
2017-04-09 20:00:00,38.29999999998836,15.0,9.4,1019.6,6,7.2,4,9,3,20
2017-04-09 21:00:00,40.0,13.0,8.5,1020.1,6,6.2,4,9,4,21
2017-04-09 22:00:00,44.79999999998836,12.6,8.0,1020.6,6,4.1,4,9,5,22
2017-04-09 23:00:00,47.39999999999418,12.0,6.7,1021.1,7,3.6,4,9,6,23
2017-04-10 00:00:00,51.60000000000582,11.5,6.1,1021.5,7,3.6,4,10,7,0
2017-04-10 01:00:00,48.20000000001164,10.8,6.0,1021.8,7,3.1,4,10,1,1
2017-04-10 02:00:00,43.5,10.2,6.1,1021.8,6,2.6,4,10,2,2
2017-04-10 03:00:00,40.5,9.7,6.1,1022.3,6,3.6,4,10,3,3
2017-04-10 04:00:00,38.29999999998836,9.5,6.2,1023.0,6,3.1,4,10,4,4
2017-04-10 05:00:00,34.0,9.2,6.0,1023.7,7,1.0,4,10,5,5
2017-04-10 06:00:00,21.200000000011638,9.2,4.6,1024.5,0,2.6,4,10,6,6
2017-04-10 07:00:00,19.899999999994176,9.1,3.2,1025.3,7,3.6,4,10,7,7
2017-04-10 08:00:00,29.200000000011638,10.1,1.9,1025.8,7,4.1,4,10,1,8
2017-04-10 09:00:00,39.60000000000582,11.1,2.8,1026.0,7,5.1,4,10,2,9
2017-04-10 10:00:00,46.19999999998254,11.9,2.4,1026.2,0,4.6,4,10,3,10
2017-04-10 11:00:00,48.29999999998836,12.6,2.2,1026.4,7,4.6,4,10,4,11
2017-04-10 12:00:00,49.39999999999418,12.0,2.1,1026.7,7,4.6,4,10,5,12
2017-04-10 13:00:00,54.0,12.9,1.7,1026.7,7,4.1,4,10,6,13
2017-04-10 14:00:00,55.0,12.9,2.3,1026.9,7,3.6,4,10,7,14
2017-04-10 15:00:00,46.39999999999418,12.8,1.5,1026.6,7,3.6,4,10,1,15
2017-04-10 16:00:00,48.599999999976724,12.8,1.9,1026.3,0,2.6,4,10,2,16
2017-04-10 17:00:00,53.29999999998836,13.0,1.5,1026.2,7,3.1,4,10,3,17
2017-04-10 18:00:00,52.79999999998836,12.6,1.9,1026.5,0,3.1,4,10,4,18
2017-04-10 19:00:00,60.30000000001746,12.1,1.3,1027.1,0,2.6,4,10,5,19
2017-04-10 20:00:00,56.599999999976724,11.4,2.0,1027.6,0,2.6,4,10,6,20
2017-04-10 21:00:00,54.89999999999418,9.9,1.6,1028.1,7,2.6,4,10,7,21
2017-04-10 22:00:00,54.5,9.3,1.4,1028.2,7,1.5,4,10,1,22
2017-04-10 23:00:00,51.79999999998836,8.7,1.9,1028.4,7,1.5,4,10,2,23
2017-04-11 00:00:00,52.10000000000582,8.5,2.4,1028.2,7,2.1,4,11,3,0
2017-04-11 01:00:00,45.400000000023276,8.3,2.8,1027.9,6,2.6,4,11,4,1
2017-04-11 02:00:00,42.39999999999418,7.2,2.6,1028.1,7,1.5,4,11,5,2
2017-04-11 03:00:00,39.79999999998836,6.4,2.6,1028.3,6,2.1,4,11,6,3
2017-04-11 04:00:00,40.0,6.8,3.0,1028.4,6,2.1,4,11,7,4
2017-04-11 05:00:00,36.60000000000582,6.4,2.8,1028.5,7,2.1,4,11,1,5
2017-04-11 06:00:00,37.10000000000582,6.3,3.1,1028.8,6,2.6,4,11,2,6
2017-04-11 07:00:00,38.599999999976724,7.2,3.6,1029.2,6,2.6,4,11,3,7
2017-04-11 08:00:00,40.19999999998254,9.0,3.7,1029.0,7,3.1,4,11,4,8
2017-04-11 09:00:00,47.5,10.1,3.0,1029.1,7,3.1,4,11,5,9
2017-04-11 10:00:00,32.29999999998836,11.1,2.6,1029.1,7,3.6,4,11,6,10
2017-04-11 11:00:00,29.0,12.7,3.7,1028.8,7,2.6,4,11,7,11
2017-04-11 12:00:00,36.39999999999418,13.5,2.8,1028.3,6,4.1,4,11,1,12
2017-04-11 13:00:00,34.89999999999418,14.8,3.1,1027.8,6,5.7,4,11,2,13
2017-04-11 14:00:00,40.79999999998836,14.9,4.4,1027.3,6,4.6,4,11,3,14
2017-04-11 15:00:00,45.79999999998836,16.0,5.2,1026.6,6,4.6,4,11,4,15
2017-04-11 16:00:00,47.69999999998254,16.1,4.4,1025.5,6,5.1,4,11,5,16
2017-04-11 17:00:00,49.80000000001746,15.6,4.7,1025.2,6,5.1,4,11,6,17
2017-04-11 18:00:00,55.89999999999418,14.9,5.3,1024.8,6,5.7,4,11,7,18
2017-04-11 19:00:00,63.5,13.2,4.1,1024.4,6,5.7,4,11,1,19
2017-04-11 20:00:00,60.0,12.0,3.1,1024.5,6,4.1,4,11,2,20
2017-04-11 21:00:00,60.20000000001164,11.4,3.0,1024.6,6,5.7,4,11,3,21
2017-04-11 22:00:00,60.20000000001164,10.1,3.8,1024.1,6,5.7,4,11,4,22
2017-04-11 23:00:00,58.0,8.9,4.4,1023.9,6,5.1,4,11,5,23
2017-04-12 00:00:00,46.60000000000582,8.0,4.2,1023.5,6,4.1,4,12,6,0
2017-04-12 01:00:00,26.89999999999418,7.0,4.2,1023.0,6,4.1,4,12,7,1
2017-04-12 02:00:00,24.60000000000582,6.6,4.3,1022.3,6,5.1,4,12,1,2
2017-04-12 03:00:00,23.5,6.3,4.4,1021.7,5,4.1,4,12,2,3
2017-04-12 04:00:00,23.0,5.9,4.3,1021.3,5,3.6,4,12,3,4
2017-04-12 05:00:00,23.699999999982534,6.4,4.5,1020.7,6,3.6,4,12,4,5
2017-04-12 06:00:00,27.60000000000582,6.7,4.6,1020.6,6,3.6,4,12,5,6
2017-04-12 07:00:00,32.60000000000582,8.6,5.7,1020.3,6,4.1,4,12,6,7
2017-04-12 08:00:00,45.0,9.6,5.9,1020.0,6,5.1,4,12,7,8
2017-04-12 09:00:00,49.400000000023276,11.2,5.7,1019.4,6,4.6,4,12,1,9
2017-04-12 10:00:00,49.60000000000582,12.5,5.4,1019.2,6,5.7,4,12,2,10
2017-04-12 11:00:00,51.0,13.0,4.8,1019.0,6,6.2,4,12,3,11
2017-04-12 12:00:00,55.599999999976724,14.6,4.7,1018.2,6,6.7,4,12,4,12
2017-04-12 13:00:00,53.0,14.6,4.7,1018.1,6,5.1,4,12,5,13
2017-04-12 14:00:00,50.29999999998836,15.5,4.6,1017.5,6,6.7,4,12,6,14
2017-04-12 15:00:00,36.900000000023276,16.1,4.6,1017.0,6,6.7,4,12,7,15
2017-04-12 16:00:00,28.10000000000582,15.9,4.9,1016.6,6,6.2,4,12,1,16
2017-04-12 17:00:00,31.89999999999418,15.5,5.5,1016.5,6,4.6,4,12,2,17
2017-04-12 18:00:00,43.10000000000582,15.0,5.9,1016.4,6,4.6,4,12,3,18
2017-04-12 19:00:00,58.29999999998836,14.2,6.3,1016.8,7,5.7,4,12,4,19
2017-04-12 20:00:00,59.89999999999418,13.0,6.1,1017.3,7,4.6,4,12,5,20
2017-04-12 21:00:00,62.39999999999418,12.5,6.2,1017.6,7,5.7,4,12,6,21
2017-04-12 22:00:00,56.0,12.0,6.7,1018.1,7,2.6,4,12,7,22
2017-04-12 23:00:00,52.89999999999418,11.2,4.0,1018.5,7,4.6,4,12,1,23
2017-04-13 00:00:00,39.39999999999418,10.2,3.0,1018.5,7,4.1,4,13,2,0
2017-04-13 01:00:00,45.10000000000582,8.9,2.9,1018.4,7,1.5,4,13,3,1
2017-04-13 02:00:00,40.80000000001746,8.3,3.6,1018.2,7,1.5,4,13,4,2
2017-04-13 03:00:00,39.70000000001164,8.4,3.4,1018.2,6,2.6,4,13,5,3
2017-04-13 04:00:00,39.20000000001164,6.0,1.7,1018.4,6,1.5,4,13,6,4
2017-04-13 05:00:00,38.30000000001746,6.7,3.1,1018.3,6,2.1,4,13,7,5
2017-04-13 06:00:00,26.199999999982552,6.9,3.2,1018.7,6,1.5,4,13,1,6
2017-04-13 07:00:00,20.800000000017466,8.5,3.7,1019.1,7,2.1,4,13,2,7
2017-04-13 08:00:00,22.800000000017466,10.0,3.7,1019.1,7,4.1,4,13,3,8
2017-04-13 09:00:00,24.300000000017466,10.5,2.5,1019.3,7,3.6,4,13,4,9
2017-04-13 10:00:00,33.80000000001746,12.3,2.8,1019.1,7,4.1,4,13,5,10
2017-04-13 11:00:00,35.30000000001746,12.0,1.6,1019.1,6,3.6,4,13,6,11
2017-04-13 12:00:00,39.10000000000582,12.4,1.2,1018.9,7,4.1,4,13,7,12
2017-04-13 13:00:00,46.0,13.0,1.1,1018.6,7,3.6,4,13,1,13
2017-04-13 14:00:00,56.80000000001746,13.9,0.6,1018.0,6,4.6,4,13,2,14
2017-04-13 15:00:00,48.39999999999418,13.5,1.3,1017.7,7,2.6,4,13,3,15
2017-04-13 16:00:00,52.80000000001746,13.2,1.4,1017.7,6,4.1,4,13,4,16
2017-04-13 17:00:00,57.80000000001746,12.8,1.5,1017.7,7,3.6,4,13,5,17
2017-04-13 18:00:00,61.5,12.1,1.9,1017.8,7,3.1,4,13,6,18
2017-04-13 19:00:00,60.69999999998254,11.5,2.2,1017.9,7,2.1,4,13,7,19
2017-04-13 20:00:00,59.89999999999418,11.3,2.1,1018.2,7,2.1,4,13,1,20
2017-04-13 21:00:00,38.69999999998254,11.1,1.8,1018.3,7,2.1,4,13,2,21
2017-04-13 22:00:00,38.5,10.9,1.4,1018.4,6,1.5,4,13,3,22
2017-04-13 23:00:00,34.60000000000582,10.7,2.1,1018.3,6,2.1,4,13,4,23
2017-04-14 00:00:00,43.30000000001746,10.0,2.3,1018.1,6,2.1,4,14,5,0
2017-04-14 01:00:00,33.10000000000582,10.3,2.5,1017.9,6,2.6,4,14,6,1
2017-04-14 02:00:00,30.400000000023283,9.7,3.2,1017.7,7,2.6,4,14,7,2
2017-04-14 03:00:00,27.09999999997672,9.4,3.0,1017.7,6,3.1,4,14,1,3
2017-04-14 04:00:00,29.299999999988362,8.9,3.0,1017.5,6,2.6,4,14,2,4
2017-04-14 05:00:00,34.19999999998254,7.5,2.5,1017.4,6,3.1,4,14,3,5
2017-04-14 06:00:00,37.39999999999418,7.6,2.7,1017.9,6,2.6,4,14,4,6
2017-04-14 07:00:00,37.60000000000582,8.5,2.5,1018.1,6,2.6,4,14,5,7
2017-04-14 08:00:00,37.60000000000582,9.5,2.2,1018.0,6,4.1,4,14,6,8
2017-04-14 09:00:00,42.70000000001164,10.6,3.2,1017.9,5,3.6,4,14,7,9
2017-04-14 10:00:00,42.099999999976724,10.8,4.6,1017.9,6,4.6,4,14,1,10
2017-04-14 11:00:00,44.60000000000582,12.6,5.6,1017.6,6,3.6,4,14,2,11
2017-04-14 12:00:00,47.19999999998254,14.6,7.3,1017.1,5,5.1,4,14,3,12
2017-04-14 13:00:00,53.20000000001164,14.1,6.3,1016.8,5,5.7,4,14,4,13
2017-04-14 14:00:00,40.70000000001164,13.7,6.0,1016.6,6,7.2,4,14,5,14
2017-04-14 15:00:00,50.69999999998254,14.3,6.4,1016.2,6,7.2,4,14,6,15
2017-04-14 16:00:00,51.39999999999418,14.1,6.5,1015.9,6,6.7,4,14,7,16
2017-04-14 17:00:00,50.400000000023276,14.3,6.7,1015.4,6,6.2,4,14,1,17
2017-04-14 18:00:00,55.60000000000582,13.8,6.7,1015.5,6,7.2,4,14,2,18
2017-04-14 19:00:00,60.80000000001746,13.3,6.8,1015.5,5,6.2,4,14,3,19
2017-04-14 20:00:00,59.70000000001164,12.9,7.3,1015.7,5,6.2,4,14,4,20
2017-04-14 21:00:00,59.0,11.6,8.1,1015.8,6,6.2,4,14,5,21
2017-04-14 22:00:00,60.10000000000582,10.6,8.7,1015.7,6,4.6,4,14,6,22
2017-04-14 23:00:00,54.29999999998836,10.8,8.7,1015.5,6,5.1,4,14,7,23
2017-04-15 00:00:00,54.5,10.6,8.2,1015.6,6,5.7,4,15,1,0
2017-04-15 01:00:00,46.29999999998836,10.4,8.0,1015.6,6,6.2,4,15,2,1
2017-04-15 02:00:00,45.70000000001164,10.2,8.7,1015.5,6,5.1,4,15,3,2
2017-04-15 03:00:00,44.60000000000582,9.5,8.7,1015.7,6,3.6,4,15,4,3
2017-04-15 04:00:00,41.5,9.8,8.7,1015.9,6,2.6,4,15,5,4
2017-04-15 05:00:00,40.5,9.9,8.5,1016.0,6,3.1,4,15,6,5
2017-04-15 06:00:00,40.5,10.3,8.5,1016.7,6,3.1,4,15,7,6
2017-04-15 07:00:00,38.29999999998836,10.7,6.7,1017.3,7,4.1,4,15,1,7
2017-04-15 08:00:00,28.700000000011638,10.5,4.9,1017.8,7,4.6,4,15,2,8
2017-04-15 09:00:00,45.70000000001164,10.9,2.8,1018.5,7,3.6,4,15,3,9
2017-04-15 10:00:00,52.30000000001746,11.4,0.4,1018.8,7,4.6,4,15,4,10
2017-04-15 11:00:00,47.29999999998836,11.9,0.1,1019.0,6,6.2,4,15,5,11
2017-04-15 12:00:00,47.89999999999418,12.7,0.3,1019.2,6,6.7,4,15,6,12
2017-04-15 13:00:00,48.099999999976724,13.5,0.1,1019.0,6,5.1,4,15,7,13
2017-04-15 14:00:00,48.70000000001164,15.5,2.2,1018.9,6,5.7,4,15,1,14
2017-04-15 15:00:00,54.60000000000582,13.9,0.5,1018.7,6,4.6,4,15,2,15
2017-04-15 16:00:00,52.79999999998836,13.2,0.1,1018.8,7,5.7,4,15,3,16
2017-04-15 17:00:00,55.0,13.2,0.3,1018.9,7,5.1,4,15,4,17
2017-04-15 18:00:00,58.29999999998836,12.8,0.3,1019.2,6,5.1,4,15,5,18
2017-04-15 19:00:00,62.89999999999418,12.0,0.2,1019.7,7,4.1,4,15,6,19
2017-04-15 20:00:00,63.70000000001164,11.0,0.0,1020.7,7,3.6,4,15,7,20
2017-04-15 21:00:00,57.599999999976724,10.0,0.6,1021.1,6,3.1,4,15,1,21
2017-04-15 22:00:00,57.89999999999418,9.1,0.7,1021.5,6,2.6,4,15,2,22
2017-04-15 23:00:00,58.69999999998254,8.2,1.0,1022.4,7,3.1,4,15,3,23
2017-04-16 00:00:00,54.10000000000582,8.2,1.4,1022.1,6,3.1,4,16,4,0
2017-04-16 01:00:00,47.0,6.4,1.4,1022.5,6,3.6,4,16,5,1
2017-04-16 02:00:00,43.80000000001746,6.3,1.6,1022.4,6,3.1,4,16,6,2
2017-04-16 03:00:00,25.200000000011638,7.0,2.1,1022.4,6,3.1,4,16,7,3
2017-04-16 04:00:00,35.39999999999418,6.7,2.5,1022.6,6,3.6,4,16,1,4
2017-04-16 05:00:00,39.70000000001164,6.9,2.7,1022.9,6,3.6,4,16,2,5
2017-04-16 06:00:00,39.89999999999418,7.2,3.2,1023.0,6,3.6,4,16,3,6
2017-04-16 07:00:00,40.89999999999418,7.9,4.3,1023.3,6,3.6,4,16,4,7
2017-04-16 08:00:00,44.29999999998836,8.2,4.3,1023.5,6,3.6,4,16,5,8
2017-04-16 09:00:00,46.400000000023276,11.7,4.2,1023.3,7,3.6,4,16,6,9
2017-04-16 10:00:00,48.20000000001164,12.9,2.7,1023.1,6,4.1,4,16,7,10
2017-04-16 11:00:00,47.70000000001164,12.8,1.8,1023.0,6,5.1,4,16,1,11
2017-04-16 12:00:00,56.5,14.5,2.6,1022.5,6,5.7,4,16,2,12
2017-04-16 13:00:00,50.0,14.7,3.5,1022.0,6,6.2,4,16,3,13
2017-04-16 14:00:00,53.60000000000582,14.8,3.9,1021.7,6,6.2,4,16,4,14
2017-04-16 15:00:00,51.79999999998836,14.5,4.5,1021.2,6,6.2,4,16,5,15
2017-04-16 16:00:00,50.80000000001746,13.9,4.9,1020.9,6,5.7,4,16,6,16
2017-04-16 17:00:00,50.39999999999418,13.6,5.8,1020.7,6,7.2,4,16,7,17
2017-04-16 18:00:00,57.19999999998254,13.4,6.4,1020.6,6,5.7,4,16,1,18
2017-04-16 19:00:00,55.60000000000582,12.3,6.8,1020.5,6,5.1,4,16,2,19
2017-04-16 20:00:00,55.30000000001746,11.9,7.4,1020.5,6,4.1,4,16,3,20
2017-04-16 21:00:00,63.10000000000582,10.8,7.3,1020.4,6,4.6,4,16,4,21
2017-04-16 22:00:00,52.10000000000582,10.5,8.1,1020.0,6,5.1,4,16,5,22
2017-04-16 23:00:00,42.29999999998836,10.9,8.2,1020.0,6,4.1,4,16,6,23
2017-04-17 00:00:00,55.89999999999418,8.9,7.0,1019.9,6,3.6,4,17,7,0
2017-04-17 01:00:00,51.70000000001164,9.0,7.6,1019.7,6,3.6,4,17,1,1
2017-04-17 02:00:00,47.5,8.9,7.2,1019.8,6,2.6,4,17,2,2
2017-04-17 03:00:00,43.29999999998836,8.9,6.9,1019.8,7,2.6,4,17,3,3
2017-04-17 04:00:00,42.29999999998836,8.8,6.4,1020.0,7,3.1,4,17,4,4
2017-04-17 05:00:00,42.39999999999418,8.7,6.1,1020.4,7,3.1,4,17,5,5
2017-04-17 06:00:00,40.5,8.0,6.1,1021.2,0,3.1,4,17,6,6
2017-04-17 07:00:00,42.10000000000582,7.9,4.9,1021.8,1,2.6,4,17,7,7
2017-04-17 08:00:00,40.39999999999418,8.2,5.2,1022.4,1,2.6,4,17,1,8
2017-04-17 09:00:00,43.79999999998836,8.8,5.3,1023.0,0,3.1,4,17,2,9
2017-04-17 10:00:00,51.69999999998254,9.4,4.3,1023.2,1,2.6,4,17,3,10
2017-04-17 11:00:00,48.39999999999418,10.1,3.4,1023.5,1,3.1,4,17,4,11
2017-04-17 12:00:00,55.60000000000582,10.6,3.5,1023.7,0,2.1,4,17,5,12
2017-04-17 13:00:00,64.0,11.2,2.9,1024.0,0,2.6,4,17,6,13
2017-04-17 14:00:00,60.5,11.6,3.2,1023.9,1,3.1,4,17,7,14
2017-04-17 15:00:00,56.39999999999418,11.8,3.2,1024.1,0,2.6,4,17,1,15
2017-04-17 16:00:00,58.10000000000582,12.0,3.2,1024.0,0,2.6,4,17,2,16
2017-04-17 17:00:00,59.69999999998254,11.7,3.3,1024.2,0,2.6,4,17,3,17
2017-04-17 18:00:00,58.5,11.2,2.9,1024.5,0,2.6,4,17,4,18
2017-04-17 19:00:00,60.79999999998836,10.9,2.5,1025.0,0,2.1,4,17,5,19
2017-04-17 20:00:00,70.69999999998255,10.4,2.3,1025.6,0,2.1,4,17,6,20
2017-04-17 21:00:00,65.60000000000582,10.1,2.5,1026.1,0,2.6,4,17,7,21
2017-04-17 22:00:00,60.39999999999418,9.2,2.3,1026.2,0,1.5,4,17,1,22
2017-04-17 23:00:00,62.19999999998254,8.0,2.5,1026.5,0,1.5,4,17,2,23
2017-04-18 00:00:00,56.89999999999418,6.4,2.4,1026.9,0,1.5,4,18,3,0
2017-04-18 01:00:00,49.30000000001746,5.4,2.0,1027.0,7,1.0,4,18,4,1
2017-04-18 02:00:00,45.5,4.9,2.3,1027.2,0,2.1,4,18,5,2
2017-04-18 03:00:00,44.0,5.0,1.8,1027.4,7,1.5,4,18,6,3
2017-04-18 04:00:00,43.20000000001164,5.0,1.7,1028.1,0,2.1,4,18,7,4
2017-04-18 05:00:00,41.19999999998254,5.6,2.0,1028.8,1,4.1,4,18,1,5
2017-04-18 06:00:00,40.0,5.7,0.0,1029.6,1,5.1,4,18,2,6
2017-04-18 07:00:00,40.900000000023276,6.2,-0.3,1030.3,0,5.1,4,18,3,7
2017-04-18 08:00:00,42.900000000023276,7.2,-0.7,1031.0,1,4.6,4,18,4,8
2017-04-18 09:00:00,49.5,8.5,0.0,1031.3,1,5.7,4,18,5,9
2017-04-18 10:00:00,51.79999999998836,9.3,-0.3,1031.6,0,5.7,4,18,6,10
2017-04-18 11:00:00,48.60000000000582,9.9,-1.2,1031.7,1,5.7,4,18,7,11
2017-04-18 12:00:00,50.10000000000582,11.4,-1.6,1031.8,1,5.7,4,18,1,12
2017-04-18 13:00:00,55.80000000001746,11.9,-2.3,1031.6,1,3.6,4,18,2,13
2017-04-18 14:00:00,56.20000000001164,12.0,-2.0,1031.5944231164026,0,4.6,4,18,3,14
2017-04-18 15:00:00,52.70000000001164,13.0,-2.3,1031.7,0,4.6,4,18,4,15
2017-04-18 16:00:00,56.69999999998254,12.7,-3.5,1031.8,0,3.6,4,18,5,16
2017-04-18 17:00:00,57.89999999999418,11.4,-2.6,1032.2,0,4.6,4,18,6,17
2017-04-18 18:00:00,66.19999999998254,10.6,-2.3,1032.6,1,3.6,4,18,7,18
2017-04-18 19:00:00,65.80000000001746,10.0,-0.1,1033.1,0,3.6,4,18,1,19
2017-04-18 20:00:00,64.10000000000582,8.9,0.8,1033.9,0,3.1,4,18,2,20
2017-04-18 21:00:00,64.30000000001746,8.1,1.3,1034.2,0,2.6,4,18,3,21
2017-04-18 22:00:00,65.10000000000582,7.7,1.1,1034.7,1,3.1,4,18,4,22
2017-04-18 23:00:00,65.89999999999418,7.0,1.7,1035.1,1,3.6,4,18,5,23
2017-04-19 00:00:00,60.20000000001164,6.2,1.7,1035.7,1,2.6,4,19,6,0
2017-04-19 01:00:00,52.19999999998254,6.2,1.2,1035.8,1,2.6,4,19,7,1
2017-04-19 02:00:00,48.19999999998254,5.3,1.0,1035.9,1,2.1,4,19,1,2
2017-04-19 03:00:00,45.5,4.5,0.7,1035.8,1,2.1,4,19,2,3
2017-04-19 04:00:00,46.10000000000582,3.9,0.5,1036.0,0,1.0,4,19,3,4
2017-04-19 05:00:00,46.20000000001164,3.4,0.1,1036.2,1,2.1,4,19,4,5
2017-04-19 06:00:00,44.10000000000582,4.1,0.3,1036.5,1,2.1,4,19,5,6
2017-04-19 07:00:00,45.5,6.4,1.2,1037.1,1,1.5,4,19,6,7
2017-04-19 08:00:00,49.20000000001164,8.7,1.2,1037.3,2,2.1,4,19,7,8
2017-04-19 09:00:00,55.19999999998254,9.9,0.7,1037.5,2,2.6,4,19,1,9
2017-04-19 10:00:00,50.900000000023276,11.6,0.8,1037.5,1,2.1,4,19,2,10
2017-04-19 11:00:00,50.60000000000582,12.2,-0.1,1037.5,0,0.0,4,19,3,11
2017-04-19 12:00:00,57.79999999998836,13.2,-1.0,1037.3,2,3.1,4,19,4,12
2017-04-19 13:00:00,62.60000000000582,13.1,-2.5,1036.9,2,2.1,4,19,5,13
2017-04-19 14:00:00,60.60000000000582,14.1,-2.5,1036.4,5,1.5,4,19,6,14
2017-04-19 15:00:00,55.599999999976724,13.6,-3.4,1036.0,1,1.5,4,19,7,15
2017-04-19 16:00:00,58.599999999976724,13.8,-3.1,1035.6,3,1.5,4,19,1,16
2017-04-19 17:00:00,60.60000000000582,13.2,-4.3,1035.4,1,2.1,4,19,2,17
2017-04-19 18:00:00,67.70000000001164,13.2,-4.1,1035.4,0,2.1,4,19,3,18
2017-04-19 19:00:00,70.0,12.4,-3.8,1035.7,1,1.0,4,19,4,19
2017-04-19 20:00:00,72.5,9.3,1.8,1036.6,4,4.1,4,19,5,20
2017-04-19 21:00:00,70.0,8.0,1.2,1037.1,4,4.6,4,19,6,21
2017-04-19 22:00:00,71.69999999998255,7.8,1.4,1037.4,4,4.1,4,19,7,22
2017-04-19 23:00:00,68.39999999999418,7.5,1.3,1037.6,4,3.6,4,19,1,23
2017-04-20 00:00:00,59.5,7.2,0.3,1037.7,4,3.6,4,20,2,0
2017-04-20 01:00:00,52.900000000023276,7.0,0.2,1037.5,4,2.6,4,20,3,1
2017-04-20 02:00:00,45.89999999999418,7.0,0.6,1037.3,4,2.6,4,20,4,2
2017-04-20 03:00:00,44.099999999976724,7.0,0.7,1037.3,4,3.1,4,20,5,3
2017-04-20 04:00:00,45.20000000001164,6.3,0.2,1037.0,4,3.1,4,20,6,4
2017-04-20 05:00:00,43.60000000000582,6.4,0.8,1036.9,5,3.1,4,20,7,5
2017-04-20 06:00:00,44.29999999998836,6.8,1.6,1037.0,4,2.6,4,20,1,6
2017-04-20 07:00:00,45.79999999998836,7.6,1.9,1037.0,5,3.6,4,20,2,7
2017-04-20 08:00:00,51.10000000000582,9.3,2.4,1037.0,5,3.6,4,20,3,8
2017-04-20 09:00:00,61.10000000000582,11.5,3.5,1036.8,6,4.6,4,20,4,9
2017-04-20 10:00:00,60.80000000001746,11.9,3.7,1036.6,5,3.6,4,20,5,10
2017-04-20 11:00:00,57.89999999999418,13.4,5.0,1036.4,6,4.1,4,20,6,11
2017-04-20 12:00:00,62.70000000001164,14.3,5.1,1036.1,5,3.6,4,20,7,12
2017-04-20 13:00:00,62.70000000001164,14.4,5.7,1035.6,6,4.6,4,20,1,13
2017-04-20 14:00:00,55.69999999998254,13.9,6.8,1035.3,6,4.6,4,20,2,14
2017-04-20 15:00:00,58.89999999999418,13.8,7.0,1034.9,6,4.6,4,20,3,15
2017-04-20 16:00:00,61.30000000001746,14.2,7.6,1034.3,6,3.1,4,20,4,16
2017-04-20 17:00:00,68.19999999998254,15.5,8.5,1034.0,6,3.1,4,20,5,17
2017-04-20 18:00:00,68.69999999998254,13.9,9.6,1034.0,7,2.6,4,20,6,18
2017-04-20 19:00:00,67.20000000001164,12.6,9.6,1033.9,6,2.1,4,20,7,19
2017-04-20 20:00:00,68.70000000001164,12.5,9.4,1034.1,6,1.5,4,20,1,20
2017-04-20 21:00:00,62.39999999999418,12.4,9.6,1034.3,6,2.1,4,20,2,21
2017-04-20 22:00:00,61.39999999999418,11.9,9.2,1034.2,6,2.6,4,20,3,22
2017-04-20 23:00:00,59.5,10.9,9.1,1033.9,6,2.1,4,20,4,23
2017-04-21 00:00:00,58.400000000023276,10.6,9.1,1033.8,6,2.1,4,21,5,0
2017-04-21 01:00:00,51.400000000023276,9.3,8.5,1033.6,7,1.0,4,21,6,1
2017-04-21 02:00:00,45.0,9.0,8.4,1033.3,6,1.5,4,21,7,2
2017-04-21 03:00:00,39.39999999999418,8.3,7.8,1033.0,6,2.6,4,21,1,3
2017-04-21 04:00:00,41.39999999999418,7.4,6.5,1032.8,6,2.1,4,21,2,4
2017-04-21 05:00:00,36.900000000023276,7.6,6.3,1032.7,6,1.5,4,21,3,5
2017-04-21 06:00:00,37.10000000000582,9.0,6.8,1032.8,6,2.1,4,21,4,6
2017-04-21 07:00:00,38.70000000001164,9.7,7.1,1033.0,6,2.1,4,21,5,7
2017-04-21 08:00:00,42.20000000001164,10.6,7.4,1033.0,7,2.1,4,21,6,8
2017-04-21 09:00:00,52.80000000001746,11.8,7.1,1033.0,6,2.6,4,21,7,9
2017-04-21 10:00:00,57.5,13.1,7.9,1032.8,6,2.6,4,21,1,10
2017-04-21 11:00:00,60.30000000001746,14.9,6.2,1032.4,7,3.6,4,21,2,11
2017-04-21 12:00:00,62.19999999998254,14.9,5.7,1032.0,7,4.1,4,21,3,12
2017-04-21 13:00:00,63.0,15.3,4.7,1031.4,7,4.1,4,21,4,13
2017-04-21 14:00:00,61.19999999998254,15.3,5.1,1031.1,7,4.6,4,21,5,14
2017-04-21 15:00:00,52.39999999999418,15.1,5.7,1030.6,7,3.6,4,21,6,15
2017-04-21 16:00:00,55.70000000001164,14.9,5.6,1030.4,7,3.1,4,21,7,16
2017-04-21 17:00:00,56.30000000001746,14.4,5.1,1030.1,7,3.6,4,21,1,17
2017-04-21 18:00:00,60.400000000023276,13.8,5.4,1030.1,7,3.1,4,21,2,18
2017-04-21 19:00:00,55.599999999976724,13.4,5.4,1030.0,7,2.1,4,21,3,19
2017-04-21 20:00:00,52.39999999999418,13.1,5.7,1030.0,7,3.1,4,21,4,20
2017-04-21 21:00:00,57.69999999998254,12.6,5.9,1029.9,7,2.1,4,21,5,21
2017-04-21 22:00:00,55.5,12.6,5.7,1029.7,6,2.1,4,21,6,22
2017-04-21 23:00:00,52.10000000000582,12.4,5.8,1029.8,6,3.6,4,21,7,23
2017-04-22 00:00:00,47.20000000001164,11.9,6.1,1029.6,6,3.1,4,22,1,0
2017-04-22 01:00:00,37.79999999998836,11.5,6.2,1029.2,7,2.6,4,22,2,1
2017-04-22 02:00:00,33.10000000000582,10.4,6.0,1029.0,7,1.5,4,22,3,2
2017-04-22 03:00:00,31.40000000002328,10.4,6.1,1028.7,7,2.6,4,22,4,3
2017-04-22 04:00:00,32.599999999976724,9.3,5.9,1028.5,7,2.1,4,22,5,4
2017-04-22 05:00:00,32.5,8.9,5.6,1028.9,7,3.1,4,22,6,5
2017-04-22 06:00:00,33.80000000001746,9.3,4.6,1029.3,7,3.1,4,22,7,6
2017-04-22 07:00:00,35.70000000001164,9.3,4.4,1029.5,7,3.6,4,22,1,7
2017-04-22 08:00:00,39.20000000001164,9.9,5.1,1029.7,7,4.1,4,22,2,8
2017-04-22 09:00:00,42.5,10.2,5.7,1029.7,7,3.6,4,22,3,9
2017-04-22 10:00:00,47.0,11.0,6.2,1029.8,7,3.1,4,22,4,10
2017-04-22 11:00:00,43.79999999998836,12.0,6.4,1029.6,1,3.1,4,22,5,11
2017-04-22 12:00:00,52.89999999999418,13.5,5.3,1028.9,0,2.6,4,22,6,12
2017-04-22 13:00:00,46.0,13.7,4.2,1028.7,1,2.6,4,22,7,13
2017-04-22 14:00:00,47.39999999999418,15.0,3.4,1027.8,6,1.5,4,22,1,14
2017-04-22 15:00:00,45.0,16.8,2.4,1027.3,6,4.1,4,22,2,15
2017-04-22 16:00:00,56.099999999976724,15.5,3.2,1027.1,2,2.1,4,22,3,16
2017-04-22 17:00:00,52.0,15.2,1.7,1026.9,0,2.6,4,22,4,17
2017-04-22 18:00:00,56.69999999998254,15.1,1.0,1026.8,0,2.6,4,22,5,18
2017-04-22 19:00:00,66.40000000002328,14.2,0.8,1026.7,0,2.1,4,22,6,19
2017-04-22 20:00:00,55.60000000000582,12.4,1.6,1027.3,0,2.1,4,22,7,20
2017-04-22 21:00:00,56.30000000001746,10.0,5.0,1027.9,2,5.7,4,22,1,21
2017-04-22 22:00:00,58.5,8.8,5.1,1028.1,2,3.1,4,22,2,22
2017-04-22 23:00:00,51.70000000001164,8.1,4.9,1028.1,1,2.1,4,22,3,23
2017-04-23 00:00:00,50.30000000001746,8.1,5.8,1028.4,3,3.6,4,23,4,0
2017-04-23 01:00:00,42.70000000001164,8.6,5.1,1028.2,3,5.1,4,23,5,1
2017-04-23 02:00:00,39.19999999998254,8.4,4.6,1028.2,3,4.1,4,23,6,2
2017-04-23 03:00:00,36.400000000023276,8.3,4.3,1028.1,3,4.1,4,23,7,3
2017-04-23 04:00:00,35.20000000001164,8.2,3.4,1028.0,3,3.6,4,23,1,4
2017-04-23 05:00:00,35.29999999998836,8.0,2.5,1027.7,3,2.6,4,23,2,5
2017-04-23 06:00:00,35.89999999999418,8.3,2.8,1027.9,3,2.6,4,23,3,6
2017-04-23 07:00:00,37.10000000000582,8.6,3.0,1028.1,2,2.1,4,23,4,7
2017-04-23 08:00:00,39.60000000000582,9.6,3.8,1028.1,3,2.6,4,23,5,8
2017-04-23 09:00:00,39.89999999999418,10.6,5.1,1027.8,4,2.6,4,23,6,9
2017-04-23 10:00:00,42.79999999998836,13.0,5.7,1027.5,5,3.6,4,23,7,10
2017-04-23 11:00:00,44.29999999998836,12.1,5.6,1027.1,7,3.6,4,23,1,11
2017-04-23 12:00:00,49.80000000001746,13.4,4.2,1026.4,6,3.6,4,23,2,12
2017-04-23 13:00:00,50.80000000001746,15.0,1.8,1025.6,6,2.6,4,23,3,13
2017-04-23 14:00:00,47.30000000001746,15.9,2.2,1025.1,6,4.6,4,23,4,14
2017-04-23 15:00:00,58.099999999976724,15.9,2.4,1024.5,7,4.1,4,23,5,15
2017-04-23 16:00:00,51.19999999998254,15.9,1.5,1024.0,6,4.6,4,23,6,16
2017-04-23 17:00:00,54.10000000000582,15.2,2.7,1023.7,7,3.1,4,23,7,17
2017-04-23 18:00:00,67.70000000001164,15.2,2.5,1023.3,7,2.1,4,23,1,18
2017-04-23 19:00:00,64.20000000001164,13.8,2.6,1022.9,6,3.6,4,23,2,19
2017-04-23 20:00:00,67.10000000000582,12.1,6.6,1023.0,4,4.6,4,23,3,20
2017-04-23 21:00:00,55.900000000023276,10.8,6.8,1022.9,4,3.6,4,23,4,21
2017-04-23 22:00:00,56.80000000001746,9.7,6.8,1022.4,4,3.6,4,23,5,22
2017-04-23 23:00:00,57.5,9.0,6.7,1022.0,4,3.1,4,23,6,23
2017-04-24 00:00:00,48.30000000001746,8.5,6.4,1021.5,5,3.6,4,24,7,0
2017-04-24 01:00:00,42.0,7.3,5.3,1021.0,5,2.6,4,24,1,1
2017-04-24 02:00:00,37.79999999998836,7.3,5.5,1020.2,5,1.5,4,24,2,2
2017-04-24 03:00:00,34.5,6.8,5.6,1019.6,6,1.0,4,24,3,3
2017-04-24 04:00:00,33.099999999976724,7.2,5.2,1019.2,6,2.6,4,24,4,4
2017-04-24 05:00:00,35.19999999998254,5.5,3.6,1018.8,6,2.1,4,24,5,5
2017-04-24 06:00:00,32.79999999998836,6.8,5.1,1018.5,6,2.1,4,24,6,6
2017-04-24 07:00:00,36.80000000001746,8.7,5.4,1018.3,6,2.6,4,24,7,7
2017-04-24 08:00:00,40.5,11.0,6.4,1017.7,6,3.1,4,24,1,8
2017-04-24 09:00:00,48.39999999999418,12.0,5.7,1017.4,7,3.6,4,24,2,9
2017-04-24 10:00:00,54.0,11.2,7.1,1017.1,6,3.6,4,24,3,10
2017-04-24 11:00:00,44.80000000001746,12.7,6.2,1016.3,6,4.1,4,24,4,11
2017-04-24 12:00:00,50.60000000000582,11.3,8.2,1015.9,6,4.1,4,24,5,12
2017-04-24 13:00:00,56.0,12.9,7.7,1014.8,6,4.1,4,24,6,13
2017-04-24 14:00:00,50.30000000001746,13.2,7.1,1013.9,6,5.7,4,24,7,14
2017-04-24 15:00:00,50.10000000000582,12.7,7.1,1013.1,6,4.6,4,24,1,15
2017-04-24 16:00:00,61.099999999976724,13.0,6.5,1012.5,6,5.7,4,24,2,16
2017-04-24 17:00:00,55.89999999999418,12.3,5.9,1012.2,6,6.2,4,24,3,17
2017-04-24 18:00:00,63.80000000001746,10.3,5.3,1012.7,7,3.6,4,24,4,18
2017-04-24 19:00:00,76.0,10.0,4.8,1012.6,7,4.1,4,24,5,19
2017-04-24 20:00:00,67.0,9.4,0.2,1013.2,7,5.1,4,24,6,20
2017-04-24 21:00:00,63.10000000000582,8.7,-2.0,1013.3,7,4.6,4,24,7,21
2017-04-24 22:00:00,62.099999999976724,6.7,-5.2,1013.6,7,5.1,4,24,1,22
2017-04-24 23:00:00,62.19999999998254,5.7,-5.4,1013.9,7,4.6,4,24,2,23
2017-04-25 00:00:00,50.5,4.6,-4.5,1013.9,7,4.1,4,25,3,0
2017-04-25 01:00:00,43.30000000001746,3.7,-4.2,1013.5,7,3.6,4,25,4,1
2017-04-25 02:00:00,40.10000000000582,3.1,-3.5,1013.4,7,3.6,4,25,5,2
2017-04-25 03:00:00,35.0,2.6,-3.5,1013.3,7,3.6,4,25,6,3
2017-04-25 04:00:00,37.0,0.5,-3.9,1013.2,6,3.1,4,25,7,4
2017-04-25 05:00:00,35.80000000001746,1.2,-3.2,1013.4,6,4.1,4,25,1,5
2017-04-25 06:00:00,36.60000000000582,3.0,-3.4,1013.8,6,4.1,4,25,2,6
2017-04-25 07:00:00,37.20000000001164,4.1,-2.1,1014.2,7,4.1,4,25,3,7
2017-04-25 08:00:00,42.29999999998836,5.5,-2.0,1014.4,7,3.6,4,25,4,8
2017-04-25 09:00:00,51.5,6.6,-3.6,1014.5,0,3.6,4,25,5,9
2017-04-25 10:00:00,51.39999999999418,7.9,-3.9,1014.4,0,4.1,4,25,6,10
2017-04-25 11:00:00,53.19999999998254,9.2,-3.9,1014.4,0,4.6,4,25,7,11
2017-04-25 12:00:00,56.30000000001746,9.3,-5.9,1014.3,7,4.6,4,25,1,12
2017-04-25 13:00:00,58.10000000000582,9.4,-5.4,1014.3,7,5.1,4,25,2,13
2017-04-25 14:00:00,59.0,9.9,-5.7,1013.9,7,3.6,4,25,3,14
2017-04-25 15:00:00,53.900000000023276,11.4,-4.2,1013.5,0,4.1,4,25,4,15
2017-04-25 16:00:00,57.19999999998254,8.7,-2.9,1013.6,7,5.7,4,25,5,16
2017-04-25 17:00:00,61.19999999998254,9.5,-3.7,1013.4,0,3.6,4,25,6,17
2017-04-25 18:00:00,69.09999999997672,7.7,0.4,1014.0,0,4.6,4,25,7,18
2017-04-25 19:00:00,69.19999999998254,6.0,0.7,1014.6,0,3.6,4,25,1,19
2017-04-25 20:00:00,72.29999999998836,4.6,0.3,1015.1,7,2.1,4,25,2,20
2017-04-25 21:00:00,70.29999999998836,3.7,0.7,1015.6,7,2.1,4,25,3,21
2017-04-25 22:00:00,64.30000000001746,3.6,1.0,1016.1,7,2.6,4,25,4,22
2017-04-25 23:00:00,58.60000000000582,2.9,0.4,1016.2,7,2.6,4,25,5,23
2017-04-26 00:00:00,54.29999999998836,2.7,0.2,1016.5,7,2.6,4,26,6,0
2017-04-26 01:00:00,46.20000000001164,2.5,0.5,1016.3,7,2.1,4,26,7,1
2017-04-26 02:00:00,40.69999999998254,2.5,0.4,1016.2,0,3.6,4,26,1,2
2017-04-26 03:00:00,38.10000000000582,2.7,0.3,1016.2,0,3.6,4,26,2,3
2017-04-26 04:00:00,35.5,2.6,0.6,1016.4,0,2.6,4,26,3,4
2017-04-26 05:00:00,37.20000000001164,3.1,0.7,1016.5,0,3.1,4,26,4,5
2017-04-26 06:00:00,35.69999999998254,3.8,0.9,1017.1,0,3.1,4,26,5,6
2017-04-26 07:00:00,39.10000000000582,4.9,1.3,1017.6,0,4.1,4,26,6,7
2017-04-26 08:00:00,45.79999999998836,6.0,1.6,1017.8,0,4.1,4,26,7,8
2017-04-26 09:00:00,54.29999999998836,7.0,0.8,1017.9,0,5.1,4,26,1,9
2017-04-26 10:00:00,56.79999999998836,9.0,0.7,1018.0,0,5.7,4,26,2,10
2017-04-26 11:00:00,57.0,9.7,1.0,1018.1,0,4.6,4,26,3,11
2017-04-26 12:00:00,52.60000000000582,8.0,0.4,1018.3,0,5.7,4,26,4,12
2017-04-26 13:00:00,52.19999999998254,7.6,2.1,1018.4,7,3.1,4,26,5,13
2017-04-26 14:00:00,56.60000000000582,11.0,0.4,1017.9,0,4.1,4,26,6,14
2017-04-26 15:00:00,57.599999999976724,7.3,3.1,1018.5,1,3.1,4,26,7,15
2017-04-26 16:00:00,57.0,8.8,2.4,1018.7,0,4.6,4,26,1,16
2017-04-26 17:00:00,61.30000000001746,7.8,1.4,1019.1,0,5.7,4,26,2,17
2017-04-26 18:00:00,64.20000000001164,7.2,0.7,1019.4,0,3.1,4,26,3,18
2017-04-26 19:00:00,72.10000000000579,6.6,0.5,1020.0,1,4.6,4,26,4,19
2017-04-26 20:00:00,73.79999999998836,5.7,0.8,1020.4,0,2.1,4,26,5,20
2017-04-26 21:00:00,70.60000000000579,5.7,0.8,1020.8,0,2.6,4,26,6,21
2017-04-26 22:00:00,69.60000000000582,5.0,0.7,1021.0,0,2.1,4,26,7,22
2017-04-26 23:00:00,64.30000000001746,3.6,0.8,1021.1,7,2.1,4,26,1,23
2017-04-27 00:00:00,55.5,2.6,0.6,1021.2,7,1.5,4,27,2,0
2017-04-27 01:00:00,43.80000000001746,2.6,0.7,1021.0,0,1.5,4,27,3,1
2017-04-27 02:00:00,35.60000000000582,2.0,0.2,1020.8,0,1.5,4,27,4,2
2017-04-27 03:00:00,36.60000000000582,1.5,0.1,1020.6,7,1.0,4,27,5,3
2017-04-27 04:00:00,37.10000000000582,0.8,-0.4,1020.7,6,2.6,4,27,6,4
2017-04-27 05:00:00,36.5,1.4,0.5,1020.6,6,1.5,4,27,7,5
2017-04-27 06:00:00,34.89999999999418,2.2,1.1,1020.7,6,2.1,4,27,1,6
2017-04-27 07:00:00,39.20000000001164,4.4,1.7,1020.7,6,2.6,4,27,2,7
2017-04-27 08:00:00,48.0,6.7,2.3,1020.6,6,2.6,4,27,3,8
2017-04-27 09:00:00,51.30000000001746,8.0,1.0,1020.4,6,4.1,4,27,4,9
2017-04-27 10:00:00,54.5,9.8,-3.9,1020.0,6,5.7,4,27,5,10
2017-04-27 11:00:00,56.89999999999418,10.5,-1.6,1019.5,6,4.1,4,27,6,11
2017-04-27 12:00:00,51.60000000000582,10.4,-0.4,1019.1,7,3.6,4,27,7,12
2017-04-27 13:00:00,60.0,10.7,0.3,1018.7,7,5.1,4,27,1,13
2017-04-27 14:00:00,59.69999999998254,10.5,1.6,1018.4,6,4.1,4,27,2,14
2017-04-27 15:00:00,53.70000000001164,10.6,2.2,1017.9,6,4.6,4,27,3,15
2017-04-27 16:00:00,52.5,10.6,3.3,1017.4,6,3.6,4,27,4,16
2017-04-27 17:00:00,58.5,10.1,4.4,1017.3,6,4.1,4,27,5,17
2017-04-27 18:00:00,64.80000000001746,8.8,5.9,1017.1,6,3.1,4,27,6,18
2017-04-27 19:00:00,68.5,8.7,5.8,1016.9,6,4.1,4,27,7,19
2017-04-27 20:00:00,68.89999999999418,8.5,5.7,1017.0,6,4.1,4,27,1,20
2017-04-27 21:00:00,72.30000000001745,8.3,5.8,1017.3,6,3.1,4,27,2,21
2017-04-27 22:00:00,72.60000000000579,8.5,5.7,1017.1,6,3.6,4,27,3,22
2017-04-27 23:00:00,61.70000000001164,8.0,5.5,1017.1,6,2.6,4,27,4,23
2017-04-28 00:00:00,53.19999999998254,8.0,4.6,1017.0,6,3.1,4,28,5,0
2017-04-28 01:00:00,46.89999999999418,7.4,4.5,1016.9,7,2.6,4,28,6,1
2017-04-28 02:00:00,39.29999999998836,7.6,4.8,1016.7,6,2.6,4,28,7,2
2017-04-28 03:00:00,36.79999999998836,7.4,5.2,1016.6,7,2.1,4,28,1,3
2017-04-28 04:00:00,36.80000000001746,7.5,5.4,1016.7,7,2.1,4,28,2,4
2017-04-28 05:00:00,36.70000000001164,7.5,5.6,1016.8,7,1.0,4,28,3,5
2017-04-28 06:00:00,38.5,7.7,5.8,1017.0,7,2.1,4,28,4,6
2017-04-28 07:00:00,39.60000000000582,8.6,6.5,1017.1,7,2.1,4,28,5,7
2017-04-28 08:00:00,46.39999999999418,9.6,6.8,1017.4,0,2.1,4,28,6,8
2017-04-28 09:00:00,54.29999999998836,9.7,4.5,1017.4,7,2.1,4,28,7,9
2017-04-28 10:00:00,53.79999999998836,10.5,4.0,1017.5,0,2.1,4,28,1,10
2017-04-28 11:00:00,55.400000000023276,10.8,3.8,1017.4,7,1.5,4,28,2,11
2017-04-28 12:00:00,53.29999999998836,10.6,4.7,1017.2,6,1.0,4,28,3,12
2017-04-28 13:00:00,54.900000000023276,12.4,4.4,1017.0,6,3.1,4,28,4,13
2017-04-28 14:00:00,52.69999999998254,12.6,4.3,1016.9,7,2.1,4,28,5,14
2017-04-28 15:00:00,51.400000000023276,14.2,4.2,1016.5,4,1.5,4,28,6,15
2017-04-28 16:00:00,49.39999999999418,14.0,3.2,1016.4,0,1.0,4,28,7,16
2017-04-28 17:00:00,53.79999999998836,13.2,3.2,1016.4,6,2.6,4,28,1,17
2017-04-28 18:00:00,61.5,12.7,4.7,1016.3,6,2.1,4,28,2,18
2017-04-28 19:00:00,67.0,12.4,4.8,1016.4,7,1.5,4,28,3,19
2017-04-28 20:00:00,71.20000000001164,12.0,4.9,1016.6,7,1.0,4,28,4,20
2017-04-28 21:00:00,65.0,11.9,4.9,1016.8,0,0.5,4,28,5,21
2017-04-28 22:00:00,62.599999999976724,11.7,5.7,1016.8,5,3.6,4,28,6,22
2017-04-28 23:00:00,61.89999999999418,10.4,5.9,1016.9,6,2.6,4,28,7,23
2017-04-29 00:00:00,55.79999999998836,10.1,5.1,1016.8,6,3.1,4,29,1,0
2017-04-29 01:00:00,43.39999999999418,7.8,4.3,1016.6,6,2.6,4,29,2,1
2017-04-29 02:00:00,38.70000000001164,7.3,3.7,1016.6,6,1.5,4,29,3,2
2017-04-29 03:00:00,34.5,6.9,3.4,1016.5,6,2.1,4,29,4,3
2017-04-29 04:00:00,36.89999999999418,5.4,2.8,1016.6,6,1.5,4,29,5,4
2017-04-29 05:00:00,32.79999999998836,5.8,4.1,1016.6,5,1.0,4,29,6,5
2017-04-29 06:00:00,32.699999999982545,7.1,3.9,1016.7,5,1.0,4,29,7,6
2017-04-29 07:00:00,33.89999999999418,8.0,4.0,1016.9,5,1.0,4,29,1,7
2017-04-29 08:00:00,33.30000000001746,9.0,3.0,1016.6,3,1.5,4,29,2,8
2017-04-29 09:00:00,45.400000000023276,10.2,3.2,1016.6,6,1.0,4,29,3,9
2017-04-29 10:00:00,46.60000000000582,11.3,4.2,1016.3,4,3.6,4,29,4,10
2017-04-29 11:00:00,50.0,12.3,4.6,1015.9,5,3.6,4,29,5,11
2017-04-29 12:00:00,47.39999999999418,12.4,5.6,1015.4,4,3.1,4,29,6,12
2017-04-29 13:00:00,56.39999999999418,13.4,4.8,1015.0,4,4.1,4,29,7,13
2017-04-29 14:00:00,53.69999999998254,14.1,4.0,1014.2,3,3.6,4,29,1,14
2017-04-29 15:00:00,53.80000000001746,16.0,2.9,1013.4,4,4.6,4,29,2,15
2017-04-29 16:00:00,55.19999999998254,15.6,3.5,1012.8,3,5.1,4,29,3,16
2017-04-29 17:00:00,49.29999999998836,15.1,2.7,1012.2,4,5.7,4,29,4,17
2017-04-29 18:00:00,55.89999999999418,14.1,2.8,1011.6,3,5.7,4,29,5,18
2017-04-29 19:00:00,67.5,13.3,2.1,1011.4,3,5.7,4,29,6,19
2017-04-29 20:00:00,55.0,12.7,2.7,1011.2,2,5.7,4,29,7,20
2017-04-29 21:00:00,59.10000000000582,12.3,3.2,1011.0,2,6.2,4,29,1,21
2017-04-29 22:00:00,57.5,12.1,3.4,1010.3,2,6.7,4,29,2,22
2017-04-29 23:00:00,57.60000000000582,12.3,2.9,1009.8,3,6.7,4,29,3,23
2017-04-30 00:00:00,53.89999999999418,12.2,2.6,1009.2,3,7.2,4,30,4,0
2017-04-30 01:00:00,40.10000000000582,11.5,2.4,1008.7,3,8.8,4,30,5,1
2017-04-30 02:00:00,38.39999999999418,10.8,2.6,1008.0,2,7.2,4,30,6,2
2017-04-30 03:00:00,30.5,10.4,2.5,1007.2,2,6.2,4,30,7,3
2017-04-30 04:00:00,32.0,9.7,2.3,1006.4,2,5.1,4,30,1,4
2017-04-30 05:00:00,33.30000000001746,9.0,2.6,1005.6,2,3.1,4,30,2,5
2017-04-30 06:00:00,31.10000000000582,10.2,3.0,1005.1,2,5.1,4,30,3,6
2017-04-30 07:00:00,30.700000000011638,10.9,3.5,1004.4,2,5.1,4,30,4,7
2017-04-30 08:00:00,34.79999999998836,13.2,3.5,1003.4,2,6.2,4,30,5,8
2017-04-30 09:00:00,38.0,14.7,3.4,1002.4,2,6.7,4,30,6,9
2017-04-30 10:00:00,39.599999999976724,16.1,2.9,1001.2,2,9.3,4,30,7,10
2017-04-30 11:00:00,47.5,17.5,2.4,1000.3,2,10.3,4,30,1,11
2017-04-30 12:00:00,58.20000000001164,17.0,2.7,999.7,2,9.3,4,30,2,12
2017-04-30 13:00:00,60.39999999999418,16.5,3.2,999.5,3,8.8,4,30,3,13
2017-04-30 14:00:00,52.60000000000582,17.1,4.1,999.4,3,8.2,4,30,4,14
2017-04-30 15:00:00,61.80000000001746,15.2,3.9,999.3,3,7.2,4,30,5,15
2017-04-30 16:00:00,51.5,15.1,4.0,998.7,3,5.7,4,30,6,16
2017-04-30 17:00:00,61.20000000001164,15.0,3.0,998.4,3,5.7,4,30,7,17
2017-04-30 18:00:00,55.20000000001164,15.2,3.0,998.0,3,6.2,4,30,1,18
2017-04-30 19:00:00,70.60000000000579,14.4,5.9,998.3,3,8.2,4,30,2,19
2017-04-30 20:00:00,64.20000000001164,12.9,7.8,998.6,3,6.7,4,30,3,20
2017-04-30 21:00:00,67.5,12.3,8.1,998.6,3,4.6,4,30,4,21
2017-04-30 22:00:00,66.19999999998254,11.7,9.0,998.8,3,5.7,4,30,5,22
2017-04-30 23:00:00,66.79999999998836,10.8,7.9,998.9,4,5.7,4,30,6,23
2017-05-01 00:00:00,63.10000000000582,9.8,8.7,999.4,3,3.6,5,1,7,0
2017-05-01 01:00:00,55.60000000000582,9.3,8.3,999.1,3,2.6,5,1,1,1
2017-05-01 02:00:00,48.5,9.2,8.3,999.5,3,2.6,5,1,2,2
2017-05-01 03:00:00,40.70000000001164,9.3,8.5,999.9,3,3.6,5,1,3,3
2017-05-01 04:00:00,40.5,9.1,8.4,1000.2,2,3.6,5,1,4,4
2017-05-01 05:00:00,39.10000000000582,9.1,8.2,1000.6,3,3.6,5,1,5,5
2017-05-01 06:00:00,38.70000000001164,9.0,8.0,1001.0,2,3.6,5,1,6,6
2017-05-01 07:00:00,39.900000000023276,10.1,7.9,1001.6,2,3.6,5,1,7,7
2017-05-01 08:00:00,47.5,10.6,8.0,1002.3,2,5.1,5,1,1,8
2017-05-01 09:00:00,48.30000000001746,12.9,7.3,1002.6,2,5.1,5,1,2,9
2017-05-01 10:00:00,53.39999999999418,12.1,5.9,1003.0,2,5.7,5,1,3,10
2017-05-01 11:00:00,61.10000000000582,10.6,7.5,1003.7,2,3.1,5,1,4,11
2017-05-01 12:00:00,63.10000000000582,12.8,7.9,1003.9,1,4.6,5,1,5,12
2017-05-01 13:00:00,66.0,11.7,6.0,1004.6,2,3.6,5,1,6,13
2017-05-01 14:00:00,63.0,13.1,6.7,1005.1,2,3.1,5,1,7,14
2017-05-01 15:00:00,60.70000000001164,13.1,6.3,1005.5,2,3.6,5,1,1,15
2017-05-01 16:00:00,60.89999999999418,10.4,7.8,1006.8,3,4.6,5,1,2,16
2017-05-01 17:00:00,65.70000000001164,11.9,8.1,1007.8,3,4.1,5,1,3,17
2017-05-01 18:00:00,72.5,11.7,6.5,1008.7,3,6.2,5,1,4,18
2017-05-01 19:00:00,75.09999999997672,10.5,6.6,1009.9,3,6.2,5,1,5,19
2017-05-01 20:00:00,80.0,9.7,7.2,1011.1,3,5.7,5,1,6,20
2017-05-01 21:00:00,75.69999999998255,9.7,6.6,1012.0,2,4.6,5,1,7,21
2017-05-01 22:00:00,72.20000000001164,9.2,5.9,1012.8,2,3.6,5,1,1,22
2017-05-01 23:00:00,68.0,8.1,5.8,1013.8,2,4.6,5,1,2,23
2017-05-02 00:00:00,59.0,8.5,5.8,1014.4,2,3.1,5,2,3,0
2017-05-02 01:00:00,50.5,7.8,5.5,1015.2,1,2.1,5,2,4,1
2017-05-02 02:00:00,45.29999999998836,7.7,6.2,1015.7,1,2.1,5,2,5,2
2017-05-02 03:00:00,40.60000000000582,7.5,6.1,1016.0,1,2.6,5,2,6,3
2017-05-02 04:00:00,40.70000000001164,7.1,6.1,1016.6,0,2.6,5,2,7,4
2017-05-02 05:00:00,38.70000000001164,7.0,6.3,1017.3,0,2.6,5,2,1,5
2017-05-02 06:00:00,40.5,8.0,7.2,1018.0,1,1.5,5,2,2,6
2017-05-02 07:00:00,43.70000000001164,9.1,7.9,1018.3,2,2.1,5,2,3,7
2017-05-02 08:00:00,50.099999999976724,12.0,8.8,1019.0,1,2.1,5,2,4,8
2017-05-02 09:00:00,58.20000000001164,13.9,7.8,1019.4,2,3.1,5,2,5,9
2017-05-02 10:00:00,57.89999999999418,15.6,5.8,1019.6,2,2.6,5,2,6,10
2017-05-02 11:00:00,52.0,17.2,4.3,1019.6,2,3.6,5,2,7,11
2017-05-02 12:00:00,48.80000000001746,16.7,4.3,1019.6,1,2.6,5,2,1,12
2017-05-02 13:00:00,53.69999999998254,16.7,3.8,1019.6,0,3.1,5,2,2,13
2017-05-02 14:00:00,60.20000000001164,15.6,4.9,1019.8,1,3.6,5,2,3,14
2017-05-02 15:00:00,56.10000000000582,15.1,5.6,1020.2,1,2.6,5,2,4,15
2017-05-02 16:00:00,51.0,13.8,8.1,1020.6,1,3.1,5,2,5,16
2017-05-02 17:00:00,60.29999999998836,14.2,6.4,1020.4,1,3.6,5,2,6,17
2017-05-02 18:00:00,52.599999999976724,14.2,7.8,1020.4,0,3.1,5,2,7,18
2017-05-02 19:00:00,58.80000000001746,13.3,7.7,1020.8,1,4.1,5,2,1,19
2017-05-02 20:00:00,72.60000000000579,11.6,7.1,1021.4,1,4.6,5,2,2,20
2017-05-02 21:00:00,61.89999999999418,10.9,7.3,1021.8,0,4.1,5,2,3,21
2017-05-02 22:00:00,61.79999999998836,9.7,6.9,1022.4,0,3.6,5,2,4,22
2017-05-02 23:00:00,55.900000000023276,8.9,6.4,1022.6,0,4.1,5,2,5,23
2017-05-03 00:00:00,51.29999999998836,8.7,5.5,1022.5,1,3.6,5,3,6,0
2017-05-03 01:00:00,42.39999999999418,8.6,5.8,1022.5,0,3.1,5,3,7,1
2017-05-03 02:00:00,35.80000000001746,8.1,5.6,1022.4,1,3.6,5,3,1,2
2017-05-03 03:00:00,31.89999999999418,7.8,5.4,1022.1,0,3.6,5,3,2,3
2017-05-03 04:00:00,35.69999999998254,7.6,5.2,1022.1,0,2.6,5,3,3,4
2017-05-03 05:00:00,34.0,8.0,5.4,1022.1,0,3.1,5,3,4,5
2017-05-03 06:00:00,31.800000000017448,8.3,5.5,1022.2,0,3.1,5,3,5,6
2017-05-03 07:00:00,35.30000000001746,8.8,5.8,1021.8,0,4.1,5,3,6,7
2017-05-03 08:00:00,44.0,9.5,6.1,1022.2,0,4.6,5,3,7,8
2017-05-03 09:00:00,53.19999999998254,9.4,6.1,1022.3,1,4.6,5,3,1,9
2017-05-03 10:00:00,55.39999999999418,9.6,6.0,1022.5,1,4.6,5,3,2,10
2017-05-03 11:00:00,53.10000000000582,11.2,5.6,1022.4,0,4.1,5,3,3,11
2017-05-03 12:00:00,58.10000000000582,10.9,5.9,1022.2,1,4.1,5,3,4,12
2017-05-03 13:00:00,61.5,11.1,5.6,1022.1,1,5.1,5,3,5,13
2017-05-03 14:00:00,61.39999999999418,11.3,6.2,1022.1,0,4.6,5,3,6,14
2017-05-03 15:00:00,52.39999999999418,11.4,6.1,1021.9,1,4.1,5,3,7,15
2017-05-03 16:00:00,55.0,10.8,7.5,1021.9,1,3.6,5,3,1,16
2017-05-03 17:00:00,55.89999999999418,10.3,8.2,1021.9,1,3.1,5,3,2,17
2017-05-03 18:00:00,65.59999999997672,10.3,8.1,1022.0,1,4.1,5,3,3,18
2017-05-03 19:00:00,69.60000000000582,10.0,8.1,1022.3,1,3.1,5,3,4,19
2017-05-03 20:00:00,61.0,10.0,8.0,1022.5,0,4.1,5,3,5,20
2017-05-03 21:00:00,61.400000000023276,9.9,7.9,1023.0,1,3.1,5,3,6,21
2017-05-03 22:00:00,64.5,9.9,7.6,1023.0,1,3.6,5,3,7,22
2017-05-03 23:00:00,58.0,9.7,7.4,1023.0,0,3.6,5,3,1,23
2017-05-04 00:00:00,0.2937931034248322,9.6,7.4,1022.8,0,3.1,5,4,2,0
2017-05-04 01:00:00,0.2937931034539361,9.4,7.4,1022.3,0,3.6,5,4,3,1
2017-05-04 02:00:00,0.2937931034539361,9.3,7.5,1022.1,0,3.1,5,4,4,2
2017-05-04 03:00:00,0.2937931034539361,9.3,7.5,1022.1,0,3.1,5,4,5,3
2017-05-04 04:00:00,0.2937931034539361,9.2,7.5,1021.9,0,3.6,5,4,6,4
2017-05-04 05:00:00,0.2937931034248322,9.3,7.7,1021.7,1,3.6,5,4,7,5
2017-05-04 06:00:00,0.2937931034539361,9.5,7.9,1021.8,1,3.1,5,4,1,6
2017-05-04 07:00:00,0.2937931034539361,9.9,8.3,1021.7,0,2.6,5,4,2,7
2017-05-04 08:00:00,0.2937931034539361,10.6,8.4,1021.9,0,3.6,5,4,3,8
2017-05-04 09:00:00,0.2937931034539361,12.1,8.4,1021.7,1,4.1,5,4,4,9
2017-05-04 10:00:00,0.2937931034248322,13.2,7.9,1021.7,1,4.6,5,4,5,10
2017-05-04 11:00:00,0.2937931034539361,12.9,7.4,1021.9,0,4.6,5,4,6,11
2017-05-04 12:00:00,0.2937931034539361,14.6,6.1,1021.6,1,6.2,5,4,7,12
2017-05-04 13:00:00,0.2937931034539361,13.7,6.0,1022.0,1,5.7,5,4,1,13
2017-05-04 14:00:00,0.2937931034539361,13.8,6.2,1022.3,1,5.7,5,4,2,14
2017-05-04 15:00:00,0.2937931034248322,13.5,6.2,1022.2,1,4.6,5,4,3,15
2017-05-04 16:00:00,0.2937931034539361,13.1,6.4,1022.2,1,4.6,5,4,4,16
2017-05-04 17:00:00,0.2937931034539361,12.8,6.3,1022.3,1,4.6,5,4,5,17
2017-05-04 18:00:00,0.2937931034539361,12.3,6.2,1022.8,1,5.1,5,4,6,18
2017-05-04 19:00:00,0.2937931034539361,11.3,5.9,1023.3,1,6.7,5,4,7,19
2017-05-04 20:00:00,0.2937931034248322,10.7,6.1,1024.0,1,4.6,5,4,1,20
2017-05-04 21:00:00,0.2937931034539361,10.4,6.2,1024.3,1,5.1,5,4,2,21
2017-05-04 22:00:00,0.2937931034539361,9.7,5.0,1024.2,1,5.7,5,4,3,22
2017-05-04 23:00:00,0.2937931034539361,9.5,5.4,1024.4,1,3.6,5,4,4,23
2017-05-05 00:00:00,0.2937931034539361,9.5,5.5,1024.1,1,4.1,5,5,5,0
2017-05-05 01:00:00,0.2937931034248322,9.3,5.4,1023.6,1,5.1,5,5,6,1
2017-05-05 02:00:00,0.2937931034539361,9.0,5.7,1023.2,1,4.1,5,5,7,2
2017-05-05 03:00:00,0.2937931034539361,8.4,5.5,1023.4,1,4.1,5,5,1,3
2017-05-05 04:00:00,0.2937931034539361,8.2,5.6,1023.5,1,4.1,5,5,2,4
2017-05-05 05:00:00,0.2937931034539361,8.1,5.5,1023.3,1,3.6,5,5,3,5
2017-05-05 06:00:00,0.2937931034248322,9.3,5.8,1023.4,1,4.6,5,5,4,6
2017-05-05 07:00:00,0.2937931034539361,11.0,5.5,1023.6,2,5.1,5,5,5,7
2017-05-05 08:00:00,0.2937931034539361,12.6,4.6,1023.4,1,5.7,5,5,6,8
2017-05-05 09:00:00,0.2937931034539361,13.6,3.7,1022.9,2,7.7,5,5,7,9
2017-05-05 10:00:00,0.2937931034539361,13.7,3.5,1022.4,1,6.7,5,5,1,10
2017-05-05 11:00:00,0.2937931034248322,14.5,3.9,1022.1,2,6.2,5,5,2,11
2017-05-05 12:00:00,0.2937931034539361,15.8,1.7,1021.5,2,8.2,5,5,3,12
2017-05-05 13:00:00,0.2937931034539361,16.4,2.0,1020.4,0,0.0,5,5,4,13
2017-05-05 14:00:00,0.2937931034539361,16.0,1.3,1019.4,1,6.2,5,5,5,14
2017-05-05 15:00:00,0.2937931034539361,15.8,1.6,1018.8,2,7.2,5,5,6,15
2017-05-05 16:00:00,0.2937931034248322,15.3,2.4,1018.3,2,6.7,5,5,7,16
2017-05-05 17:00:00,0.2937931034539361,13.6,3.1,1018.1,2,7.2,5,5,1,17
2017-05-05 18:00:00,0.2937931034539361,12.3,6.0,1017.8,2,6.2,5,5,2,18
2017-05-05 19:00:00,0.2937931034539361,11.0,6.1,1017.6,2,7.7,5,5,3,19
2017-05-05 20:00:00,0.2937931034539361,10.4,6.1,1017.2,2,6.2,5,5,4,20
2017-05-05 21:00:00,0.2937931034248322,10.2,6.3,1016.7,1,4.6,5,5,5,21
2017-05-05 22:00:00,0.2937931034539361,10.3,5.6,1016.5,2,5.1,5,5,6,22
2017-05-05 23:00:00,0.2937931034539361,10.3,6.0,1015.9,1,4.6,5,5,7,23
2017-05-06 00:00:00,0.2937931034830399,10.0,6.3,1015.5,1,3.6,5,6,1,0
2017-05-06 01:00:00,0.2937931034539361,9.7,6.6,1014.7,1,4.6,5,6,2,1
2017-05-06 02:00:00,0.2937931034248322,9.8,6.8,1014.3,1,5.1,5,6,3,2
2017-05-06 03:00:00,0.2937931034539361,9.8,6.7,1013.5,1,5.7,5,6,4,3
2017-05-06 04:00:00,0.2937931034539361,9.7,6.8,1013.3,1,4.6,5,6,5,4
2017-05-06 05:00:00,0.2937931034539361,9.5,6.7,1012.9,1,4.1,5,6,6,5
2017-05-06 06:00:00,0.2937931034539361,10.2,7.0,1012.6,1,4.1,5,6,7,6
2017-05-06 07:00:00,0.2937931034248322,10.4,6.6,1012.5,1,5.1,5,6,1,7
2017-05-06 08:00:00,0.2937931034539361,11.4,6.5,1012.3,1,5.7,5,6,2,8
2017-05-06 09:00:00,0.2937931034539361,12.6,6.8,1012.4,1,5.1,5,6,3,9
2017-05-06 10:00:00,0.2937931034539361,12.9,6.9,1012.5,1,4.6,5,6,4,10
2017-05-06 11:00:00,0.2937931034539361,13.6,7.3,1012.3,1,5.1,5,6,5,11
2017-05-06 12:00:00,0.2937931034248322,13.8,6.9,1012.2,1,5.1,5,6,6,12
2017-05-06 13:00:00,0.2937931034539361,14.4,7.4,1012.3,1,4.6,5,6,7,13
2017-05-06 14:00:00,0.2937931034539361,15.0,7.1,1012.4,1,4.6,5,6,1,14
2017-05-06 15:00:00,0.2937931034539361,14.8,7.1,1012.5,1,4.1,5,6,2,15
2017-05-06 16:00:00,0.2937931034539361,14.9,7.9,1012.9,0,3.6,5,6,3,16
2017-05-06 17:00:00,0.2937931034248322,14.8,7.3,1013.3,0,4.1,5,6,4,17
2017-05-06 18:00:00,0.2937931034539361,13.9,7.1,1014.0,0,4.1,5,6,5,18
2017-05-06 19:00:00,0.2937931034539361,13.1,7.6,1014.5,0,4.1,5,6,6,19
2017-05-06 20:00:00,0.2937931034539361,12.4,7.5,1015.0,0,2.6,5,6,7,20
2017-05-06 21:00:00,0.2937931034539361,11.7,7.4,1015.5,0,3.6,5,6,1,21
2017-05-06 22:00:00,0.2937931034248322,11.2,7.1,1016.0,0,3.6,5,6,2,22
2017-05-06 23:00:00,0.2937931034539361,10.6,6.9,1016.3,0,2.1,5,6,3,23
2017-05-07 00:00:00,24.74689655171824,10.2,6.9,1017.0,0,2.1,5,7,4,0
2017-05-07 01:00:00,39.19999999998254,10.0,6.8,1017.5,0,1.5,5,7,5,1
2017-05-07 02:00:00,35.29999999998836,9.2,6.3,1018.0,7,2.1,5,7,6,2
2017-05-07 03:00:00,31.89999999999418,8.6,6.2,1018.3,7,2.1,5,7,7,3
2017-05-07 04:00:00,31.199999999982534,8.9,6.4,1018.4,7,2.1,5,7,1,4
2017-05-07 05:00:00,27.699999999982534,9.1,6.4,1018.9,0,2.1,5,7,2,5
2017-05-07 06:00:00,29.799999999988362,9.1,5.9,1019.6,0,3.1,5,7,3,6
2017-05-07 07:00:00,29.39999999999418,9.2,6.1,1020.1,0,2.1,5,7,4,7
2017-05-07 08:00:00,33.10000000000582,9.5,7.0,1020.7,7,3.1,5,7,5,8
2017-05-07 09:00:00,43.0,10.1,6.5,1021.2,0,2.1,5,7,6,9
2017-05-07 10:00:00,46.10000000000582,11.2,5.1,1021.5,0,3.6,5,7,7,10
2017-05-07 11:00:00,43.89999999999418,12.0,5.5,1021.7,0,3.1,5,7,1,11
2017-05-07 12:00:00,51.60000000000582,13.2,5.5,1021.8,0,2.6,5,7,2,12
2017-05-07 13:00:00,53.60000000000582,15.5,5.8,1021.7,7,2.6,5,7,3,13
2017-05-07 14:00:00,54.5,16.5,4.0,1021.6,0,3.1,5,7,4,14
2017-05-07 15:00:00,57.0,17.8,4.4,1021.3,0,3.6,5,7,5,15
2017-05-07 16:00:00,53.70000000001164,18.4,4.3,1021.3,0,3.6,5,7,6,16
2017-05-07 17:00:00,54.39999999999418,18.0,5.0,1021.3,0,4.1,5,7,7,17
2017-05-07 18:00:00,66.70000000001164,17.2,5.7,1021.7,0,3.6,5,7,1,18
2017-05-07 19:00:00,60.70000000001164,15.6,5.9,1022.1,1,3.6,5,7,2,19
2017-05-07 20:00:00,70.5,13.9,5.8,1022.9,1,3.1,5,7,3,20
2017-05-07 21:00:00,62.20000000001164,11.8,7.0,1023.7,1,4.1,5,7,4,21
2017-05-07 22:00:00,55.5,10.8,6.7,1024.4,1,2.6,5,7,5,22
2017-05-07 23:00:00,54.60000000000582,10.9,6.9,1024.5,0,3.1,5,7,6,23
2017-05-08 00:00:00,52.60000000000582,10.0,6.2,1024.5,1,2.1,5,8,7,0
2017-05-08 01:00:00,38.0,9.5,4.5,1024.6,0,3.6,5,8,1,1
2017-05-08 02:00:00,33.30000000001746,7.9,3.2,1024.9,0,3.6,5,8,2,2
2017-05-08 03:00:00,28.89999999999418,7.5,3.1,1025.2,0,3.1,5,8,3,3
2017-05-08 04:00:00,29.799999999988362,7.8,2.7,1025.2,0,3.1,5,8,4,4
2017-05-08 05:00:00,31.000000000000004,7.8,2.3,1025.5,0,5.1,5,8,5,5
2017-05-08 06:00:00,36.20000000001164,8.3,2.7,1025.8,0,3.6,5,8,6,6
2017-05-08 07:00:00,37.89999999999418,8.8,2.9,1026.1,0,4.6,5,8,7,7
2017-05-08 08:00:00,45.10000000000582,9.2,2.6,1026.4,0,5.1,5,8,1,8
2017-05-08 09:00:00,50.60000000000582,9.4,3.2,1026.9,0,4.1,5,8,2,9
2017-05-08 10:00:00,48.5,9.7,3.6,1027.3,0,5.1,5,8,3,10
2017-05-08 11:00:00,49.29999999998836,10.4,3.9,1027.7,0,0.0,5,8,4,11
2017-05-08 12:00:00,57.5,10.7,4.1,1027.8,0,4.6,5,8,5,12
2017-05-08 13:00:00,54.20000000001164,11.3,4.5,1027.7,0,3.6,5,8,6,13
2017-05-08 14:00:00,55.20000000001164,11.8,4.7,1027.5,0,5.1,5,8,7,14
2017-05-08 15:00:00,54.60000000000582,11.9,5.0,1027.3,1,4.6,5,8,1,15
2017-05-08 16:00:00,50.10000000000582,11.8,5.1,1027.2,1,4.6,5,8,2,16
2017-05-08 17:00:00,65.20000000001164,11.6,5.5,1027.3,1,4.1,5,8,3,17
2017-05-08 18:00:00,64.80000000001746,11.1,5.3,1027.5,0,4.1,5,8,4,18
2017-05-08 19:00:00,64.10000000000582,10.7,5.5,1027.6,1,3.6,5,8,5,19
2017-05-08 20:00:00,63.5,10.1,5.3,1028.0,0,3.1,5,8,6,20
2017-05-08 21:00:00,63.69999999998254,9.1,5.0,1028.2,0,3.1,5,8,7,21
2017-05-08 22:00:00,64.10000000000582,8.2,4.7,1028.4,1,2.1,5,8,1,22
2017-05-08 23:00:00,58.89999999999418,7.7,4.1,1028.4,0,2.1,5,8,2,23
2017-05-09 00:00:00,52.89999999999418,8.0,4.1,1028.2,1,1.5,5,9,3,0
2017-05-09 01:00:00,43.39999999999418,7.5,2.7,1027.8,0,2.1,5,9,4,1
2017-05-09 02:00:00,36.900000000023276,6.7,2.4,1027.4,0,1.0,5,9,5,2
2017-05-09 03:00:00,32.5,6.9,2.5,1027.0,0,1.5,5,9,6,3
2017-05-09 04:00:00,31.199999999982534,7.6,1.9,1026.3,0,3.1,5,9,7,4
2017-05-09 05:00:00,32.5,7.6,1.9,1025.8,1,2.6,5,9,1,5
2017-05-09 06:00:00,32.5,8.0,2.2,1025.6,1,2.1,5,9,2,6
2017-05-09 07:00:00,33.199999999982545,8.7,2.6,1025.2,1,2.6,5,9,3,7
2017-05-09 08:00:00,41.89999999999418,9.4,3.2,1025.0,0,3.1,5,9,4,8
2017-05-09 09:00:00,49.29999999998836,9.6,3.6,1024.4,0,2.6,5,9,5,9
2017-05-09 10:00:00,50.70000000001164,10.0,2.8,1024.2,1,3.1,5,9,6,10
2017-05-09 11:00:00,54.39999999999418,10.9,2.9,1023.8,2,2.6,5,9,7,11
2017-05-09 12:00:00,52.20000000001164,11.6,2.4,1023.0,2,2.6,5,9,1,12
2017-05-09 13:00:00,57.80000000001746,13.5,2.4,1022.1,1,2.6,5,9,2,13
2017-05-09 14:00:00,55.5,13.6,2.4,1020.8,1,2.1,5,9,3,14
2017-05-09 15:00:00,57.60000000000582,14.0,2.4,1019.9,1,3.6,5,9,4,15
2017-05-09 16:00:00,43.10000000000582,14.5,3.2,1019.1,0,3.1,5,9,5,16
2017-05-09 17:00:00,49.89999999999418,13.6,2.4,1018.3,1,4.1,5,9,6,17
2017-05-09 18:00:00,58.89999999999418,13.0,3.2,1017.5,1,4.1,5,9,7,18
2017-05-09 19:00:00,67.20000000001164,12.0,2.9,1017.1,1,3.1,5,9,1,19
2017-05-09 20:00:00,60.79999999998836,10.8,2.8,1016.9,1,3.1,5,9,2,20
2017-05-09 21:00:00,61.39999999999418,9.6,4.2,1016.7,1,2.6,5,9,3,21
2017-05-09 22:00:00,59.89999999999418,9.5,4.7,1016.2,1,2.6,5,9,4,22
2017-05-09 23:00:00,60.70000000001164,7.6,3.5,1016.0,2,3.6,5,9,5,23
2017-05-10 00:00:00,55.5,6.0,2.8,1015.4,2,3.1,5,10,6,0
2017-05-10 01:00:00,46.0,6.1,3.6,1014.8,2,2.1,5,10,7,1
2017-05-10 02:00:00,36.70000000001164,5.8,3.5,1014.2,2,1.0,5,10,1,2
2017-05-10 03:00:00,33.69999999998254,5.2,3.3,1013.7,0,0.5,5,10,2,3
2017-05-10 04:00:00,34.20000000001164,5.5,3.4,1012.9,0,1.0,5,10,3,4
2017-05-10 05:00:00,34.79999999998836,5.5,3.4,1012.3,0,1.0,5,10,4,5
2017-05-10 06:00:00,33.29999999998836,6.7,4.3,1011.8,1,1.5,5,10,5,6
2017-05-10 07:00:00,34.70000000001164,9.5,4.7,1011.3,2,1.5,5,10,6,7
2017-05-10 08:00:00,40.30000000001746,10.9,3.3,1010.8,2,3.1,5,10,7,8
2017-05-10 09:00:00,48.29999999998836,11.9,3.4,1010.0,2,2.6,5,10,1,9
2017-05-10 10:00:00,43.10000000000582,13.0,3.1,1009.4,2,4.6,5,10,2,10
2017-05-10 11:00:00,42.70000000001164,14.6,3.4,1008.8,3,3.1,5,10,3,11
2017-05-10 12:00:00,54.79999999998836,16.1,3.9,1007.8,2,3.1,5,10,4,12
2017-05-10 13:00:00,44.10000000000582,17.6,3.5,1007.0,3,3.6,5,10,5,13
2017-05-10 14:00:00,57.0,18.6,4.4,1006.1,2,1.5,5,10,6,14
2017-05-10 15:00:00,47.29999999998836,18.6,3.6,1005.1,3,3.6,5,10,7,15
2017-05-10 16:00:00,49.89999999999418,18.2,5.1,1004.2,2,4.6,5,10,1,16
2017-05-10 17:00:00,49.60000000000582,17.3,5.7,1003.8,2,4.6,5,10,2,17
2017-05-10 18:00:00,58.79999999998836,15.9,6.2,1003.3,2,5.1,5,10,3,18
2017-05-10 19:00:00,59.5,14.4,5.9,1003.1,2,4.6,5,10,4,19
2017-05-10 20:00:00,61.79999999998836,11.9,5.6,1003.2,2,5.1,5,10,5,20
2017-05-10 21:00:00,73.80000000001745,10.5,5.1,1003.1,2,5.1,5,10,6,21
2017-05-10 22:00:00,68.60000000000582,9.9,4.9,1002.7,2,3.1,5,10,7,22
2017-05-10 23:00:00,62.39999999999418,8.9,5.2,1002.3,1,2.1,5,10,1,23
2017-05-11 00:00:00,57.5,8.7,5.4,1001.7,1,2.6,5,11,2,0
2017-05-11 01:00:00,52.10000000000582,8.2,5.4,1001.2,1,1.5,5,11,3,1
2017-05-11 02:00:00,46.70000000001164,7.7,5.2,1000.1,1,2.1,5,11,4,2
2017-05-11 03:00:00,44.29999999998836,7.5,5.4,999.2,1,1.5,5,11,5,3
2017-05-11 04:00:00,41.0,7.6,5.6,998.4,1,2.6,5,11,6,4
2017-05-11 05:00:00,40.60000000000582,7.8,6.0,998.1,1,2.1,5,11,7,5
2017-05-11 06:00:00,40.0,9.0,6.9,997.7,1,2.6,5,11,1,6
2017-05-11 07:00:00,41.900000000023276,10.6,7.7,997.5,1,3.1,5,11,2,7
2017-05-11 08:00:00,45.20000000001164,12.1,8.0,997.1,2,2.6,5,11,3,8
2017-05-11 09:00:00,54.0,13.9,9.0,996.7,1,2.6,5,11,4,9
2017-05-11 10:00:00,56.5,15.8,8.0,996.5,2,4.1,5,11,5,10
2017-05-11 11:00:00,52.29999999998836,17.4,8.2,996.2,2,5.1,5,11,6,11
2017-05-11 12:00:00,59.0,20.2,7.0,995.6,2,4.6,5,11,7,12
2017-05-11 13:00:00,59.29999999998836,22.3,8.5,995.0,2,4.1,5,11,1,13
2017-05-11 14:00:00,62.20000000001164,20.4,9.0,994.8,4,5.7,5,11,2,14
2017-05-11 15:00:00,56.10000000000582,19.3,8.6,994.7,4,4.1,5,11,3,15
2017-05-11 16:00:00,55.30000000001746,20.2,10.2,994.2,2,2.1,5,11,4,16
2017-05-11 17:00:00,58.70000000001164,19.8,9.2,993.7,2,3.1,5,11,5,17
2017-05-11 18:00:00,59.10000000000582,19.2,7.4,993.5,2,4.1,5,11,6,18
2017-05-11 19:00:00,57.29999999998836,18.2,7.6,993.7,2,5.1,5,11,7,19
2017-05-11 20:00:00,59.79999999998836,17.1,10.7,994.7,4,4.6,5,11,1,20
2017-05-11 21:00:00,66.89999999999418,14.3,12.5,995.2,2,3.1,5,11,2,21
2017-05-11 22:00:00,60.5,13.4,10.8,995.1,2,3.1,5,11,3,22
2017-05-11 23:00:00,59.10000000000582,12.5,10.8,995.1,2,3.1,5,11,4,23
2017-05-12 00:00:00,57.60000000000582,12.4,11.3,994.9,2,2.1,5,12,5,0
2017-05-12 01:00:00,46.39999999999418,12.6,11.7,994.6,2,2.6,5,12,6,1
2017-05-12 02:00:00,44.599999999976724,12.6,12.0,994.3,2,3.1,5,12,7,2
2017-05-12 03:00:00,39.69999999998254,12.8,12.3,994.3,2,2.6,5,12,1,3
2017-05-12 04:00:00,39.19999999998254,12.9,12.5,994.4,3,2.6,5,12,2,4
2017-05-12 05:00:00,35.10000000000582,13.0,12.3,994.5,4,3.1,5,12,3,5
2017-05-12 06:00:00,34.39999999999418,13.2,12.3,995.3,4,3.6,5,12,4,6
2017-05-12 07:00:00,38.80000000001746,13.6,12.2,995.7,4,3.6,5,12,5,7
2017-05-12 08:00:00,45.400000000023276,14.5,12.0,996.1,4,3.6,5,12,6,8
2017-05-12 09:00:00,50.70000000001164,15.6,11.9,996.1,4,4.1,5,12,7,9
2017-05-12 10:00:00,51.19999999998254,15.9,11.9,996.4,4,5.1,5,12,1,10
2017-05-12 11:00:00,49.89999999999418,14.6,12.9,996.8,4,4.6,5,12,2,11
2017-05-12 12:00:00,56.39999999999418,15.9,12.1,997.0,4,5.1,5,12,3,12
2017-05-12 13:00:00,58.80000000001746,18.2,12.2,996.9,4,5.7,5,12,4,13
2017-05-12 14:00:00,56.60000000000582,18.2,11.3,997.0,4,6.7,5,12,5,14
2017-05-12 15:00:00,50.69999999998254,18.8,10.1,997.2,5,7.2,5,12,6,15
2017-05-12 16:00:00,55.79999999998836,17.9,10.3,997.5,5,6.2,5,12,7,16
2017-05-12 17:00:00,59.80000000001746,18.1,9.9,997.9,5,6.7,5,12,1,17
2017-05-12 18:00:00,65.30000000001746,17.8,9.1,998.3,5,6.2,5,12,2,18
2017-05-12 19:00:00,61.20000000001164,16.1,9.3,999.3,4,6.7,5,12,3,19
2017-05-12 20:00:00,59.70000000001164,13.9,8.9,1000.6,5,6.7,5,12,4,20
2017-05-12 21:00:00,62.60000000000582,12.9,9.2,1001.5,4,5.1,5,12,5,21
2017-05-12 22:00:00,61.70000000001164,12.9,9.6,1001.9,5,5.7,5,12,6,22
2017-05-12 23:00:00,60.80000000001746,11.8,9.2,1002.4,4,3.6,5,12,7,23
2017-05-13 00:00:00,54.0,11.7,9.7,1002.7,4,4.1,5,13,1,0
2017-05-13 01:00:00,50.29999999998836,12.1,9.7,1003.0,4,3.1,5,13,2,1
2017-05-13 02:00:00,47.19999999998254,12.5,9.9,1003.2,4,3.6,5,13,3,2
2017-05-13 03:00:00,45.0,12.2,9.6,1003.3,4,3.6,5,13,4,3
2017-05-13 04:00:00,39.5,12.5,9.9,1003.7,4,3.6,5,13,5,4
2017-05-13 05:00:00,40.29999999998836,12.6,10.1,1004.1,4,3.6,5,13,6,5
2017-05-13 06:00:00,40.0,12.0,11.3,1004.7,4,3.1,5,13,7,6
2017-05-13 07:00:00,38.79999999998836,12.5,11.3,1005.4,5,4.6,5,13,1,7
2017-05-13 08:00:00,43.5,13.3,11.6,1006.1,5,4.6,5,13,2,8
2017-05-13 09:00:00,44.69999999998254,14.8,9.9,1006.9,5,5.7,5,13,3,9
2017-05-13 10:00:00,46.79999999998836,15.3,9.3,1007.8,5,5.1,5,13,4,10
2017-05-13 11:00:00,48.29999999998836,15.7,8.2,1008.3,6,6.7,5,13,5,11
2017-05-13 12:00:00,55.19999999998254,14.7,9.0,1008.8,5,5.7,5,13,6,12
2017-05-13 13:00:00,61.60000000000582,17.1,7.5,1009.0,5,5.7,5,13,7,13
2017-05-13 14:00:00,55.19999999998254,18.3,6.3,1009.3,5,6.7,5,13,1,14
2017-05-13 15:00:00,53.69999999998254,17.5,4.5,1009.4,5,6.2,5,13,2,15
2017-05-13 16:00:00,52.69999999998254,17.4,3.5,1009.9,5,8.8,5,13,3,16
2017-05-13 17:00:00,57.0,17.0,4.6,1010.2,5,7.7,5,13,4,17
2017-05-13 18:00:00,67.5,16.7,4.6,1010.7,5,6.2,5,13,5,18
2017-05-13 19:00:00,64.89999999999418,15.4,3.8,1011.3,4,6.2,5,13,6,19
2017-05-13 20:00:00,69.69999999998254,14.4,4.7,1011.9,5,5.1,5,13,7,20
2017-05-13 21:00:00,67.20000000001164,13.7,6.3,1012.2,4,4.1,5,13,1,21
2017-05-13 22:00:00,62.0,13.0,7.8,1012.5,4,5.1,5,13,2,22
2017-05-13 23:00:00,58.0,12.5,8.0,1012.7,3,3.6,5,13,3,23
2017-05-14 00:00:00,51.60000000000582,12.6,7.8,1012.8,3,4.6,5,14,4,0
2017-05-14 01:00:00,49.80000000001746,12.5,7.9,1012.6,4,4.6,5,14,5,1
2017-05-14 02:00:00,43.5,12.7,8.5,1012.5,3,3.6,5,14,6,2
2017-05-14 03:00:00,38.89999999999418,13.0,9.1,1012.5,4,3.6,5,14,7,3
2017-05-14 04:00:00,38.70000000001164,12.4,11.1,1012.7,4,4.6,5,14,1,4
2017-05-14 05:00:00,36.39999999999418,12.2,11.3,1013.1,4,4.1,5,14,2,5
2017-05-14 06:00:00,36.79999999998836,12.1,10.1,1014.0,7,3.1,5,14,3,6
2017-05-14 07:00:00,39.0,12.9,10.9,1015.5,5,3.6,5,14,4,7
2017-05-14 08:00:00,40.900000000023276,13.6,9.7,1016.5,6,6.2,5,14,5,8
2017-05-14 09:00:00,39.599999999976724,14.8,8.6,1017.5,6,6.2,5,14,6,9
2017-05-14 10:00:00,45.29999999998836,17.2,7.5,1018.3,6,6.2,5,14,7,10
2017-05-14 11:00:00,44.89999999999418,18.0,6.3,1018.9,5,6.7,5,14,1,11
2017-05-14 12:00:00,51.39999999999418,19.8,5.8,1019.5,6,6.2,5,14,2,12
2017-05-14 13:00:00,55.0,18.3,5.7,1019.9,6,5.7,5,14,3,13
2017-05-14 14:00:00,53.30000000001746,19.9,4.5,1020.0,6,5.7,5,14,4,14
2017-05-14 15:00:00,50.20000000001164,18.9,7.7,1020.4,4,7.2,5,14,5,15
2017-05-14 16:00:00,52.70000000001164,17.7,6.6,1020.9,5,6.2,5,14,6,16
2017-05-14 17:00:00,55.5,17.1,8.9,1021.5,6,3.6,5,14,7,17
2017-05-14 18:00:00,61.39999999999418,14.5,9.1,1022.3,7,4.6,5,14,1,18
2017-05-14 19:00:00,64.89999999999418,14.8,8.0,1022.8,6,3.1,5,14,2,19
2017-05-14 20:00:00,64.79999999998836,13.5,8.1,1023.4,7,1.0,5,14,3,20
2017-05-14 21:00:00,60.69999999998254,13.5,7.9,1024.2,4,2.6,5,14,4,21
2017-05-14 22:00:00,56.89999999999418,12.4,8.2,1024.5,5,3.6,5,14,5,22
2017-05-14 23:00:00,57.10000000000582,11.2,8.1,1024.7,4,3.1,5,14,6,23
2017-05-15 00:00:00,53.89999999999418,10.2,7.6,1024.9,4,2.6,5,15,7,0
2017-05-15 01:00:00,50.0,10.0,7.6,1024.8,4,2.6,5,15,1,1
2017-05-15 02:00:00,40.5,10.1,7.8,1024.6,4,3.1,5,15,2,2
2017-05-15 03:00:00,36.19999999998254,10.2,7.9,1024.7,3,3.1,5,15,3,3
2017-05-15 04:00:00,37.89999999999418,11.1,8.6,1024.3,3,4.1,5,15,4,4
2017-05-15 05:00:00,35.70000000001164,11.4,7.7,1024.0,3,3.6,5,15,5,5
2017-05-15 06:00:00,39.79999999998836,12.2,8.4,1024.1,3,4.6,5,15,6,6
2017-05-15 07:00:00,43.60000000000582,12.7,10.4,1024.6,4,5.7,5,15,7,7
2017-05-15 08:00:00,46.39999999999418,12.3,11.4,1024.5,4,5.7,5,15,1,8
2017-05-15 09:00:00,54.5,13.5,12.5,1024.7,4,5.7,5,15,2,9
2017-05-15 10:00:00,53.60000000000582,14.3,12.6,1024.8,4,5.7,5,15,3,10
2017-05-15 11:00:00,52.60000000000582,14.9,13.1,1024.7,4,5.1,5,15,4,11
2017-05-15 12:00:00,61.29999999998836,15.8,13.5,1024.7,4,5.1,5,15,5,12
2017-05-15 13:00:00,56.60000000000582,17.1,12.6,1024.4,4,5.7,5,15,6,13
2017-05-15 14:00:00,60.70000000001164,17.3,11.9,1024.3,4,6.2,5,15,7,14
2017-05-15 15:00:00,56.39999999999418,18.0,11.9,1024.1,4,7.2,5,15,1,15
2017-05-15 16:00:00,58.19999999998254,18.9,11.7,1023.7,4,6.2,5,15,2,16
2017-05-15 17:00:00,60.60000000000582,18.4,12.0,1023.8,4,7.2,5,15,3,17
2017-05-15 18:00:00,66.89999999999418,17.0,12.8,1024.0,4,7.7,5,15,4,18
2017-05-15 19:00:00,70.20000000001164,15.8,13.5,1024.2,4,4.1,5,15,5,19
2017-05-15 20:00:00,65.40000000002328,15.9,13.5,1024.2,4,3.6,5,15,6,20
2017-05-15 21:00:00,65.19999999998254,16.2,13.2,1024.5,4,4.1,5,15,7,21
2017-05-15 22:00:00,63.10000000000582,16.3,13.8,1024.3,4,5.1,5,15,1,22
2017-05-15 23:00:00,58.79999999998836,15.8,13.8,1024.2,4,4.1,5,15,2,23
2017-05-16 00:00:00,53.900000000023276,15.3,13.8,1024.1,4,3.1,5,16,3,0
2017-05-16 01:00:00,48.70000000001164,15.6,14.1,1023.9,5,4.1,5,16,4,1
2017-05-16 02:00:00,41.60000000000582,15.7,14.1,1023.6,4,3.6,5,16,5,2
2017-05-16 03:00:00,40.39999999999418,15.8,14.3,1023.6,5,5.1,5,16,6,3
2017-05-16 04:00:00,36.79999999998836,15.9,14.5,1023.3,4,4.1,5,16,7,4
2017-05-16 05:00:00,35.0,15.2,14.1,1023.4,4,2.6,5,16,1,5
2017-05-16 06:00:00,35.79999999998836,15.7,14.0,1023.3,4,3.6,5,16,2,6
2017-05-16 07:00:00,35.89999999999418,16.6,14.0,1023.6,5,4.6,5,16,3,7
2017-05-16 08:00:00,38.69999999998254,18.1,14.5,1023.7,4,5.7,5,16,4,8
2017-05-16 09:00:00,47.60000000000582,20.2,14.5,1023.5,4,6.7,5,16,5,9
2017-05-16 10:00:00,53.69999999998254,21.1,13.6,1023.6,5,7.2,5,16,6,10
2017-05-16 11:00:00,50.79999999998836,22.3,13.7,1023.3,5,7.7,5,16,7,11
2017-05-16 12:00:00,54.19999999998254,24.8,13.7,1023.1,5,8.8,5,16,1,12
2017-05-16 13:00:00,52.89999999999418,23.9,13.0,1022.9,5,9.3,5,16,2,13
2017-05-16 14:00:00,54.19999999998254,23.1,13.4,1023.5,5,8.7,5,16,3,14
2017-05-16 15:00:00,53.20000000001164,21.3,13.2,1023.6,5,7.2,5,16,4,15
2017-05-16 16:00:00,47.39999999999418,20.8,13.1,1023.5,5,7.7,5,16,5,16
2017-05-16 17:00:00,52.39999999999418,20.6,12.7,1023.5,5,6.7,5,16,6,17
2017-05-16 18:00:00,57.19999999998254,19.6,12.8,1023.5,5,5.1,5,16,7,18
2017-05-16 19:00:00,48.0,18.2,13.8,1023.6,5,5.7,5,16,1,19
2017-05-16 20:00:00,57.19999999998254,17.3,14.3,1023.7,4,4.1,5,16,2,20
2017-05-16 21:00:00,56.60000000000582,17.3,14.2,1023.6,4,4.1,5,16,3,21
2017-05-16 22:00:00,52.0,16.7,14.5,1023.5,4,3.1,5,16,4,22
2017-05-16 23:00:00,60.70000000001164,15.8,14.5,1023.2,5,3.1,5,16,5,23
2017-05-17 00:00:00,48.39999999999418,15.7,14.7,1023.0,4,2.1,5,17,6,0
2017-05-17 01:00:00,43.0,15.4,14.7,1022.4,4,2.6,5,17,7,1
2017-05-17 02:00:00,42.0,15.2,14.6,1021.9,4,2.1,5,17,1,2
2017-05-17 03:00:00,38.79999999998836,15.1,14.8,1021.6,3,2.6,5,17,2,3
2017-05-17 04:00:00,38.60000000000582,15.1,14.9,1020.9,3,2.6,5,17,3,4
2017-05-17 05:00:00,34.400000000023276,15.2,15.0,1020.3,3,2.6,5,17,4,5
2017-05-17 06:00:00,34.0,15.4,15.2,1019.9,3,2.6,5,17,5,6
2017-05-17 07:00:00,36.80000000001746,16.2,15.6,1019.0,2,2.6,5,17,6,7
2017-05-17 08:00:00,44.89999999999418,16.5,15.7,1018.5,2,3.1,5,17,7,8
2017-05-17 09:00:00,52.39999999999418,16.8,15.7,1017.6,2,2.6,5,17,1,9
2017-05-17 10:00:00,52.80000000001746,17.7,15.9,1016.8,2,2.1,5,17,2,10
2017-05-17 11:00:00,53.79999999998836,17.1,15.8,1016.3,2,1.5,5,17,3,11
2017-05-17 12:00:00,57.5,17.0,16.2,1015.7,2,2.1,5,17,4,12
2017-05-17 13:00:00,63.5,17.2,15.8,1014.7,5,2.6,5,17,5,13
2017-05-17 14:00:00,55.29999999998836,15.9,15.1,1014.9,6,4.1,5,17,6,14
2017-05-17 15:00:00,55.60000000000582,16.0,15.5,1014.0,0,1.5,5,17,7,15
2017-05-17 16:00:00,57.89999999999418,14.5,13.6,1013.5,0,2.1,5,17,1,16
2017-05-17 17:00:00,59.10000000000582,14.6,14.0,1013.2,7,2.1,5,17,2,17
2017-05-17 18:00:00,64.90000000002328,14.3,13.4,1012.8,0,2.1,5,17,3,18
2017-05-17 19:00:00,65.70000000001164,14.0,13.1,1012.6,7,1.0,5,17,4,19
2017-05-17 20:00:00,73.0,13.8,13.2,1012.4,6,2.1,5,17,5,20
2017-05-17 21:00:00,68.40000000002328,12.9,12.1,1012.8,7,3.6,5,17,6,21
2017-05-17 22:00:00,63.79999999998836,11.8,10.9,1012.9,6,2.6,5,17,7,22
2017-05-17 23:00:00,60.79999999998836,11.5,10.6,1012.7,7,2.6,5,17,1,23
2017-05-18 00:00:00,57.29999999998836,11.2,10.2,1012.9,6,3.6,5,18,2,0
2017-05-18 01:00:00,47.0,10.8,9.4,1012.8,6,2.1,5,18,3,1
2017-05-18 02:00:00,42.29999999998836,10.7,9.2,1012.8,6,2.6,5,18,4,2
2017-05-18 03:00:00,40.19999999998254,10.3,8.8,1012.8,6,2.6,5,18,5,3
2017-05-18 04:00:00,40.69999999998254,9.8,9.1,1012.8,6,3.1,5,18,6,4
2017-05-18 05:00:00,36.900000000023276,9.9,8.8,1013.0,6,2.6,5,18,7,5
2017-05-18 06:00:00,36.60000000000582,10.4,8.5,1013.3,6,2.1,5,18,1,6
2017-05-18 07:00:00,38.29999999998836,11.0,8.2,1013.4,7,2.6,5,18,2,7
2017-05-18 08:00:00,42.0,13.0,8.8,1013.7,6,2.1,5,18,3,8
2017-05-18 09:00:00,47.0,13.8,6.6,1013.4,6,2.1,5,18,4,9
2017-05-18 10:00:00,47.70000000001164,15.3,8.5,1013.2,7,2.1,5,18,5,10
2017-05-18 11:00:00,53.79999999998836,15.5,7.3,1012.8,7,3.1,5,18,6,11
2017-05-18 12:00:00,59.10000000000582,15.9,6.9,1012.7,6,2.1,5,18,7,12
2017-05-18 13:00:00,58.39999999999418,16.1,5.7,1012.4,6,1.5,5,18,1,13
2017-05-18 14:00:00,58.20000000001164,15.8,6.8,1012.3,7,2.1,5,18,2,14
2017-05-18 15:00:00,55.89999999999418,14.1,6.3,1012.5,7,2.6,5,18,3,15
2017-05-18 16:00:00,58.0,13.1,8.0,1012.6,6,2.6,5,18,4,16
2017-05-18 17:00:00,58.5,12.3,9.6,1012.6,6,1.5,5,18,5,17
2017-05-18 18:00:00,60.60000000000582,11.9,9.5,1012.1,7,1.5,5,18,6,18
2017-05-18 19:00:00,64.29999999998836,11.3,10.0,1011.9,7,1.5,5,18,7,19
2017-05-18 20:00:00,61.80000000001746,10.8,9.8,1011.9,7,3.1,5,18,1,20
2017-05-18 21:00:00,66.09999999997672,10.5,9.7,1012.0,7,2.6,5,18,2,21
2017-05-18 22:00:00,61.39999999999418,10.3,9.6,1011.6,7,2.1,5,18,3,22
2017-05-18 23:00:00,59.10000000000582,10.1,9.5,1011.2,7,2.6,5,18,4,23
2017-05-19 00:00:00,55.69999999998254,9.9,8.9,1011.0,6,3.6,5,19,5,0
2017-05-19 01:00:00,52.69999999998254,9.8,8.7,1010.7,6,3.1,5,19,6,1
2017-05-19 02:00:00,45.5,9.9,9.2,1010.8,6,3.1,5,19,7,2
2017-05-19 03:00:00,41.89999999999418,9.8,8.9,1010.6,6,2.6,5,19,1,3
2017-05-19 04:00:00,40.30000000001746,9.9,9.0,1010.3,6,2.1,5,19,2,4
2017-05-19 05:00:00,37.5,9.7,9.1,1010.4,6,2.6,5,19,3,5
2017-05-19 06:00:00,36.80000000001746,10.1,9.4,1010.6,6,3.1,5,19,4,6
2017-05-19 07:00:00,37.70000000001164,11.0,9.1,1011.0,6,3.1,5,19,5,7
2017-05-19 08:00:00,41.0,11.3,9.6,1011.3,6,3.6,5,19,6,8
2017-05-19 09:00:00,50.89999999999418,12.6,10.2,1011.3,6,4.6,5,19,7,9
2017-05-19 10:00:00,51.60000000000582,11.9,7.3,1012.0,7,4.1,5,19,1,10
2017-05-19 11:00:00,55.60000000000582,12.8,6.3,1012.5,7,4.1,5,19,2,11
2017-05-19 12:00:00,59.29999999998836,12.7,8.1,1012.4,6,3.1,5,19,3,12
2017-05-19 13:00:00,57.89999999999418,13.6,7.1,1012.6,7,2.1,5,19,4,13
2017-05-19 14:00:00,51.0,13.8,6.8,1012.7,7,3.1,5,19,5,14
2017-05-19 15:00:00,49.5,14.9,6.6,1012.4,5,1.5,5,19,6,15
2017-05-19 16:00:00,53.80000000001746,11.9,7.2,1012.5,5,7.7,5,19,7,16
2017-05-19 17:00:00,56.10000000000582,13.3,7.3,1012.6,5,3.6,5,19,1,17
2017-05-19 18:00:00,60.69999999998254,13.5,8.2,1013.0,5,5.1,5,19,2,18
2017-05-19 19:00:00,57.89999999999418,12.4,6.3,1013.1,4,3.6,5,19,3,19
2017-05-19 20:00:00,64.09999999997672,11.3,7.2,1013.6,5,2.6,5,19,4,20
2017-05-19 21:00:00,61.5,11.4,7.7,1014.4,7,1.0,5,19,5,21
2017-05-19 22:00:00,60.30000000001746,10.9,8.1,1014.3,7,1.0,5,19,6,22
2017-05-19 23:00:00,56.79999999998836,9.7,7.4,1014.2,6,1.0,5,19,7,23
2017-05-20 00:00:00,54.099999999976724,8.9,7.6,1014.3,4,2.6,5,20,1,0
2017-05-20 01:00:00,46.10000000000582,8.3,7.0,1014.4,5,2.6,5,20,2,1
2017-05-20 02:00:00,42.10000000000582,8.0,6.7,1014.7,5,3.6,5,20,3,2
2017-05-20 03:00:00,41.5,7.6,6.3,1014.7,5,3.1,5,20,4,3
2017-05-20 04:00:00,41.70000000001164,7.0,6.0,1014.8,5,2.1,5,20,5,4
2017-05-20 05:00:00,37.89999999999418,6.7,5.7,1015.3,5,1.5,5,20,6,5
2017-05-20 06:00:00,37.60000000000582,8.5,7.0,1016.0,5,2.6,5,20,7,6
2017-05-20 07:00:00,36.0,10.4,8.2,1016.4,5,3.1,5,20,1,7
2017-05-20 08:00:00,38.70000000001164,12.4,8.5,1016.9,5,2.6,5,20,2,8
2017-05-20 09:00:00,40.69999999998254,13.4,6.1,1017.2,5,5.7,5,20,3,9
2017-05-20 10:00:00,48.79999999998836,14.0,6.4,1017.5,5,5.7,5,20,4,10
2017-05-20 11:00:00,53.39999999999418,14.6,7.3,1017.8,4,5.1,5,20,5,11
2017-05-20 12:00:00,56.10000000000582,13.3,9.2,1018.0,4,3.6,5,20,6,12
2017-05-20 13:00:00,57.5,13.4,10.1,1018.3,6,5.7,5,20,7,13
2017-05-20 14:00:00,54.29999999998836,15.0,7.6,1018.6,5,8.2,5,20,1,14
2017-05-20 15:00:00,57.10000000000582,15.0,8.1,1018.8,5,7.2,5,20,2,15
2017-05-20 16:00:00,53.30000000001746,16.0,8.9,1019.0,5,7.7,5,20,3,16
2017-05-20 17:00:00,55.5,15.7,7.4,1019.2,5,8.8,5,20,4,17
2017-05-20 18:00:00,60.20000000001164,15.3,6.7,1019.7,5,8.8,5,20,5,18
2017-05-20 19:00:00,63.60000000000582,14.5,6.9,1020.5,4,6.7,5,20,6,19
2017-05-20 20:00:00,60.5,13.3,7.3,1021.2,5,6.2,5,20,7,20
2017-05-20 21:00:00,64.5,12.1,7.7,1022.1,4,4.1,5,20,1,21
2017-05-20 22:00:00,64.40000000002328,11.8,8.4,1022.5,5,4.6,5,20,2,22
2017-05-20 23:00:00,59.20000000001164,10.7,8.3,1023.1,4,3.6,5,20,3,23
2017-05-21 00:00:00,56.30000000001746,10.1,8.4,1023.7,4,3.6,5,21,4,0
2017-05-21 01:00:00,54.0,9.5,8.1,1023.8,5,3.1,5,21,5,1
2017-05-21 02:00:00,46.0,9.3,8.2,1023.8,4,2.6,5,21,6,2
2017-05-21 03:00:00,42.0,9.2,8.4,1023.8,5,3.1,5,21,7,3
2017-05-21 04:00:00,40.0,8.6,7.8,1024.1,4,2.6,5,21,1,4
2017-05-21 05:00:00,39.20000000001164,9.2,8.7,1024.5,4,2.6,5,21,2,5
2017-05-21 06:00:00,37.599999999976724,10.4,9.3,1025.0,4,2.6,5,21,3,6
2017-05-21 07:00:00,35.39999999999418,11.8,9.5,1025.5,5,2.1,5,21,4,7
2017-05-21 08:00:00,37.79999999998836,13.1,8.8,1025.6,4,3.1,5,21,5,8
2017-05-21 09:00:00,39.80000000001746,14.8,8.1,1025.5,4,5.1,5,21,6,9
2017-05-21 10:00:00,43.900000000023276,16.7,8.7,1025.3,4,4.1,5,21,7,10
2017-05-21 11:00:00,52.60000000000582,18.2,7.5,1024.8,4,5.7,5,21,1,11
2017-05-21 12:00:00,53.0,19.1,8.8,1024.5,4,6.2,5,21,2,12
2017-05-21 13:00:00,50.5,19.1,8.1,1023.7,4,5.1,5,21,3,13
2017-05-21 14:00:00,53.89999999999418,20.0,8.0,1023.097913251521,3,4.6,5,21,4,14
2017-05-21 15:00:00,50.89999999999418,19.9,7.6,1022.6,4,4.6,5,21,5,15
2017-05-21 16:00:00,50.79999999998836,20.0,7.6,1022.0,3,5.7,5,21,6,16
2017-05-21 17:00:00,51.599999999976724,19.8,6.7,1021.5,4,5.1,5,21,7,17
2017-05-21 18:00:00,56.89999999999418,18.4,5.9,1021.2,4,5.1,5,21,1,18
2017-05-21 19:00:00,59.60000000000582,18.1,6.7,1020.9,4,4.1,5,21,2,19
2017-05-21 20:00:00,57.79999999998836,16.5,7.7,1020.8,3,3.1,5,21,3,20
2017-05-21 21:00:00,58.5,14.8,7.9,1020.8,3,3.6,5,21,4,21
2017-05-21 22:00:00,60.900000000023276,14.0,8.3,1020.7,2,3.6,5,21,5,22
2017-05-21 23:00:00,62.20000000001164,13.4,8.6,1020.4,2,3.6,5,21,6,23
2017-05-22 00:00:00,52.5,12.1,8.7,1019.9,2,3.6,5,22,7,0
2017-05-22 01:00:00,47.70000000001164,11.6,8.4,1019.5,2,2.6,5,22,1,1
2017-05-22 02:00:00,44.39999999999418,12.2,8.9,1018.7,2,1.5,5,22,2,2
2017-05-22 03:00:00,41.39999999999418,12.1,9.2,1018.3,2,2.1,5,22,3,3
2017-05-22 04:00:00,39.20000000001164,11.3,8.8,1018.0,1,2.1,5,22,4,4
2017-05-22 05:00:00,37.0,12.4,9.5,1018.0,1,1.5,5,22,5,5
2017-05-22 06:00:00,37.80000000001746,13.8,9.8,1017.6,2,2.1,5,22,6,6
2017-05-22 07:00:00,36.89999999999418,15.0,9.9,1017.3,2,2.6,5,22,7,7
2017-05-22 08:00:00,41.70000000001164,16.5,9.9,1017.3,3,3.1,5,22,1,8
2017-05-22 09:00:00,49.400000000023276,19.5,9.4,1017.1,3,5.1,5,22,2,9
2017-05-22 10:00:00,47.70000000001164,20.4,9.2,1016.9,3,5.1,5,22,3,10
2017-05-22 11:00:00,48.099999999976724,22.3,8.7,1016.5,4,6.2,5,22,4,11
2017-05-22 12:00:00,50.60000000000582,23.8,9.5,1015.7,4,4.6,5,22,5,12
2017-05-22 13:00:00,51.5,23.8,8.2,1015.3,4,6.2,5,22,6,13
2017-05-22 14:00:00,52.0,23.1,8.8,1014.9,4,5.1,5,22,7,14
2017-05-22 15:00:00,48.29999999998836,24.2,9.3,1014.4,4,5.7,5,22,1,15
2017-05-22 16:00:00,48.900000000023276,23.9,8.8,1014.1,4,5.7,5,22,2,16
2017-05-22 17:00:00,52.60000000000582,22.5,8.6,1014.0,4,6.2,5,22,3,17
2017-05-22 18:00:00,55.5,22.1,8.1,1014.2,4,5.7,5,22,4,18
2017-05-22 19:00:00,66.5,20.9,9.1,1014.5,4,5.1,5,22,5,19
2017-05-22 20:00:00,65.70000000001164,19.5,9.8,1014.6,4,3.6,5,22,6,20
2017-05-22 21:00:00,59.89999999999418,18.1,10.4,1015.2,5,4.1,5,22,7,21
2017-05-22 22:00:00,59.69999999998254,16.9,10.8,1015.4,5,5.1,5,22,1,22
2017-05-22 23:00:00,59.70000000001164,15.7,11.2,1015.5,6,4.1,5,22,2,23
2017-05-23 00:00:00,51.70000000001164,15.1,11.4,1016.2,6,3.6,5,23,3,0
2017-05-23 01:00:00,47.30000000001746,14.2,10.4,1016.6,6,4.6,5,23,4,1
2017-05-23 02:00:00,44.10000000000582,12.9,9.7,1017.4,6,3.1,5,23,5,2
2017-05-23 03:00:00,42.20000000001164,11.1,8.8,1017.8,6,2.6,5,23,6,3
2017-05-23 04:00:00,38.5,11.2,9.1,1018.6,6,4.1,5,23,7,4
2017-05-23 05:00:00,36.20000000001164,10.9,9.2,1019.1,6,2.1,5,23,1,5
2017-05-23 06:00:00,34.900000000023276,13.4,10.0,1019.1,6,2.6,5,23,2,6
2017-05-23 07:00:00,35.79999999998836,14.7,10.1,1020.3,6,3.1,5,23,3,7
2017-05-23 08:00:00,38.69999999998254,15.3,10.7,1020.8,6,1.5,5,23,4,8
2017-05-23 09:00:00,47.29999999998836,16.7,11.2,1021.1,6,2.1,5,23,5,9
2017-05-23 10:00:00,48.60000000000582,18.7,11.3,1021.4,5,3.1,5,23,6,10
2017-05-23 11:00:00,53.10000000000582,19.0,12.9,1021.9,6,3.1,5,23,7,11
2017-05-23 12:00:00,51.30000000001746,19.7,12.7,1022.1,6,4.6,5,23,1,12
2017-05-23 13:00:00,51.69999999998254,18.5,13.3,1022.3,6,3.6,5,23,2,13
2017-05-23 14:00:00,54.29999999998836,18.1,13.8,1022.5,6,4.1,5,23,3,14
2017-05-23 15:00:00,53.79999999998836,17.8,14.5,1022.6,7,2.1,5,23,4,15
2017-05-23 16:00:00,50.10000000000582,20.7,14.9,1022.5,6,3.6,5,23,5,16
2017-05-23 17:00:00,49.599999999976724,20.2,14.3,1022.4,6,3.1,5,23,6,17
2017-05-23 18:00:00,53.5,20.7,13.5,1022.5,6,4.1,5,23,7,18
2017-05-23 19:00:00,57.0,20.1,14.0,1022.9,6,4.1,5,23,1,19
2017-05-23 20:00:00,57.70000000001164,18.6,13.4,1023.4,6,4.6,5,23,2,20
2017-05-23 21:00:00,58.0,17.7,13.7,1023.8,6,4.1,5,23,3,21
2017-05-23 22:00:00,58.20000000001164,17.1,13.8,1024.0,6,3.1,5,23,4,22
2017-05-23 23:00:00,55.80000000001746,16.0,13.7,1024.4,6,3.6,5,23,5,23
2017-05-24 00:00:00,50.39999999999418,15.1,13.1,1024.6,6,3.1,5,24,6,0
2017-05-24 01:00:00,46.099999999976724,13.8,12.1,1024.7,6,2.6,5,24,7,1
2017-05-24 02:00:00,43.30000000001746,13.5,12.3,1024.7,6,2.6,5,24,1,2
2017-05-24 03:00:00,36.20000000001164,13.6,12.6,1025.0,6,3.1,5,24,2,3
2017-05-24 04:00:00,35.39999999999418,13.1,12.0,1024.9,6,2.6,5,24,3,4
2017-05-24 05:00:00,33.80000000001746,12.8,11.9,1025.4,6,2.1,5,24,4,5
2017-05-24 06:00:00,32.10000000000582,14.2,12.6,1025.8,6,1.5,5,24,5,6
2017-05-24 07:00:00,33.60000000000582,16.0,12.8,1026.1,7,1.5,5,24,6,7
2017-05-24 08:00:00,36.30000000001746,19.2,13.2,1026.3,6,1.0,5,24,7,8
2017-05-24 09:00:00,46.79999999998836,20.6,12.2,1026.4,7,1.0,5,24,1,9
2017-05-24 10:00:00,46.60000000000582,21.9,13.3,1026.3,0,2.1,5,24,2,10
2017-05-24 11:00:00,44.29999999998836,22.3,12.3,1026.3,0,1.5,5,24,3,11
2017-05-24 12:00:00,48.89999999999418,23.5,12.1,1026.0,1,1.5,5,24,4,12
2017-05-24 13:00:00,50.69999999998254,24.1,12.9,1025.7,2,1.0,5,24,5,13
2017-05-24 14:00:00,50.60000000000582,24.2,12.3,1025.6,2,2.1,5,24,6,14
2017-05-24 15:00:00,46.30000000001746,25.2,12.1,1025.2,7,3.1,5,24,7,15
2017-05-24 16:00:00,49.30000000001746,25.1,12.3,1024.9,0,2.6,5,24,1,16
2017-05-24 17:00:00,44.5,24.7,11.6,1024.6,0,2.6,5,24,2,17
2017-05-24 18:00:00,48.0,25.3,12.9,1024.6,0,2.6,5,24,3,18
2017-05-24 19:00:00,51.5,24.4,13.3,1024.7,0,2.6,5,24,4,19
2017-05-24 20:00:00,58.89999999999418,22.7,13.1,1024.7,1,2.1,5,24,5,20
2017-05-24 21:00:00,60.5,21.7,13.3,1025.1,1,2.1,5,24,6,21
2017-05-24 22:00:00,58.10000000000582,19.3,14.8,1025.2,4,4.1,5,24,7,22
2017-05-24 23:00:00,57.0,17.9,14.0,1025.3,4,2.6,5,24,1,23
2017-05-25 00:00:00,53.79999999998836,17.1,13.8,1025.3,4,2.1,5,25,2,0
2017-05-25 01:00:00,47.400000000023276,15.9,12.9,1024.9,5,1.5,5,25,3,1
2017-05-25 02:00:00,42.89999999999418,15.6,13.1,1024.9,4,1.0,5,25,4,2
2017-05-25 03:00:00,40.10000000000582,14.1,12.5,1024.8,4,0.5,5,25,5,3
2017-05-25 04:00:00,37.29999999998836,14.7,13.2,1024.7,6,0.5,5,25,6,4
2017-05-25 05:00:00,36.29999999998836,15.2,13.3,1024.8,0,0.5,5,25,7,5
2017-05-25 06:00:00,35.19999999998254,17.4,14.4,1025.1,1,1.0,5,25,1,6
2017-05-25 07:00:00,35.29999999998836,19.5,14.4,1025.2,2,1.5,5,25,2,7
2017-05-25 08:00:00,40.0,21.5,14.4,1025.2,2,1.5,5,25,3,8
2017-05-25 09:00:00,47.19999999998254,23.0,14.8,1025.0,3,1.0,5,25,4,9
2017-05-25 10:00:00,48.10000000000582,24.4,15.0,1024.7,3,2.6,5,25,5,10
2017-05-25 11:00:00,45.5,25.8,15.6,1024.1,2,2.6,5,25,6,11
2017-05-25 12:00:00,49.39999999999418,24.0,13.4,1023.5,2,4.1,5,25,7,12
2017-05-25 13:00:00,50.39999999999418,26.6,14.7,1023.1,2,4.1,5,25,1,13
2017-05-25 14:00:00,48.89999999999418,26.1,13.2,1022.7,2,4.6,5,25,2,14
2017-05-25 15:00:00,43.30000000001746,25.5,13.5,1022.4,2,5.7,5,25,3,15
2017-05-25 16:00:00,43.60000000000582,25.1,13.0,1022.3,2,5.1,5,25,4,16
2017-05-25 17:00:00,44.599999999976724,24.2,12.9,1021.8,2,5.7,5,25,5,17
2017-05-25 18:00:00,50.79999999998836,22.7,12.7,1021.6,2,6.7,5,25,6,18
2017-05-25 19:00:00,54.60000000000582,21.0,11.3,1021.6,2,5.7,5,25,7,19
2017-05-25 20:00:00,55.099999999976724,19.4,8.7,1021.7,2,5.1,5,25,1,20
2017-05-25 21:00:00,58.79999999998836,17.5,5.0,1021.9,2,5.1,5,25,2,21
2017-05-25 22:00:00,53.79999999998836,16.5,7.0,1021.8,2,5.1,5,25,3,22
2017-05-25 23:00:00,53.89999999999418,15.4,8.3,1021.7,2,3.6,5,25,4,23
2017-05-26 00:00:00,49.29999999998836,15.6,8.7,1021.3,2,2.6,5,26,5,0
2017-05-26 01:00:00,46.5,14.5,9.4,1021.0,2,2.6,5,26,6,1
2017-05-26 02:00:00,41.39999999999418,14.4,10.0,1020.9,1,1.5,5,26,7,2
2017-05-26 03:00:00,37.89999999999418,14.1,10.4,1020.3,1,1.5,5,26,1,3
2017-05-26 04:00:00,35.10000000000582,13.9,11.0,1020.3,1,1.5,5,26,2,4
2017-05-26 05:00:00,32.30000000001746,14.6,11.7,1020.0,1,2.1,5,26,3,5
2017-05-26 06:00:00,33.39999999999418,16.7,12.5,1020.0,2,3.1,5,26,4,6
2017-05-26 07:00:00,35.70000000001164,18.9,12.8,1019.9,2,5.1,5,26,5,7
2017-05-26 08:00:00,38.29999999998836,21.7,13.2,1019.6,2,5.1,5,26,6,8
2017-05-26 09:00:00,44.400000000023276,24.1,12.5,1019.1,3,6.2,5,26,7,9
2017-05-26 10:00:00,40.89999999999418,24.9,11.8,1018.7,3,5.7,5,26,1,10
2017-05-26 11:00:00,42.60000000000582,25.9,11.2,1018.2,3,6.2,5,26,2,11
2017-05-26 12:00:00,43.69999999998254,26.5,12.0,1017.5,2,7.2,5,26,3,12
2017-05-26 13:00:00,47.60000000000582,27.1,11.7,1017.1,3,6.7,5,26,4,13
2017-05-26 14:00:00,47.0,27.3,11.0,1016.4,2,7.2,5,26,5,14
2017-05-26 15:00:00,45.39999999999418,27.7,11.1,1016.0,3,6.2,5,26,6,15
2017-05-26 16:00:00,50.20000000001164,26.5,13.4,1015.6,2,6.7,5,26,7,16
2017-05-26 17:00:00,50.5,25.4,13.8,1014.9,2,6.7,5,26,1,17
2017-05-26 18:00:00,52.400000000023276,24.3,13.5,1014.9,2,7.7,5,26,2,18
2017-05-26 19:00:00,50.20000000001164,22.8,12.5,1014.8,2,6.7,5,26,3,19
2017-05-26 20:00:00,54.79999999998836,21.8,11.8,1014.4,2,4.1,5,26,4,20
2017-05-26 21:00:00,54.29999999998836,20.2,11.8,1014.2,2,4.6,5,26,5,21
2017-05-26 22:00:00,55.19999999998254,19.1,12.1,1014.0,2,4.1,5,26,6,22
2017-05-26 23:00:00,53.10000000000582,17.5,12.5,1013.9,2,4.1,5,26,7,23
2017-05-27 00:00:00,49.69999999998254,17.6,12.5,1013.6,2,2.1,5,27,1,0
2017-05-27 01:00:00,44.60000000000582,17.1,12.8,1013.1,2,2.1,5,27,2,1
2017-05-27 02:00:00,42.19999999998254,16.3,12.7,1012.4,1,1.5,5,27,3,2
2017-05-27 03:00:00,40.79999999998836,16.4,12.7,1012.0,2,2.1,5,27,4,3
2017-05-27 04:00:00,41.0,16.3,13.1,1011.9,2,1.5,5,27,5,4
2017-05-27 05:00:00,39.10000000000582,17.5,13.5,1012.2,2,2.1,5,27,6,5
2017-05-27 06:00:00,37.0,20.1,14.0,1011.9,3,1.5,5,27,7,6
2017-05-27 07:00:00,34.39999999999418,20.5,13.9,1012.0,3,2.1,5,27,1,7
2017-05-27 08:00:00,33.60000000000582,20.2,15.2,1011.8,3,4.1,5,27,2,8
2017-05-27 09:00:00,35.80000000001746,22.8,15.4,1011.7,3,6.2,5,27,3,9
2017-05-27 10:00:00,36.10000000000582,21.5,15.5,1012.9,4,8.2,5,27,4,10
2017-05-27 11:00:00,42.60000000000582,20.5,14.2,1013.7,4,8.2,5,27,5,11
2017-05-27 12:00:00,45.5,21.2,14.6,1014.0,5,7.2,5,27,6,12
2017-05-27 13:00:00,46.0,21.5,14.4,1014.4,4,8.2,5,27,7,13
2017-05-27 14:00:00,47.099999999976724,21.3,13.9,1014.7,5,7.7,5,27,1,14
2017-05-27 15:00:00,46.79999999998836,21.8,13.1,1014.6,5,7.7,5,27,2,15
2017-05-27 16:00:00,46.0,21.9,13.2,1014.9,5,7.2,5,27,3,16
2017-05-27 17:00:00,48.89999999999418,19.9,12.3,1015.3,5,7.7,5,27,4,17
2017-05-27 18:00:00,55.60000000000582,19.2,11.8,1015.4,5,6.2,5,27,5,18
2017-05-27 19:00:00,52.70000000001164,18.4,11.6,1015.8,5,6.7,5,27,6,19
2017-05-27 20:00:00,53.599999999976724,17.5,11.3,1016.2,5,6.2,5,27,7,20
2017-05-27 21:00:00,56.29999999998836,16.2,11.8,1017.0,5,4.6,5,27,1,21
2017-05-27 22:00:00,55.0,15.1,12.2,1017.4,6,4.1,5,27,2,22
2017-05-27 23:00:00,49.20000000001164,14.6,12.4,1017.9,5,2.6,5,27,3,23
2017-05-28 00:00:00,50.39999999999418,14.1,12.6,1018.2,6,2.1,5,28,4,0
2017-05-28 01:00:00,47.39999999999418,13.2,12.0,1018.0,6,2.6,5,28,5,1
2017-05-28 02:00:00,44.60000000000582,12.5,11.5,1018.2,6,3.1,5,28,6,2
2017-05-28 03:00:00,44.60000000000582,12.5,11.5,1018.5,6,3.6,5,28,7,3
2017-05-28 04:00:00,38.89999999999418,11.9,11.1,1018.5,5,3.1,5,28,1,4
2017-05-28 05:00:00,37.70000000001164,12.0,11.1,1019.0,4,2.6,5,28,2,5
2017-05-28 06:00:00,35.19999999998254,13.7,11.5,1018.9,6,2.1,5,28,3,6
2017-05-28 07:00:00,34.5,15.1,12.1,1018.6,7,2.1,5,28,4,7
2017-05-28 08:00:00,34.0,16.3,12.5,1019.0,7,1.0,5,28,5,8
2017-05-28 09:00:00,35.89999999999418,18.7,12.7,1019.0,2,1.0,5,28,6,9
2017-05-28 10:00:00,39.599999999976724,19.9,12.6,1018.8,6,2.1,5,28,7,10
2017-05-28 11:00:00,41.89999999999418,20.6,12.0,1018.3,2,1.5,5,28,1,11
2017-05-28 12:00:00,43.39999999999418,21.1,12.7,1018.5,6,2.1,5,28,2,12
2017-05-28 13:00:00,45.0,23.5,12.2,1018.4,6,2.6,5,28,3,13
2017-05-28 14:00:00,43.0,22.7,11.1,1017.7,6,1.5,5,28,4,14
2017-05-28 15:00:00,47.79999999998836,21.3,11.4,1017.5,6,2.6,5,28,5,15
2017-05-28 16:00:00,49.39999999999418,21.4,11.8,1016.8,0,1.0,5,28,6,16
2017-05-28 17:00:00,50.39999999999418,16.9,14.2,1016.5,3,3.6,5,28,7,17
2017-05-28 18:00:00,52.5,18.2,15.6,1015.9,1,2.1,5,28,1,18
2017-05-28 19:00:00,55.099999999976724,18.5,15.5,1015.9,1,1.5,5,28,2,19
2017-05-28 20:00:00,53.89999999999418,18.4,14.9,1016.2,2,2.1,5,28,3,20
2017-05-28 21:00:00,56.39999999999418,17.9,14.9,1015.5,1,2.1,5,28,4,21
2017-05-28 22:00:00,54.0,17.6,14.3,1015.1,1,2.1,5,28,5,22
2017-05-28 23:00:00,54.5,17.0,13.8,1014.5,1,2.1,5,28,6,23
2017-05-29 00:00:00,47.19999999998254,16.9,14.0,1014.6,2,3.1,5,29,7,0
2017-05-29 01:00:00,42.79999999998836,14.5,12.6,1014.8,2,4.6,5,29,1,1
2017-05-29 02:00:00,38.0,14.1,12.7,1013.2,1,3.1,5,29,2,2
2017-05-29 03:00:00,36.39999999999418,14.0,13.0,1012.8,0,1.5,5,29,3,3
2017-05-29 04:00:00,35.80000000001746,13.9,13.3,1012.4,0,1.0,5,29,4,4
2017-05-29 05:00:00,34.69999999998254,14.0,13.4,1012.4,1,1.5,5,29,5,5
2017-05-29 06:00:00,33.20000000001164,15.0,14.2,1012.5,1,2.1,5,29,6,6
2017-05-29 07:00:00,30.700000000011638,15.7,14.0,1012.5,1,3.1,5,29,7,7
2017-05-29 08:00:00,33.60000000000582,16.5,14.1,1012.7,1,3.1,5,29,1,8
2017-05-29 09:00:00,35.69999999998254,17.2,14.3,1012.8,1,2.1,5,29,2,9
2017-05-29 10:00:00,42.0,18.1,15.2,1012.6,3,2.6,5,29,3,10
2017-05-29 11:00:00,42.900000000023276,19.0,15.4,1012.5,4,2.1,5,29,4,11
2017-05-29 12:00:00,43.10000000000582,19.0,15.3,1012.6,4,2.1,5,29,5,12
2017-05-29 13:00:00,45.69999999998254,19.7,16.3,1012.0,5,1.0,5,29,6,13
2017-05-29 14:00:00,48.29999999998836,20.5,16.8,1011.9,4,2.1,5,29,7,14
2017-05-29 15:00:00,48.70000000001164,20.6,16.6,1011.3,5,2.1,5,29,1,15
2017-05-29 16:00:00,48.60000000000582,20.5,16.8,1011.2,5,3.1,5,29,2,16
2017-05-29 17:00:00,50.5,19.6,17.1,1011.3,5,5.7,5,29,3,17
2017-05-29 18:00:00,53.5,18.5,16.8,1011.6,5,4.1,5,29,4,18
2017-05-29 19:00:00,58.0,18.4,16.4,1011.8,5,4.1,5,29,5,19
2017-05-29 20:00:00,60.0,18.0,16.2,1011.8,5,3.6,5,29,6,20
2017-05-29 21:00:00,56.70000000001164,18.0,16.1,1012.1,5,4.6,5,29,7,21
2017-05-29 22:00:00,57.29999999998836,17.8,15.8,1012.4,5,4.6,5,29,1,22
2017-05-29 23:00:00,52.39999999999418,17.5,15.5,1012.6,5,4.1,5,29,2,23
2017-05-30 00:00:00,52.19999999998254,17.1,15.2,1012.3,5,4.1,5,30,3,0
2017-05-30 01:00:00,45.29999999998836,16.9,15.3,1012.4,5,4.1,5,30,4,1
2017-05-30 02:00:00,42.5,16.2,13.6,1012.6,6,4.1,5,30,5,2
2017-05-30 03:00:00,38.60000000000582,15.3,12.8,1012.7,6,4.6,5,30,6,3
2017-05-30 04:00:00,36.0,14.3,12.7,1012.6,6,3.1,5,30,7,4
2017-05-30 05:00:00,35.69999999998254,14.3,12.2,1013.2,6,4.1,5,30,1,5
2017-05-30 06:00:00,34.5,14.8,12.5,1013.5,6,3.6,5,30,2,6
2017-05-30 07:00:00,34.0,15.9,12.5,1014.2,6,5.1,5,30,3,7
2017-05-30 08:00:00,39.10000000000582,16.0,12.5,1014.8,6,4.6,5,30,4,8
2017-05-30 09:00:00,46.19999999998254,16.9,12.2,1015.1,5,5.1,5,30,5,9
2017-05-30 10:00:00,50.5,18.6,11.9,1015.2,6,5.1,5,30,6,10
2017-05-30 11:00:00,51.10000000000582,18.6,12.6,1015.5,6,6.2,5,30,7,11
2017-05-30 12:00:00,53.5,19.7,13.7,1015.7,6,5.7,5,30,1,12
2017-05-30 13:00:00,47.89999999999418,17.8,11.8,1015.9,6,7.7,5,30,2,13
2017-05-30 14:00:00,47.10000000000582,18.6,12.0,1016.0,6,6.7,5,30,3,14
2017-05-30 15:00:00,47.89999999999418,19.6,12.3,1016.3,6,7.2,5,30,4,15
2017-05-30 16:00:00,49.39999999999418,19.5,10.9,1016.8,6,6.7,5,30,5,16
2017-05-30 17:00:00,50.0,20.1,10.5,1016.9,6,6.2,5,30,6,17
2017-05-30 18:00:00,52.79999999998836,20.1,11.6,1017.4,6,5.1,5,30,7,18
2017-05-30 19:00:00,57.29999999998836,19.1,11.3,1017.6,6,5.7,5,30,1,19
2017-05-30 20:00:00,56.900000000023276,18.3,12.3,1018.4,6,4.1,5,30,2,20
2017-05-30 21:00:00,58.30000000001746,17.8,12.5,1019.2,6,4.6,5,30,3,21
2017-05-30 22:00:00,53.29999999998836,16.6,12.4,1019.8,6,5.1,5,30,4,22
2017-05-30 23:00:00,53.30000000001746,15.5,12.4,1020.3,5,3.1,5,30,5,23
2017-05-31 00:00:00,49.39999999999418,14.7,12.2,1020.8,5,3.6,5,31,6,0
2017-05-31 01:00:00,44.89999999999418,14.1,12.2,1020.9,6,2.1,5,31,7,1
2017-05-31 02:00:00,39.10000000000582,13.6,12.0,1021.0,6,2.6,5,31,1,2
2017-05-31 03:00:00,38.5,13.1,11.8,1021.0,6,3.1,5,31,2,3
2017-05-31 04:00:00,37.5,13.1,11.9,1021.3,7,2.1,5,31,3,4
2017-05-31 05:00:00,34.5,13.2,12.2,1022.0,6,2.1,5,31,4,5
2017-05-31 06:00:00,31.5,14.1,12.5,1022.6,6,2.1,5,31,5,6
2017-05-31 07:00:00,33.70000000001164,14.8,12.6,1023.2,7,2.1,5,31,6,7
2017-05-31 08:00:00,38.5,16.4,13.1,1023.3,1,1.5,5,31,7,8
2017-05-31 09:00:00,42.099999999976724,16.7,12.9,1023.6,2,1.5,5,31,1,9
2017-05-31 10:00:00,48.19999999998254,17.9,12.7,1023.4,0,1.5,5,31,2,10
2017-05-31 11:00:00,48.599999999976724,18.6,11.7,1023.2,4,1.5,5,31,3,11
2017-05-31 12:00:00,54.29999999998836,20.1,12.2,1023.1,5,2.6,5,31,4,12
2017-05-31 13:00:00,53.5,22.4,12.9,1022.7,5,2.1,5,31,5,13
2017-05-31 14:00:00,50.20000000001164,22.5,12.2,1022.4,6,1.5,5,31,6,14
2017-05-31 15:00:00,48.89999999999418,20.9,12.5,1022.1,5,2.6,5,31,7,15
2017-05-31 16:00:00,49.69999999998254,20.6,12.4,1022.1,5,2.1,5,31,1,16
2017-05-31 17:00:00,49.39999999999418,21.0,12.7,1021.7,0,1.5,5,31,2,17
2017-05-31 18:00:00,47.89999999999418,20.8,12.8,1021.6,0,1.5,5,31,3,18
2017-05-31 19:00:00,56.20000000001164,21.2,12.3,1021.4,6,1.5,5,31,4,19
2017-05-31 20:00:00,57.19999999998254,19.7,11.2,1021.8,4,3.1,5,31,5,20
2017-05-31 21:00:00,57.80000000001746,18.7,11.7,1022.3,5,4.6,5,31,6,21
2017-05-31 22:00:00,53.79999999998836,17.6,12.4,1022.2,5,3.6,5,31,7,22
2017-05-31 23:00:00,51.10000000000582,15.8,12.4,1022.4,5,2.6,5,31,1,23
2017-06-01 00:00:00,50.5,14.3,12.0,1022.6,6,2.1,6,1,2,0
2017-06-01 01:00:00,45.10000000000582,13.9,12.0,1022.5,5,2.1,6,1,3,1
2017-06-01 02:00:00,43.89999999999418,13.5,12.2,1022.3,4,2.6,6,1,4,2
2017-06-01 03:00:00,38.89999999999418,13.2,12.0,1022.4,5,2.6,6,1,5,3
2017-06-01 04:00:00,36.69999999998254,12.4,11.6,1022.3,5,1.5,6,1,6,4
2017-06-01 05:00:00,33.5,13.2,12.1,1022.5,5,2.1,6,1,7,5
2017-06-01 06:00:00,33.30000000001746,14.7,12.3,1022.5,6,1.5,6,1,1,6
2017-06-01 07:00:00,33.69999999998254,16.0,12.4,1022.6,5,1.0,6,1,2,7
2017-06-01 08:00:00,34.80000000001746,17.9,12.2,1022.4,4,1.5,6,1,3,8
2017-06-01 09:00:00,43.20000000001164,19.4,12.2,1022.1,4,2.6,6,1,4,9
2017-06-01 10:00:00,47.19999999998254,21.7,12.5,1021.6,4,3.1,6,1,5,10
2017-06-01 11:00:00,47.5,22.6,10.9,1021.2,4,3.1,6,1,6,11
2017-06-01 12:00:00,52.0,22.5,9.7,1020.9,5,2.6,6,1,7,12
2017-06-01 13:00:00,49.30000000001746,22.5,10.6,1020.4,4,3.1,6,1,1,13
2017-06-01 14:00:00,48.80000000001746,24.7,11.8,1020.0,5,4.1,6,1,2,14
2017-06-01 15:00:00,44.0,23.5,12.3,1019.5,4,3.1,6,1,3,15
2017-06-01 16:00:00,47.0,23.5,10.7,1019.1,5,4.6,6,1,4,16
2017-06-01 17:00:00,48.0,24.1,11.8,1018.7,5,5.7,6,1,5,17
2017-06-01 18:00:00,51.80000000001746,23.2,12.0,1018.6,5,5.1,6,1,6,18
2017-06-01 19:00:00,51.20000000001164,22.2,11.6,1018.5,5,5.1,6,1,7,19
2017-06-01 20:00:00,51.60000000000582,21.3,12.1,1018.5,5,4.1,6,1,1,20
2017-06-01 21:00:00,54.79999999998836,20.2,12.7,1018.6,5,3.1,6,1,2,21
2017-06-01 22:00:00,52.39999999999418,18.9,12.6,1018.5,4,3.1,6,1,3,22
2017-06-01 23:00:00,48.0,17.6,12.4,1018.3,4,2.6,6,1,4,23
2017-06-02 00:00:00,48.19999999998254,16.4,12.6,1018.1,4,2.1,6,2,5,0
2017-06-02 01:00:00,47.10000000000582,15.7,12.2,1017.9,4,1.5,6,2,6,1
2017-06-02 02:00:00,41.900000000023276,14.7,11.4,1017.5,5,1.0,6,2,7,2
2017-06-02 03:00:00,40.5,13.9,11.3,1017.1,5,1.0,6,2,1,3
2017-06-02 04:00:00,36.0,14.6,12.2,1017.1,6,0.5,6,2,2,4
2017-06-02 05:00:00,34.19999999998254,15.3,12.5,1016.9,7,1.0,6,2,3,5
2017-06-02 06:00:00,33.79999999998836,15.9,12.4,1017.0,1,1.0,6,2,4,6
2017-06-02 07:00:00,34.10000000000582,17.2,12.0,1017.1,7,1.5,6,2,5,7
2017-06-02 08:00:00,37.0,18.9,12.3,1016.9,6,0.5,6,2,6,8
2017-06-02 09:00:00,46.30000000001746,21.7,13.1,1016.6,6,0.5,6,2,7,9
2017-06-02 10:00:00,48.10000000000582,23.3,13.8,1016.2,6,1.0,6,2,1,10
2017-06-02 11:00:00,47.39999999999418,22.6,13.3,1016.0,4,2.1,6,2,2,11
2017-06-02 12:00:00,46.10000000000582,24.6,14.7,1015.5,5,2.6,6,2,3,12
2017-06-02 13:00:00,48.39999999999418,22.4,18.3,1015.4,6,2.1,6,2,4,13
2017-06-02 14:00:00,46.60000000000582,23.7,15.1,1014.7,7,2.1,6,2,5,14
2017-06-02 15:00:00,46.599999999976724,24.6,15.4,1014.4,6,4.1,6,2,6,15
2017-06-02 16:00:00,47.89999999999418,23.1,14.7,1014.5,7,3.6,6,2,7,16
2017-06-02 17:00:00,50.5,22.2,14.1,1014.5,7,3.6,6,2,1,17
2017-06-02 18:00:00,53.79999999998836,21.5,13.7,1014.8,7,4.1,6,2,2,18
2017-06-02 19:00:00,55.10000000000582,20.5,14.4,1014.6,7,2.6,6,2,3,19
2017-06-02 20:00:00,55.5,19.8,14.3,1014.8,7,1.5,6,2,4,20
2017-06-02 21:00:00,55.69999999998254,19.0,14.0,1014.9,7,1.5,6,2,5,21
2017-06-02 22:00:00,53.89999999999418,18.5,13.7,1014.6,0,1.0,6,2,6,22
2017-06-02 23:00:00,50.39999999999418,17.6,13.5,1014.2,7,1.5,6,2,7,23
2017-06-03 00:00:00,49.099999999976724,16.9,13.4,1014.1,6,1.5,6,3,1,0
2017-06-03 01:00:00,45.89999999999418,16.6,13.4,1014.1,6,4.6,6,3,2,1
2017-06-03 02:00:00,41.29999999998836,15.7,13.4,1014.0,6,3.6,6,3,3,2
2017-06-03 03:00:00,38.39999999999418,15.5,13.3,1013.7,6,4.1,6,3,4,3
2017-06-03 04:00:00,35.80000000001746,15.3,13.1,1014.0,6,3.6,6,3,5,4
2017-06-03 05:00:00,33.39999999999418,15.3,12.0,1014.2,7,4.1,6,3,6,5
2017-06-03 06:00:00,32.900000000023276,15.4,11.7,1014.5,7,3.1,6,3,7,6
2017-06-03 07:00:00,36.5,16.0,11.9,1014.7,6,4.1,6,3,1,7
2017-06-03 08:00:00,33.5,16.7,10.8,1015.0,6,4.1,6,3,2,8
2017-06-03 09:00:00,36.69999999998254,17.5,9.5,1015.1,6,4.6,6,3,3,9
2017-06-03 10:00:00,40.89999999999418,18.4,8.4,1015.1,6,5.1,6,3,4,10
2017-06-03 11:00:00,41.29999999998836,18.6,5.8,1015.1,6,5.1,6,3,5,11
2017-06-03 12:00:00,42.20000000001164,19.1,5.8,1015.1,6,4.1,6,3,6,12
2017-06-03 13:00:00,48.0,19.4,5.0,1014.6,6,5.1,6,3,7,13
2017-06-03 14:00:00,45.10000000000582,20.9,7.5,1014.3,6,6.2,6,3,1,14
2017-06-03 15:00:00,45.70000000001164,20.1,5.4,1014.3,6,5.7,6,3,2,15
2017-06-03 16:00:00,44.400000000023276,21.4,8.0,1013.9,6,6.7,6,3,3,16
2017-06-03 17:00:00,50.400000000023276,19.3,7.1,1014.0,6,4.1,6,3,4,17
2017-06-03 18:00:00,51.20000000001164,19.1,6.5,1014.2,6,5.1,6,3,5,18
2017-06-03 19:00:00,54.70000000001164,18.4,7.4,1014.2,6,4.1,6,3,6,19
2017-06-03 20:00:00,54.80000000001746,15.6,10.3,1015.0,6,5.7,6,3,7,20
2017-06-03 21:00:00,53.20000000001164,15.5,10.0,1015.4,6,6.2,6,3,1,21
2017-06-03 22:00:00,51.79999999998836,15.0,10.3,1015.5,6,6.2,6,3,2,22
2017-06-03 23:00:00,51.29999999998836,13.9,9.6,1015.6,6,4.6,6,3,3,23
2017-06-04 00:00:00,51.19999999998254,12.9,8.8,1016.0,6,4.6,6,4,4,0
2017-06-04 01:00:00,47.80000000001746,11.4,8.0,1016.3,6,4.6,6,4,5,1
2017-06-04 02:00:00,43.80000000001746,10.9,7.6,1016.5,6,3.6,6,4,6,2
2017-06-04 03:00:00,38.80000000001746,10.1,7.5,1016.5,6,3.6,6,4,7,3
2017-06-04 04:00:00,36.400000000023276,9.5,7.5,1016.6,6,3.6,6,4,1,4
2017-06-04 05:00:00,32.5,10.1,7.9,1016.7,6,3.1,6,4,2,5
2017-06-04 06:00:00,33.39999999999418,11.7,8.3,1017.0,6,4.1,6,4,3,6
2017-06-04 07:00:00,29.299999999988362,13.4,8.8,1017.3,6,4.1,6,4,4,7
2017-06-04 08:00:00,29.5,14.7,8.9,1017.5,6,4.6,6,4,5,8
2017-06-04 09:00:00,31.200000000011638,16.6,7.7,1017.2,6,5.1,6,4,6,9
2017-06-04 10:00:00,34.70000000001164,17.7,8.1,1017.0,5,7.7,6,4,7,10
2017-06-04 11:00:00,38.29999999998836,18.1,7.0,1017.0,5,6.7,6,4,1,11
2017-06-04 12:00:00,42.5,19.2,7.2,1016.7,5,5.7,6,4,2,12
2017-06-04 13:00:00,47.20000000001164,19.1,7.4,1016.3,5,6.2,6,4,3,13
2017-06-04 14:00:00,48.0,17.5,8.0,1016.2,5,7.2,6,4,4,14
2017-06-04 15:00:00,49.80000000001746,18.1,8.1,1015.8,5,6.2,6,4,5,15
2017-06-04 16:00:00,50.0,17.9,7.5,1015.6,5,7.2,6,4,6,16
2017-06-04 17:00:00,52.5,16.7,9.1,1015.4,5,7.2,6,4,7,17
2017-06-04 18:00:00,55.0,16.8,9.4,1015.1,5,8.2,6,4,1,18
2017-06-04 19:00:00,51.30000000001746,16.2,9.8,1014.9,5,7.2,6,4,2,19
2017-06-04 20:00:00,49.89999999999418,15.6,9.8,1014.9,5,6.7,6,4,3,20
2017-06-04 21:00:00,52.60000000000582,14.9,10.2,1015.1,5,6.2,6,4,4,21
2017-06-04 22:00:00,51.89999999999418,14.0,10.4,1015.2,5,5.1,6,4,5,22
2017-06-04 23:00:00,54.80000000001746,13.8,10.4,1014.8,5,5.1,6,4,6,23
2017-06-05 00:00:00,48.30000000001746,13.8,10.5,1014.4,5,4.6,6,5,7,0
2017-06-05 01:00:00,44.60000000000582,13.6,10.5,1013.9,5,4.1,6,5,1,1
2017-06-05 02:00:00,43.79999999998836,13.2,10.3,1013.6,5,3.6,6,5,2,2
2017-06-05 03:00:00,36.79999999998836,12.1,9.8,1013.3,5,4.6,6,5,3,3
2017-06-05 04:00:00,35.5,11.7,9.7,1013.0,5,5.1,6,5,4,4
2017-06-05 05:00:00,33.80000000001746,11.5,9.2,1012.7,4,4.1,6,5,5,5
2017-06-05 06:00:00,33.20000000001164,12.8,9.5,1012.1,4,4.6,6,5,6,6
2017-06-05 07:00:00,33.29999999998836,14.4,10.2,1011.3,4,5.7,6,5,7,7
2017-06-05 08:00:00,36.5,15.6,10.3,1010.5,4,7.2,6,5,1,8
2017-06-05 09:00:00,43.10000000000582,15.3,9.6,1010.3,4,7.2,6,5,2,9
2017-06-05 10:00:00,46.19999999998254,16.2,9.4,1009.7,5,8.8,6,5,3,10
2017-06-05 11:00:00,49.20000000001164,17.6,9.9,1008.9,5,9.8,6,5,4,11
2017-06-05 12:00:00,52.099999999976724,16.8,9.6,1008.1,4,8.8,6,5,5,12
2017-06-05 13:00:00,51.10000000000582,17.3,9.6,1007.3,4,9.3,6,5,6,13
2017-06-05 14:00:00,51.19999999998254,17.2,9.2,1006.4,5,9.3,6,5,7,14
2017-06-05 15:00:00,47.5,17.0,10.0,1005.5,5,9.8,6,5,1,15
2017-06-05 16:00:00,46.39999999999418,16.0,10.2,1004.8,4,8.8,6,5,2,16
2017-06-05 17:00:00,52.5,15.6,10.7,1003.1,4,7.2,6,5,3,17
2017-06-05 18:00:00,50.400000000023276,13.8,11.7,1002.1,4,8.2,6,5,4,18
2017-06-05 19:00:00,53.5,13.9,11.9,1000.5,4,7.2,6,5,5,19
2017-06-05 20:00:00,59.0,13.6,11.8,998.9,4,8.8,6,5,6,20
2017-06-05 21:00:00,57.19999999998254,13.1,11.7,997.9,4,8.8,6,5,7,21
2017-06-05 22:00:00,53.10000000000582,13.0,11.9,996.0,4,8.2,6,5,1,22
2017-06-05 23:00:00,54.30000000001746,13.3,12.0,994.3,4,7.7,6,5,2,23
2017-06-06 00:00:00,47.89999999999418,13.4,12.3,992.6,4,7.7,6,6,3,0
2017-06-06 01:00:00,45.69999999998254,13.6,12.4,990.9,4,6.7,6,6,4,1
2017-06-06 02:00:00,41.89999999999418,13.6,12.6,989.0,4,6.7,6,6,5,2
2017-06-06 03:00:00,39.79999999998836,12.4,10.4,988.4,4,7.7,6,6,6,3
2017-06-06 04:00:00,34.5,12.2,10.8,987.4,4,5.1,6,6,7,4
2017-06-06 05:00:00,33.60000000000582,11.1,10.1,987.3,6,9.3,6,6,1,5
2017-06-06 06:00:00,33.599999999976724,10.3,9.5,988.2,6,10.8,6,6,2,6
2017-06-06 07:00:00,35.19999999998254,10.2,9.0,989.9,6,9.8,6,6,3,7
2017-06-06 08:00:00,36.39999999999418,10.1,9.3,991.5,6,7.2,6,6,4,8
2017-06-06 09:00:00,48.39999999999418,10.4,9.6,993.2,6,11.3,6,6,5,9
2017-06-06 10:00:00,52.20000000001164,10.7,9.3,994.7,6,11.3,6,6,6,10
2017-06-06 11:00:00,48.29999999998836,12.8,9.3,995.6,6,10.8,6,6,7,11
2017-06-06 12:00:00,53.5,14.4,9.0,996.4,6,11.8,6,6,1,12
2017-06-06 13:00:00,49.599999999976724,16.0,7.2,997.4,6,13.9,6,6,2,13
2017-06-06 14:00:00,51.89999999999418,16.5,5.5,998.3,6,13.4,6,6,3,14
2017-06-06 15:00:00,47.30000000001746,16.7,8.6,999.1,6,12.3,6,6,4,15
2017-06-06 16:00:00,51.39999999999418,14.2,8.7,1000.1,6,11.3,6,6,5,16
2017-06-06 17:00:00,49.80000000001746,14.5,7.9,1000.8,6,12.4,6,6,6,17
2017-06-06 18:00:00,56.60000000000582,14.2,7.5,1001.6,6,10.8,6,6,7,18
2017-06-06 19:00:00,56.89999999999418,14.3,8.9,1002.3,6,10.8,6,6,1,19
2017-06-06 20:00:00,59.69999999998254,13.1,7.6,1002.9,6,10.8,6,6,2,20
2017-06-06 21:00:00,60.89999999999418,12.6,7.7,1003.5,6,8.2,6,6,3,21
2017-06-06 22:00:00,53.60000000000582,12.3,8.1,1004.2,6,10.3,6,6,4,22
2017-06-06 23:00:00,50.89999999999418,11.9,8.1,1004.7,6,8.8,6,6,5,23
2017-06-07 00:00:00,50.0,11.6,8.0,1005.1,5,8.2,6,7,6,0
2017-06-07 01:00:00,46.5,11.3,8.2,1005.6,5,8.2,6,7,7,1
2017-06-07 02:00:00,45.400000000023276,11.1,8.3,1006.2,5,8.2,6,7,1,2
2017-06-07 03:00:00,39.0,11.0,8.3,1006.8,6,7.7,6,7,2,3
2017-06-07 04:00:00,38.79999999998836,11.0,7.4,1007.2,6,7.2,6,7,3,4
2017-06-07 05:00:00,35.5,11.5,7.7,1007.9,6,7.7,6,7,4,5
2017-06-07 06:00:00,33.19999999998254,12.4,7.6,1008.7,6,7.2,6,7,5,6
2017-06-07 07:00:00,33.30000000001746,13.6,6.9,1009.5,6,9.3,6,7,6,7
2017-06-07 08:00:00,34.20000000001164,14.7,7.7,1010.5,6,9.3,6,7,7,8
2017-06-07 09:00:00,40.60000000000582,15.7,7.4,1011.3,6,8.2,6,7,1,9
2017-06-07 10:00:00,45.0,15.7,7.1,1012.2,6,8.8,6,7,2,10
2017-06-07 11:00:00,45.79999999998836,16.9,6.9,1012.5,6,8.8,6,7,3,11
2017-06-07 12:00:00,47.29999999998836,19.0,7.6,1012.9,6,10.3,6,7,4,12
2017-06-07 13:00:00,49.60000000000582,19.2,7.2,1013.0,6,9.3,6,7,5,13
2017-06-07 14:00:00,46.29999999998836,20.2,6.5,1013.1,6,10.3,6,7,6,14
2017-06-07 15:00:00,47.0,20.1,8.1,1013.1,6,7.7,6,7,7,15
2017-06-07 16:00:00,48.39999999999418,20.0,6.1,1013.3,5,10.3,6,7,1,16
2017-06-07 17:00:00,50.099999999976724,18.2,7.8,1013.4,5,7.7,6,7,2,17
2017-06-07 18:00:00,50.39999999999418,17.0,9.3,1013.8,5,8.2,6,7,3,18
2017-06-07 19:00:00,56.79999999998836,16.1,8.4,1014.1,5,8.2,6,7,4,19
2017-06-07 20:00:00,56.70000000001164,14.3,9.7,1014.4,5,7.2,6,7,5,20
2017-06-07 21:00:00,57.20000000001164,13.6,9.8,1014.2,5,4.6,6,7,6,21
2017-06-07 22:00:00,56.19999999998254,13.5,10.7,1013.9,5,5.7,6,7,7,22
2017-06-07 23:00:00,53.900000000023276,13.6,11.5,1013.5,5,6.7,6,7,1,23
2017-06-08 00:00:00,47.89999999999418,14.0,11.6,1013.2,5,7.2,6,8,2,0
2017-06-08 01:00:00,43.19999999998254,14.1,11.2,1012.6,5,8.2,6,8,3,1
2017-06-08 02:00:00,43.29999999998836,14.2,10.9,1012.4,5,7.2,6,8,4,2
2017-06-08 03:00:00,38.599999999976724,14.2,11.1,1012.1,5,7.2,6,8,5,3
2017-06-08 04:00:00,36.900000000023276,14.1,11.1,1011.7,5,5.7,6,8,6,4
2017-06-08 05:00:00,34.19999999998254,14.1,10.9,1011.4,4,4.6,6,8,7,5
2017-06-08 06:00:00,32.89999999999418,14.4,10.5,1010.9,4,5.7,6,8,1,6
2017-06-08 07:00:00,34.19999999998254,14.8,10.5,1010.8,5,7.2,6,8,2,7
2017-06-08 08:00:00,36.69999999998254,15.7,10.6,1010.4,5,7.2,6,8,3,8
2017-06-08 09:00:00,46.70000000001164,16.3,10.7,1010.3,4,7.7,6,8,4,9
2017-06-08 10:00:00,47.20000000001164,16.8,10.3,1010.0,5,8.8,6,8,5,10
2017-06-08 11:00:00,50.70000000001164,15.7,11.0,1010.3,5,7.2,6,8,6,11
2017-06-08 12:00:00,56.10000000000582,16.4,12.2,1009.4,4,5.7,6,8,7,12
2017-06-08 13:00:00,51.39999999999418,16.0,12.8,1009.6,5,7.7,6,8,1,13
2017-06-08 14:00:00,49.0,16.6,13.0,1009.5,5,8.8,6,8,2,14
2017-06-08 15:00:00,45.0,16.5,13.3,1009.2,4,6.7,6,8,3,15
2017-06-08 16:00:00,46.20000000001164,17.4,13.1,1008.9,4,6.7,6,8,4,16
2017-06-08 17:00:00,46.89999999999418,17.9,12.9,1008.7,5,8.8,6,8,5,17
2017-06-08 18:00:00,54.599999999976724,17.4,13.4,1008.4,5,7.7,6,8,6,18
2017-06-08 19:00:00,55.79999999998836,16.8,13.4,1008.3,5,7.2,6,8,7,19
2017-06-08 20:00:00,48.10000000000582,16.4,13.4,1008.2,5,6.7,6,8,1,20
2017-06-08 21:00:00,52.60000000000582,15.3,14.0,1008.2,4,4.1,6,8,2,21
2017-06-08 22:00:00,53.69999999998254,15.1,13.9,1007.9,4,3.6,6,8,3,22
2017-06-08 23:00:00,50.39999999999418,14.5,13.3,1007.5,4,3.1,6,8,4,23
2017-06-09 00:00:00,49.30000000001746,14.1,13.2,1007.7,5,3.1,6,9,5,0
2017-06-09 01:00:00,46.20000000001164,13.9,12.7,1007.5,5,4.1,6,9,6,1
2017-06-09 02:00:00,43.5,13.6,12.0,1007.7,5,5.1,6,9,7,2
2017-06-09 03:00:00,38.39999999999418,13.0,11.5,1007.5,5,5.7,6,9,1,3
2017-06-09 04:00:00,36.39999999999418,12.3,11.1,1007.9,5,5.1,6,9,2,4
2017-06-09 05:00:00,33.39999999999418,12.2,10.9,1008.3,5,4.1,6,9,3,5
2017-06-09 06:00:00,32.60000000000582,13.2,10.8,1008.9,5,5.7,6,9,4,6
2017-06-09 07:00:00,34.20000000001164,14.7,12.1,1009.3,6,6.2,6,9,5,7
2017-06-09 08:00:00,38.5,15.6,11.2,1009.9,5,7.7,6,9,6,8
2017-06-09 09:00:00,46.5,16.2,11.2,1010.0,5,6.2,6,9,7,9
2017-06-09 10:00:00,47.79999999998836,17.1,11.5,1010.3,5,5.7,6,9,1,10
2017-06-09 11:00:00,46.70000000001164,19.5,11.9,1010.5,6,5.7,6,9,2,11
2017-06-09 12:00:00,53.29999999998836,18.9,8.5,1011.1,6,7.2,6,9,3,12
2017-06-09 13:00:00,54.0,19.8,10.8,1011.5,6,8.8,6,9,4,13
2017-06-09 14:00:00,53.099999999976724,19.3,11.1,1012.2,6,7.2,6,9,5,14
2017-06-09 15:00:00,45.60000000000582,20.2,10.8,1012.6,6,6.7,6,9,6,15
2017-06-09 16:00:00,45.0,19.9,9.5,1013.1,6,7.7,6,9,7,16
2017-06-09 17:00:00,51.79999999998836,19.8,10.3,1013.7,6,6.7,6,9,1,17
2017-06-09 18:00:00,53.599999999976724,19.3,10.1,1013.9,5,6.2,6,9,2,18
2017-06-09 19:00:00,55.5,18.7,10.3,1014.3,6,5.1,6,9,3,19
2017-06-09 20:00:00,52.20000000001164,17.5,11.4,1014.8,5,5.1,6,9,4,20
2017-06-09 21:00:00,55.099999999976724,16.5,11.0,1015.7,5,6.2,6,9,5,21
2017-06-09 22:00:00,54.80000000001746,15.9,10.8,1016.2,5,4.6,6,9,6,22
2017-06-09 23:00:00,48.69999999998254,15.0,10.9,1016.2,5,3.1,6,9,7,23
2017-06-10 00:00:00,48.30000000001746,14.3,11.2,1016.4,5,3.6,6,10,1,0
2017-06-10 01:00:00,45.400000000023276,14.0,11.1,1016.5,5,3.6,6,10,2,1
2017-06-10 02:00:00,38.79999999998836,13.7,11.1,1016.4,4,3.1,6,10,3,2
2017-06-10 03:00:00,36.0,13.7,11.0,1016.4,5,3.6,6,10,4,3
2017-06-10 04:00:00,34.69999999998254,13.8,11.6,1016.7,4,3.1,6,10,5,4
2017-06-10 05:00:00,35.39999999999418,14.1,11.9,1016.6,4,3.6,6,10,6,5
2017-06-10 06:00:00,32.5,14.8,12.2,1016.6,4,4.6,6,10,7,6
2017-06-10 07:00:00,32.89999999999418,16.4,12.1,1017.0,4,5.1,6,10,1,7
2017-06-10 08:00:00,32.39999999999418,18.2,12.0,1016.9,4,7.2,6,10,2,8
2017-06-10 09:00:00,36.39999999999418,19.8,12.7,1016.6,4,7.2,6,10,3,9
2017-06-10 10:00:00,37.10000000000582,20.9,10.6,1016.5,4,7.7,6,10,4,10
2017-06-10 11:00:00,40.099999999976724,21.9,10.6,1016.4,4,7.7,6,10,5,11
2017-06-10 12:00:00,46.5,23.0,11.3,1016.1,5,8.8,6,10,6,12
2017-06-10 13:00:00,43.60000000000582,22.8,11.3,1015.7,4,8.8,6,10,7,13
2017-06-10 14:00:00,46.39999999999418,23.4,11.8,1016.1,5,9.8,6,10,1,14
2017-06-10 15:00:00,43.60000000000582,21.2,12.6,1016.5,4,7.7,6,10,2,15
2017-06-10 16:00:00,44.0,21.0,13.6,1016.4,5,7.7,6,10,3,16
2017-06-10 17:00:00,45.5,21.0,14.1,1016.2,5,6.7,6,10,4,17
2017-06-10 18:00:00,46.39999999999418,21.0,14.3,1016.0,5,6.2,6,10,5,18
2017-06-10 19:00:00,49.39999999999418,20.7,13.8,1015.8,5,6.7,6,10,6,19
2017-06-10 20:00:00,51.79999999998836,19.6,13.9,1016.0,5,6.2,6,10,7,20
2017-06-10 21:00:00,56.5,18.8,13.9,1016.3,4,5.1,6,10,1,21
2017-06-10 22:00:00,53.69999999998254,17.9,13.9,1016.2,4,4.6,6,10,2,22
2017-06-10 23:00:00,50.0,17.2,14.0,1016.1,4,4.1,6,10,3,23
2017-06-11 00:00:00,44.5,17.0,14.2,1015.9,4,4.1,6,11,4,0
2017-06-11 01:00:00,41.10000000000582,16.9,14.3,1015.6,5,4.1,6,11,5,1
2017-06-11 02:00:00,40.19999999998254,17.2,14.6,1015.3,5,4.6,6,11,6,2
2017-06-11 03:00:00,36.79999999998836,17.1,15.0,1015.1,5,4.6,6,11,7,3
2017-06-11 04:00:00,34.80000000001746,16.8,15.4,1014.9,4,4.6,6,11,1,4
2017-06-11 05:00:00,34.599999999976724,16.8,15.7,1015.0,5,5.1,6,11,2,5
2017-06-11 06:00:00,34.400000000023276,16.8,15.8,1014.8,5,4.1,6,11,3,6
2017-06-11 07:00:00,34.60000000000582,17.6,14.6,1015.0,5,6.2,6,11,4,7
2017-06-11 08:00:00,33.79999999998836,19.4,13.8,1014.9,5,5.7,6,11,5,8
2017-06-11 09:00:00,33.70000000001164,21.5,13.0,1014.5,5,6.2,6,11,6,9
2017-06-11 10:00:00,33.5,21.5,11.1,1014.0,5,6.7,6,11,7,10
2017-06-11 11:00:00,37.89999999999418,22.6,10.6,1013.3,5,7.2,6,11,1,11
2017-06-11 12:00:00,43.099999999976724,22.6,10.4,1012.9,5,8.2,6,11,2,12
2017-06-11 13:00:00,43.19999999998254,22.8,10.2,1012.8,6,9.8,6,11,3,13
2017-06-11 14:00:00,42.900000000023276,20.8,10.4,1012.9,5,9.3,6,11,4,14
2017-06-11 15:00:00,43.5,21.9,11.2,1013.0,5,8.2,6,11,5,15
2017-06-11 16:00:00,43.69999999998254,21.6,10.3,1012.5,5,8.2,6,11,6,16
2017-06-11 17:00:00,44.099999999976724,20.7,11.4,1012.2,5,8.2,6,11,7,17
2017-06-11 18:00:00,45.599999999976724,19.2,11.4,1012.5,5,8.2,6,11,1,18
2017-06-11 19:00:00,48.60000000000582,18.8,11.4,1012.7,5,7.2,6,11,2,19
2017-06-11 20:00:00,47.0,17.5,10.0,1013.3,6,6.2,6,11,3,20
2017-06-11 21:00:00,49.29999999998836,16.0,9.7,1014.2,6,5.1,6,11,4,21
2017-06-11 22:00:00,46.60000000000582,15.2,7.6,1014.7,6,8.2,6,11,5,22
2017-06-11 23:00:00,44.10000000000582,14.1,8.1,1015.3,6,6.7,6,11,6,23
2017-06-12 00:00:00,44.20000000001164,13.5,8.1,1015.3,5,7.2,6,12,7,0
2017-06-12 01:00:00,38.69999999998254,13.0,8.5,1015.1,5,6.7,6,12,1,1
2017-06-12 02:00:00,37.5,12.4,8.6,1015.3,5,5.1,6,12,2,2
2017-06-12 03:00:00,36.599999999976724,12.9,9.1,1015.4,6,5.7,6,12,3,3
2017-06-12 04:00:00,32.60000000000582,13.0,9.1,1015.3,5,6.2,6,12,4,4
2017-06-12 05:00:00,32.0,13.5,9.2,1015.7,5,6.7,6,12,5,5
2017-06-12 06:00:00,32.10000000000582,13.7,9.4,1016.1,5,6.2,6,12,6,6
2017-06-12 07:00:00,33.099999999976724,14.4,9.9,1016.6,5,6.7,6,12,7,7
2017-06-12 08:00:00,39.10000000000582,15.1,9.8,1017.2,5,6.7,6,12,1,8
2017-06-12 09:00:00,44.10000000000582,16.1,10.0,1017.4,6,7.2,6,12,2,9
2017-06-12 10:00:00,44.69999999998254,16.6,10.1,1017.8,6,6.7,6,12,3,10
2017-06-12 11:00:00,45.60000000000582,18.2,10.8,1018.0,6,6.7,6,12,4,11
2017-06-12 12:00:00,48.5,17.2,9.4,1018.3,6,6.2,6,12,5,12
2017-06-12 13:00:00,53.70000000001164,17.4,10.3,1018.8,6,6.2,6,12,6,13
2017-06-12 14:00:00,49.10000000000582,18.7,9.7,1018.6,6,5.7,6,12,7,14
2017-06-12 15:00:00,42.70000000001164,18.8,9.7,1018.5,6,6.7,6,12,1,15
2017-06-12 16:00:00,40.79999999998836,20.0,9.6,1018.4,6,7.2,6,12,2,16
2017-06-12 17:00:00,46.30000000001746,19.2,9.2,1018.2,6,6.7,6,12,3,17
2017-06-12 18:00:00,48.20000000001164,19.7,9.2,1018.4,6,6.7,6,12,4,18
2017-06-12 19:00:00,45.900000000023276,18.7,8.7,1018.6,6,5.7,6,12,5,19
2017-06-12 20:00:00,50.900000000023276,17.3,9.3,1018.9,6,5.7,6,12,6,20
2017-06-12 21:00:00,53.70000000001164,15.8,9.5,1019.7,6,5.1,6,12,7,21
2017-06-12 22:00:00,48.60000000000582,14.9,9.6,1019.7,6,4.1,6,12,1,22
2017-06-12 23:00:00,45.10000000000582,13.7,9.7,1019.9,6,3.6,6,12,2,23
2017-06-13 00:00:00,45.79999999998836,13.1,9.7,1019.9,6,2.1,6,13,3,0
2017-06-13 01:00:00,41.0,12.2,9.3,1020.1,6,2.6,6,13,4,1
2017-06-13 02:00:00,37.79999999998836,11.5,9.0,1020.0,6,2.1,6,13,5,2
2017-06-13 03:00:00,34.89999999999418,10.9,8.8,1020.1,6,1.5,6,13,6,3
2017-06-13 04:00:00,33.10000000000582,10.4,8.8,1020.3,6,2.1,6,13,7,4
2017-06-13 05:00:00,31.10000000000582,10.7,9.0,1020.4,6,1.5,6,13,1,5
2017-06-13 06:00:00,31.299999999988362,12.2,9.5,1020.4,6,2.1,6,13,2,6
2017-06-13 07:00:00,30.800000000017466,14.2,10.0,1020.1,4,1.0,6,13,3,7
2017-06-13 08:00:00,35.10000000000582,16.1,9.8,1020.6,7,2.1,6,13,4,8
2017-06-13 09:00:00,42.39999999999418,18.1,9.9,1020.3,6,2.1,6,13,5,9
2017-06-13 10:00:00,49.900000000023276,19.3,9.8,1020.0,4,2.1,6,13,6,10
2017-06-13 11:00:00,47.60000000000582,20.7,10.9,1019.9,6,2.6,6,13,7,11
2017-06-13 12:00:00,48.099999999976724,21.4,10.4,1019.8,6,2.1,6,13,1,12
2017-06-13 13:00:00,44.89999999999418,22.5,10.7,1019.7,6,2.6,6,13,2,13
2017-06-13 14:00:00,39.70000000001164,23.4,11.6,1019.3,6,2.6,6,13,3,14
2017-06-13 15:00:00,40.79999999998836,23.7,11.8,1019.2,6,2.6,6,13,4,15
2017-06-13 16:00:00,41.599999999976724,24.2,11.3,1018.9,6,2.6,6,13,5,16
2017-06-13 17:00:00,45.20000000001164,22.8,11.2,1018.7,7,1.5,6,13,6,17
2017-06-13 18:00:00,51.89999999999418,22.4,11.9,1018.7,7,2.1,6,13,7,18
2017-06-13 19:00:00,52.0,22.0,11.8,1018.2,7,2.6,6,13,1,19
2017-06-13 20:00:00,51.10000000000582,21.2,12.5,1018.6,7,2.1,6,13,2,20
2017-06-13 21:00:00,51.29999999998836,20.6,12.2,1018.9,0,2.1,6,13,3,21
2017-06-13 22:00:00,51.20000000001164,20.4,12.3,1019.0,0,1.0,6,13,4,22
2017-06-13 23:00:00,50.5,18.3,13.5,1018.7,4,4.1,6,13,5,23
2017-06-14 00:00:00,47.89999999999418,16.5,12.7,1018.9,4,2.6,6,14,6,0
2017-06-14 01:00:00,42.900000000023276,15.3,12.0,1018.9,3,2.6,6,14,7,1
2017-06-14 02:00:00,40.5,14.5,10.6,1018.9,3,1.5,6,14,1,2
2017-06-14 03:00:00,39.39999999999418,13.7,10.3,1018.9,5,0.5,6,14,2,3
2017-06-14 04:00:00,36.89999999999418,14.2,10.8,1019.1,3,1.0,6,14,3,4
2017-06-14 05:00:00,36.39999999999418,15.1,11.1,1019.0,2,1.0,6,14,4,5
2017-06-14 06:00:00,34.89999999999418,17.6,10.8,1018.9,2,1.5,6,14,5,6
2017-06-14 07:00:00,34.5,19.4,10.9,1018.6,2,2.6,6,14,6,7
2017-06-14 08:00:00,34.70000000001164,21.1,12.6,1018.5,2,2.6,6,14,7,8
2017-06-14 09:00:00,44.69999999998254,22.6,12.0,1017.9,3,4.1,6,14,1,9
2017-06-14 10:00:00,44.5,24.1,12.5,1017.7,3,3.6,6,14,2,10
2017-06-14 11:00:00,43.69999999998254,25.3,12.0,1017.2,3,3.6,6,14,3,11
2017-06-14 12:00:00,44.70000000001164,25.9,11.0,1016.8,4,4.6,6,14,4,12
2017-06-14 13:00:00,46.20000000001164,25.8,12.1,1016.4,3,3.6,6,14,5,13
2017-06-14 14:00:00,46.79999999998836,25.2,11.8,1015.9,3,5.1,6,14,6,14
2017-06-14 15:00:00,43.0,25.2,12.2,1015.4,4,4.1,6,14,7,15
2017-06-14 16:00:00,41.70000000001164,26.1,12.6,1015.0,4,3.6,6,14,1,16
2017-06-14 17:00:00,42.60000000000582,25.5,12.1,1014.5,4,4.6,6,14,2,17
2017-06-14 18:00:00,48.89999999999418,24.9,11.4,1014.1,3,4.6,6,14,3,18
2017-06-14 19:00:00,50.70000000001164,23.9,11.2,1014.1,3,4.6,6,14,4,19
2017-06-14 20:00:00,49.29999999998836,21.5,11.7,1014.0,3,3.6,6,14,5,20
2017-06-14 21:00:00,49.5,19.6,12.4,1014.5,2,4.6,6,14,6,21
2017-06-14 22:00:00,49.10000000000582,18.5,12.4,1014.1,2,4.6,6,14,7,22
2017-06-14 23:00:00,48.79999999998836,17.5,12.4,1014.2,2,1.0,6,14,1,23
2017-06-15 00:00:00,48.29999999998836,16.5,12.2,1013.8,2,2.1,6,15,2,0
2017-06-15 01:00:00,44.79999999998836,17.5,13.2,1013.7,7,1.5,6,15,3,1
2017-06-15 02:00:00,40.79999999998836,17.4,12.5,1013.2,6,2.1,6,15,4,2
2017-06-15 03:00:00,36.900000000023276,16.1,12.3,1013.1,6,2.1,6,15,5,3
2017-06-15 04:00:00,34.30000000001746,15.0,11.7,1013.0,6,3.1,6,15,6,4
2017-06-15 05:00:00,32.80000000001746,15.2,12.3,1013.3,5,3.1,6,15,7,5
2017-06-15 06:00:00,31.89999999999418,16.5,12.3,1013.3,6,3.1,6,15,1,6
2017-06-15 07:00:00,32.39999999999418,18.2,12.6,1013.5,6,3.6,6,15,2,7
2017-06-15 08:00:00,36.69999999998254,19.9,13.5,1013.7,6,3.1,6,15,3,8
2017-06-15 09:00:00,42.20000000001164,21.6,12.1,1013.9,6,6.7,6,15,4,9
2017-06-15 10:00:00,45.0,23.1,10.0,1014.0,6,6.2,6,15,5,10
2017-06-15 11:00:00,47.20000000001164,24.3,13.1,1014.1,5,6.7,6,15,6,11
2017-06-15 12:00:00,48.89999999999418,21.9,13.0,1014.5,6,8.2,6,15,7,12
2017-06-15 13:00:00,43.5,24.9,12.8,1014.3,6,7.2,6,15,1,13
2017-06-15 14:00:00,41.900000000023276,22.5,11.2,1014.4,6,7.2,6,15,2,14
2017-06-15 15:00:00,41.5,23.3,9.2,1014.5,6,9.3,6,15,3,15
2017-06-15 16:00:00,42.30000000001746,22.8,7.7,1015.0,6,8.2,6,15,4,16
2017-06-15 17:00:00,44.20000000001164,21.2,7.0,1015.5,6,9.8,6,15,5,17
2017-06-15 18:00:00,47.89999999999418,20.0,7.2,1015.9,6,8.8,6,15,6,18
2017-06-15 19:00:00,51.60000000000582,18.9,7.5,1016.6,6,6.7,6,15,7,19
2017-06-15 20:00:00,57.29999999998836,17.4,6.7,1017.6,6,9.3,6,15,1,20
2017-06-15 21:00:00,51.900000000023276,16.1,8.0,1018.1,6,8.8,6,15,2,21
2017-06-15 22:00:00,55.5,15.2,8.3,1018.9,6,6.7,6,15,3,22
2017-06-15 23:00:00,52.60000000000582,14.5,9.2,1019.4,6,6.2,6,15,4,23
2017-06-16 00:00:00,47.0,13.3,9.1,1019.5,6,5.7,6,16,5,0
2017-06-16 01:00:00,42.0,12.7,9.5,1019.9,6,5.7,6,16,6,1
2017-06-16 02:00:00,38.60000000000582,11.9,9.6,1020.8,6,4.6,6,16,7,2
2017-06-16 03:00:00,36.39999999999418,11.8,9.8,1021.1,6,4.6,6,16,1,3
2017-06-16 04:00:00,36.10000000000582,11.5,9.9,1021.7,6,4.1,6,16,2,4
2017-06-16 05:00:00,31.60000000000582,12.1,10.4,1022.4,6,4.6,6,16,3,5
2017-06-16 06:00:00,32.5,13.9,10.8,1022.6,6,4.6,6,16,4,6
2017-06-16 07:00:00,32.89999999999418,15.4,10.9,1023.1,6,5.1,6,16,5,7
2017-06-16 08:00:00,35.19999999998254,16.8,10.8,1023.6,6,5.1,6,16,6,8
2017-06-16 09:00:00,44.70000000001164,17.8,8.8,1024.0,6,4.6,6,16,7,9
2017-06-16 10:00:00,43.70000000001164,18.7,9.4,1024.4,6,5.7,6,16,1,10
2017-06-16 11:00:00,46.20000000001164,19.2,9.6,1024.8,6,4.6,6,16,2,11
2017-06-16 12:00:00,48.599999999976724,20.5,9.6,1024.9,7,5.1,6,16,3,12
2017-06-16 13:00:00,48.10000000000582,22.0,11.2,1025.0,6,4.6,6,16,4,13
2017-06-16 14:00:00,43.0,23.7,12.1,1024.7,6,5.7,6,16,5,14
2017-06-16 15:00:00,39.20000000001164,23.5,12.3,1024.8,6,4.1,6,16,6,15
2017-06-16 16:00:00,40.400000000023276,23.5,12.9,1024.8,6,5.7,6,16,7,16
2017-06-16 17:00:00,42.5,23.6,12.9,1025.0,6,4.1,6,16,1,17
2017-06-16 18:00:00,43.39999999999418,22.4,13.5,1025.2,6,4.6,6,16,2,18
2017-06-16 19:00:00,46.60000000000582,22.5,13.9,1025.3,6,4.6,6,16,3,19
2017-06-16 20:00:00,50.89999999999418,21.2,14.2,1025.7,6,4.6,6,16,4,20
2017-06-16 21:00:00,51.099999999976724,20.8,14.5,1026.2,6,3.6,6,16,5,21
2017-06-16 22:00:00,47.29999999998836,19.5,14.4,1026.6,6,5.1,6,16,6,22
2017-06-16 23:00:00,47.39999999999418,18.4,14.4,1026.7,6,3.6,6,16,7,23
2017-06-17 00:00:00,46.5,17.3,14.2,1027.0,6,3.1,6,17,1,0
2017-06-17 01:00:00,41.30000000001746,16.4,13.6,1027.2,6,2.1,6,17,2,1
2017-06-17 02:00:00,39.79999999998836,16.1,14.1,1027.2,6,2.6,6,17,3,2
2017-06-17 03:00:00,37.0,15.3,13.5,1027.1,6,2.6,6,17,4,3
2017-06-17 04:00:00,35.0,14.8,13.4,1027.0,6,1.5,6,17,5,4
2017-06-17 05:00:00,33.70000000001164,14.9,13.5,1027.2,6,2.1,6,17,6,5
2017-06-17 06:00:00,31.60000000000582,16.5,13.9,1027.5,6,1.5,6,17,7,6
2017-06-17 07:00:00,31.5,18.3,14.1,1027.5,6,1.5,6,17,1,7
2017-06-17 08:00:00,31.199999999982534,20.4,14.8,1027.6,6,2.6,6,17,2,8
2017-06-17 09:00:00,34.10000000000582,22.5,15.2,1027.8,6,2.1,6,17,3,9
2017-06-17 10:00:00,38.20000000001164,24.5,15.5,1027.4,5,2.6,6,17,4,10
2017-06-17 11:00:00,37.70000000001164,26.0,15.8,1027.2,5,2.6,6,17,5,11
2017-06-17 12:00:00,45.900000000023276,27.9,16.8,1026.7,5,3.1,6,17,6,12
2017-06-17 13:00:00,44.39999999999418,28.3,16.3,1026.5,6,3.1,6,17,7,13
2017-06-17 14:00:00,47.5,27.7,14.7,1026.0,5,3.1,6,17,1,14
2017-06-17 15:00:00,44.89999999999418,28.4,15.6,1025.8,6,2.6,6,17,2,15
2017-06-17 16:00:00,42.60000000000582,29.3,15.7,1025.4,6,4.1,6,17,3,16
2017-06-17 17:00:00,43.10000000000582,28.9,15.7,1025.0,6,4.1,6,17,4,17
2017-06-17 18:00:00,43.80000000001746,28.7,16.2,1024.8,6,4.6,6,17,5,18
2017-06-17 19:00:00,46.79999999998836,28.1,16.1,1024.8,6,2.6,6,17,6,19
2017-06-17 20:00:00,46.30000000001746,26.9,15.5,1024.8,7,2.1,6,17,7,20
2017-06-17 21:00:00,50.60000000000582,25.1,17.0,1025.4,5,3.6,6,17,1,21
2017-06-17 22:00:00,49.20000000001164,23.2,16.9,1025.7,5,4.6,6,17,2,22
2017-06-17 23:00:00,47.29999999998836,21.3,16.1,1025.7,5,3.1,6,17,3,23
2017-06-18 00:00:00,44.400000000023276,20.1,15.9,1025.4,5,2.1,6,18,4,0
2017-06-18 01:00:00,42.79999999998836,19.2,15.4,1025.2,4,2.1,6,18,5,1
2017-06-18 02:00:00,38.20000000001164,18.5,15.0,1025.0,5,1.5,6,18,6,2
2017-06-18 03:00:00,36.19999999998254,18.1,14.8,1024.8,5,2.1,6,18,7,3
2017-06-18 04:00:00,34.30000000001746,17.4,14.7,1024.8,6,1.5,6,18,1,4
2017-06-18 05:00:00,33.0,18.0,15.5,1024.9,6,1.0,6,18,2,5
2017-06-18 06:00:00,31.300000000017466,19.7,15.6,1025.0,7,1.5,6,18,3,6
2017-06-18 07:00:00,32.79999999998836,21.6,15.8,1025.0,7,1.5,6,18,4,7
2017-06-18 08:00:00,31.700000000011638,24.4,16.2,1024.8,0,1.0,6,18,5,8
2017-06-18 09:00:00,34.89999999999418,26.0,16.4,1024.6,5,2.1,6,18,6,9
2017-06-18 10:00:00,38.39999999999418,27.5,15.3,1024.3,6,2.1,6,18,7,10
2017-06-18 11:00:00,39.0,27.7,15.2,1024.0,7,2.1,6,18,1,11
2017-06-18 12:00:00,45.70000000001164,27.4,15.5,1023.6,6,2.1,6,18,2,12
2017-06-18 13:00:00,47.19999999998254,29.3,15.4,1022.9,6,2.1,6,18,3,13
2017-06-18 14:00:00,42.89999999999418,30.0,15.4,1022.3,0,2.1,6,18,4,14
2017-06-18 15:00:00,42.70000000001164,30.9,15.6,1021.8,6,2.6,6,18,5,15
2017-06-18 16:00:00,40.20000000001164,31.0,14.2,1021.3,3,2.1,6,18,6,16
2017-06-18 17:00:00,41.89999999999418,30.4,14.5,1021.0,7,1.5,6,18,7,17
2017-06-18 18:00:00,48.099999999976724,30.6,14.9,1020.8,7,1.0,6,18,1,18
2017-06-18 19:00:00,48.30000000001746,27.7,17.4,1020.9,4,4.6,6,18,2,19
2017-06-18 20:00:00,49.900000000023276,26.2,17.1,1021.1,4,4.6,6,18,3,20
2017-06-18 21:00:00,51.0,25.2,16.7,1021.5,4,4.1,6,18,4,21
2017-06-18 22:00:00,53.0,24.4,16.4,1021.7,5,3.1,6,18,5,22
2017-06-18 23:00:00,47.89999999999418,23.0,16.4,1021.7,4,1.5,6,18,6,23
2017-06-19 00:00:00,46.0,21.7,16.1,1021.6,4,1.0,6,19,7,0
2017-06-19 01:00:00,41.10000000000582,20.7,16.6,1021.3,3,1.0,6,19,1,1
2017-06-19 02:00:00,38.0,20.5,16.8,1021.0,0,0.0,6,19,2,2
2017-06-19 03:00:00,35.70000000001164,20.1,16.7,1020.8,0,0.5,6,19,3,3
2017-06-19 04:00:00,36.20000000001164,19.5,16.3,1020.8,1,1.0,6,19,4,4
2017-06-19 05:00:00,34.0,20.4,17.1,1020.7,1,1.0,6,19,5,5
2017-06-19 06:00:00,33.29999999998836,23.0,17.1,1020.5,1,1.5,6,19,6,6
2017-06-19 07:00:00,33.5,24.7,17.2,1020.4,2,1.5,6,19,7,7
2017-06-19 08:00:00,35.5,25.9,16.3,1020.1,2,2.1,6,19,1,8
2017-06-19 09:00:00,44.5,27.5,15.1,1019.8,1,2.1,6,19,2,9
2017-06-19 10:00:00,45.400000000023276,28.7,14.8,1019.4,1,2.1,6,19,3,10
2017-06-19 11:00:00,43.39999999999418,29.7,14.0,1019.1,2,3.6,6,19,4,11
2017-06-19 12:00:00,44.69999999998254,30.5,12.2,1018.7,3,2.6,6,19,5,12
2017-06-19 13:00:00,48.599999999976724,31.2,14.6,1018.1,0,1.5,6,19,6,13
2017-06-19 14:00:00,44.0,30.8,13.3,1017.6,2,2.6,6,19,7,14
2017-06-19 15:00:00,40.89999999999418,31.6,13.9,1017.3,1,2.6,6,19,1,15
2017-06-19 16:00:00,42.29999999998836,30.9,15.0,1016.9,1,1.5,6,19,2,16
2017-06-19 17:00:00,44.70000000001164,30.1,15.3,1016.5,2,3.1,6,19,3,17
2017-06-19 18:00:00,46.60000000000582,29.3,16.5,1016.6,2,4.6,6,19,4,18
2017-06-19 19:00:00,54.60000000000582,28.2,17.0,1016.8,2,5.1,6,19,5,19
2017-06-19 20:00:00,48.70000000001164,26.9,16.6,1017.3,3,6.2,6,19,6,20
2017-06-19 21:00:00,48.29999999998836,25.4,16.5,1017.8,3,3.6,6,19,7,21
2017-06-19 22:00:00,50.79999999998836,24.4,16.7,1017.8,4,2.1,6,19,1,22
2017-06-19 23:00:00,53.20000000001164,23.0,16.2,1017.8,3,2.1,6,19,2,23
2017-06-20 00:00:00,46.29999999998836,22.7,17.0,1017.7,7,1.0,6,20,3,0
2017-06-20 01:00:00,45.20000000001164,21.4,16.3,1017.5,2,1.5,6,20,4,1
2017-06-20 02:00:00,40.70000000001164,20.2,15.3,1017.3,2,2.1,6,20,5,2
2017-06-20 03:00:00,39.20000000001164,19.9,15.6,1017.1,2,1.0,6,20,6,3
2017-06-20 04:00:00,35.30000000001746,19.9,15.7,1017.3,1,1.0,6,20,7,4
2017-06-20 05:00:00,33.69999999998254,19.9,15.6,1017.7,2,1.0,6,20,1,5
2017-06-20 06:00:00,32.70000000001164,21.9,16.0,1017.7,2,2.1,6,20,2,6
2017-06-20 07:00:00,32.39999999999418,23.0,14.5,1017.9,2,2.1,6,20,3,7
2017-06-20 08:00:00,36.20000000001164,24.5,15.6,1018.0,2,3.1,6,20,4,8
2017-06-20 09:00:00,42.900000000023276,25.0,14.2,1018.1,3,4.6,6,20,5,9
2017-06-20 10:00:00,47.30000000001746,26.9,14.7,1018.4,2,3.6,6,20,6,10
2017-06-20 11:00:00,49.10000000000582,28.6,15.2,1018.0,2,4.1,6,20,7,11
2017-06-20 12:00:00,47.60000000000582,28.4,13.0,1017.9,2,3.6,6,20,1,12
2017-06-20 13:00:00,42.70000000001164,29.8,13.8,1017.7,1,3.1,6,20,2,13
2017-06-20 14:00:00,44.30000000001746,30.7,12.6,1017.5,2,3.1,6,20,3,14
2017-06-20 15:00:00,43.0,31.1,12.6,1017.1,2,4.1,6,20,4,15
2017-06-20 16:00:00,41.5,30.6,12.0,1016.8,2,4.1,6,20,5,16
2017-06-20 17:00:00,44.10000000000582,29.5,12.9,1016.7,2,5.7,6,20,6,17
2017-06-20 18:00:00,49.5,27.4,15.4,1016.8,2,6.2,6,20,7,18
2017-06-20 19:00:00,52.60000000000582,24.8,15.3,1017.2,2,6.2,6,20,1,19
2017-06-20 20:00:00,50.599999999976724,22.6,14.9,1017.7,2,5.7,6,20,2,20
2017-06-20 21:00:00,49.10000000000582,21.1,14.9,1017.9,2,5.1,6,20,3,21
2017-06-20 22:00:00,52.5,19.9,14.6,1018.1,2,3.6,6,20,4,22
2017-06-20 23:00:00,47.79999999998836,19.1,15.8,1018.4,2,2.1,6,20,5,23
2017-06-21 00:00:00,47.89999999999418,18.3,15.3,1018.2,2,3.1,6,21,6,0
2017-06-21 01:00:00,41.0,17.7,15.0,1017.7,2,3.1,6,21,7,1
2017-06-21 02:00:00,36.89999999999418,17.1,14.6,1017.4,1,2.6,6,21,1,2
2017-06-21 03:00:00,34.80000000001746,16.8,14.5,1017.0,1,2.1,6,21,2,3
2017-06-21 04:00:00,33.10000000000582,16.6,14.5,1016.7,1,2.6,6,21,3,4
2017-06-21 05:00:00,33.5,17.1,14.8,1016.7,1,2.1,6,21,4,5
2017-06-21 06:00:00,32.10000000000582,18.0,15.1,1016.6,1,3.1,6,21,5,6
2017-06-21 07:00:00,32.900000000023276,20.2,16.1,1016.4,1,2.6,6,21,6,7
2017-06-21 08:00:00,33.5,22.5,16.7,1016.0,2,3.1,6,21,7,8
2017-06-21 09:00:00,43.0,24.3,17.0,1015.6,2,3.6,6,21,1,9
2017-06-21 10:00:00,43.60000000000582,26.8,17.8,1015.1,2,3.1,6,21,2,10
2017-06-21 11:00:00,45.0,28.3,18.2,1014.8,3,3.1,6,21,3,11
2017-06-21 12:00:00,49.89999999999418,30.2,18.4,1014.2,2,3.1,6,21,4,12
2017-06-21 13:00:00,48.70000000001164,33.2,17.6,1013.6,4,3.6,6,21,5,13
2017-06-21 14:00:00,47.400000000023276,32.7,16.5,1012.9,4,4.1,6,21,6,14
2017-06-21 15:00:00,47.80000000001746,33.8,15.6,1012.1,4,4.1,6,21,7,15
2017-06-21 16:00:00,45.0,33.9,16.2,1011.9,4,4.6,6,21,1,16
2017-06-21 17:00:00,47.0,32.8,15.6,1011.4,4,5.1,6,21,2,17
2017-06-21 18:00:00,44.900000000023276,31.8,16.5,1011.5,4,5.1,6,21,3,18
2017-06-21 19:00:00,51.900000000023276,29.2,18.3,1011.5,4,5.1,6,21,4,19
2017-06-21 20:00:00,50.39999999999418,27.8,18.6,1011.5,4,4.6,6,21,5,20
2017-06-21 21:00:00,50.89999999999418,26.2,19.0,1011.7,4,4.1,6,21,6,21
2017-06-21 22:00:00,51.0,24.5,18.7,1011.6,5,4.6,6,21,7,22
2017-06-21 23:00:00,49.60000000000582,23.5,18.2,1011.7,5,5.1,6,21,1,23
2017-06-22 00:00:00,46.39999999999418,22.3,17.8,1011.5,5,3.6,6,22,2,0
2017-06-22 01:00:00,41.10000000000582,21.5,17.6,1011.5,5,4.1,6,22,3,1
2017-06-22 02:00:00,38.89999999999418,20.6,17.0,1011.1,5,4.1,6,22,4,2
2017-06-22 03:00:00,35.39999999999418,20.1,16.3,1010.8,5,3.1,6,22,5,3
2017-06-22 04:00:00,35.599999999976724,19.3,15.7,1010.5,5,4.1,6,22,6,4
2017-06-22 05:00:00,33.70000000001164,18.6,15.6,1010.7,5,5.1,6,22,7,5
2017-06-22 06:00:00,31.700000000011638,18.5,16.0,1011.1,6,5.7,6,22,1,6
2017-06-22 07:00:00,32.30000000001746,19.1,16.4,1011.4,5,5.7,6,22,2,7
2017-06-22 08:00:00,35.39999999999418,19.8,16.5,1011.3,5,5.1,6,22,3,8
2017-06-22 09:00:00,46.70000000001164,20.3,15.4,1011.2,6,6.2,6,22,4,9
2017-06-22 10:00:00,49.5,21.4,14.5,1011.9,6,7.7,6,22,5,10
2017-06-22 11:00:00,48.0,22.9,14.3,1011.3,6,8.2,6,22,6,11
2017-06-22 12:00:00,49.5,23.1,13.6,1011.4,6,8.2,6,22,7,12
2017-06-22 13:00:00,49.89999999999418,22.1,13.4,1011.8,6,6.7,6,22,1,13
2017-06-22 14:00:00,46.69999999998254,22.7,14.0,1012.0,6,9.3,6,22,2,14
2017-06-22 15:00:00,44.30000000001746,22.1,14.0,1012.1,6,7.2,6,22,3,15
2017-06-22 16:00:00,42.5,22.6,14.2,1012.5,6,5.7,6,22,4,16
2017-06-22 17:00:00,49.400000000023276,22.2,14.1,1012.8,6,6.7,6,22,5,17
2017-06-22 18:00:00,52.5,22.7,13.6,1012.9,6,6.2,6,22,6,18
2017-06-22 19:00:00,48.80000000001746,21.5,13.8,1013.1,6,6.7,6,22,7,19
2017-06-22 20:00:00,50.39999999999418,20.3,14.1,1013.5,6,5.7,6,22,1,20
2017-06-22 21:00:00,50.60000000000582,19.4,14.3,1014.1,6,4.1,6,22,2,21
2017-06-22 22:00:00,47.60000000000582,18.4,14.1,1014.7,6,4.6,6,22,3,22
2017-06-22 23:00:00,47.89999999999418,17.1,13.6,1014.8,6,5.1,6,22,4,23
2017-06-23 00:00:00,48.5,16.0,12.5,1015.2,6,5.1,6,23,5,0
2017-06-23 01:00:00,42.80000000001746,14.7,11.3,1015.3,6,4.1,6,23,6,1
2017-06-23 02:00:00,40.60000000000582,14.1,11.3,1015.4,6,5.7,6,23,7,2
2017-06-23 03:00:00,36.19999999998254,13.5,11.4,1015.6,6,4.1,6,23,1,3
2017-06-23 04:00:00,35.79999999998836,13.2,11.0,1015.8,6,4.1,6,23,2,4
2017-06-23 05:00:00,33.60000000000582,13.5,10.6,1015.7,5,4.6,6,23,3,5
2017-06-23 06:00:00,34.20000000001164,14.7,10.5,1015.8,6,4.6,6,23,4,6
2017-06-23 07:00:00,34.0,16.2,10.5,1016.1,6,7.2,6,23,5,7
2017-06-23 08:00:00,34.39999999999418,16.9,9.9,1016.7,6,8.8,6,23,6,8
2017-06-23 09:00:00,44.0,19.7,10.9,1016.5,6,7.2,6,23,7,9
2017-06-23 10:00:00,45.0,21.2,10.9,1016.6,6,7.7,6,23,1,10
2017-06-23 11:00:00,49.20000000001164,22.0,11.2,1016.4,6,7.7,6,23,2,11
2017-06-23 12:00:00,48.39999999999418,23.7,11.3,1016.3,6,8.8,6,23,3,12
2017-06-23 13:00:00,46.0,24.5,12.2,1016.2,6,8.2,6,23,4,13
2017-06-23 14:00:00,43.79999999998836,23.5,11.7,1016.2,6,8.2,6,23,5,14
2017-06-23 15:00:00,44.0,22.8,11.5,1016.1,6,8.8,6,23,6,15
2017-06-23 16:00:00,42.900000000023276,22.1,11.3,1016.2,6,8.2,6,23,7,16
2017-06-23 17:00:00,45.29999999998836,22.3,12.3,1016.1,6,6.7,6,23,1,17
2017-06-23 18:00:00,47.0,21.6,12.7,1016.0,5,7.7,6,23,2,18
2017-06-23 19:00:00,48.099999999976724,20.7,13.0,1016.1,5,6.7,6,23,3,19
2017-06-23 20:00:00,51.69999999998254,20.2,13.4,1016.1,5,7.7,6,23,4,20
2017-06-23 21:00:00,52.0,19.3,13.4,1016.1,5,7.7,6,23,5,21
2017-06-23 22:00:00,48.099999999976724,18.2,13.4,1016.1,5,7.2,6,23,6,22
2017-06-23 23:00:00,48.60000000000582,17.6,13.7,1015.8,5,6.2,6,23,7,23
2017-06-24 00:00:00,44.29999999998836,17.3,13.4,1015.6,5,5.7,6,24,1,0
2017-06-24 01:00:00,44.099999999976724,17.3,13.3,1015.5,5,5.7,6,24,2,1
2017-06-24 02:00:00,39.69999999998254,17.3,13.4,1015.0,5,7.2,6,24,3,2
2017-06-24 03:00:00,40.20000000001164,17.2,13.6,1014.6,5,6.2,6,24,4,3
2017-06-24 04:00:00,36.599999999976724,17.2,13.7,1014.5,5,6.2,6,24,5,4
2017-06-24 05:00:00,34.099999999976724,17.2,13.8,1014.6,5,5.7,6,24,6,5
2017-06-24 06:00:00,34.29999999998836,17.6,14.0,1014.4,5,5.7,6,24,7,6
2017-06-24 07:00:00,32.60000000000582,18.1,14.3,1014.6,5,5.1,6,24,1,7
2017-06-24 08:00:00,40.10000000000582,18.1,14.8,1014.7,5,5.1,6,24,2,8
2017-06-24 09:00:00,50.29999999998836,20.5,15.2,1014.2,6,6.2,6,24,3,9
2017-06-24 10:00:00,50.30000000001746,20.9,14.6,1014.0,5,5.7,6,24,4,10
2017-06-24 11:00:00,47.0,22.1,14.3,1013.8,5,5.7,6,24,5,11
2017-06-24 12:00:00,46.80000000001746,21.9,15.0,1013.8,5,6.7,6,24,6,12
2017-06-24 13:00:00,46.39999999999418,21.5,14.6,1013.5,6,6.2,6,24,7,13
2017-06-24 14:00:00,46.0,22.2,15.9,1013.0,5,7.2,6,24,1,14
2017-06-24 15:00:00,48.29999999998836,22.9,14.6,1012.7,6,7.7,6,24,2,15
2017-06-24 16:00:00,45.0,22.3,14.6,1012.5,6,7.2,6,24,3,16
2017-06-24 17:00:00,44.80000000001746,22.5,15.0,1012.0,6,6.7,6,24,4,17
2017-06-24 18:00:00,40.60000000000582,20.2,16.4,1012.0,5,6.2,6,24,5,18
2017-06-24 19:00:00,43.5,19.8,16.3,1011.9,5,6.2,6,24,6,19
2017-06-24 20:00:00,44.79999999998836,18.7,16.4,1012.1,5,6.7,6,24,7,20
2017-06-24 21:00:00,41.29999999998836,18.2,15.5,1012.3,5,5.7,6,24,1,21
2017-06-24 22:00:00,40.29999999998836,17.4,13.7,1012.5,6,6.2,6,24,2,22
2017-06-24 23:00:00,41.5,16.3,12.8,1012.7,6,5.7,6,24,3,23
2017-06-25 00:00:00,41.89999999999418,15.8,12.2,1012.6,6,5.7,6,25,4,0
2017-06-25 01:00:00,37.900000000023276,15.7,12.0,1012.6,6,5.1,6,25,5,1
2017-06-25 02:00:00,36.0,15.4,12.2,1012.5,6,4.6,6,25,6,2
2017-06-25 03:00:00,35.0,14.8,11.8,1012.4,6,4.6,6,25,7,3
2017-06-25 04:00:00,34.0,15.0,12.2,1012.2,5,5.1,6,25,1,4
2017-06-25 05:00:00,31.5,15.7,12.1,1012.4,6,6.2,6,25,2,5
2017-06-25 06:00:00,31.0,15.9,12.0,1012.6,6,5.7,6,25,3,6
2017-06-25 07:00:00,30.700000000011638,16.7,12.0,1012.7,5,5.7,6,25,4,7
2017-06-25 08:00:00,31.5,17.1,12.0,1012.8,6,7.7,6,25,5,8
2017-06-25 09:00:00,39.20000000001164,18.7,12.3,1012.8,6,6.2,6,25,6,9
2017-06-25 10:00:00,46.900000000023276,18.7,12.8,1012.8,6,7.2,6,25,7,10
2017-06-25 11:00:00,46.5,20.3,13.2,1012.6,6,6.2,6,25,1,11
2017-06-25 12:00:00,47.5,22.3,13.6,1011.9,5,6.7,6,25,2,12
2017-06-25 13:00:00,45.5,22.6,13.3,1011.6,6,7.7,6,25,3,13
2017-06-25 14:00:00,45.80000000001746,22.1,12.9,1011.3,6,8.2,6,25,4,14
2017-06-25 15:00:00,48.60000000000582,22.2,12.4,1011.4,6,8.8,6,25,5,15
2017-06-25 16:00:00,50.20000000001164,22.5,12.7,1011.3,6,8.8,6,25,6,16
2017-06-25 17:00:00,46.39999999999418,22.2,11.6,1011.6,6,8.2,6,25,7,17
2017-06-25 18:00:00,48.5,20.5,11.1,1012.0,6,8.2,6,25,1,18
2017-06-25 19:00:00,48.70000000001164,19.4,12.0,1012.6,6,5.7,6,25,2,19
2017-06-25 20:00:00,48.89999999999418,18.6,11.8,1012.9,6,5.7,6,25,3,20
2017-06-25 21:00:00,50.69999999998254,17.7,11.8,1013.5,6,5.1,6,25,4,21
2017-06-25 22:00:00,50.400000000023276,17.9,12.3,1013.8,6,4.6,6,25,5,22
2017-06-25 23:00:00,45.39999999999418,16.8,11.6,1014.3,7,3.1,6,25,6,23
2017-06-26 00:00:00,45.5,16.0,11.0,1014.6,0,2.6,6,26,7,0
2017-06-26 01:00:00,37.10000000000582,14.8,9.0,1014.7,0,1.5,6,26,1,1
2017-06-26 02:00:00,34.60000000000582,13.9,9.1,1014.9,7,1.5,6,26,2,2
2017-06-26 03:00:00,35.0,13.6,9.2,1014.6,0,1.5,6,26,3,3
2017-06-26 04:00:00,32.70000000001164,13.0,8.4,1014.8,0,1.0,6,26,4,4
2017-06-26 05:00:00,32.19999999998254,13.4,8.4,1015.0,7,1.5,6,26,5,5
2017-06-26 06:00:00,31.0,14.5,8.0,1015.4,1,1.5,6,26,6,6
2017-06-26 07:00:00,34.80000000001746,16.4,7.9,1015.5,1,2.6,6,26,7,7
2017-06-26 08:00:00,44.10000000000582,17.0,6.7,1015.3,1,2.6,6,26,1,8
2017-06-26 09:00:00,39.39999999999418,18.1,5.2,1014.9,1,2.6,6,26,2,9
2017-06-26 10:00:00,35.60000000000582,19.9,5.5,1014.5,1,2.1,6,26,3,10
2017-06-26 11:00:00,38.39999999999418,20.7,5.7,1014.9,2,2.6,6,26,4,11
2017-06-26 12:00:00,39.60000000000582,21.7,5.3,1014.7,2,2.6,6,26,5,12
2017-06-26 13:00:00,40.70000000001164,23.0,5.8,1014.1,2,3.1,6,26,6,13
2017-06-26 14:00:00,41.20000000001164,23.4,6.2,1013.4,3,2.6,6,26,7,14
2017-06-26 15:00:00,43.19999999998254,23.1,6.1,1012.9,1,2.6,6,26,1,15
2017-06-26 16:00:00,45.89999999999418,23.6,6.0,1012.3,1,1.5,6,26,2,16
2017-06-26 17:00:00,42.5,23.4,6.5,1012.0,2,1.5,6,26,3,17
2017-06-26 18:00:00,37.29999999998836,23.5,6.9,1011.9,2,2.6,6,26,4,18
2017-06-26 19:00:00,36.79999999998836,22.7,7.8,1011.7,2,4.6,6,26,5,19
2017-06-26 20:00:00,37.5,21.0,11.2,1012.0,3,5.1,6,26,6,20
2017-06-26 21:00:00,42.70000000001164,18.9,7.4,1012.3,3,5.7,6,26,7,21
2017-06-26 22:00:00,53.20000000001164,18.0,8.3,1012.4,2,4.6,6,26,1,22
2017-06-26 23:00:00,50.10000000000582,16.4,8.7,1012.3,2,5.7,6,26,2,23
2017-06-27 00:00:00,45.70000000001164,15.9,10.0,1012.0,2,5.7,6,27,3,0
2017-06-27 01:00:00,41.5,15.3,9.6,1011.9,2,4.1,6,27,4,1
2017-06-27 02:00:00,34.89999999999418,14.9,9.3,1011.0,2,3.6,6,27,5,2
2017-06-27 03:00:00,34.30000000001746,15.1,9.0,1010.5,2,4.1,6,27,6,3
2017-06-27 04:00:00,32.70000000001164,16.1,9.1,1010.0,2,4.6,6,27,7,4
2017-06-27 05:00:00,31.799999999988362,16.5,7.9,1009.5,2,5.1,6,27,1,5
2017-06-27 06:00:00,33.39999999999418,16.9,7.5,1008.9,2,4.6,6,27,2,6
2017-06-27 07:00:00,35.10000000000582,17.2,8.5,1008.5,2,4.6,6,27,3,7
2017-06-27 08:00:00,41.19999999998254,17.7,10.3,1007.9,2,3.6,6,27,4,8
2017-06-27 09:00:00,42.80000000001746,19.2,10.8,1007.5,2,5.1,6,27,5,9
2017-06-27 10:00:00,50.10000000000582,18.4,13.0,1007.2,2,5.7,6,27,6,10
2017-06-27 11:00:00,50.5,20.7,13.1,1006.6,2,4.1,6,27,7,11
2017-06-27 12:00:00,52.0,20.1,12.7,1006.3,4,2.1,6,27,1,12
2017-06-27 13:00:00,50.0,18.5,15.5,1005.9,0,2.1,6,27,2,13
2017-06-27 14:00:00,47.10000000000582,18.3,15.7,1005.4,1,4.1,6,27,3,14
2017-06-27 15:00:00,45.60000000000582,18.4,15.8,1005.2,1,2.6,6,27,4,15
2017-06-27 16:00:00,45.20000000001164,18.2,16.2,1004.7,1,1.5,6,27,5,16
2017-06-27 17:00:00,47.10000000000582,17.6,16.4,1003.9,1,3.1,6,27,6,17
2017-06-27 18:00:00,49.89999999999418,17.0,16.1,1003.7,2,2.6,6,27,7,18
2017-06-27 19:00:00,54.89999999999418,16.6,15.8,1003.4,1,2.6,6,27,1,19
2017-06-27 20:00:00,50.0,16.2,15.6,1003.1,1,2.1,6,27,2,20
2017-06-27 21:00:00,49.29999999998836,15.8,15.2,1003.0,1,2.6,6,27,3,21
2017-06-27 22:00:00,51.5,15.5,14.9,1002.5,1,2.6,6,27,4,22
2017-06-27 23:00:00,49.0,15.3,14.8,1001.9,1,1.5,6,27,5,23
2017-06-28 00:00:00,46.20000000001164,15.0,14.5,1001.2,0,2.1,6,28,6,0
2017-06-28 01:00:00,40.0,14.9,14.5,1000.4,0,1.5,6,28,7,1
2017-06-28 02:00:00,35.20000000001164,14.9,14.4,999.6,0,2.6,6,28,1,2
2017-06-28 03:00:00,34.0,14.8,14.2,998.9,0,2.6,6,28,2,3
2017-06-28 04:00:00,33.19999999998254,14.7,14.0,998.6,0,2.6,6,28,3,4
2017-06-28 05:00:00,32.39999999999418,14.8,14.2,998.4,1,2.6,6,28,4,5
2017-06-28 06:00:00,31.800000000017466,15.2,14.5,998.1,1,2.6,6,28,5,6
2017-06-28 07:00:00,35.69999999998254,15.8,14.6,997.9,0,1.5,6,28,6,7
2017-06-28 08:00:00,42.19999999998254,15.9,14.1,997.9,0,2.1,6,28,7,8
2017-06-28 09:00:00,42.5,17.1,14.0,997.7,0,3.6,6,28,1,9
2017-06-28 10:00:00,49.20000000001164,17.1,13.3,997.8,0,3.6,6,28,2,10
2017-06-28 11:00:00,44.80000000001746,16.5,13.6,997.7,1,3.1,6,28,3,11
2017-06-28 12:00:00,45.19999999998254,16.7,13.2,997.5,0,3.6,6,28,4,12
2017-06-28 13:00:00,44.70000000001164,16.5,12.6,997.4,0,4.1,6,28,5,13
2017-06-28 14:00:00,42.5,16.0,12.6,997.3,0,4.1,6,28,6,14
2017-06-28 15:00:00,40.20000000001164,15.7,12.3,997.2,0,2.6,6,28,7,15
2017-06-28 16:00:00,38.20000000001164,15.6,12.2,997.1,0,2.6,6,28,1,16
2017-06-28 17:00:00,41.0,15.0,11.6,997.0,0,3.1,6,28,2,17
2017-06-28 18:00:00,45.39999999999418,14.8,11.3,997.0,0,2.6,6,28,3,18
2017-06-28 19:00:00,47.70000000001164,14.6,10.9,996.8,0,3.6,6,28,4,19
2017-06-28 20:00:00,47.89999999999418,14.3,10.7,996.9,0,3.1,6,28,5,20
2017-06-28 21:00:00,50.5,13.7,9.9,996.9,0,3.1,6,28,6,21
2017-06-28 22:00:00,54.70000000001164,13.3,9.6,996.7,0,3.1,6,28,7,22
2017-06-28 23:00:00,54.20000000001164,13.1,9.7,996.4,7,2.6,6,28,1,23
2017-06-29 00:00:00,47.10000000000582,12.8,9.6,996.0,7,2.1,6,29,2,0
2017-06-29 01:00:00,44.099999999976724,12.6,9.4,995.6,7,3.1,6,29,3,1
2017-06-29 02:00:00,37.69999999998254,12.5,9.2,995.2,7,3.1,6,29,4,2
2017-06-29 03:00:00,33.5,12.3,9.0,994.9,6,2.1,6,29,5,3
2017-06-29 04:00:00,36.10000000000582,12.1,9.4,994.7,6,2.6,6,29,6,4
2017-06-29 05:00:00,31.39999999999418,12.3,9.5,994.6,6,3.1,6,29,7,5
2017-06-29 06:00:00,32.69999999998254,12.5,9.6,994.8,6,3.6,6,29,1,6
2017-06-29 07:00:00,33.900000000023276,13.1,9.6,994.8,7,3.1,6,29,2,7
2017-06-29 08:00:00,41.60000000000582,13.7,9.7,995.2,6,3.1,6,29,3,8
2017-06-29 09:00:00,45.89999999999418,14.5,10.3,995.2,6,3.6,6,29,4,9
2017-06-29 10:00:00,48.70000000001164,16.1,10.5,995.1,6,4.1,6,29,5,10
2017-06-29 11:00:00,46.39999999999418,16.6,10.1,995.6,6,4.6,6,29,6,11
2017-06-29 12:00:00,47.69999999998254,16.9,10.3,996.1,6,4.6,6,29,7,12
2017-06-29 13:00:00,50.10000000000582,16.7,10.4,996.4,6,4.6,6,29,1,13
2017-06-29 14:00:00,42.20000000001164,17.0,10.4,996.8,6,4.1,6,29,2,14
2017-06-29 15:00:00,40.900000000023276,16.7,10.4,997.0,6,4.6,6,29,3,15
2017-06-29 16:00:00,41.5,16.8,10.3,997.1,6,4.1,6,29,4,16
2017-06-29 17:00:00,44.70000000001164,16.9,10.4,997.4,5,4.1,6,29,5,17
2017-06-29 18:00:00,50.0,17.2,10.5,997.6,6,3.6,6,29,6,18
2017-06-29 19:00:00,51.39999999999418,17.0,10.8,997.9,6,2.6,6,29,7,19
2017-06-29 20:00:00,48.900000000023276,16.6,10.8,998.5,6,2.6,6,29,1,20
2017-06-29 21:00:00,52.79999999998836,16.2,11.2,999.2,7,1.5,6,29,2,21
2017-06-29 22:00:00,53.10000000000582,15.8,11.2,999.4,7,2.1,6,29,3,22
2017-06-29 23:00:00,49.39999999999418,15.7,11.3,999.7,7,1.5,6,29,4,23
2017-06-30 00:00:00,0.4659793814644218,15.2,11.5,1000.0,7,1.5,6,30,5,0
2017-06-30 01:00:00,0.4659793814353179,14.8,11.6,1000.1,7,1.5,6,30,6,1
2017-06-30 02:00:00,0.4659793814353179,14.3,11.4,1000.2,0,1.5,6,30,7,2
2017-06-30 03:00:00,0.4659793814353179,14.2,11.5,1000.3,6,1.5,6,30,1,3
2017-06-30 04:00:00,0.4659793814644218,14.2,11.6,1000.7,7,1.5,6,30,2,4
2017-06-30 05:00:00,0.4659793814353179,14.1,11.6,1001.1,6,1.5,6,30,3,5
2017-06-30 06:00:00,0.4659793814353179,14.2,11.7,1001.7,7,2.1,6,30,4,6
2017-06-30 07:00:00,0.4659793814644218,15.8,11.3,1002.1,7,2.1,6,30,5,7
2017-06-30 08:00:00,0.4659793814353179,16.0,11.0,1002.5700546433436,2,1.0,6,30,6,8
2017-06-30 09:00:00,0.4659793814353179,18.6,11.7,1003.1,0,1.5,6,30,7,9
2017-06-30 10:00:00,0.4659793814353179,18.0,11.0,1003.6202474951152,6,3.1,6,30,1,10
2017-06-30 11:00:00,0.4659793814644218,19.3,11.5,1004.1,6,2.1,6,30,2,11
2017-06-30 12:00:00,0.4659793814353179,19.1,11.2,1004.5,6,3.1,6,30,3,12
2017-06-30 13:00:00,0.4659793814353179,19.6,11.4,1004.8,7,3.1,6,30,4,13
2017-06-30 14:00:00,0.4659793814644218,21.2,11.5,1005.2,7,4.6,6,30,5,14
2017-06-30 15:00:00,0.4659793814353179,20.9,11.3,1005.8,7,4.6,6,30,6,15
2017-06-30 16:00:00,0.4659793814353179,21.6,10.3,1006.2,7,4.1,6,30,7,16
2017-06-30 17:00:00,0.4659793814353179,21.1,11.3,1006.7,7,3.6,6,30,1,17
2017-06-30 18:00:00,0.4659793814644218,20.7,11.5,1007.2,7,4.1,6,30,2,18
2017-06-30 19:00:00,0.4659793814353179,20.1,12.1,1008.1,7,3.6,6,30,3,19
2017-06-30 20:00:00,0.4659793814353179,18.9,13.4,1008.9,7,3.6,6,30,4,20
2017-06-30 21:00:00,0.4659793814353179,18.0,13.4,1009.7,7,3.6,6,30,5,21
2017-06-30 22:00:00,0.4659793814644218,17.7,13.8,1010.2,7,3.6,6,30,6,22
2017-06-30 23:00:00,0.4659793814353179,15.8,14.6,1010.8,7,2.1,6,30,7,23
2017-07-01 00:00:00,0.4659793814062141,15.7,14.2,1011.3,7,2.6,7,1,1,0
2017-07-01 01:00:00,0.4659793814644218,15.8,13.8,1011.7,7,3.1,7,1,2,1
2017-07-01 02:00:00,0.4659793814353179,15.4,13.6,1012.2,7,3.6,7,1,3,2
2017-07-01 03:00:00,0.4659793814353179,14.7,12.4,1012.8,0,3.6,7,1,4,3
2017-07-01 04:00:00,0.4659793814353179,14.5,11.7,1013.3,7,3.1,7,1,5,4
2017-07-01 05:00:00,0.4659793814644218,14.5,11.8,1013.8,7,3.1,7,1,6,5
2017-07-01 06:00:00,0.4659793814353179,14.8,11.4,1014.6,7,3.1,7,1,7,6
2017-07-01 07:00:00,0.4659793814353179,15.3,11.4,1015.0,7,3.6,7,1,1,7
2017-07-01 08:00:00,0.4659793814644218,16.0,11.3,1015.7,7,3.6,7,1,2,8
2017-07-01 09:00:00,0.4659793814353179,17.2,11.5,1016.3,7,3.1,7,1,3,9
2017-07-01 10:00:00,0.4659793814353179,19.1,12.2,1016.5,6,2.6,7,1,4,10
2017-07-01 11:00:00,0.4659793814353179,19.4,11.1,1017.1,7,4.6,7,1,5,11
2017-07-01 12:00:00,0.4659793814644218,20.5,11.4,1017.2,7,4.6,7,1,6,12
2017-07-01 13:00:00,0.4659793814353179,20.2,11.3,1017.4,6,5.7,7,1,7,13
2017-07-01 14:00:00,0.4659793814353179,20.8,12.1,1017.4,6,3.6,7,1,1,14
2017-07-01 15:00:00,0.4659793814353179,20.8,11.9,1017.4,6,4.1,7,1,2,15
2017-07-01 16:00:00,0.4659793814644218,21.1,11.4,1017.1,6,4.1,7,1,3,16
2017-07-01 17:00:00,0.4659793814353179,21.9,10.7,1016.7,6,5.7,7,1,4,17
2017-07-01 18:00:00,0.4659793814353179,22.8,11.2,1016.5,6,5.7,7,1,5,18
2017-07-01 19:00:00,0.4659793814644218,21.1,9.1,1016.7,6,7.2,7,1,6,19
2017-07-01 20:00:00,0.4659793814353179,19.8,9.6,1017.1,6,5.7,7,1,7,20
2017-07-01 21:00:00,0.4659793814353179,18.1,8.2,1017.3,6,5.7,7,1,1,21
2017-07-01 22:00:00,0.4659793814353179,17.3,10.6,1017.6,6,5.1,7,1,2,22
2017-07-01 23:00:00,0.4659793814644218,16.6,11.8,1017.9,6,4.6,7,1,3,23
2017-07-02 00:00:00,25.73298969073221,16.4,12.5,1018.1,6,5.1,7,2,4,0
2017-07-02 01:00:00,44.0,16.1,12.9,1018.0,6,3.6,7,2,5,1
2017-07-02 02:00:00,41.60000000000582,16.4,13.7,1018.0,6,4.6,7,2,6,2
2017-07-02 03:00:00,36.79999999998836,16.5,14.1,1017.9,6,3.6,7,2,7,3
2017-07-02 04:00:00,34.0,16.4,14.8,1018.4,6,3.6,7,2,1,4
2017-07-02 05:00:00,32.89999999999418,15.0,12.2,1019.2,7,3.6,7,2,2,5
2017-07-02 06:00:00,32.79999999998836,15.2,10.5,1019.9,7,4.1,7,2,3,6
2017-07-02 07:00:00,31.800000000017448,15.3,9.7,1020.8,0,4.6,7,2,4,7
2017-07-02 08:00:00,35.39999999999418,16.2,8.5,1021.2,7,5.1,7,2,5,8
2017-07-02 09:00:00,42.0,17.5,8.0,1021.6,0,4.6,7,2,6,9
2017-07-02 10:00:00,41.20000000001164,18.4,7.7,1021.7,7,4.1,7,2,7,10
2017-07-02 11:00:00,39.89999999999418,19.4,7.8,1022.0,7,3.6,7,2,1,11
2017-07-02 12:00:00,44.79999999998836,20.9,7.5,1022.0,6,4.6,7,2,2,12
2017-07-02 13:00:00,47.39999999999418,21.5,8.2,1022.1,7,3.1,7,2,3,13
2017-07-02 14:00:00,47.5,22.2,8.1,1022.0,7,2.6,7,2,4,14
2017-07-02 15:00:00,44.89999999999418,23.3,8.8,1021.8,7,3.6,7,2,5,15
2017-07-02 16:00:00,46.10000000000582,23.4,8.6,1021.6,7,3.6,7,2,6,16
2017-07-02 17:00:00,44.69999999998254,23.4,8.0,1021.3,7,2.6,7,2,7,17
2017-07-02 18:00:00,48.89999999999418,23.5,8.1,1021.3,6,3.6,7,2,1,18
2017-07-02 19:00:00,49.0,22.4,7.9,1021.3,6,3.1,7,2,2,19
2017-07-02 20:00:00,55.20000000001164,21.2,8.3,1021.5,6,3.6,7,2,3,20
2017-07-02 21:00:00,62.10000000000582,21.0,8.8,1021.7,6,3.1,7,2,4,21
2017-07-02 22:00:00,61.39999999999418,19.8,9.3,1021.7,6,4.6,7,2,5,22
2017-07-02 23:00:00,54.29999999998836,17.8,10.6,1021.7,6,3.1,7,2,6,23
2017-07-03 00:00:00,49.5,16.5,10.7,1021.8,6,3.6,7,3,7,0
2017-07-03 01:00:00,42.0,15.6,10.0,1021.7,6,3.6,7,3,1,1
2017-07-03 02:00:00,36.80000000001746,15.7,10.2,1021.3,5,3.6,7,3,2,2
2017-07-03 03:00:00,36.89999999999418,15.2,10.4,1020.8,6,5.7,7,3,3,3
2017-07-03 04:00:00,32.70000000001164,14.8,11.3,1020.7,6,4.6,7,3,4,4
2017-07-03 05:00:00,32.0,15.0,11.5,1020.6,6,5.1,7,3,5,5
2017-07-03 06:00:00,31.60000000000582,14.9,12.5,1020.6,6,4.1,7,3,6,6
2017-07-03 07:00:00,37.70000000001164,15.7,12.6,1020.7,5,4.1,7,3,7,7
2017-07-03 08:00:00,48.0,17.1,12.6,1021.0,6,5.1,7,3,1,8
2017-07-03 09:00:00,49.79999999998836,17.9,13.0,1020.9,6,4.1,7,3,2,9
2017-07-03 10:00:00,42.80000000001746,19.0,12.8,1020.7,6,6.2,7,3,3,10
2017-07-03 11:00:00,41.5,20.5,13.4,1020.5,5,5.1,7,3,4,11
2017-07-03 12:00:00,45.60000000000582,22.6,14.3,1020.3,6,6.2,7,3,5,12
2017-07-03 13:00:00,50.19999999998254,21.2,13.2,1020.3,6,6.2,7,3,6,13
2017-07-03 14:00:00,47.20000000001164,22.6,14.4,1020.1,6,6.2,7,3,7,14
2017-07-03 15:00:00,43.20000000001164,23.0,13.0,1019.6540595965637,6,7.2,7,3,1,15
2017-07-03 16:00:00,41.70000000001164,24.7,11.9,1019.3,5,5.1,7,3,2,16
2017-07-03 17:00:00,46.19999999998254,24.3,10.5,1019.3,6,6.2,7,3,3,17
2017-07-03 18:00:00,52.19999999998254,23.9,11.4,1019.3,6,6.2,7,3,4,18
2017-07-03 19:00:00,57.099999999976724,22.3,11.4,1019.6,6,5.1,7,3,5,19
2017-07-03 20:00:00,56.80000000001746,21.3,11.9,1020.0,6,4.6,7,3,6,20
2017-07-03 21:00:00,59.20000000001164,20.6,12.4,1020.6,6,3.6,7,3,7,21
2017-07-03 22:00:00,62.29999999998836,19.3,12.4,1021.0,6,3.6,7,3,1,22
2017-07-03 23:00:00,57.20000000001164,17.2,11.9,1021.2,6,3.6,7,3,2,23
2017-07-04 00:00:00,48.5,17.0,12.2,1021.1,6,3.6,7,4,3,0
2017-07-04 01:00:00,45.39999999999418,16.3,12.2,1020.9,6,2.1,7,4,4,1
2017-07-04 02:00:00,39.10000000000582,14.9,11.8,1020.8,6,2.1,7,4,5,2
2017-07-04 03:00:00,35.20000000001164,14.2,11.7,1020.7,6,2.1,7,4,6,3
2017-07-04 04:00:00,33.29999999998836,14.2,12.1,1020.7,6,2.1,7,4,7,4
2017-07-04 05:00:00,32.89999999999418,14.0,12.3,1020.6,6,2.1,7,4,1,5
2017-07-04 06:00:00,33.79999999998836,15.3,12.6,1020.7,6,1.5,7,4,2,6
2017-07-04 07:00:00,36.39999999999418,17.2,13.5,1020.7,6,1.0,7,4,3,7
2017-07-04 08:00:00,46.60000000000582,19.0,13.7,1020.9,6,2.6,7,4,4,8
2017-07-04 09:00:00,46.60000000000582,20.2,12.4,1020.8,6,2.1,7,4,5,9
2017-07-04 10:00:00,49.5,22.6,12.8,1020.3,5,3.6,7,4,6,10
2017-07-04 11:00:00,49.39999999999418,21.4,13.1,1020.3,6,5.1,7,4,7,11
2017-07-04 12:00:00,50.80000000001746,23.3,13.3,1020.1,5,5.1,7,4,1,12
2017-07-04 13:00:00,49.20000000001164,23.3,12.1,1019.9,5,4.1,7,4,2,13
2017-07-04 14:00:00,45.70000000001164,23.4,12.3,1019.7,6,4.6,7,4,3,14
2017-07-04 15:00:00,43.10000000000582,23.2,11.1,1019.4,6,4.6,7,4,4,15
2017-07-04 16:00:00,44.0,24.0,12.4,1019.0,5,2.1,7,4,5,16
2017-07-04 17:00:00,49.69999999998254,23.6,12.0,1018.4,5,2.6,7,4,6,17
2017-07-04 18:00:00,53.30000000001746,22.8,12.6,1018.2,5,3.1,7,4,7,18
2017-07-04 19:00:00,59.5,22.3,12.9,1018.2,5,2.6,7,4,1,19
2017-07-04 20:00:00,58.5,21.6,13.4,1018.4,5,4.1,7,4,2,20
2017-07-04 21:00:00,59.5,20.8,13.8,1018.9,5,4.6,7,4,3,21
2017-07-04 22:00:00,57.099999999976724,20.0,13.9,1019.1,5,3.6,7,4,4,22
2017-07-04 23:00:00,55.0,20.2,11.9,1019.4,6,3.1,7,4,5,23
2017-07-05 00:00:00,49.39999999999418,18.7,11.7,1019.2,6,2.6,7,5,6,0
2017-07-05 01:00:00,42.70000000001164,17.7,11.7,1019.1,6,2.6,7,5,7,1
2017-07-05 02:00:00,39.0,16.1,11.7,1019.0,7,1.5,7,5,1,2
2017-07-05 03:00:00,36.70000000001164,15.0,11.7,1019.0,7,1.5,7,5,2,3
2017-07-05 04:00:00,34.89999999999418,14.7,11.9,1018.9,7,1.0,7,5,3,4
2017-07-05 05:00:00,33.70000000001164,15.0,12.2,1019.0,7,1.5,7,5,4,5
2017-07-05 06:00:00,36.0,17.2,12.4,1019.3,0,1.5,7,5,5,6
2017-07-05 07:00:00,40.39999999999418,19.4,12.6,1019.6,1,1.0,7,5,6,7
2017-07-05 08:00:00,38.5,21.1,12.4,1019.5,1,1.5,7,5,7,8
2017-07-05 09:00:00,46.60000000000582,21.9,12.0,1019.2,2,2.1,7,5,1,9
2017-07-05 10:00:00,47.29999999998836,23.6,12.5,1019.0,3,2.1,7,5,2,10
2017-07-05 11:00:00,42.29999999998836,24.7,12.6,1018.7,3,2.1,7,5,3,11
2017-07-05 12:00:00,42.79999999998836,25.6,12.4,1018.4,3,2.1,7,5,4,12
2017-07-05 13:00:00,52.10000000000582,27.4,13.2,1018.0,2,1.5,7,5,5,13
2017-07-05 14:00:00,42.900000000023276,27.8,12.4,1017.7,2,2.6,7,5,6,14
2017-07-05 15:00:00,37.0,29.1,12.8,1017.1,5,2.6,7,5,7,15
2017-07-05 16:00:00,35.60000000000582,29.0,11.9,1017.0,1,1.0,7,5,1,16
2017-07-05 17:00:00,44.39999999999418,29.3,12.0,1016.5,2,1.5,7,5,2,17
2017-07-05 18:00:00,52.70000000001164,28.4,11.8,1016.4,4,1.5,7,5,3,18
2017-07-05 19:00:00,63.39999999999418,26.5,15.0,1016.8,3,5.1,7,5,4,19
2017-07-05 20:00:00,60.39999999999418,24.5,15.4,1017.1,2,5.7,7,5,5,20
2017-07-05 21:00:00,58.30000000001746,23.4,14.7,1017.7,3,5.1,7,5,6,21
2017-07-05 22:00:00,62.89999999999418,21.8,13.8,1017.7,2,3.6,7,5,7,22
2017-07-05 23:00:00,55.60000000000582,21.1,13.4,1017.5,2,3.6,7,5,1,23
2017-07-06 00:00:00,50.39999999999418,20.6,12.1,1017.5,2,5.7,7,6,2,0
2017-07-06 01:00:00,45.39999999999418,19.5,11.9,1017.3,2,3.6,7,6,3,1
2017-07-06 02:00:00,41.89999999999418,18.7,12.1,1017.0,2,3.1,7,6,4,2
2017-07-06 03:00:00,36.60000000000582,18.7,12.0,1017.1,1,2.1,7,6,5,3
2017-07-06 04:00:00,35.5,18.8,11.8,1016.6,2,2.6,7,6,6,4
2017-07-06 05:00:00,35.10000000000582,18.7,11.8,1016.5,2,3.1,7,6,7,5
2017-07-06 06:00:00,36.0,19.8,12.6,1016.0,2,3.6,7,6,1,6
2017-07-06 07:00:00,39.80000000001746,21.7,12.3,1015.6,2,5.1,7,6,2,7
2017-07-06 08:00:00,41.79999999998836,23.5,13.7,1015.2,2,4.1,7,6,3,8
2017-07-06 09:00:00,46.80000000001746,25.6,13.9,1014.8,2,5.7,7,6,4,9
2017-07-06 10:00:00,50.400000000023276,27.3,14.8,1014.4,2,5.1,7,6,5,10
2017-07-06 11:00:00,49.5,29.6,15.5,1013.8,3,4.6,7,6,6,11
2017-07-06 12:00:00,50.0,30.2,16.2,1013.1,3,4.1,7,6,7,12
2017-07-06 13:00:00,47.39999999999418,29.5,16.1,1012.6,3,3.6,7,6,1,13
2017-07-06 14:00:00,46.10000000000582,30.7,16.5,1011.7,3,3.6,7,6,2,14
2017-07-06 15:00:00,43.70000000001164,30.7,16.1,1011.6,4,2.1,7,6,3,15
2017-07-06 16:00:00,44.60000000000582,31.0,16.0,1011.2,5,2.6,7,6,4,16
2017-07-06 17:00:00,47.29999999998836,30.2,16.9,1010.8,4,4.1,7,6,5,17
2017-07-06 18:00:00,53.69999999998254,30.8,16.0,1010.9,7,4.6,7,6,6,18
2017-07-06 19:00:00,60.89999999999418,27.8,17.2,1011.6,1,2.6,7,6,7,19
2017-07-06 20:00:00,60.900000000023276,26.9,17.2,1012.2,1,1.0,7,6,1,20
2017-07-06 21:00:00,59.30000000001746,26.1,15.5,1012.9,6,2.6,7,6,2,21
2017-07-06 22:00:00,60.39999999999418,24.3,15.7,1013.5,6,4.1,7,6,3,22
2017-07-06 23:00:00,55.10000000000582,22.9,15.6,1014.0,6,6.2,7,6,4,23
2017-07-07 00:00:00,51.0,22.0,15.5,1014.1,6,4.1,7,7,5,0
2017-07-07 01:00:00,46.80000000001746,21.1,15.6,1014.2,6,4.1,7,7,6,1
2017-07-07 02:00:00,39.5,19.9,15.4,1014.5,6,3.6,7,7,7,2
2017-07-07 03:00:00,39.5,19.0,15.0,1014.5,6,4.1,7,7,1,3
2017-07-07 04:00:00,35.400000000023276,18.1,14.5,1014.9,6,3.6,7,7,2,4
2017-07-07 05:00:00,36.39999999999418,17.9,14.6,1015.8,6,1.5,7,7,3,5
2017-07-07 06:00:00,36.60000000000582,18.8,14.0,1015.9,6,2.6,7,7,4,6
2017-07-07 07:00:00,39.89999999999418,19.6,13.7,1015.9,6,2.1,7,7,5,7
2017-07-07 08:00:00,42.89999999999418,21.5,14.0,1016.5,6,2.6,7,7,6,8
2017-07-07 09:00:00,48.39999999999418,23.2,13.5,1016.6,6,3.1,7,7,7,9
2017-07-07 10:00:00,48.900000000023276,25.0,12.6,1016.7,7,3.6,7,7,1,10
2017-07-07 11:00:00,48.39999999999418,26.1,11.9,1016.5,6,3.1,7,7,2,11
2017-07-07 12:00:00,46.10000000000582,27.0,11.5,1016.6,5,4.1,7,7,3,12
2017-07-07 13:00:00,44.89999999999418,28.2,11.6,1016.3,5,3.6,7,7,4,13
2017-07-07 14:00:00,44.5,28.9,10.7,1015.9,5,3.1,7,7,5,14
2017-07-07 15:00:00,42.0,28.2,11.1,1015.6,6,4.6,7,7,6,15
2017-07-07 16:00:00,41.5,28.2,11.7,1015.4,6,5.1,7,7,7,16
2017-07-07 17:00:00,47.0,27.1,12.8,1015.2,6,6.2,7,7,1,17
2017-07-07 18:00:00,51.900000000023276,26.5,13.8,1015.3,6,6.7,7,7,2,18
2017-07-07 19:00:00,53.20000000001164,24.6,13.6,1015.8,6,6.2,7,7,3,19
2017-07-07 20:00:00,59.70000000001164,23.2,13.5,1016.3,6,5.1,7,7,4,20
2017-07-07 21:00:00,58.0,21.6,12.9,1017.2,6,4.1,7,7,5,21
2017-07-07 22:00:00,58.79999999998836,20.6,14.1,1017.5,6,5.1,7,7,6,22
2017-07-07 23:00:00,54.39999999999418,20.1,14.3,1017.9,6,4.6,7,7,7,23
2017-07-08 00:00:00,47.69999999998254,19.5,14.5,1017.8,6,4.1,7,8,1,0
2017-07-08 01:00:00,46.5,19.2,14.6,1018.0,6,4.1,7,8,2,1
2017-07-08 02:00:00,39.60000000000582,18.4,14.6,1017.9,6,3.6,7,8,3,2
2017-07-08 03:00:00,36.89999999999418,18.1,14.7,1018.1,6,3.1,7,8,4,3
2017-07-08 04:00:00,35.69999999998254,18.0,14.7,1018.0,7,2.1,7,8,5,4
2017-07-08 05:00:00,38.29999999998836,17.8,14.6,1018.4,6,2.1,7,8,6,5
2017-07-08 06:00:00,38.400000000023276,18.4,14.6,1018.6,7,2.6,7,8,7,6
2017-07-08 07:00:00,34.79999999998836,18.7,13.9,1018.9,7,3.1,7,8,1,7
2017-07-08 08:00:00,38.0,18.7,13.5,1019.4,0,3.1,7,8,2,8
2017-07-08 09:00:00,42.60000000000582,20.5,12.7,1019.7,0,3.1,7,8,3,9
2017-07-08 10:00:00,45.5,20.6,11.3,1019.7,7,2.6,7,8,4,10
2017-07-08 11:00:00,42.0,22.4,11.1,1019.7,7,2.1,7,8,5,11
2017-07-08 12:00:00,44.60000000000582,23.9,10.3,1019.4,0,2.6,7,8,6,12
2017-07-08 13:00:00,43.70000000001164,25.1,8.3,1018.9,6,4.1,7,8,7,13
2017-07-08 14:00:00,40.60000000000582,25.8,8.9,1018.4,5,3.6,7,8,1,14
2017-07-08 15:00:00,41.30000000001746,26.6,8.9,1017.8,6,3.1,7,8,2,15
2017-07-08 16:00:00,41.29999999998836,25.6,8.8,1017.2,0,3.1,7,8,3,16
2017-07-08 17:00:00,45.79999999998836,25.7,9.5,1016.9,7,3.6,7,8,4,17
2017-07-08 18:00:00,48.30000000001746,25.1,9.7,1016.8,7,2.1,7,8,5,18
2017-07-08 19:00:00,49.5,24.5,10.3,1016.8,0,3.1,7,8,6,19
2017-07-08 20:00:00,53.10000000000582,23.5,10.5,1016.7,0,2.6,7,8,7,20
2017-07-08 21:00:00,53.39999999999418,22.5,10.7,1016.7,0,1.5,7,8,1,21
2017-07-08 22:00:00,51.70000000001164,20.7,13.5,1016.8,2,2.6,7,8,2,22
2017-07-08 23:00:00,49.10000000000582,18.8,15.4,1016.8,2,3.6,7,8,3,23
2017-07-09 00:00:00,51.89999999999418,18.5,15.5,1016.6,2,2.6,7,9,4,0
2017-07-09 01:00:00,43.0,18.4,15.6,1016.1,2,2.1,7,9,5,1
2017-07-09 02:00:00,40.19999999998254,18.4,15.3,1015.8,2,2.6,7,9,6,2
2017-07-09 03:00:00,39.5,18.3,14.9,1015.2,2,1.5,7,9,7,3
2017-07-09 04:00:00,36.0,18.3,14.5,1014.7,3,2.6,7,9,1,4
2017-07-09 05:00:00,35.20000000001164,18.2,14.2,1014.4,3,2.1,7,9,2,5
2017-07-09 06:00:00,33.20000000001164,18.7,14.5,1014.3,3,2.1,7,9,3,6
2017-07-09 07:00:00,33.29999999998836,18.8,14.3,1014.6,3,1.5,7,9,4,7
2017-07-09 08:00:00,34.29999999998836,20.4,13.8,1014.6,4,2.6,7,9,5,8
2017-07-09 09:00:00,38.39999999999418,23.6,14.6,1014.2,5,3.6,7,9,6,9
2017-07-09 10:00:00,41.599999999976724,24.3,13.7,1013.7,5,3.6,7,9,7,10
2017-07-09 11:00:00,43.400000000023276,25.9,12.8,1013.0,5,3.1,7,9,1,11
2017-07-09 12:00:00,44.599999999976724,25.3,13.5,1012.5,4,3.1,7,9,2,12
2017-07-09 13:00:00,46.30000000001746,24.9,14.2,1012.3,4,5.7,7,9,3,13
2017-07-09 14:00:00,46.400000000023276,26.5,13.5,1012.0,5,4.6,7,9,4,14
2017-07-09 15:00:00,42.39999999999418,27.8,13.6,1011.3,5,5.1,7,9,5,15
2017-07-09 16:00:00,43.30000000001746,26.5,12.6,1010.6,5,3.1,7,9,6,16
2017-07-09 17:00:00,47.900000000023276,26.6,12.1,1009.9,5,3.6,7,9,7,17
2017-07-09 18:00:00,53.29999999998836,26.1,12.2,1009.7,4,4.6,7,9,1,18
2017-07-09 19:00:00,57.39999999999418,24.6,12.1,1009.9,4,4.6,7,9,2,19
2017-07-09 20:00:00,58.60000000000582,23.5,11.5,1010.0,5,4.6,7,9,3,20
2017-07-09 21:00:00,56.60000000000582,22.4,11.5,1010.3,5,4.1,7,9,4,21
2017-07-09 22:00:00,60.5,21.1,13.1,1010.1,5,3.6,7,9,5,22
2017-07-09 23:00:00,58.79999999998836,19.9,13.9,1010.0,5,3.6,7,9,6,23
2017-07-10 00:00:00,53.80000000001746,19.0,13.8,1009.6,5,3.1,7,10,7,0
2017-07-10 01:00:00,50.60000000000582,18.1,13.7,1009.3,5,2.1,7,10,1,1
2017-07-10 02:00:00,41.0,17.2,13.7,1008.8,6,2.6,7,10,2,2
2017-07-10 03:00:00,36.10000000000582,17.0,14.3,1008.4,6,3.6,7,10,3,3
2017-07-10 04:00:00,34.29999999998836,16.4,13.9,1008.4,6,2.6,7,10,4,4
2017-07-10 05:00:00,33.89999999999418,16.3,14.4,1008.4,6,2.6,7,10,5,5
2017-07-10 06:00:00,36.79999999998836,17.4,14.2,1008.3,6,3.1,7,10,6,6
2017-07-10 07:00:00,42.69999999998254,18.9,14.6,1008.7,6,3.1,7,10,7,7
2017-07-10 08:00:00,41.20000000001164,20.3,14.7,1008.4,6,2.1,7,10,1,8
2017-07-10 09:00:00,44.0,21.6,14.7,1008.2,5,3.6,7,10,2,9
2017-07-10 10:00:00,45.5,23.4,14.8,1008.2,5,4.6,7,10,3,10
2017-07-10 11:00:00,46.89999999999418,23.7,12.1,1008.2,6,5.1,7,10,4,11
2017-07-10 12:00:00,52.29999999998836,25.2,12.4,1008.0,6,5.7,7,10,5,12
2017-07-10 13:00:00,51.30000000001746,25.0,12.4,1007.6,6,5.7,7,10,6,13
2017-07-10 14:00:00,50.20000000001164,25.1,11.9,1007.6,6,6.2,7,10,7,14
2017-07-10 15:00:00,44.19999999998254,24.8,9.0,1007.5,6,5.7,7,10,1,15
2017-07-10 16:00:00,46.20000000001164,25.0,11.4,1007.3,6,5.7,7,10,2,16
2017-07-10 17:00:00,47.80000000001746,25.0,11.3,1007.4,6,7.7,7,10,3,17
2017-07-10 18:00:00,51.80000000001746,24.1,10.0,1007.8,6,7.7,7,10,4,18
2017-07-10 19:00:00,63.89999999999418,22.1,10.6,1008.4,6,7.2,7,10,5,19
2017-07-10 20:00:00,65.39999999999418,20.8,10.9,1009.1,6,6.2,7,10,6,20
2017-07-10 21:00:00,65.80000000001746,19.1,11.3,1009.8,6,5.7,7,10,7,21
2017-07-10 22:00:00,65.89999999999418,17.9,11.2,1010.4,6,6.2,7,10,1,22
2017-07-10 23:00:00,59.10000000000582,16.9,10.8,1010.4,6,4.1,7,10,2,23
2017-07-11 00:00:00,50.29999999998836,16.0,10.3,1010.2,6,4.6,7,11,3,0
2017-07-11 01:00:00,46.60000000000582,15.4,10.7,1010.1,6,3.6,7,11,4,1
2017-07-11 02:00:00,41.10000000000582,15.1,10.9,1010.2,5,4.1,7,11,5,2
2017-07-11 03:00:00,38.5,14.8,10.9,1010.3,5,4.1,7,11,6,3
2017-07-11 04:00:00,36.39999999999418,15.1,11.1,1010.5,6,4.6,7,11,7,4
2017-07-11 05:00:00,35.29999999998836,15.2,11.8,1010.7,6,3.1,7,11,1,5
2017-07-11 06:00:00,36.79999999998836,15.5,11.8,1010.3,5,2.6,7,11,2,6
2017-07-11 07:00:00,43.89999999999418,16.5,11.6,1010.2,4,2.6,7,11,3,7
2017-07-11 08:00:00,41.5,17.5,12.2,1010.4,5,4.6,7,11,4,8
2017-07-11 09:00:00,49.60000000000582,18.9,12.9,1010.0,5,4.1,7,11,5,9
2017-07-11 10:00:00,51.60000000000582,19.2,12.6,1009.8,4,3.6,7,11,6,10
2017-07-11 11:00:00,50.89999999999418,18.3,15.0,1009.4,4,5.1,7,11,7,11
2017-07-11 12:00:00,51.89999999999418,18.0,15.9,1009.2,4,5.7,7,11,1,12
2017-07-11 13:00:00,48.79999999998836,17.7,14.9,1009.4,5,6.2,7,11,2,13
2017-07-11 14:00:00,44.599999999976724,17.7,13.2,1009.4,5,5.7,7,11,3,14
2017-07-11 15:00:00,44.89999999999418,19.1,12.7,1009.1,4,6.2,7,11,4,15
2017-07-11 16:00:00,42.099999999976724,15.8,12.9,1009.5,5,7.2,7,11,5,16
2017-07-11 17:00:00,47.20000000001164,15.4,13.9,1009.1,5,5.1,7,11,6,17
2017-07-11 18:00:00,53.69999999998254,15.0,13.9,1009.0,4,4.1,7,11,7,18
2017-07-11 19:00:00,64.69999999998254,14.4,13.8,1008.6,4,3.1,7,11,1,19
2017-07-11 20:00:00,66.79999999998836,14.3,13.9,1007.6,3,4.1,7,11,2,20
2017-07-11 21:00:00,61.20000000001164,14.4,14.2,1007.1,2,3.1,7,11,3,21
2017-07-11 22:00:00,60.900000000023276,14.6,14.4,1006.3,3,5.1,7,11,4,22
2017-07-11 23:00:00,56.70000000001164,15.1,14.9,1005.5,3,3.6,7,11,5,23
2017-07-12 00:00:00,51.60000000000582,15.5,15.3,1005.1,0,1.5,7,12,6,0
2017-07-12 01:00:00,44.89999999999418,14.9,14.7,1005.0,0,2.6,7,12,7,1
2017-07-12 02:00:00,38.29999999998836,14.6,14.2,1005.4,0,2.6,7,12,1,2
2017-07-12 03:00:00,35.39999999999418,14.6,14.0,1005.7,0,3.6,7,12,2,3
2017-07-12 04:00:00,34.79999999998836,14.4,13.8,1006.8,0,3.6,7,12,3,4
2017-07-12 05:00:00,35.29999999998836,14.5,13.7,1008.2,0,3.1,7,12,4,5
2017-07-12 06:00:00,35.0,14.3,13.3,1009.5,0,5.1,7,12,5,6
2017-07-12 07:00:00,43.0,14.9,13.3,1010.7,0,4.1,7,12,6,7
2017-07-12 08:00:00,40.79999999998836,15.3,13.3,1012.0,0,4.6,7,12,7,8
2017-07-12 09:00:00,46.70000000001164,16.7,13.4,1013.4,1,5.1,7,12,1,9
2017-07-12 10:00:00,50.60000000000582,15.6,12.4,1014.8,0,5.1,7,12,2,10
2017-07-12 11:00:00,51.29999999998836,16.5,12.1,1016.0,0,4.6,7,12,3,11
2017-07-12 12:00:00,48.39999999999418,18.0,10.3,1016.9,0,4.6,7,12,4,12
2017-07-12 13:00:00,50.29999999998836,19.6,9.5,1018.0,0,4.1,7,12,5,13
2017-07-12 14:00:00,41.900000000023276,20.9,8.5,1018.8,0,4.1,7,12,6,14
2017-07-12 15:00:00,45.19999999998254,21.2,8.0,1019.6,0,3.6,7,12,7,15
2017-07-12 16:00:00,42.80000000001746,21.0,7.6,1020.0,0,3.6,7,12,1,16
2017-07-12 17:00:00,46.0,21.8,8.0,1020.2,0,3.1,7,12,2,17
2017-07-12 18:00:00,53.0,20.4,6.1,1021.1,1,3.6,7,12,3,18
2017-07-12 19:00:00,62.70000000001164,20.3,6.4,1021.5,1,3.6,7,12,4,19
2017-07-12 20:00:00,59.60000000000582,18.9,7.2,1022.2,1,3.6,7,12,5,20
2017-07-12 21:00:00,60.19999999998254,17.6,5.9,1022.8,1,3.6,7,12,6,21
2017-07-12 22:00:00,58.400000000023276,16.3,10.1,1023.1,2,3.6,7,12,7,22
2017-07-12 23:00:00,58.39999999999418,15.9,10.7,1023.3,3,3.6,7,12,1,23
2017-07-13 00:00:00,51.39999999999418,15.8,10.5,1023.5,3,2.6,7,13,2,0
2017-07-13 01:00:00,44.0,15.8,11.6,1023.6,3,2.6,7,13,3,1
2017-07-13 02:00:00,39.19999999998254,15.3,10.9,1023.5,4,2.6,7,13,4,2
2017-07-13 03:00:00,35.0,14.5,10.1,1023.7,4,2.6,7,13,5,3
2017-07-13 04:00:00,34.10000000000582,13.8,10.0,1023.3,3,2.6,7,13,6,4
2017-07-13 05:00:00,33.5,14.2,10.3,1023.4,3,1.5,7,13,7,5
2017-07-13 06:00:00,34.10000000000582,14.8,10.3,1023.4,3,2.1,7,13,1,6
2017-07-13 07:00:00,40.599999999976724,16.5,10.8,1023.2,4,2.6,7,13,2,7
2017-07-13 08:00:00,39.69999999998254,17.9,9.5,1023.2,4,2.6,7,13,3,8
2017-07-13 09:00:00,47.0,18.8,9.4,1022.8,3,2.1,7,13,4,9
2017-07-13 10:00:00,48.39999999999418,19.3,10.2,1022.5,6,2.6,7,13,5,10
2017-07-13 11:00:00,50.5,18.3,9.6,1022.5,6,3.6,7,13,6,11
2017-07-13 12:00:00,52.0,20.1,9.7,1022.0,6,3.1,7,13,7,12
2017-07-13 13:00:00,50.19999999998254,21.2,8.3,1021.6,5,3.6,7,13,1,13
2017-07-13 14:00:00,51.0,22.7,7.4,1021.0,6,2.6,7,13,2,14
2017-07-13 15:00:00,46.79999999998836,21.7,6.4,1020.5,5,3.6,7,13,3,15
2017-07-13 16:00:00,46.400000000023276,22.3,7.8,1020.0,6,3.6,7,13,4,16
2017-07-13 17:00:00,50.099999999976724,22.7,8.6,1019.7,6,5.1,7,13,5,17
2017-07-13 18:00:00,55.0,20.8,9.3,1019.5,5,5.1,7,13,6,18
2017-07-13 19:00:00,55.70000000001164,20.4,9.4,1019.3,6,3.6,7,13,7,19
2017-07-13 20:00:00,51.79999999998836,20.2,10.0,1019.1,5,5.1,7,13,1,20
2017-07-13 21:00:00,57.60000000000582,19.6,9.9,1019.5,5,5.7,7,13,2,21
2017-07-13 22:00:00,58.39999999999418,18.7,9.9,1019.4,5,5.7,7,13,3,22
2017-07-13 23:00:00,57.70000000001164,17.4,10.2,1019.1,5,4.6,7,13,4,23
2017-07-14 00:00:00,51.10000000000582,16.6,10.8,1019.0,5,4.1,7,14,5,0
2017-07-14 01:00:00,48.19999999998254,16.2,11.7,1018.7,5,4.1,7,14,6,1
2017-07-14 02:00:00,40.79999999998836,15.6,12.1,1018.5,5,3.1,7,14,7,2
2017-07-14 03:00:00,35.60000000000582,14.9,12.5,1018.3,5,3.6,7,14,1,3
2017-07-14 04:00:00,35.60000000000582,14.4,12.5,1018.3,6,3.6,7,14,2,4
2017-07-14 05:00:00,34.60000000000582,14.8,12.8,1018.1,5,2.6,7,14,3,5
2017-07-14 06:00:00,34.5,15.6,13.0,1018.3,6,4.1,7,14,4,6
2017-07-14 07:00:00,41.599999999976724,16.5,13.3,1018.5,6,4.6,7,14,5,7
2017-07-14 08:00:00,39.60000000000582,17.3,12.7,1018.7,7,4.1,7,14,6,8
2017-07-14 09:00:00,48.79999999998836,17.3,10.3,1019.2,7,4.6,7,14,7,9
2017-07-14 10:00:00,51.0,18.8,9.6,1019.5,7,4.6,7,14,1,10
2017-07-14 11:00:00,46.79999999998836,19.3,8.2,1019.9,7,4.6,7,14,2,11
2017-07-14 12:00:00,50.19999999998254,19.1,8.4,1020.3,7,3.6,7,14,3,12
2017-07-14 13:00:00,47.39999999999418,19.4,8.5,1020.5,7,5.1,7,14,4,13
2017-07-14 14:00:00,42.60000000000582,20.0,8.4,1020.7,0,3.6,7,14,5,14
2017-07-14 15:00:00,41.900000000023276,20.6,8.4,1020.7,0,3.6,7,14,6,15
2017-07-14 16:00:00,43.29999999998836,21.0,7.8,1020.8,7,4.1,7,14,7,16
2017-07-14 17:00:00,46.29999999998836,20.5,8.1,1020.7,7,3.6,7,14,1,17
2017-07-14 18:00:00,47.29999999998836,20.7,8.5,1020.9,7,3.6,7,14,2,18
2017-07-14 19:00:00,53.0,20.1,8.2,1021.1,7,3.6,7,14,3,19
2017-07-14 20:00:00,52.10000000000582,19.1,8.5,1021.2,6,3.1,7,14,4,20
2017-07-14 21:00:00,50.19999999998254,18.3,9.0,1021.8,6,2.6,7,14,5,21
2017-07-14 22:00:00,55.30000000001746,17.6,9.2,1022.5,6,3.1,7,14,6,22
2017-07-14 23:00:00,50.5,16.8,9.4,1022.4,6,2.6,7,14,7,23
2017-07-15 00:00:00,50.400000000023276,16.2,9.8,1022.6,6,3.6,7,15,1,0
2017-07-15 01:00:00,45.79999999998836,15.9,10.5,1022.1,6,2.6,7,15,2,1
2017-07-15 02:00:00,41.70000000001164,15.7,11.7,1022.2,6,3.1,7,15,3,2
2017-07-15 03:00:00,40.5,15.5,12.0,1021.9,6,3.1,7,15,4,3
2017-07-15 04:00:00,35.099999999976724,15.1,11.9,1022.2,6,3.1,7,15,5,4
2017-07-15 05:00:00,33.900000000023276,15.3,11.8,1022.2,6,3.6,7,15,6,5
2017-07-15 06:00:00,33.29999999998836,15.9,11.8,1022.1,5,3.1,7,15,7,6
2017-07-15 07:00:00,31.799999999988362,16.7,12.1,1022.2,6,3.6,7,15,1,7
2017-07-15 08:00:00,37.80000000001746,17.8,12.4,1022.2,5,5.1,7,15,2,8
2017-07-15 09:00:00,43.900000000023276,17.5,12.6,1022.6,6,4.6,7,15,3,9
2017-07-15 10:00:00,45.5,17.2,12.8,1022.6,5,5.1,7,15,4,10
2017-07-15 11:00:00,51.5,16.7,14.8,1022.6,5,5.1,7,15,5,11
2017-07-15 12:00:00,52.69999999998254,16.6,15.3,1022.5,5,4.6,7,15,6,12
2017-07-15 13:00:00,49.29999999998836,17.1,15.7,1022.3,5,4.6,7,15,7,13
2017-07-15 14:00:00,48.89999999999418,18.6,15.6,1021.8,5,4.6,7,15,1,14
2017-07-15 15:00:00,46.39999999999418,20.5,15.5,1021.5,5,5.1,7,15,2,15
2017-07-15 16:00:00,47.39999999999418,21.4,15.7,1021.3,6,5.7,7,15,3,16
2017-07-15 17:00:00,44.39999999999418,22.2,15.8,1021.0,5,6.7,7,15,4,17
2017-07-15 18:00:00,49.39999999999418,21.9,16.2,1021.1,6,6.2,7,15,5,18
2017-07-15 19:00:00,53.20000000001164,21.4,16.3,1021.1,6,5.1,7,15,6,19
2017-07-15 20:00:00,56.0,21.2,16.5,1021.2,6,4.1,7,15,7,20
2017-07-15 21:00:00,57.60000000000582,20.2,16.3,1021.6,6,6.2,7,15,1,21
2017-07-15 22:00:00,57.5,19.7,16.4,1021.7,5,5.1,7,15,2,22
2017-07-15 23:00:00,55.5,19.1,16.5,1022.1,6,3.6,7,15,3,23
2017-07-16 00:00:00,49.89999999999418,19.0,16.6,1022.2,6,4.1,7,16,4,0
2017-07-16 01:00:00,45.5,18.5,16.2,1022.0,5,4.1,7,16,5,1
2017-07-16 02:00:00,39.5,18.9,16.4,1022.1,6,5.1,7,16,6,2
2017-07-16 03:00:00,35.5,18.9,15.7,1022.2,6,5.7,7,16,7,3
2017-07-16 04:00:00,35.69999999998254,17.5,15.0,1022.0,6,3.6,7,16,1,4
2017-07-16 05:00:00,34.20000000001164,17.8,15.6,1022.3,6,6.2,7,16,2,5
2017-07-16 06:00:00,34.29999999998836,18.3,15.7,1022.8,6,3.6,7,16,3,6
2017-07-16 07:00:00,45.60000000000582,19.5,16.3,1023.1,6,4.6,7,16,4,7
2017-07-16 08:00:00,38.30000000001746,21.9,17.2,1023.0,6,5.7,7,16,5,8
2017-07-16 09:00:00,35.099999999976724,22.0,16.6,1023.1,6,5.1,7,16,6,9
2017-07-16 10:00:00,40.89999999999418,22.3,16.8,1023.1,6,5.7,7,16,7,10
2017-07-16 11:00:00,42.19999999998254,22.4,16.6,1023.1,6,4.6,7,16,1,11
2017-07-16 12:00:00,42.89999999999418,22.9,17.2,1023.2,6,5.7,7,16,2,12
2017-07-16 13:00:00,46.89999999999418,24.3,17.5,1022.9,6,4.6,7,16,3,13
2017-07-16 14:00:00,46.20000000001164,24.8,17.4,1022.9,6,6.2,7,16,4,14
2017-07-16 15:00:00,40.10000000000582,24.7,16.6,1022.7,6,4.6,7,16,5,15
2017-07-16 16:00:00,40.0,22.9,18.1,1022.4,6,4.1,7,16,6,16
2017-07-16 17:00:00,39.79999999998836,24.4,16.7,1022.0,6,4.6,7,16,7,17
2017-07-16 18:00:00,47.400000000023276,24.3,17.2,1021.9,5,3.6,7,16,1,18
2017-07-16 19:00:00,48.30000000001746,22.6,17.5,1022.1,0,2.6,7,16,2,19
2017-07-16 20:00:00,58.5,22.3,17.3,1022.5,0,3.1,7,16,3,20
2017-07-16 21:00:00,58.79999999998836,20.2,16.6,1023.1,7,3.1,7,16,4,21
2017-07-16 22:00:00,61.39999999999418,20.1,16.0,1023.1,0,2.6,7,16,5,22
2017-07-16 23:00:00,55.69999999998254,19.3,16.5,1023.3,7,1.5,7,16,6,23
2017-07-17 00:00:00,49.70000000001164,19.0,16.4,1023.5,7,2.1,7,17,7,0
2017-07-17 01:00:00,45.0,18.2,10.0,1023.7,0,3.6,7,17,1,1
2017-07-17 02:00:00,41.0,16.9,9.4,1023.8,1,4.1,7,17,2,2
2017-07-17 03:00:00,37.5,16.3,9.3,1024.0,0,2.6,7,17,3,3
2017-07-17 04:00:00,34.89999999999418,15.9,9.1,1024.1,1,2.6,7,17,4,4
2017-07-17 05:00:00,35.20000000001164,15.4,9.5,1024.5,0,2.1,7,17,5,5
2017-07-17 06:00:00,33.39999999999418,15.5,9.4,1024.7,0,2.1,7,17,6,6
2017-07-17 07:00:00,35.5,16.5,9.5,1025.0,1,3.1,7,17,7,7
2017-07-17 08:00:00,45.10000000000582,17.5,9.6,1025.1,1,2.6,7,17,1,8
2017-07-17 09:00:00,47.20000000001164,18.9,9.4,1024.7,1,4.1,7,17,2,9
2017-07-17 10:00:00,46.5,20.6,9.0,1024.1,1,3.6,7,17,3,10
2017-07-17 11:00:00,46.30000000001746,22.3,8.5,1024.0,2,2.6,7,17,4,11
2017-07-17 12:00:00,46.10000000000582,23.8,7.6,1023.5,1,4.1,7,17,5,12
2017-07-17 13:00:00,48.80000000001746,25.0,7.7,1023.0,0,3.6,7,17,6,13
2017-07-17 14:00:00,47.19999999998254,25.6,6.8,1022.5,1,3.1,7,17,7,14
2017-07-17 15:00:00,44.10000000000582,26.6,8.3,1021.9,1,2.6,7,17,1,15
2017-07-17 16:00:00,42.10000000000582,25.8,6.2,1021.5,0,3.1,7,17,2,16
2017-07-17 17:00:00,45.69999999998254,26.0,7.9,1021.1,1,2.6,7,17,3,17
2017-07-17 18:00:00,56.5,25.4,8.1,1020.9,0,2.6,7,17,4,18
2017-07-17 19:00:00,61.19999999998254,24.7,8.4,1021.1,1,3.6,7,17,5,19
2017-07-17 20:00:00,60.5,22.7,11.8,1021.2,2,4.1,7,17,6,20
2017-07-17 21:00:00,61.60000000000582,21.2,10.2,1021.4,2,4.1,7,17,7,21
2017-07-17 22:00:00,58.900000000023276,20.3,10.6,1021.6,2,4.1,7,17,1,22
2017-07-17 23:00:00,55.5,19.3,10.1,1021.5,2,4.6,7,17,2,23
2017-07-18 00:00:00,50.39999999999418,18.4,11.7,1021.3,2,4.1,7,18,3,0
2017-07-18 01:00:00,42.70000000001164,18.6,11.9,1020.9,2,2.6,7,18,4,1
2017-07-18 02:00:00,39.5,18.3,12.6,1020.5,1,2.1,7,18,5,2
2017-07-18 03:00:00,36.0,18.0,13.6,1020.0,2,2.1,7,18,6,3
2017-07-18 04:00:00,34.10000000000582,17.5,13.2,1019.9,1,2.1,7,18,7,4
2017-07-18 05:00:00,36.19999999998254,17.2,13.2,1019.6,2,4.1,7,18,1,5
2017-07-18 06:00:00,33.79999999998836,18.2,13.2,1019.4,2,2.6,7,18,2,6
2017-07-18 07:00:00,37.69999999998254,19.0,14.3,1019.0,2,4.1,7,18,3,7
2017-07-18 08:00:00,47.69999999998254,20.7,14.5,1018.6,2,4.6,7,18,4,8
2017-07-18 09:00:00,50.5,21.5,14.1,1018.2,2,4.1,7,18,5,9
2017-07-18 10:00:00,48.89999999999418,23.3,13.1,1017.5,2,6.7,7,18,6,10
2017-07-18 11:00:00,48.099999999976724,24.8,11.4,1017.0,2,7.7,7,18,7,11
2017-07-18 12:00:00,50.0,25.7,11.4,1016.0,2,6.7,7,18,1,12
2017-07-18 13:00:00,49.79999999998836,26.2,11.2,1015.7,2,7.7,7,18,2,13
2017-07-18 14:00:00,43.60000000000582,26.1,11.8,1014.9,2,6.7,7,18,3,14
2017-07-18 15:00:00,45.60000000000582,26.2,12.4,1014.6,2,8.8,7,18,4,15
2017-07-18 16:00:00,44.10000000000582,25.7,13.0,1014.1,2,7.7,7,18,5,16
2017-07-18 17:00:00,50.0,24.0,11.9,1013.0,2,8.2,7,18,6,17
2017-07-18 18:00:00,58.30000000001746,23.3,13.4,1012.3,2,5.7,7,18,7,18
2017-07-18 19:00:00,58.89999999999418,22.6,13.8,1011.0,1,6.2,7,18,1,19
2017-07-18 20:00:00,57.5,21.8,14.0,1011.4,2,5.1,7,18,2,20
2017-07-18 21:00:00,60.60000000000582,19.5,16.1,1012.4,7,5.1,7,18,3,21
2017-07-18 22:00:00,61.5,19.5,15.7,1011.1,1,2.6,7,18,4,22
2017-07-18 23:00:00,55.69999999998254,19.6,15.3,1010.5,1,4.1,7,18,5,23
2017-07-19 00:00:00,52.0,19.3,15.4,1009.2,1,4.1,7,19,6,0
2017-07-19 01:00:00,45.0,19.0,15.9,1009.6,2,3.1,7,19,7,1
2017-07-19 02:00:00,37.60000000000582,18.5,17.4,1008.0,1,3.6,7,19,1,2
2017-07-19 03:00:00,35.80000000001746,18.5,17.3,1007.1,1,0.5,7,19,2,3
2017-07-19 04:00:00,36.0,18.2,17.3,1005.8,0,2.6,7,19,3,4
2017-07-19 05:00:00,35.10000000000582,18.3,17.5,1005.3,1,2.1,7,19,4,5
2017-07-19 06:00:00,38.10000000000582,19.2,17.8,1005.4,2,3.6,7,19,5,6
2017-07-19 07:00:00,41.60000000000582,19.9,17.5,1005.4,2,4.1,7,19,6,7
2017-07-19 08:00:00,43.400000000023276,20.5,18.3,1005.0,2,3.1,7,19,7,8
2017-07-19 09:00:00,45.5,21.4,18.0,1004.7,4,3.1,7,19,1,9
2017-07-19 10:00:00,51.10000000000582,22.5,18.5,1004.5,5,4.1,7,19,2,10
2017-07-19 11:00:00,50.39999999999418,21.5,18.4,1005.3,4,5.7,7,19,3,11
2017-07-19 12:00:00,51.5,20.8,17.9,1005.8,4,6.2,7,19,4,12
2017-07-19 13:00:00,52.0,20.7,17.6,1005.7,4,5.7,7,19,5,13
2017-07-19 14:00:00,48.29999999998836,20.6,17.4,1005.7,4,6.2,7,19,6,14
2017-07-19 15:00:00,44.599999999976724,20.6,17.3,1005.5,5,5.7,7,19,7,15
2017-07-19 16:00:00,42.10000000000582,20.2,16.7,1005.6,4,5.7,7,19,1,16
2017-07-19 17:00:00,50.20000000001164,19.8,16.9,1005.9,4,6.2,7,19,2,17
2017-07-19 18:00:00,56.0,20.8,16.5,1006.0,5,5.1,7,19,3,18
2017-07-19 19:00:00,56.29999999998836,20.7,15.1,1006.0,5,6.7,7,19,4,19
2017-07-19 20:00:00,52.89999999999418,20.2,15.1,1006.1,5,6.2,7,19,5,20
2017-07-19 21:00:00,56.39999999999418,19.4,14.6,1006.5,4,4.1,7,19,6,21
2017-07-19 22:00:00,57.20000000001164,19.1,14.2,1006.6,5,4.1,7,19,7,22
2017-07-19 23:00:00,56.29999999998836,18.4,14.2,1006.3,5,4.1,7,19,1,23
2017-07-20 00:00:00,50.20000000001164,18.5,14.3,1006.4,5,3.6,7,20,2,0
2017-07-20 01:00:00,44.20000000001164,18.3,15.0,1006.0,4,3.1,7,20,3,1
2017-07-20 02:00:00,39.80000000001746,17.4,16.6,1006.0,4,4.6,7,20,4,2
2017-07-20 03:00:00,36.60000000000582,17.5,16.7,1005.4,4,2.6,7,20,5,3
2017-07-20 04:00:00,33.39999999999418,17.4,16.5,1005.0,4,3.1,7,20,6,4
2017-07-20 05:00:00,33.30000000001746,17.5,16.5,1004.8,4,2.6,7,20,7,5
2017-07-20 06:00:00,35.10000000000582,18.0,16.7,1004.7,4,3.6,7,20,1,6
2017-07-20 07:00:00,39.89999999999418,19.0,16.7,1004.6,4,4.6,7,20,2,7
2017-07-20 08:00:00,43.80000000001746,19.1,16.0,1004.7,6,5.7,7,20,3,8
2017-07-20 09:00:00,47.60000000000582,17.6,15.6,1005.4,6,8.2,7,20,4,9
2017-07-20 10:00:00,48.39999999999418,16.1,13.6,1006.6,6,6.2,7,20,5,10
2017-07-20 11:00:00,46.5,15.4,12.7,1007.6,6,7.7,7,20,6,11
2017-07-20 12:00:00,47.5,16.6,10.8,1008.3,6,6.7,7,20,7,12
2017-07-20 13:00:00,48.19999999998254,18.2,8.2,1008.8,6,6.7,7,20,1,13
2017-07-20 14:00:00,42.79999999998836,19.2,6.5,1009.0,6,5.7,7,20,2,14
2017-07-20 15:00:00,43.10000000000582,19.8,6.5,1009.4,6,7.2,7,20,3,15
2017-07-20 16:00:00,41.0,20.4,5.4,1009.6,6,7.7,7,20,4,16
2017-07-20 17:00:00,45.10000000000582,19.7,6.6,1009.8,6,7.2,7,20,5,17
2017-07-20 18:00:00,57.10000000000582,19.1,6.4,1010.3,6,7.2,7,20,6,18
2017-07-20 19:00:00,53.900000000023276,19.2,7.7,1010.8,6,6.7,7,20,7,19
2017-07-20 20:00:00,50.0,17.5,10.2,1011.1,5,6.2,7,20,1,20
2017-07-20 21:00:00,51.70000000001164,16.3,9.8,1011.3,4,4.6,7,20,2,21
2017-07-20 22:00:00,50.29999999998836,15.5,9.3,1011.4,4,5.1,7,20,3,22
2017-07-20 23:00:00,50.800000000046566,14.8,9.2,1011.4,4,4.1,7,20,4,23
2017-07-21 00:00:00,49.79999999998836,13.9,9.7,1011.3,4,3.6,7,21,5,0
2017-07-21 01:00:00,43.70000000001164,13.8,10.5,1011.2,4,4.1,7,21,6,1
2017-07-21 02:00:00,37.900000000023276,13.3,10.2,1010.9,4,3.6,7,21,7,2
2017-07-21 03:00:00,39.099999999976724,12.7,10.1,1010.6,3,3.6,7,21,1,3
2017-07-21 04:00:00,35.79999999998835,12.8,10.2,1010.2,3,4.1,7,21,2,4
2017-07-21 05:00:00,34.0,13.3,10.5,1009.9,3,4.6,7,21,3,5
2017-07-21 06:00:00,35.20000000001165,14.8,11.1,1009.6,3,4.6,7,21,4,6
2017-07-21 07:00:00,35.599999999976724,17.2,11.8,1009.6,4,6.7,7,21,5,7
2017-07-21 08:00:00,37.5,17.0,10.4,1009.9,4,7.7,7,21,6,8
2017-07-21 09:00:00,43.800000000046566,19.2,10.9,1009.5,4,8.2,7,21,7,9
2017-07-21 10:00:00,50.5,19.2,9.8,1009.0,4,8.2,7,21,1,10
2017-07-21 11:00:00,50.5,20.6,10.5,1008.7,4,7.2,7,21,2,11
2017-07-21 12:00:00,50.0,20.5,9.4,1008.3,4,8.2,7,21,3,12
2017-07-21 13:00:00,53.20000000001164,20.9,10.6,1008.0,4,7.2,7,21,4,13
2017-07-21 14:00:00,52.10000000003493,21.2,11.1,1007.6,4,6.7,7,21,5,14
2017-07-21 15:00:00,49.300000000046566,22.8,11.3,1007.2,3,8.2,7,21,6,15
2017-07-21 16:00:00,40.0,20.8,10.7,1006.9,4,7.7,7,21,7,16
2017-07-21 17:00:00,41.70000000001164,20.8,10.8,1006.4,4,8.2,7,21,1,17
2017-07-21 18:00:00,48.900000000023276,20.6,11.6,1006.0,4,8.2,7,21,2,18
2017-07-21 19:00:00,48.79999999998836,19.8,11.9,1006.0,4,6.7,7,21,3,19
2017-07-21 20:00:00,51.099999999976724,19.1,12.4,1006.0,4,6.7,7,21,4,20
2017-07-21 21:00:00,53.0,16.8,14.2,1006.4,4,4.6,7,21,5,21
2017-07-21 22:00:00,51.0,15.9,14.6,1006.7,5,4.6,7,21,6,22
2017-07-21 23:00:00,53.70000000001164,14.9,13.4,1006.5,3,4.1,7,21,7,23
2017-07-22 00:00:00,43.899999999965075,14.4,13.5,1006.5,3,3.6,7,22,1,0
2017-07-22 01:00:00,47.099999999976724,14.1,13.5,1006.1,4,2.6,7,22,2,1
2017-07-22 02:00:00,42.899999999965075,14.0,13.5,1005.9,5,2.6,7,22,3,2
2017-07-22 03:00:00,39.099999999976724,14.0,13.5,1005.9,4,2.1,7,22,4,3
2017-07-22 04:00:00,38.79999999998836,13.7,13.2,1006.5,4,2.6,7,22,5,4
2017-07-22 05:00:00,37.399999999965075,13.6,13.3,1006.8,4,2.6,7,22,6,5
2017-07-22 06:00:00,36.20000000001165,14.1,13.3,1006.9,4,2.6,7,22,7,6
2017-07-22 07:00:00,38.79999999998836,15.3,14.0,1007.5,4,3.1,7,22,1,7
2017-07-22 08:00:00,38.60000000003493,16.0,12.3,1007.6,5,3.1,7,22,2,8
2017-07-22 09:00:00,43.00000000000001,16.5,11.6,1007.9,5,3.6,7,22,3,9
2017-07-22 10:00:00,43.29999999998836,16.1,13.5,1007.9,5,4.1,7,22,4,10
2017-07-22 11:00:00,44.70000000001164,18.3,11.5,1008.0,4,5.1,7,22,5,11
2017-07-22 12:00:00,49.20000000001164,17.2,13.5,1008.4,5,3.6,7,22,6,12
2017-07-22 13:00:00,49.5,16.8,10.9,1008.7,4,5.7,7,22,7,13
2017-07-22 14:00:00,49.20000000001164,14.0,12.6,1009.4,4,6.7,7,22,1,14
2017-07-22 15:00:00,49.399999999965075,13.4,11.5,1009.4,4,5.1,7,22,2,15
2017-07-22 16:00:00,43.899999999965075,13.9,11.3,1009.3,4,3.6,7,22,3,16
2017-07-22 17:00:00,43.0,13.6,11.8,1009.0,4,3.6,7,22,4,17
2017-07-22 18:00:00,43.29999999998836,13.6,12.0,1009.0,4,3.6,7,22,5,18
2017-07-22 19:00:00,46.20000000001164,13.5,11.9,1008.9,4,3.6,7,22,6,19
2017-07-22 20:00:00,51.599999999976724,13.7,11.9,1009.2,4,3.1,7,22,7,20
2017-07-22 21:00:00,51.599999999976724,13.7,12.0,1009.3,4,3.6,7,22,1,21
2017-07-22 22:00:00,45.399999999965075,13.1,11.7,1009.3,4,2.6,7,22,2,22
2017-07-22 23:00:00,43.20000000001164,12.9,11.4,1009.5,4,2.6,7,22,3,23
2017-07-23 00:00:00,40.0,12.2,11.5,1009.6,3,1.5,7,23,4,0
2017-07-23 01:00:00,37.70000000001165,12.2,11.4,1009.6,5,1.5,7,23,5,1
2017-07-23 02:00:00,34.70000000001165,12.5,11.9,1009.7,6,1.5,7,23,6,2
2017-07-23 03:00:00,33.29999999998835,11.7,11.2,1009.8,6,1.0,7,23,7,3
2017-07-23 04:00:00,33.69999999995343,11.5,11.2,1009.9,6,1.5,7,23,1,4
2017-07-23 05:00:00,31.5,11.8,11.6,1010.4,6,2.6,7,23,2,5
2017-07-23 06:00:00,29.90000000002329,11.4,11.2,1011.1,6,3.6,7,23,3,6
2017-07-23 07:00:00,30.799999999988355,12.2,11.5,1011.8,6,4.6,7,23,4,7
2017-07-23 08:00:00,33.599999999976724,13.5,12.0,1012.2,6,3.1,7,23,5,8
2017-07-23 09:00:00,32.099999999976724,15.5,13.1,1012.2,6,4.1,7,23,6,9
2017-07-23 10:00:00,38.900000000023276,17.0,12.4,1012.0,6,4.1,7,23,7,10
2017-07-23 11:00:00,39.70000000001165,18.2,11.7,1012.1,5,6.2,7,23,1,11
2017-07-23 12:00:00,47.399999999965075,18.2,10.7,1012.5,6,7.7,7,23,2,12
2017-07-23 13:00:00,43.599999999976724,17.2,10.5,1012.7,6,5.7,7,23,3,13
2017-07-23 14:00:00,43.60000000003493,18.8,11.6,1012.4,5,5.1,7,23,4,14
2017-07-23 15:00:00,41.60000000003493,18.9,11.8,1011.9,6,4.6,7,23,5,15
2017-07-23 16:00:00,39.0,19.3,12.3,1011.6,5,6.7,7,23,6,16
2017-07-23 17:00:00,42.899999999965075,18.5,12.9,1011.5,6,6.2,7,23,7,17
2017-07-23 18:00:00,45.400000000023276,18.0,13.7,1011.5,6,5.1,7,23,1,18
2017-07-23 19:00:00,51.0,17.5,13.4,1011.5,6,3.6,7,23,2,19
2017-07-23 20:00:00,50.70000000001164,17.0,12.0,1011.8,6,4.6,7,23,3,20
2017-07-23 21:00:00,49.099999999976724,15.9,12.2,1012.2,5,4.1,7,23,4,21
2017-07-23 22:00:00,49.70000000001164,15.4,12.7,1012.0,6,4.1,7,23,5,22
2017-07-23 23:00:00,44.20000000001164,15.3,12.6,1011.8,6,3.6,7,23,6,23
2017-07-24 00:00:00,43.599999999976724,15.0,12.8,1011.6,6,3.1,7,24,7,0
2017-07-24 01:00:00,37.699999999953434,15.0,13.1,1011.4,6,3.1,7,24,1,1
2017-07-24 02:00:00,37.399999999965075,15.0,12.7,1011.1,6,2.6,7,24,2,2
2017-07-24 03:00:00,35.70000000001165,14.2,13.4,1010.5,6,4.1,7,24,3,3
2017-07-24 04:00:00,34.099999999976724,14.5,14.0,1010.4,6,3.6,7,24,4,4
2017-07-24 05:00:00,33.19999999995343,15.2,14.1,1010.6,7,3.6,7,24,5,5
2017-07-24 06:00:00,33.400000000023276,15.6,13.6,1011.1,7,3.1,7,24,6,6
2017-07-24 07:00:00,34.70000000001164,15.7,13.4,1011.9,7,3.6,7,24,7,7
2017-07-24 08:00:00,43.10000000003493,15.9,13.6,1012.5,0,4.1,7,24,1,8
2017-07-24 09:00:00,45.099999999976724,16.2,12.8,1013.2,0,5.7,7,24,2,9
2017-07-24 10:00:00,45.400000000023276,16.0,12.5,1013.9,0,4.6,7,24,3,10
2017-07-24 11:00:00,40.900000000023276,16.9,12.5,1014.3,0,5.1,7,24,4,11
2017-07-24 12:00:00,41.79999999998836,16.6,12.3,1014.7,7,5.1,7,24,5,12
2017-07-24 13:00:00,45.5,16.4,13.0,1015.5,7,3.6,7,24,6,13
2017-07-24 14:00:00,43.79999999998836,17.2,13.1,1015.8,7,4.1,7,24,7,14
2017-07-24 15:00:00,41.29999999998836,18.8,12.3,1015.7,0,3.6,7,24,1,15
2017-07-24 16:00:00,42.900000000023276,19.0,12.8,1015.7,0,3.1,7,24,2,16
2017-07-24 17:00:00,43.20000000001164,19.1,12.7,1015.8,7,3.1,7,24,3,17
2017-07-24 18:00:00,48.70000000001164,18.6,12.2,1016.0,0,2.6,7,24,4,18
2017-07-24 19:00:00,50.79999999998836,18.3,12.3,1016.6,0,3.6,7,24,5,19
2017-07-24 20:00:00,55.29999999998836,17.0,12.4,1017.0,1,3.6,7,24,6,20
2017-07-24 21:00:00,54.0,16.0,12.1,1017.3,0,1.5,7,24,7,21
2017-07-24 22:00:00,53.29999999998836,15.4,12.0,1017.6,0,1.0,7,24,1,22
2017-07-24 23:00:00,49.20000000001164,14.8,12.1,1017.5,7,1.5,7,24,2,23
2017-07-25 00:00:00,43.60000000003493,14.5,11.9,1017.7,7,2.6,7,25,3,0
2017-07-25 01:00:00,38.5,14.0,11.7,1017.5,7,2.6,7,25,4,1
2017-07-25 02:00:00,34.0,13.7,11.7,1017.2,7,2.6,7,25,5,2
2017-07-25 03:00:00,33.29999999998836,13.8,11.6,1017.2,7,2.1,7,25,6,3
2017-07-25 04:00:00,31.200000000011645,13.8,11.2,1017.0,0,2.6,7,25,7,4
2017-07-25 05:00:00,32.20000000001165,13.1,11.2,1017.0,0,3.1,7,25,1,5
2017-07-25 06:00:00,33.19999999995343,13.7,12.1,1017.0,7,3.1,7,25,2,6
2017-07-25 07:00:00,35.70000000001165,15.2,12.6,1017.2,7,3.1,7,25,3,7
2017-07-25 08:00:00,49.400000000023276,17.0,12.9,1017.1,7,3.1,7,25,4,8
2017-07-25 09:00:00,47.399999999965075,18.0,11.9,1016.8,7,3.6,7,25,5,9
2017-07-25 10:00:00,42.900000000023276,18.7,11.9,1016.8,7,3.1,7,25,6,10
2017-07-25 11:00:00,46.70000000001164,19.4,12.0,1016.4,0,2.1,7,25,7,11
2017-07-25 12:00:00,46.300000000046566,20.0,12.0,1016.2,0,2.1,7,25,1,12
2017-07-25 13:00:00,41.900000000023276,20.5,12.5,1016.1,7,3.6,7,25,2,13
2017-07-25 14:00:00,38.60000000003493,20.7,12.8,1015.6,7,3.6,7,25,3,14
2017-07-25 15:00:00,38.399999999965075,21.6,13.3,1015.1,7,3.1,7,25,4,15
2017-07-25 16:00:00,38.29999999998836,21.9,13.0,1014.9,6,3.1,7,25,5,16
2017-07-25 17:00:00,42.900000000023276,22.3,12.9,1014.3,1,1.5,7,25,6,17
2017-07-25 18:00:00,47.099999999976724,22.3,12.7,1013.8,0,2.1,7,25,7,18
2017-07-25 19:00:00,48.20000000001164,22.2,12.2,1013.3,0,1.0,7,25,1,19
2017-07-25 20:00:00,50.5,20.7,12.5,1013.1,4,3.1,7,25,2,20
2017-07-25 21:00:00,51.899999999965075,20.2,13.3,1013.4,4,3.6,7,25,3,21
2017-07-25 22:00:00,55.29999999998836,18.9,14.0,1013.2,4,3.1,7,25,4,22
2017-07-25 23:00:00,52.70000000001164,18.4,14.4,1012.8,4,3.1,7,25,5,23
2017-07-26 00:00:00,47.0,17.4,14.6,1012.3,4,2.6,7,26,6,0
2017-07-26 01:00:00,40.900000000023276,16.2,14.2,1011.6,4,1.5,7,26,7,1
2017-07-26 02:00:00,37.10000000003493,16.1,14.8,1011.3,4,2.1,7,26,1,2
2017-07-26 03:00:00,33.900000000023276,15.6,14.4,1010.6,4,3.1,7,26,2,3
2017-07-26 04:00:00,33.5,15.2,14.3,1010.1,4,3.1,7,26,3,4
2017-07-26 05:00:00,32.30000000004657,14.6,13.6,1009.9,4,2.6,7,26,4,5
2017-07-26 06:00:00,32.400000000023276,15.9,14.1,1009.7,4,4.1,7,26,5,6
2017-07-26 07:00:00,35.5,16.5,14.2,1009.3,4,3.6,7,26,6,7
2017-07-26 08:00:00,48.10000000003493,17.2,14.5,1008.9,4,4.1,7,26,7,8
2017-07-26 09:00:00,49.70000000001164,17.1,16.0,1008.4,4,4.6,7,26,1,9
2017-07-26 10:00:00,45.900000000023276,17.4,16.4,1007.8,4,5.1,7,26,2,10
2017-07-26 11:00:00,45.10000000003493,17.9,17.0,1007.4,4,5.1,7,26,3,11
2017-07-26 12:00:00,47.0,18.8,18.0,1006.8,4,5.1,7,26,4,12
2017-07-26 13:00:00,45.900000000023276,20.8,18.2,1006.5,4,5.1,7,26,5,13
2017-07-26 14:00:00,46.099999999976724,21.1,16.8,1005.9,5,7.7,7,26,6,14
2017-07-26 15:00:00,41.199999999953434,19.9,16.9,1005.3,5,8.2,7,26,7,15
2017-07-26 16:00:00,41.0,19.6,16.4,1005.1,5,7.7,7,26,1,16
2017-07-26 17:00:00,46.29999999998836,19.2,16.7,1004.9,5,6.7,7,26,2,17
2017-07-26 18:00:00,50.69999999995344,19.4,16.5,1004.5,5,6.2,7,26,3,18
2017-07-26 19:00:00,49.099999999976724,19.3,16.4,1004.6,5,6.2,7,26,4,19
2017-07-26 20:00:00,51.29999999998836,19.0,14.4,1005.2,6,6.2,7,26,5,20
2017-07-26 21:00:00,47.79999999998836,17.1,11.7,1006.2,6,7.7,7,26,6,21
2017-07-26 22:00:00,52.10000000003493,16.5,10.8,1006.7,6,7.2,7,26,7,22
2017-07-26 23:00:00,49.29999999998836,15.5,11.0,1007.0,6,6.2,7,26,1,23
2017-07-27 00:00:00,46.20000000001164,15.1,10.9,1007.2,6,5.1,7,27,2,0
2017-07-27 01:00:00,38.20000000001164,14.7,11.0,1007.0,6,4.6,7,27,3,1
2017-07-27 02:00:00,35.099999999976724,14.5,10.9,1007.0,5,4.6,7,27,4,2
2017-07-27 03:00:00,33.600000000034925,14.4,11.0,1006.8,5,4.6,7,27,5,3
2017-07-27 04:00:00,33.099999999976724,14.4,11.0,1007.1,5,5.1,7,27,6,4
2017-07-27 05:00:00,33.20000000001164,14.2,11.0,1007.4,5,4.1,7,27,7,5
2017-07-27 06:00:00,32.70000000001165,15.0,11.5,1007.3,6,5.1,7,27,1,6
2017-07-27 07:00:00,34.79999999998836,15.6,11.6,1007.8,5,5.1,7,27,2,7
2017-07-27 08:00:00,41.899999999965075,15.8,11.1,1007.7,6,4.6,7,27,3,8
2017-07-27 09:00:00,46.0,16.5,12.0,1007.4,5,5.1,7,27,4,9
2017-07-27 10:00:00,44.70000000001164,18.1,11.9,1006.8,6,5.7,7,27,5,10
2017-07-27 11:00:00,46.5,16.9,13.3,1006.6,5,6.2,7,27,6,11
2017-07-27 12:00:00,47.599999999976724,18.1,15.8,1006.3,6,6.2,7,27,7,12
2017-07-27 13:00:00,45.20000000001164,21.6,13.9,1005.6,5,6.7,7,27,1,13
2017-07-27 14:00:00,43.29999999998836,21.1,12.0,1005.6,5,7.7,7,27,2,14
2017-07-27 15:00:00,43.29999999998836,19.4,10.7,1005.7,6,7.7,7,27,3,15
2017-07-27 16:00:00,38.20000000001165,19.3,14.7,1006.0,6,5.7,7,27,4,16
2017-07-27 17:00:00,42.70000000001164,17.8,14.9,1006.1,6,4.6,7,27,5,17
2017-07-27 18:00:00,53.0,18.1,13.3,1006.0,5,4.6,7,27,6,18
2017-07-27 19:00:00,51.0,17.6,13.7,1006.2,5,5.1,7,27,7,19
2017-07-27 20:00:00,51.800000000046566,16.6,14.5,1006.6,5,4.1,7,27,1,20
2017-07-27 21:00:00,52.29999999998836,15.9,14.3,1007.1,5,4.6,7,27,2,21
2017-07-27 22:00:00,52.29999999998836,15.4,13.5,1007.2,5,5.1,7,27,3,22
2017-07-27 23:00:00,52.70000000001164,14.7,13.3,1007.4,5,3.6,7,27,4,23
2017-07-28 00:00:00,44.899999999965075,14.7,13.4,1007.7,5,4.1,7,28,5,0
2017-07-28 01:00:00,40.10000000003493,14.1,12.7,1007.9,5,3.1,7,28,6,1
2017-07-28 02:00:00,38.199999999953434,14.0,11.7,1007.9,5,4.1,7,28,7,2
2017-07-28 03:00:00,35.899999999965075,14.0,11.7,1007.6,5,4.6,7,28,1,3
2017-07-28 04:00:00,34.599999999976724,14.1,11.7,1007.9,5,4.1,7,28,2,4
2017-07-28 05:00:00,34.099999999976724,14.3,11.4,1008.2,5,5.1,7,28,3,5
2017-07-28 06:00:00,35.099999999976724,14.9,11.8,1008.4,5,5.7,7,28,4,6
2017-07-28 07:00:00,37.5,15.8,12.1,1008.8,5,5.7,7,28,5,7
2017-07-28 08:00:00,44.599999999976724,16.9,12.2,1009.0,5,5.1,7,28,6,8
2017-07-28 09:00:00,47.599999999976724,18.1,13.1,1009.2,5,6.7,7,28,7,9
2017-07-28 10:00:00,42.599999999976724,19.2,12.8,1008.9,5,7.2,7,28,1,10
2017-07-28 11:00:00,43.399999999965075,21.5,12.0,1009.2,5,7.7,7,28,2,11
2017-07-28 12:00:00,42.599999999976724,20.6,11.6,1009.2,5,7.2,7,28,3,12
2017-07-28 13:00:00,46.0,20.0,11.9,1009.4,5,9.3,7,28,4,13
2017-07-28 14:00:00,44.800000000046566,18.4,13.4,1009.6,5,8.8,7,28,5,14
2017-07-28 15:00:00,42.599999999976724,17.8,13.9,1009.4,5,7.7,7,28,6,15
2017-07-28 16:00:00,40.29999999998836,17.5,14.2,1009.1,5,8.2,7,28,7,16
2017-07-28 17:00:00,41.30000000004657,18.0,13.6,1008.5,5,8.2,7,28,1,17
2017-07-28 18:00:00,46.60000000003493,18.1,13.6,1008.1,5,8.2,7,28,2,18
2017-07-28 19:00:00,53.400000000023276,17.6,14.2,1007.5,5,7.7,7,28,3,19
2017-07-28 20:00:00,54.79999999998836,17.1,13.8,1007.2,5,10.8,7,28,4,20
2017-07-28 21:00:00,55.5,16.5,15.1,1007.1,4,7.2,7,28,5,21
2017-07-28 22:00:00,56.20000000001164,16.5,15.6,1006.6,4,7.2,7,28,6,22
2017-07-28 23:00:00,51.60000000003493,17.2,16.0,1006.2,5,6.2,7,28,7,23
2017-07-29 00:00:00,46.60000000003493,17.5,16.1,1006.4,5,6.7,7,29,1,0
2017-07-29 01:00:00,45.800000000046566,17.3,16.3,1006.6,5,5.7,7,29,2,1
2017-07-29 02:00:00,38.400000000023276,17.0,16.3,1006.6,5,4.6,7,29,3,2
2017-07-29 03:00:00,36.10000000003493,16.9,15.2,1007.1,6,6.7,7,29,4,3
2017-07-29 04:00:00,35.599999999976724,16.1,14.4,1007.7,6,3.6,7,29,5,4
2017-07-29 05:00:00,36.29999999998836,15.1,13.4,1008.3,5,4.6,7,29,6,5
2017-07-29 06:00:00,36.900000000023276,15.4,12.8,1008.7,6,3.6,7,29,7,6
2017-07-29 07:00:00,36.099999999976724,16.4,12.6,1009.1,5,5.1,7,29,1,7
2017-07-29 08:00:00,40.0,17.2,12.5,1009.4,5,5.1,7,29,2,8
2017-07-29 09:00:00,45.900000000023276,19.3,13.2,1009.9,6,5.7,7,29,3,9
2017-07-29 10:00:00,45.60000000003493,18.9,12.0,1009.9,6,5.7,7,29,4,10
2017-07-29 11:00:00,41.5,19.4,11.3,1009.7,5,6.2,7,29,5,11
2017-07-29 12:00:00,45.19999999995344,18.6,13.4,1009.6,5,5.1,7,29,6,12
2017-07-29 13:00:00,45.20000000001164,19.0,12.4,1009.1,5,4.6,7,29,7,13
2017-07-29 14:00:00,44.79999999998836,17.8,11.9,1008.8,5,4.6,7,29,1,14
2017-07-29 15:00:00,40.0,16.2,13.3,1008.1,6,2.1,7,29,2,15
2017-07-29 16:00:00,39.30000000004657,15.6,14.1,1008.2,5,3.6,7,29,3,16
2017-07-29 17:00:00,44.60000000003493,15.8,14.2,1007.1,5,2.1,7,29,4,17
2017-07-29 18:00:00,50.70000000001164,15.9,14.6,1006.8,4,3.1,7,29,5,18
2017-07-29 19:00:00,50.400000000023276,16.0,14.8,1006.2,4,2.1,7,29,6,19
2017-07-29 20:00:00,48.70000000001164,16.1,15.2,1006.0,5,2.1,7,29,7,20
2017-07-29 21:00:00,49.0,16.1,15.5,1005.3,4,2.1,7,29,1,21
2017-07-29 22:00:00,50.399999999965075,16.7,16.3,1004.5,4,2.6,7,29,2,22
2017-07-29 23:00:00,49.599999999976724,16.7,16.2,1003.7,4,2.1,7,29,3,23
2017-07-30 00:00:00,42.400000000023276,16.9,16.4,1002.8,4,3.1,7,30,4,0
2017-07-30 01:00:00,43.70000000001164,16.7,16.0,1002.2,5,3.6,7,30,5,1
2017-07-30 02:00:00,38.29999999998836,15.8,15.0,1001.5,5,5.7,7,30,6,2
2017-07-30 03:00:00,36.20000000001165,15.4,14.8,1001.1,5,3.1,7,30,7,3
2017-07-30 04:00:00,37.0,15.3,14.8,1001.6,6,3.6,7,30,1,4
2017-07-30 05:00:00,36.30000000004657,15.0,13.6,1002.5,7,5.1,7,30,2,5
2017-07-30 06:00:00,34.80000000004657,14.8,13.4,1003.4,6,3.6,7,30,3,6
2017-07-30 07:00:00,38.0,15.4,13.7,1004.3,6,4.1,7,30,4,7
2017-07-30 08:00:00,37.699999999953434,16.2,12.4,1005.1,6,4.1,7,30,5,8
2017-07-30 09:00:00,40.5,17.4,13.0,1005.9,6,5.7,7,30,6,9
2017-07-30 10:00:00,42.399999999965075,18.0,10.1,1006.3,6,7.7,7,30,7,10
2017-07-30 11:00:00,43.399999999965075,18.4,10.6,1006.7,5,7.2,7,30,1,11
2017-07-30 12:00:00,44.29999999998836,17.8,11.4,1007.2,5,7.2,7,30,2,12
2017-07-30 13:00:00,45.800000000046566,17.7,11.7,1007.6,6,4.1,7,30,3,13
2017-07-30 14:00:00,45.29999999998836,20.4,11.8,1007.5,5,6.7,7,30,4,14
2017-07-30 15:00:00,42.699999999953434,19.7,11.4,1007.5,5,6.2,7,30,5,15
2017-07-30 16:00:00,42.400000000023276,21.1,11.9,1007.7,5,9.8,7,30,6,16
2017-07-30 17:00:00,45.79999999998836,19.6,10.2,1007.8,5,8.8,7,30,7,17
2017-07-30 18:00:00,51.70000000001164,18.5,10.9,1007.8,5,8.8,7,30,1,18
2017-07-30 19:00:00,49.29999999998836,17.6,11.3,1008.3,5,7.2,7,30,2,19
2017-07-30 20:00:00,53.70000000001164,17.3,11.0,1008.5,5,5.7,7,30,3,20
2017-07-30 21:00:00,49.20000000001164,16.9,11.9,1008.8,5,5.1,7,30,4,21
2017-07-30 22:00:00,49.29999999998836,16.2,12.5,1009.2,5,5.7,7,30,5,22
2017-07-30 23:00:00,46.300000000046566,15.0,12.4,1009.6,5,4.6,7,30,6,23
2017-07-31 00:00:00,40.79999999998836,14.4,12.3,1009.5,5,4.6,7,31,7,0
2017-07-31 01:00:00,37.10000000003493,14.0,12.3,1009.4,5,4.6,7,31,1,1
2017-07-31 02:00:00,37.10000000003493,13.6,12.2,1009.6,5,3.6,7,31,2,2
2017-07-31 03:00:00,34.399999999965075,13.7,12.3,1009.7,5,4.1,7,31,3,3
2017-07-31 04:00:00,33.599999999976724,13.3,12.2,1009.7,5,4.1,7,31,4,4
2017-07-31 05:00:00,32.600000000034925,13.1,12.0,1010.2,5,3.6,7,31,5,5
2017-07-31 06:00:00,39.29999999998836,13.9,12.3,1010.8,4,2.6,7,31,6,6
2017-07-31 07:00:00,36.70000000001165,15.7,12.7,1011.2,5,4.1,7,31,7,7
2017-07-31 08:00:00,37.5,17.5,12.1,1011.5,5,5.7,7,31,1,8
2017-07-31 09:00:00,41.5,19.0,11.9,1011.6,5,6.2,7,31,2,9
2017-07-31 10:00:00,44.60000000003493,19.1,9.6,1011.6,5,6.7,7,31,3,10
2017-07-31 11:00:00,41.399999999965075,19.8,9.5,1011.6,5,5.7,7,31,4,11
2017-07-31 12:00:00,43.0,20.0,9.9,1011.5,5,4.6,7,31,5,12
2017-07-31 13:00:00,46.69999999995344,19.8,10.7,1011.6,5,4.6,7,31,6,13
2017-07-31 14:00:00,40.400000000023276,21.3,11.0,1011.6,6,4.1,7,31,7,14
2017-07-31 15:00:00,37.70000000001164,21.2,8.3,1011.4,5,6.2,7,31,1,15
2017-07-31 16:00:00,40.899999999965075,21.5,9.5,1011.5,5,7.2,7,31,2,16
2017-07-31 17:00:00,41.79999999998836,21.1,9.4,1011.4,5,7.2,7,31,3,17
2017-07-31 18:00:00,43.599999999976724,20.1,10.1,1011.8,5,6.7,7,31,4,18
2017-07-31 19:00:00,51.10000000003493,19.1,10.5,1012.3,5,5.1,7,31,5,19
2017-07-31 20:00:00,49.900000000023276,18.1,10.7,1012.9,5,3.6,7,31,6,20
2017-07-31 21:00:00,52.70000000001164,16.8,11.4,1013.4,5,4.6,7,31,7,21
2017-07-31 22:00:00,54.400000000023276,15.7,11.3,1013.5,5,3.6,7,31,1,22
2017-07-31 23:00:00,46.29999999998836,15.0,11.4,1013.6,5,3.1,7,31,2,23
2017-08-01 00:00:00,42.79999999998836,14.2,11.4,1013.7,5,3.6,8,1,3,0
2017-08-01 01:00:00,40.0,13.5,11.5,1013.8,5,3.1,8,1,4,1
2017-08-01 02:00:00,37.5,13.1,11.7,1014.0,4,2.6,8,1,5,2
2017-08-01 03:00:00,33.400000000023276,13.0,11.8,1014.2,4,3.1,8,1,6,3
2017-08-01 04:00:00,32.70000000001164,12.9,11.9,1013.9,5,2.1,8,1,7,4
2017-08-01 05:00:00,32.100000000034925,12.6,11.7,1013.9,5,2.6,8,1,1,5
2017-08-01 06:00:00,36.399999999965075,13.4,12.2,1014.6,4,3.6,8,1,2,6
2017-08-01 07:00:00,34.79999999998836,14.5,12.8,1015.0,4,3.6,8,1,3,7
2017-08-01 08:00:00,35.20000000001164,16.5,13.3,1015.0,5,5.1,8,1,4,8
2017-08-01 09:00:00,43.0,19.0,13.5,1014.5,6,5.1,8,1,5,9
2017-08-01 10:00:00,44.400000000023276,19.9,11.5,1014.5,6,5.7,8,1,6,10
2017-08-01 11:00:00,45.0,20.4,10.7,1014.6,5,7.2,8,1,7,11
2017-08-01 12:00:00,44.0,20.4,11.5,1014.2,6,4.6,8,1,1,12
2017-08-01 13:00:00,38.60000000003493,20.5,11.6,1014.1,6,6.7,8,1,2,13
2017-08-01 14:00:00,36.79999999998836,18.1,14.3,1014.3,5,6.7,8,1,3,14
2017-08-01 15:00:00,35.900000000023276,19.1,12.7,1014.1,5,5.1,8,1,4,15
2017-08-01 16:00:00,35.599999999976724,22.2,12.5,1014.2,5,6.7,8,1,5,16
2017-08-01 17:00:00,41.5,20.8,11.1,1014.4,5,6.7,8,1,6,17
2017-08-01 18:00:00,51.5,19.9,11.3,1014.5,5,5.7,8,1,7,18
2017-08-01 19:00:00,52.400000000023276,18.8,11.2,1014.9,5,5.7,8,1,1,19
2017-08-01 20:00:00,55.399999999965075,17.8,10.7,1015.5,5,5.7,8,1,2,20
2017-08-01 21:00:00,59.29999999998836,16.8,11.1,1015.9,5,4.6,8,1,3,21
2017-08-01 22:00:00,59.5,16.3,12.0,1016.0,4,4.1,8,1,4,22
2017-08-01 23:00:00,53.0,15.8,11.9,1015.8,5,4.1,8,1,5,23
2017-08-02 00:00:00,44.0,15.4,11.8,1015.8,4,3.6,8,2,6,0
2017-08-02 01:00:00,40.79999999998836,15.0,12.1,1015.8,4,3.1,8,2,7,1
2017-08-02 02:00:00,37.60000000003493,14.5,12.1,1015.6,4,2.6,8,2,1,2
2017-08-02 03:00:00,36.400000000023276,14.8,12.8,1015.3,4,2.6,8,2,2,3
2017-08-02 04:00:00,34.5,15.3,12.8,1015.0,4,3.6,8,2,3,4
2017-08-02 05:00:00,33.79999999998835,15.5,13.0,1014.8,4,4.1,8,2,4,5
2017-08-02 06:00:00,38.399999999965075,16.2,13.4,1014.6,4,4.1,8,2,5,6
2017-08-02 07:00:00,46.399999999965075,16.8,13.7,1014.3,4,5.7,8,2,6,7
2017-08-02 08:00:00,44.70000000001164,17.9,14.2,1013.9,4,5.7,8,2,7,8
2017-08-02 09:00:00,47.69999999995344,18.4,14.2,1013.7,4,6.2,8,2,1,9
2017-08-02 10:00:00,45.599999999976724,18.0,12.4,1013.2,4,6.2,8,2,2,10
2017-08-02 11:00:00,47.79999999998836,17.4,12.9,1012.9,4,8.8,8,2,3,11
2017-08-02 12:00:00,48.5,16.2,14.0,1012.3,4,7.2,8,2,4,12
2017-08-02 13:00:00,46.79999999998836,15.7,14.7,1011.6,4,6.7,8,2,5,13
2017-08-02 14:00:00,44.69999999995344,16.1,15.2,1011.1,4,5.7,8,2,6,14
2017-08-02 15:00:00,42.599999999976724,16.9,16.0,1010.2,4,6.2,8,2,7,15
2017-08-02 16:00:00,42.0,17.2,16.5,1009.5,4,6.7,8,2,1,16
2017-08-02 17:00:00,43.5,17.9,16.6,1008.8,4,7.7,8,2,2,17
2017-08-02 18:00:00,58.0,17.8,16.8,1008.5,4,6.7,8,2,3,18
2017-08-02 19:00:00,58.29999999998836,18.0,17.3,1008.4,4,5.7,8,2,4,19
2017-08-02 20:00:00,56.900000000023276,18.5,17.5,1008.1,4,6.7,8,2,5,20
2017-08-02 21:00:00,59.899999999965075,18.3,17.3,1007.8,4,6.2,8,2,6,21
2017-08-02 22:00:00,56.099999999976724,18.3,17.5,1007.3,4,5.7,8,2,7,22
2017-08-02 23:00:00,48.400000000023276,18.2,17.5,1006.6,4,6.2,8,2,1,23
2017-08-03 00:00:00,44.400000000023276,18.1,17.6,1006.2,4,6.2,8,3,2,0
2017-08-03 01:00:00,41.29999999998836,18.0,16.6,1005.8,5,7.2,8,3,3,1
2017-08-03 02:00:00,37.29999999998835,16.4,14.8,1006.0,5,6.2,8,3,4,2
2017-08-03 03:00:00,36.099999999976724,15.9,14.2,1006.0,5,6.2,8,3,5,3
2017-08-03 04:00:00,34.29999999998836,15.6,13.8,1005.9,5,6.2,8,3,6,4
2017-08-03 05:00:00,35.5,15.6,14.3,1005.7,4,4.6,8,3,7,5
2017-08-03 06:00:00,40.10000000003493,16.4,14.2,1005.8,5,6.2,8,3,1,6
2017-08-03 07:00:00,39.899999999965075,17.0,13.2,1005.9,5,8.8,8,3,2,7
2017-08-03 08:00:00,45.900000000023276,18.4,13.7,1006.1,5,9.3,8,3,3,8
2017-08-03 09:00:00,47.20000000001164,18.9,12.8,1006.3,5,9.8,8,3,4,9
2017-08-03 10:00:00,51.599999999976724,19.5,13.6,1006.5,5,9.8,8,3,5,10
2017-08-03 11:00:00,50.399999999965075,18.9,13.8,1006.7,5,9.8,8,3,6,11
2017-08-03 12:00:00,48.5,21.7,14.7,1006.8,5,10.3,8,3,7,12
2017-08-03 13:00:00,46.0,20.0,12.8,1007.2,5,11.3,8,3,1,13
2017-08-03 14:00:00,46.5,20.7,13.5,1007.6,5,10.3,8,3,2,14
2017-08-03 15:00:00,44.0,20.9,13.1,1007.3,5,9.8,8,3,3,15
2017-08-03 16:00:00,40.5,21.5,13.7,1007.6,5,7.7,8,3,4,16
2017-08-03 17:00:00,45.400000000023276,19.9,13.5,1007.9,5,9.8,8,3,5,17
2017-08-03 18:00:00,50.70000000001164,20.1,13.3,1007.9,5,7.7,8,3,6,18
2017-08-03 19:00:00,48.79999999998836,18.6,13.0,1008.4,5,9.3,8,3,7,19
2017-08-03 20:00:00,51.0,18.1,13.1,1008.8,5,7.7,8,3,1,20
2017-08-03 21:00:00,52.29999999998836,17.7,13.2,1009.0,5,7.2,8,3,2,21
2017-08-03 22:00:00,48.400000000023276,17.4,13.1,1009.3,5,6.7,8,3,3,22
2017-08-03 23:00:00,50.400000000023276,16.8,12.8,1009.4,5,6.7,8,3,4,23
2017-08-04 00:00:00,42.900000000023276,16.6,12.8,1009.2,5,5.7,8,4,5,0
2017-08-04 01:00:00,39.699999999953434,16.1,12.7,1008.9,5,5.1,8,4,6,1
2017-08-04 02:00:00,36.20000000001164,15.9,12.7,1009.1,5,5.7,8,4,7,2
2017-08-04 03:00:00,36.099999999976724,16.1,12.6,1009.1,5,5.1,8,4,1,3
2017-08-04 04:00:00,34.79999999998835,15.9,12.4,1009.5,5,6.2,8,4,2,4
2017-08-04 05:00:00,34.899999999965075,15.1,11.9,1009.8,5,4.6,8,4,3,5
2017-08-04 06:00:00,36.0,15.3,11.9,1009.8,5,6.7,8,4,4,6
2017-08-04 07:00:00,37.899999999965075,16.5,11.2,1010.2,5,7.2,8,4,5,7
2017-08-04 08:00:00,35.5,17.8,12.2,1010.6,6,6.7,8,4,6,8
2017-08-04 09:00:00,42.400000000023276,18.9,12.4,1011.0,6,8.8,8,4,7,9
2017-08-04 10:00:00,43.79999999998836,19.2,11.7,1011.3,6,7.2,8,4,1,10
2017-08-04 11:00:00,43.79999999998836,20.3,12.4,1011.6,6,5.7,8,4,2,11
2017-08-04 12:00:00,38.60000000003493,20.4,11.5,1011.6,5,7.2,8,4,3,12
2017-08-04 13:00:00,38.699999999953434,21.5,11.5,1011.8,6,7.2,8,4,4,13
2017-08-04 14:00:00,36.599999999976724,21.7,13.3,1012.1,5,5.7,8,4,5,14
2017-08-04 15:00:00,36.29999999998836,21.5,10.7,1012.0,5,7.7,8,4,6,15
2017-08-04 16:00:00,37.30000000004657,21.0,11.4,1012.3,6,5.1,8,4,7,16
2017-08-04 17:00:00,39.20000000001164,20.6,12.3,1012.2,5,6.2,8,4,1,17
2017-08-04 18:00:00,41.099999999976724,20.2,10.3,1012.5,6,6.7,8,4,2,18
2017-08-04 19:00:00,48.70000000001164,19.9,11.3,1013.0,5,5.7,8,4,3,19
2017-08-04 20:00:00,53.69999999995344,18.7,11.7,1013.3,6,4.6,8,4,4,20
2017-08-04 21:00:00,47.300000000046566,17.8,12.2,1013.6,5,4.1,8,4,5,21
2017-08-04 22:00:00,45.79999999998836,17.5,12.8,1013.8,5,3.1,8,4,6,22
2017-08-04 23:00:00,43.399999999965075,17.3,13.1,1013.5,6,3.1,8,4,7,23
2017-08-05 00:00:00,41.399999999965075,16.6,12.8,1013.6,6,2.6,8,5,1,0
2017-08-05 01:00:00,40.79999999998836,16.4,12.7,1013.5,6,3.1,8,5,2,1
2017-08-05 02:00:00,37.399999999965075,15.9,12.6,1013.5,7,1.5,8,5,3,2
2017-08-05 03:00:00,34.400000000023276,15.6,12.3,1013.7,7,2.1,8,5,4,3
2017-08-05 04:00:00,34.100000000034925,15.2,12.4,1013.9,7,1.0,8,5,5,4
2017-08-05 05:00:00,31.90000000002329,15.1,12.0,1014.4,7,1.0,8,5,6,5
2017-08-05 06:00:00,31.90000000002328,15.2,12.1,1014.9,7,2.1,8,5,7,6
2017-08-05 07:00:00,32.70000000001164,15.3,12.2,1015.3,6,1.5,8,5,1,7
2017-08-05 08:00:00,31.700000000011638,17.2,10.5,1015.7,7,1.0,8,5,2,8
2017-08-05 09:00:00,34.899999999965075,18.4,12.2,1015.9,6,2.6,8,5,3,9
2017-08-05 10:00:00,38.79999999998836,19.5,10.3,1016.0,6,2.6,8,5,4,10
2017-08-05 11:00:00,38.0,20.0,10.5,1016.2,6,5.1,8,5,5,11
2017-08-05 12:00:00,37.900000000023276,17.5,8.7,1016.9,7,8.2,8,5,6,12
2017-08-05 13:00:00,40.29999999998836,18.5,9.2,1017.2,6,3.1,8,5,7,13
2017-08-05 14:00:00,40.79999999998836,19.8,7.9,1017.4,7,4.6,8,5,1,14
2017-08-05 15:00:00,39.5,17.6,11.4,1018.4,0,2.6,8,5,2,15
2017-08-05 16:00:00,35.70000000001164,19.4,8.5,1018.4,6,5.1,8,5,3,16
2017-08-05 17:00:00,36.399999999965075,20.0,10.0,1018.5,6,5.7,8,5,4,17
2017-08-05 18:00:00,38.0,18.9,8.6,1019.0,6,6.2,8,5,5,18
2017-08-05 19:00:00,38.099999999976724,18.1,8.6,1019.4,6,4.6,8,5,6,19
2017-08-05 20:00:00,44.900000000023276,16.5,8.0,1020.0,6,4.1,8,5,7,20
2017-08-05 21:00:00,45.400000000023276,15.2,8.9,1020.7,6,3.1,8,5,1,21
2017-08-05 22:00:00,46.099999999976724,14.6,9.4,1020.9,6,3.1,8,5,2,22
2017-08-05 23:00:00,41.400000000023276,13.7,9.6,1021.3,6,4.1,8,5,3,23
2017-08-06 00:00:00,38.20000000001164,13.1,9.5,1021.4,6,3.1,8,6,4,0
2017-08-06 01:00:00,36.099999999976724,12.3,10.0,1021.7,5,2.6,8,6,5,1
2017-08-06 02:00:00,35.100000000034925,11.5,9.5,1021.7,6,2.1,8,6,6,2
2017-08-06 03:00:00,32.399999999965075,11.1,9.7,1021.7,6,2.1,8,6,7,3
2017-08-06 04:00:00,31.5,10.8,9.3,1022.0,6,2.1,8,6,1,4
2017-08-06 05:00:00,30.5,11.2,10.2,1022.1,5,2.1,8,6,2,5
2017-08-06 06:00:00,29.40000000002329,11.8,10.3,1022.5,5,2.6,8,6,3,6
2017-08-06 07:00:00,30.299999999988355,12.9,10.7,1023.1,5,3.1,8,6,4,7
2017-08-06 08:00:00,31.5,15.2,11.7,1023.3,5,2.1,8,6,5,8
2017-08-06 09:00:00,31.799999999988362,17.6,11.2,1023.1,6,4.6,8,6,6,9
2017-08-06 10:00:00,37.400000000023276,18.2,10.7,1023.1,6,4.6,8,6,7,10
2017-08-06 11:00:00,43.899999999965075,20.6,9.9,1022.8,5,5.7,8,6,1,11
2017-08-06 12:00:00,46.20000000001164,21.0,9.5,1022.5,5,6.2,8,6,2,12
2017-08-06 13:00:00,43.5,21.1,8.0,1022.1,5,6.7,8,6,3,13
2017-08-06 14:00:00,41.0,21.4,8.1,1021.8,6,6.2,8,6,4,14
2017-08-06 15:00:00,39.29999999998836,20.6,8.9,1021.6,5,5.7,8,6,5,15
2017-08-06 16:00:00,35.899999999965075,20.2,9.4,1021.4,5,5.7,8,6,6,16
2017-08-06 17:00:00,38.0,19.7,11.2,1021.4,5,5.7,8,6,7,17
2017-08-06 18:00:00,42.80000000004657,19.1,11.4,1021.1,5,6.2,8,6,1,18
2017-08-06 19:00:00,49.29999999998836,18.3,11.4,1021.0,5,5.1,8,6,2,19
2017-08-06 20:00:00,50.79999999998836,17.4,11.5,1021.1,5,5.1,8,6,3,20
2017-08-06 21:00:00,47.60000000003493,16.3,11.7,1021.3,5,4.6,8,6,4,21
2017-08-06 22:00:00,42.70000000001164,15.2,11.1,1021.0,5,4.1,8,6,5,22
2017-08-06 23:00:00,41.0,14.6,11.3,1020.7,5,4.6,8,6,6,23
2017-08-07 00:00:00,38.5,14.0,11.4,1020.3,5,4.1,8,7,7,0
2017-08-07 01:00:00,33.100000000034925,13.5,11.5,1019.9,5,4.6,8,7,1,1
2017-08-07 02:00:00,32.399999999965075,13.3,11.5,1019.5,5,4.6,8,7,2,2
2017-08-07 03:00:00,30.700000000011638,13.3,11.7,1019.3,5,4.1,8,7,3,3
2017-08-07 04:00:00,29.5,13.5,11.9,1018.8,4,2.6,8,7,4,4
2017-08-07 05:00:00,29.299999999988362,13.7,12.2,1018.4,4,2.6,8,7,5,5
2017-08-07 06:00:00,32.099999999976724,14.5,12.5,1018.4,4,3.1,8,7,6,6
2017-08-07 07:00:00,31.899999999965075,16.2,13.3,1018.3,5,4.1,8,7,7,7
2017-08-07 08:00:00,32.399999999965075,16.3,13.3,1018.4,4,4.1,8,7,1,8
2017-08-07 09:00:00,39.900000000023276,17.5,13.8,1018.1,5,4.6,8,7,2,9
2017-08-07 10:00:00,40.29999999998836,17.7,13.6,1018.1,4,3.6,8,7,3,10
2017-08-07 11:00:00,35.899999999965075,18.9,14.4,1017.8,4,4.1,8,7,4,11
2017-08-07 12:00:00,39.599999999976724,18.5,13.9,1017.4,4,4.6,8,7,5,12
2017-08-07 13:00:00,38.60000000003493,19.8,14.5,1016.9,5,5.7,8,7,6,13
2017-08-07 14:00:00,39.70000000001165,20.5,14.3,1016.4,5,4.6,8,7,7,14
2017-08-07 15:00:00,35.70000000001165,19.6,13.8,1016.2,4,5.1,8,7,1,15
2017-08-07 16:00:00,37.29999999998836,19.7,13.5,1015.9,5,5.1,8,7,2,16
2017-08-07 17:00:00,36.399999999965075,18.0,14.7,1015.7,7,2.1,8,7,3,17
2017-08-07 18:00:00,44.099999999976724,18.1,15.1,1015.5,6,2.1,8,7,4,18
2017-08-07 19:00:00,48.5,17.4,13.9,1015.4,6,3.6,8,7,5,19
2017-08-07 20:00:00,49.70000000001164,16.6,13.7,1015.7,6,3.6,8,7,6,20
2017-08-07 21:00:00,47.79999999998836,16.0,14.2,1015.6,7,1.5,8,7,7,21
2017-08-07 22:00:00,47.0,15.9,14.6,1014.9,7,1.0,8,7,1,22
2017-08-07 23:00:00,44.400000000023276,15.6,14.4,1014.7,6,1.5,8,7,2,23
2017-08-08 00:00:00,40.29999999998836,15.5,14.2,1014.0,7,1.0,8,8,3,0
2017-08-08 01:00:00,36.29999999998836,15.2,14.4,1013.4,0,1.0,8,8,4,1
2017-08-08 02:00:00,33.5,16.0,14.0,1012.8377823997839,7,1.0,8,8,5,2
2017-08-08 03:00:00,31.09999999997672,16.020810828470527,14.276356538816366,1012.2763706081732,6,1.160225585050198,8,8,6,3
2017-08-08 04:00:00,29.399999999965072,15.6,14.7,1011.7,5,1.5,8,8,7,4
2017-08-08 05:00:00,28.5,15.4,14.6,1011.2,5,2.1,8,8,1,5
2017-08-08 06:00:00,31.100000000034925,15.2,14.4,1011.2,6,3.1,8,8,2,6
2017-08-08 07:00:00,33.0,15.1,13.3,1011.0,7,2.1,8,8,3,7
2017-08-08 08:00:00,32.20000000001165,15.5,13.3,1010.8,7,2.6,8,8,4,8
2017-08-08 09:00:00,36.400000000023276,15.7,12.6,1010.9,7,3.6,8,8,5,9
2017-08-08 10:00:00,41.0,15.3,12.0,1010.8,7,2.6,8,8,6,10
2017-08-08 11:00:00,36.79999999998836,15.6,11.7,1010.8,7,3.6,8,8,7,11
2017-08-08 12:00:00,36.0,15.6,11.3,1010.7,7,3.6,8,8,1,12
2017-08-08 13:00:00,36.399999999965075,15.8,11.8,1010.4,7,3.6,8,8,2,13
2017-08-08 14:00:00,36.900000000023276,15.2,11.7,1010.6,7,4.6,8,8,3,14
2017-08-08 15:00:00,36.5,15.5,11.5,1010.7,7,4.1,8,8,4,15
2017-08-08 16:00:00,38.0,16.2,11.4,1010.7,7,4.6,8,8,5,16
2017-08-08 17:00:00,34.5,15.8,10.8,1010.7,7,4.1,8,8,6,17
2017-08-08 18:00:00,40.10000000003493,15.2,10.9,1011.2,7,4.1,8,8,7,18
2017-08-08 19:00:00,45.50000000000001,15.0,10.9,1011.5,7,3.1,8,8,1,19
2017-08-08 20:00:00,51.79999999998836,14.6,10.8,1011.8,6,3.1,8,8,2,20
2017-08-08 21:00:00,48.29999999998836,14.3,10.5,1011.9,6,3.1,8,8,3,21
2017-08-08 22:00:00,48.0,13.8,10.9,1012.1,6,3.6,8,8,4,22
2017-08-08 23:00:00,46.5,13.6,11.2,1012.2,6,3.1,8,8,5,23
2017-08-09 00:00:00,40.70000000001164,13.7,11.3,1012.1,6,4.1,8,9,6,0
2017-08-09 01:00:00,35.699999999953434,13.3,11.3,1012.1,6,3.6,8,9,7,1
2017-08-09 02:00:00,33.20000000001165,13.4,11.3,1011.9,6,3.6,8,9,1,2
2017-08-09 03:00:00,30.5,13.2,11.8,1012.1,6,3.6,8,9,2,3
2017-08-09 04:00:00,31.800000000046573,13.1,12.1,1012.1,6,3.1,8,9,3,4
2017-08-09 05:00:00,31.399999999965072,13.1,12.3,1012.5,6,3.1,8,9,4,5
2017-08-09 06:00:00,33.400000000023276,13.4,12.8,1012.8,6,2.6,8,9,5,6
2017-08-09 07:00:00,36.399999999965075,13.7,13.3,1013.2,7,2.1,8,9,6,7
2017-08-09 08:00:00,36.399999999965075,14.1,13.3,1013.8,7,2.6,8,9,7,8
2017-08-09 09:00:00,43.900000000023276,14.2,13.3,1014.3,0,2.6,8,9,1,9
2017-08-09 10:00:00,42.79999999998836,14.0,13.2,1014.8,0,2.6,8,9,2,10
2017-08-09 11:00:00,40.400000000023276,14.1,13.7,1015.1,7,3.1,8,9,3,11
2017-08-09 12:00:00,43.79999999998836,14.8,14.1,1015.6,0,3.1,8,9,4,12
2017-08-09 13:00:00,42.099999999976724,15.4,14.4,1016.2,0,3.6,8,9,5,13
2017-08-09 14:00:00,42.0,14.7,13.6,1016.7,0,4.1,8,9,6,14
2017-08-09 15:00:00,41.20000000001165,14.5,13.2,1017.5,0,4.1,8,9,7,15
2017-08-09 16:00:00,42.400000000023276,14.0,12.5,1018.1,0,4.1,8,9,1,16
2017-08-09 17:00:00,42.0,14.1,12.4,1018.3,0,5.7,8,9,2,17
2017-08-09 18:00:00,51.69999999995344,13.9,12.4,1018.9,0,5.1,8,9,3,18
2017-08-09 19:00:00,54.400000000023276,13.9,12.3,1019.4,0,4.6,8,9,4,19
2017-08-09 20:00:00,53.79999999998836,13.7,11.8,1020.1,0,5.1,8,9,5,20
2017-08-09 21:00:00,51.5,13.7,12.2,1020.9,0,4.1,8,9,6,21
2017-08-09 22:00:00,52.10000000003493,13.8,11.9,1021.2,0,4.1,8,9,7,22
2017-08-09 23:00:00,46.900000000023276,13.8,10.9,1021.5,0,5.1,8,9,1,23
2017-08-10 00:00:00,41.099999999976724,13.7,10.9,1021.7,0,3.6,8,10,2,0
2017-08-10 01:00:00,34.80000000004657,13.5,11.0,1022.4,0,3.6,8,10,3,1
2017-08-10 02:00:00,33.900000000023276,13.4,11.1,1022.4,0,4.6,8,10,4,2
2017-08-10 03:00:00,32.400000000023276,12.6,10.6,1022.4,0,2.6,8,10,5,3
2017-08-10 04:00:00,30.09999999997672,12.5,10.4,1022.7,0,4.6,8,10,6,4
2017-08-10 05:00:00,31.899999999965072,12.3,10.2,1022.9,0,4.1,8,10,7,5
2017-08-10 06:00:00,35.0,12.5,10.2,1023.6,0,3.6,8,10,1,6
2017-08-10 07:00:00,37.0,12.6,10.2,1023.8,0,3.1,8,10,2,7
2017-08-10 08:00:00,40.0,14.9,11.1,1023.9,0,4.1,8,10,3,8
2017-08-10 09:00:00,44.399999999965075,15.8,10.4,1024.2,0,3.6,8,10,4,9
2017-08-10 10:00:00,42.5,17.0,9.9,1024.3,0,4.1,8,10,5,10
2017-08-10 11:00:00,41.60000000003493,17.2,9.2,1024.4,0,4.1,8,10,6,11
2017-08-10 12:00:00,39.5,18.5,9.1,1024.4,0,3.1,8,10,7,12
2017-08-10 13:00:00,40.599999999976724,19.8,10.9,1024.0,0,3.1,8,10,1,13
2017-08-10 14:00:00,32.099999999976724,20.2,9.5,1023.8,0,3.1,8,10,2,14
2017-08-10 15:00:00,33.900000000023276,20.5,8.8,1023.4,0,3.6,8,10,3,15
2017-08-10 16:00:00,36.0,20.6,8.7,1022.9,0,3.6,8,10,4,16
2017-08-10 17:00:00,35.900000000023276,19.8,8.1,1022.7,0,3.1,8,10,5,17
2017-08-10 18:00:00,36.70000000001164,20.3,8.4,1022.5,0,2.6,8,10,6,18
2017-08-10 19:00:00,41.29999999998836,19.5,8.2,1022.6,1,2.1,8,10,7,19
2017-08-10 20:00:00,47.20000000001164,18.1,8.3,1022.8,0,1.5,8,10,1,20
2017-08-10 21:00:00,49.599999999976724,15.9,8.3,1022.9,2,1.5,8,10,2,21
2017-08-10 22:00:00,48.099999999976724,15.6,8.7,1022.8,1,1.5,8,10,3,22
2017-08-10 23:00:00,47.20000000001164,13.1,8.6,1023.0,2,1.0,8,10,4,23
2017-08-11 00:00:00,40.10000000003493,12.5,9.8,1022.4,6,0.5,8,11,5,0
2017-08-11 01:00:00,37.5,11.3,9.1,1021.9,2,0.5,8,11,6,1
2017-08-11 02:00:00,35.79999999998836,11.3,10.2,1021.5,5,0.5,8,11,7,2
2017-08-11 03:00:00,32.29999999998836,10.7,9.6,1021.3,7,0.5,8,11,1,3
2017-08-11 04:00:00,31.100000000034928,10.0,9.1,1020.7,5,2.1,8,11,2,4
2017-08-11 05:00:00,30.600000000034928,10.2,9.4,1020.8,6,1.5,8,11,3,5
2017-08-11 06:00:00,33.5,11.5,10.3,1020.7,6,1.5,8,11,4,6
2017-08-11 07:00:00,35.100000000034925,13.1,11.3,1020.3,6,3.1,8,11,5,7
2017-08-11 08:00:00,39.5,15.2,11.8,1020.2,5,2.1,8,11,6,8
2017-08-11 09:00:00,40.20000000001165,17.4,11.3,1019.8,6,4.1,8,11,7,9
2017-08-11 10:00:00,41.70000000001164,18.6,10.0,1019.6,5,5.1,8,11,1,10
2017-08-11 11:00:00,35.899999999965075,19.7,9.6,1019.4,6,5.7,8,11,2,11
2017-08-11 12:00:00,36.899999999965075,20.6,10.6,1018.8,6,5.7,8,11,3,12
2017-08-11 13:00:00,39.5,20.9,10.9,1018.5,6,5.7,8,11,4,13
2017-08-11 14:00:00,38.5,21.1,10.9,1018.1,6,6.2,8,11,5,14
2017-08-11 15:00:00,40.29999999998836,20.4,11.1,1017.9,6,7.2,8,11,6,15
2017-08-11 16:00:00,41.60000000003493,19.0,11.8,1017.6,6,7.2,8,11,7,16
2017-08-11 17:00:00,44.69999999995344,19.1,12.3,1017.3,6,6.7,8,11,1,17
2017-08-11 18:00:00,46.19999999995344,18.8,12.7,1017.0,5,5.7,8,11,2,18
2017-08-11 19:00:00,46.099999999976724,18.2,12.9,1016.7,5,5.7,8,11,3,19
2017-08-11 20:00:00,47.900000000023276,17.7,13.2,1016.8,5,6.2,8,11,4,20
2017-08-11 21:00:00,48.099999999976724,16.9,13.9,1016.5,5,6.7,8,11,5,21
2017-08-11 22:00:00,46.29999999998836,17.1,14.4,1016.2,5,5.7,8,11,6,22
2017-08-11 23:00:00,43.19999999995344,16.9,14.6,1015.7,5,5.1,8,11,7,23
2017-08-12 00:00:00,41.29999999998836,17.0,14.8,1015.1,5,4.6,8,12,1,0
2017-08-12 01:00:00,36.80000000004657,17.1,15.0,1014.7,5,5.7,8,12,2,1
2017-08-12 02:00:00,35.5,17.3,15.1,1014.5,5,4.6,8,12,3,2
2017-08-12 03:00:00,33.69999999995343,17.0,15.5,1014.2,6,5.1,8,12,4,3
2017-08-12 04:00:00,34.29999999998835,16.9,15.3,1014.2,6,4.6,8,12,5,4
2017-08-12 05:00:00,32.0,16.7,15.5,1014.1,6,3.1,8,12,6,5
2017-08-12 06:00:00,32.600000000034925,17.0,15.6,1014.4,6,3.1,8,12,7,6
2017-08-12 07:00:00,34.29999999998836,17.4,15.2,1014.7,6,4.6,8,12,1,7
2017-08-12 08:00:00,37.900000000023276,18.5,14.7,1014.9,6,5.1,8,12,2,8
2017-08-12 09:00:00,41.10000000003493,19.8,15.5,1015.0,6,5.7,8,12,3,9
2017-08-12 10:00:00,42.899999999965075,20.2,13.6,1015.0,6,4.6,8,12,4,10
2017-08-12 11:00:00,41.0,20.5,12.6,1015.3,6,6.7,8,12,5,11
2017-08-12 12:00:00,41.099999999976724,21.3,12.4,1015.6,6,6.7,8,12,6,12
2017-08-12 13:00:00,42.699999999953434,20.8,10.9,1015.9,6,5.7,8,12,7,13
2017-08-12 14:00:00,41.899999999965075,20.1,10.6,1016.0,6,4.6,8,12,1,14
2017-08-12 15:00:00,41.79999999998836,21.7,11.1,1016.2,6,5.7,8,12,2,15
2017-08-12 16:00:00,41.599999999976724,21.7,10.1,1016.3,6,5.7,8,12,3,16
2017-08-12 17:00:00,44.5,20.3,9.8,1016.6,6,4.1,8,12,4,17
2017-08-12 18:00:00,42.60000000003493,20.1,9.8,1016.6,6,4.1,8,12,5,18
2017-08-12 19:00:00,40.10000000003493,20.2,10.1,1017.1,6,5.1,8,12,6,19
2017-08-12 20:00:00,42.20000000001165,18.8,10.6,1017.7,6,4.1,8,12,7,20
2017-08-12 21:00:00,42.599999999976724,17.9,10.9,1018.5,7,3.1,8,12,1,21
2017-08-12 22:00:00,43.599999999976724,17.6,11.3,1018.9,6,3.1,8,12,2,22
2017-08-12 23:00:00,42.29999999998836,17.1,10.3,1019.3,6,3.6,8,12,3,23
2017-08-13 00:00:00,44.0,15.4,9.8,1019.6,7,2.6,8,13,4,0
2017-08-13 01:00:00,37.60000000003493,15.1,9.2,1019.9,7,2.1,8,13,5,1
2017-08-13 02:00:00,34.099999999976724,14.7,8.8,1020.1,7,2.1,8,13,6,2
2017-08-13 03:00:00,31.800000000046573,13.4,8.5,1020.4,7,2.1,8,13,7,3
2017-08-13 04:00:00,31.0,13.1,8.9,1020.6,7,1.5,8,13,1,4
2017-08-13 05:00:00,31.100000000034928,12.5,8.6,1020.8,7,2.6,8,13,2,5
2017-08-13 06:00:00,31.5,12.8,8.8,1021.3,7,2.1,8,13,3,6
2017-08-13 07:00:00,31.200000000011645,13.7,9.1,1021.6,7,2.1,8,13,4,7
2017-08-13 08:00:00,32.5,15.6,10.2,1021.8,7,1.0,8,13,5,8
2017-08-13 09:00:00,34.400000000023276,17.0,7.9,1022.2,1,2.1,8,13,6,9
2017-08-13 10:00:00,36.10000000003493,19.1,7.0,1022.2,0,1.5,8,13,7,10
2017-08-13 11:00:00,37.0,19.3,6.0,1022.1,7,2.1,8,13,1,11
2017-08-13 12:00:00,35.100000000034925,20.7,6.3,1021.7,5,2.1,8,13,2,12
2017-08-13 13:00:00,37.5,21.0,6.1,1021.4,5,2.6,8,13,3,13
2017-08-13 14:00:00,33.70000000001165,21.4,5.6,1021.4,5,2.1,8,13,4,14
2017-08-13 15:00:00,35.79999999998836,22.6,6.9,1021.1,6,3.6,8,13,5,15
2017-08-13 16:00:00,38.599999999976724,22.1,6.2,1020.7,5,2.1,8,13,6,16
2017-08-13 17:00:00,40.29999999998836,21.8,6.9,1020.6,4,2.1,8,13,7,17
2017-08-13 18:00:00,47.400000000023276,20.9,7.1,1020.5,6,3.1,8,13,1,18
2017-08-13 19:00:00,43.79999999998836,19.5,7.9,1020.7,4,3.6,8,13,2,19
2017-08-13 20:00:00,48.70000000001164,18.5,9.1,1020.9,5,3.6,8,13,3,20
2017-08-13 21:00:00,46.70000000001164,17.8,9.7,1021.0,5,3.1,8,13,4,21
2017-08-13 22:00:00,48.79999999998836,16.7,9.7,1021.0,5,3.6,8,13,5,22
2017-08-13 23:00:00,46.70000000001164,14.7,9.5,1020.9,5,2.1,8,13,6,23
2017-08-14 00:00:00,43.79999999998836,13.8,9.6,1020.6,5,1.5,8,14,7,0
2017-08-14 01:00:00,40.599999999976724,12.0,9.2,1020.4,3,1.5,8,14,1,1
2017-08-14 02:00:00,37.60000000003493,11.7,9.2,1020.0,3,2.6,8,14,2,2
2017-08-14 03:00:00,34.29999999998836,11.5,9.3,1019.7,3,1.5,8,14,3,3
2017-08-14 04:00:00,34.20000000001164,11.0,8.8,1019.2,1,0.5,8,14,4,4
2017-08-14 05:00:00,33.79999999998835,11.2,9.2,1019.0,2,1.0,8,14,5,5
2017-08-14 06:00:00,35.399999999965075,13.6,10.8,1019.1,1,1.0,8,14,6,6
2017-08-14 07:00:00,43.29999999998836,15.5,10.4,1019.2,6,0.5,8,14,7,7
2017-08-14 08:00:00,43.60000000003493,16.8,11.5,1019.2,4,2.1,8,14,1,8
2017-08-14 09:00:00,40.099999999976724,18.8,12.2,1018.8,4,3.1,8,14,2,9
2017-08-14 10:00:00,38.900000000023276,19.7,11.3,1018.2,4,3.1,8,14,3,10
2017-08-14 11:00:00,41.599999999976724,21.3,11.9,1017.4,4,4.6,8,14,4,11
2017-08-14 12:00:00,39.599999999976724,23.1,13.0,1016.8,4,4.6,8,14,5,12
2017-08-14 13:00:00,43.099999999976724,22.6,12.4,1016.2,5,4.6,8,14,6,13
2017-08-14 14:00:00,42.400000000023276,22.6,12.4,1016.0,4,4.6,8,14,7,14
2017-08-14 15:00:00,38.400000000023276,22.6,10.6,1015.7,4,5.7,8,14,1,15
2017-08-14 16:00:00,37.400000000023276,21.6,10.6,1015.6,4,5.7,8,14,2,16
2017-08-14 17:00:00,39.5,21.0,10.5,1015.2,4,4.1,8,14,3,17
2017-08-14 18:00:00,47.0,20.5,10.9,1014.4,4,3.6,8,14,4,18
2017-08-14 19:00:00,48.70000000001164,20.3,11.1,1014.8,4,3.6,8,14,5,19
2017-08-14 20:00:00,50.10000000003493,19.7,11.8,1014.8,4,2.6,8,14,6,20
2017-08-14 21:00:00,49.0,18.7,12.8,1014.9,4,3.1,8,14,7,21
2017-08-14 22:00:00,51.29999999998836,17.8,12.5,1014.4,4,3.1,8,14,1,22
2017-08-14 23:00:00,45.899999999965075,17.3,12.8,1014.2,4,2.6,8,14,2,23
2017-08-15 00:00:00,42.099999999976724,16.7,13.1,1014.1,5,2.1,8,15,3,0
2017-08-15 01:00:00,37.10000000003493,16.5,13.3,1013.8,7,1.0,8,15,4,1
2017-08-15 02:00:00,36.899999999965075,15.8,13.4,1012.9,0,0.5,8,15,5,2
2017-08-15 03:00:00,34.20000000001164,15.6,13.6,1013.4,6,1.0,8,15,6,3
2017-08-15 04:00:00,33.900000000023276,16.0,13.4,1013.3,6,1.5,8,15,7,4
2017-08-15 05:00:00,32.900000000023276,15.8,14.0,1013.1,7,1.0,8,15,1,5
2017-08-15 06:00:00,34.29999999998835,16.0,13.7,1013.1,6,2.1,8,15,2,6
2017-08-15 07:00:00,40.099999999976724,16.5,14.1,1013.8,6,1.5,8,15,3,7
2017-08-15 08:00:00,46.0,17.9,13.7,1014.1,6,3.6,8,15,4,8
2017-08-15 09:00:00,43.400000000023276,18.1,13.6,1014.6,6,3.6,8,15,5,9
2017-08-15 10:00:00,39.400000000023276,19.1,12.7,1014.8,6,3.6,8,15,6,10
2017-08-15 11:00:00,40.79999999998836,19.8,12.9,1014.8,6,4.1,8,15,7,11
2017-08-15 12:00:00,39.900000000023276,22.5,13.1,1015.0,6,5.1,8,15,1,12
2017-08-15 13:00:00,39.60000000003493,21.7,12.0,1015.4,6,4.1,8,15,2,13
2017-08-15 14:00:00,39.29999999998836,23.2,10.8,1015.5,6,4.6,8,15,3,14
2017-08-15 15:00:00,37.70000000001164,23.7,10.8,1015.6,6,5.7,8,15,4,15
2017-08-15 16:00:00,37.399999999965075,23.2,10.5,1016.0,6,6.2,8,15,5,16
2017-08-15 17:00:00,43.20000000001164,22.9,10.0,1016.0,6,4.6,8,15,6,17
2017-08-15 18:00:00,44.79999999998836,22.074326186878586,9.398794145388699,1016.3937848840636,7,3.1703109814534565,8,15,7,18
2017-08-15 19:00:00,47.5,20.567021360180462,8.701891798158716,1017.3393351627916,7,2.3399159017224456,8,15,1,19
2017-08-15 20:00:00,45.70000000001164,18.851205853392106,8.279043551849373,1018.3652178601236,6,2.014562871130212,8,15,2,20
2017-08-15 21:00:00,46.5,17.4,8.5,1019.0,6,2.1,8,15,3,21
2017-08-15 22:00:00,49.29999999998836,16.2,9.0,1019.3,6,2.6,8,15,4,22
2017-08-15 23:00:00,49.400000000023276,15.2,8.2,1019.6,6,3.1,8,15,5,23
2017-08-16 00:00:00,43.599999999976724,14.3,8.8,1019.9,7,1.5,8,16,6,0
2017-08-16 01:00:00,40.29999999998836,12.5,8.3,1020.0,1,0.5,8,16,7,1
2017-08-16 02:00:00,35.70000000001164,12.4,8.6,1020.0,6,0.5,8,16,1,2
2017-08-16 03:00:00,34.29999999998836,12.2,9.1,1019.8,0,0.5,8,16,2,3
2017-08-16 04:00:00,34.19999999995343,11.7,9.6,1019.8,5,2.1,8,16,3,4
2017-08-16 05:00:00,32.5,11.9,9.7,1020.1,6,1.5,8,16,4,5
2017-08-16 06:00:00,36.0,12.9,10.2,1020.3,7,1.0,8,16,5,6
2017-08-16 07:00:00,41.79999999998836,14.0,10.9,1020.4,7,0.5,8,16,6,7
2017-08-16 08:00:00,46.10000000003493,15.7,11.8,1020.5,3,0.5,8,16,7,8
2017-08-16 09:00:00,43.79999999998836,16.8,11.8,1020.7,4,3.1,8,16,1,9
2017-08-16 10:00:00,42.29999999998836,18.0,13.5,1020.6,4,5.1,8,16,2,10
2017-08-16 11:00:00,37.70000000001165,19.3,11.4,1020.1,5,4.6,8,16,3,11
2017-08-16 12:00:00,38.80000000004657,21.5,12.5,1019.2,5,5.7,8,16,4,12
2017-08-16 13:00:00,35.600000000034925,20.4,10.9,1019.2,5,5.1,8,16,5,13
2017-08-16 14:00:00,40.5,22.0,10.4,1018.8,5,6.2,8,16,6,14
2017-08-16 15:00:00,39.60000000003493,22.6,10.2,1018.2,5,6.2,8,16,7,15
2017-08-16 16:00:00,40.5,22.2,10.9,1017.6,5,5.7,8,16,1,16
2017-08-16 17:00:00,42.79999999998836,21.2,10.3,1017.4,4,6.2,8,16,2,17
2017-08-16 18:00:00,44.5,20.2,11.8,1017.3,5,6.7,8,16,3,18
2017-08-16 19:00:00,47.60000000003493,19.1,11.5,1016.8,4,5.7,8,16,4,19
2017-08-16 20:00:00,50.79999999998836,17.7,11.1,1017.2,4,4.1,8,16,5,20
2017-08-16 21:00:00,50.20000000001164,16.8,12.4,1016.4,4,5.1,8,16,6,21
2017-08-16 22:00:00,50.400000000023276,16.7,12.2,1015.6,4,4.1,8,16,7,22
2017-08-16 23:00:00,48.099999999976724,16.7,12.6,1014.7,3,4.1,8,16,1,23
2017-08-17 00:00:00,42.899999999965075,15.5,13.5,1014.0,4,3.1,8,17,2,0
2017-08-17 01:00:00,40.70000000001164,15.9,14.5,1013.1,4,4.1,8,17,3,1
2017-08-17 02:00:00,36.20000000001164,16.4,14.9,1012.2,4,4.1,8,17,4,2
2017-08-17 03:00:00,34.79999999998836,16.5,15.4,1011.3,4,4.1,8,17,5,3
2017-08-17 04:00:00,35.0,16.6,15.9,1010.8,4,4.1,8,17,6,4
2017-08-17 05:00:00,34.5,17.0,16.5,1010.5,4,3.6,8,17,7,5
2017-08-17 06:00:00,34.899999999965075,17.6,16.8,1010.2,4,4.6,8,17,1,6
2017-08-17 07:00:00,41.399999999965075,17.9,16.9,1010.3,4,3.6,8,17,2,7
2017-08-17 08:00:00,47.79999999998836,18.3,17.3,1010.5,5,3.6,8,17,3,8
2017-08-17 09:00:00,47.5,19.7,17.8,1010.5,5,5.7,8,17,4,9
2017-08-17 10:00:00,44.400000000023276,20.5,17.4,1010.7,5,6.2,8,17,5,10
2017-08-17 11:00:00,41.20000000001164,23.0,17.4,1010.8,5,7.2,8,17,6,11
2017-08-17 12:00:00,41.70000000001164,24.1,14.7,1010.8,6,9.8,8,17,7,12
2017-08-17 13:00:00,37.29999999998836,23.0,13.7,1010.9,6,7.2,8,17,1,13
2017-08-17 14:00:00,40.099999999976724,23.4,14.9,1010.8,5,7.2,8,17,2,14
2017-08-17 15:00:00,35.900000000023276,23.0,14.8,1011.1,5,6.7,8,17,3,15
2017-08-17 16:00:00,41.5,23.8,11.6,1011.4,6,8.2,8,17,4,16
2017-08-17 17:00:00,43.19999999995344,22.6,12.7,1011.4,6,6.7,8,17,5,17
2017-08-17 18:00:00,44.399999999965075,21.2,14.4,1011.5,5,7.7,8,17,6,18
2017-08-17 19:00:00,49.20000000001164,20.0,14.4,1011.7,5,8.2,8,17,7,19
2017-08-17 20:00:00,45.79999999998836,18.6,14.9,1011.7,5,6.2,8,17,1,20
2017-08-17 21:00:00,46.300000000046566,17.7,14.3,1011.7,5,6.2,8,17,2,21
2017-08-17 22:00:00,48.099999999976724,17.0,14.3,1011.9,5,5.1,8,17,3,22
2017-08-17 23:00:00,48.70000000001164,16.5,14.0,1011.8,5,4.1,8,17,4,23
2017-08-18 00:00:00,45.70000000001164,16.2,13.9,1011.6,5,4.6,8,18,5,0
2017-08-18 01:00:00,39.80000000004657,15.8,13.5,1011.0,5,5.1,8,18,6,1
2017-08-18 02:00:00,37.0,15.5,13.7,1011.1,4,3.6,8,18,7,2
2017-08-18 03:00:00,34.0,15.9,14.0,1010.1,4,3.6,8,18,1,3
2017-08-18 04:00:00,32.19999999995343,15.9,14.7,1009.8,4,2.6,8,18,2,4
2017-08-18 05:00:00,30.90000000002328,15.5,14.4,1009.7,5,5.1,8,18,3,5
2017-08-18 06:00:00,31.40000000002329,15.0,13.2,1010.1,5,5.7,8,18,4,6
2017-08-18 07:00:00,37.0,15.7,13.9,1010.1,5,5.7,8,18,5,7
2017-08-18 08:00:00,46.399999999965075,17.0,13.7,1010.7,5,7.2,8,18,6,8
2017-08-18 09:00:00,41.20000000001165,18.0,11.7,1011.1,6,7.2,8,18,7,9
2017-08-18 10:00:00,38.5,19.2,11.8,1011.3,6,7.7,8,18,1,10
2017-08-18 11:00:00,39.0,18.6,9.5,1010.8,6,6.2,8,18,2,11
2017-08-18 12:00:00,37.20000000001164,19.2,10.0,1010.6,5,8.2,8,18,3,12
2017-08-18 13:00:00,39.20000000001164,15.2,12.5,1010.9,6,4.1,8,18,4,13
2017-08-18 14:00:00,37.20000000001165,15.6,11.5,1011.3,6,6.2,8,18,5,14
2017-08-18 15:00:00,38.20000000001164,14.0,10.7,1011.8,5,7.7,8,18,6,15
2017-08-18 16:00:00,40.599999999976724,14.7,10.9,1011.4,6,6.7,8,18,7,16
2017-08-18 17:00:00,42.099999999976724,16.4,10.0,1011.6,5,7.7,8,18,1,17
2017-08-18 18:00:00,49.29999999998836,15.7,10.8,1012.0,5,6.2,8,18,2,18
2017-08-18 19:00:00,50.29999999998836,15.3,10.0,1012.2,5,6.2,8,18,3,19
2017-08-18 20:00:00,51.099999999976724,15.3,10.3,1012.1,5,4.6,8,18,4,20
2017-08-18 21:00:00,53.79999999998836,15.0,8.9,1011.9,5,5.7,8,18,5,21
2017-08-18 22:00:00,52.20000000001164,14.5,9.5,1011.6,5,7.7,8,18,6,22
2017-08-18 23:00:00,55.20000000001164,14.3,9.9,1011.8,5,8.2,8,18,7,23
2017-08-19 00:00:00,45.60000000003493,14.5,10.9,1012.4,6,8.8,8,19,1,0
2017-08-19 01:00:00,41.20000000001164,13.6,11.3,1012.6,6,7.2,8,19,2,1
2017-08-19 02:00:00,38.79999999998836,13.7,11.7,1013.2,6,4.6,8,19,3,2
2017-08-19 03:00:00,35.20000000001164,13.1,11.5,1013.6,6,5.1,8,19,4,3
2017-08-19 04:00:00,33.599999999976724,13.1,11.7,1014.2,6,4.1,8,19,5,4
2017-08-19 05:00:00,34.599999999976724,12.9,11.4,1015.0,6,4.1,8,19,6,5
2017-08-19 06:00:00,34.5,13.0,11.3,1015.6,6,4.6,8,19,7,6
2017-08-19 07:00:00,37.0,14.2,11.5,1016.3,6,5.1,8,19,1,7
2017-08-19 08:00:00,39.0,15.8,11.5,1017.0,6,6.2,8,19,2,8
2017-08-19 09:00:00,41.79999999998836,16.9,10.9,1017.2,6,6.2,8,19,3,9
2017-08-19 10:00:00,40.900000000023276,17.7,10.8,1017.3,6,8.2,8,19,4,10
2017-08-19 11:00:00,41.599999999976724,17.7,9.1,1017.4,6,8.2,8,19,5,11
2017-08-19 12:00:00,39.900000000023276,19.6,9.7,1017.4,6,7.7,8,19,6,12
2017-08-19 13:00:00,41.900000000023276,18.7,8.2,1017.7,6,8.2,8,19,7,13
2017-08-19 14:00:00,40.199999999953434,20.2,9.7,1017.9,6,6.7,8,19,1,14
2017-08-19 15:00:00,40.79999999998836,19.5,7.5,1018.0,6,9.3,8,19,2,15
2017-08-19 16:00:00,39.10000000003493,19.6,6.7,1018.4,6,8.8,8,19,3,16
2017-08-19 17:00:00,41.400000000023276,19.1,7.4,1018.9,6,8.2,8,19,4,17
2017-08-19 18:00:00,43.20000000001164,18.7,7.3,1019.1,6,7.7,8,19,5,18
2017-08-19 19:00:00,46.60000000003493,16.7,7.7,1019.4,6,6.2,8,19,6,19
2017-08-19 20:00:00,51.900000000023276,15.3,7.7,1020.6,6,4.6,8,19,7,20
2017-08-19 21:00:00,53.79999999998836,14.1,8.7,1021.0,6,5.1,8,19,1,21
2017-08-19 22:00:00,54.10000000003493,13.7,9.0,1021.1,6,4.1,8,19,2,22
2017-08-19 23:00:00,49.899999999965075,12.7,9.0,1021.5,6,3.1,8,19,3,23
2017-08-20 00:00:00,45.79999999998836,12.3,9.2,1021.7,6,3.6,8,20,4,0
2017-08-20 01:00:00,41.79999999998836,11.6,9.3,1021.8,6,4.1,8,20,5,1
2017-08-20 02:00:00,38.5,11.0,8.9,1022.0,6,4.6,8,20,6,2
2017-08-20 03:00:00,34.5,10.2,8.2,1022.2,6,3.6,8,20,7,3
2017-08-20 04:00:00,34.099999999976724,10.6,8.8,1022.3,6,3.1,8,20,1,4
2017-08-20 05:00:00,33.69999999995343,10.6,8.9,1022.6,6,2.1,8,20,2,5
2017-08-20 06:00:00,32.79999999998836,11.3,9.8,1023.2,5,1.5,8,20,3,6
2017-08-20 07:00:00,34.599999999976724,12.7,10.5,1023.5,5,2.6,8,20,4,7
2017-08-20 08:00:00,37.20000000001165,14.5,10.6,1023.9,6,3.6,8,20,5,8
2017-08-20 09:00:00,44.599999999976724,15.9,10.4,1024.1,6,3.1,8,20,6,9
2017-08-20 10:00:00,44.70000000001164,18.0,7.4,1024.2,6,4.6,8,20,7,10
2017-08-20 11:00:00,44.900000000023276,18.6,8.5,1024.2,6,4.1,8,20,1,11
2017-08-20 12:00:00,43.899999999965075,19.4,9.0,1023.9,6,5.1,8,20,2,12
2017-08-20 13:00:00,44.0,19.7,8.7,1024.2,5,5.7,8,20,3,13
2017-08-20 14:00:00,43.800000000046566,20.1,8.5,1023.6,5,5.7,8,20,4,14
2017-08-20 15:00:00,41.599999999976724,19.9,8.6,1023.3,5,4.6,8,20,5,15
2017-08-20 16:00:00,42.599999999976724,19.4,10.8,1023.0,4,4.1,8,20,6,16
2017-08-20 17:00:00,45.5,18.5,11.1,1023.1,5,4.6,8,20,7,17
2017-08-20 18:00:00,49.5,16.0,13.3,1023.2,5,5.1,8,20,1,18
2017-08-20 19:00:00,55.19999999995344,14.8,12.5,1023.8,5,4.1,8,20,2,19
2017-08-20 20:00:00,55.399999999965075,14.1,12.4,1023.8,4,2.1,8,20,3,20
2017-08-20 21:00:00,53.0,13.8,13.1,1023.9,4,3.1,8,20,4,21
2017-08-20 22:00:00,53.10000000003493,13.6,13.1,1023.2,3,3.1,8,20,5,22
2017-08-20 23:00:00,47.899999999965075,13.7,13.3,1023.0,3,2.6,8,20,6,23
2017-08-21 00:00:00,46.10000000003493,14.0,13.0,1022.4533165744873,2,3.1,8,21,7,0
2017-08-21 01:00:00,39.400000000023276,13.9,13.7,1021.8,3,4.1,8,21,1,1
2017-08-21 02:00:00,38.70000000001164,14.0,13.7,1021.4,3,4.1,8,21,2,2
2017-08-21 03:00:00,36.099999999976724,14.0,13.7,1020.9,2,4.1,8,21,3,3
2017-08-21 04:00:00,35.5,14.0,13.8,1020.6,2,3.1,8,21,4,4
2017-08-21 05:00:00,35.5,14.1,13.9,1020.6,2,3.1,8,21,5,5
2017-08-21 06:00:00,36.099999999976724,14.3,14.1,1020.9,2,2.6,8,21,6,6
2017-08-21 07:00:00,40.899999999965075,14.7,14.6,1021.3,2,2.1,8,21,7,7
2017-08-21 08:00:00,48.20000000001164,15.2,15.0,1021.5,2,2.1,8,21,1,8
2017-08-21 09:00:00,48.900000000023276,15.8,15.5,1021.6,2,2.1,8,21,2,9
2017-08-21 10:00:00,44.5,16.3,15.6,1021.8,2,2.6,8,21,3,10
2017-08-21 11:00:00,44.29999999998836,17.0,15.6,1021.9,2,2.1,8,21,4,11
2017-08-21 12:00:00,42.20000000001164,18.1,16.2,1021.7,2,2.1,8,21,5,12
2017-08-21 13:00:00,43.69999999995344,18.3,15.6,1021.5,2,2.1,8,21,6,13
2017-08-21 14:00:00,43.50000000000001,18.3,15.8,1021.2,2,2.6,8,21,7,14
2017-08-21 15:00:00,41.900000000023276,18.5,15.9,1021.1,3,2.1,8,21,1,15
2017-08-21 16:00:00,39.79999999998836,19.2,16.4,1021.1,1,2.1,8,21,2,16
2017-08-21 17:00:00,44.0,19.0,16.2,1020.8,3,2.6,8,21,3,17
2017-08-21 18:00:00,47.5,19.0,16.2,1020.9,4,2.1,8,21,4,18
2017-08-21 19:00:00,47.400000000023276,19.0,16.5,1020.9,3,2.6,8,21,5,19
2017-08-21 20:00:00,47.79999999998836,18.8,16.9,1021.3,4,2.6,8,21,6,20
2017-08-21 21:00:00,50.5,18.7,16.9,1021.4,4,2.6,8,21,7,21
2017-08-21 22:00:00,51.20000000001164,18.5,17.1,1021.2,3,2.6,8,21,1,22
2017-08-21 23:00:00,49.60000000003493,18.1,17.0,1021.1,3,1.5,8,21,2,23
2017-08-22 00:00:00,22.365957446862005,17.9,17.0,1020.8,3,2.6,8,22,3,0
2017-08-22 01:00:00,19.965957446780518,17.8,16.9,1020.6,3,2.1,8,22,4,1
2017-08-22 02:00:00,0.9319148936192504,17.6,16.6,1020.7,3,2.6,8,22,5,2
2017-08-22 03:00:00,0.9319148936192504,17.4,16.6,1020.4,3,2.1,8,22,6,3
2017-08-22 04:00:00,0.9319148936192504,17.4,16.6,1020.4,3,2.1,8,22,7,4
2017-08-22 05:00:00,0.9319148936192504,17.4,16.5,1020.3,3,2.6,8,22,1,5
2017-08-22 06:00:00,0.9319148936192504,17.4,16.2,1020.4,3,3.1,8,22,2,6
2017-08-22 07:00:00,0.9319148936192504,17.6,16.4,1020.5,3,2.6,8,22,3,7
2017-08-22 08:00:00,0.9319148936192504,17.9,16.5,1020.5,4,1.5,8,22,4,8
2017-08-22 09:00:00,0.9319148936192504,18.5,16.5,1020.5,4,1.0,8,22,5,9
2017-08-22 10:00:00,0.9319148936192504,19.6,16.8,1020.3,3,1.5,8,22,6,10
2017-08-22 11:00:00,0.9319148936192504,20.6,17.0,1020.0,3,2.1,8,22,7,11
2017-08-22 12:00:00,0.9319148936192504,21.6,17.7,1019.4,2,2.6,8,22,1,12
2017-08-22 13:00:00,0.9319148936192504,21.8,17.0,1018.6,2,3.1,8,22,2,13
2017-08-22 14:00:00,0.9319148936192504,22.6,16.8,1017.8,2,4.1,8,22,3,14
2017-08-22 15:00:00,0.9319148936192504,22.3,16.6,1017.6,1,2.6,8,22,4,15
2017-08-22 16:00:00,0.9319148936192504,22.1,16.7,1016.9,2,4.1,8,22,5,16
2017-08-22 17:00:00,0.9319148936192504,21.6,16.6,1016.4,2,5.1,8,22,6,17
2017-08-22 18:00:00,0.9319148936192504,20.8,16.4,1016.5,2,4.6,8,22,7,18
2017-08-22 19:00:00,0.9319148936192504,20.1,16.5,1016.1,2,3.6,8,22,1,19
2017-08-22 20:00:00,0.9319148936192504,19.8,16.2,1016.2,3,4.1,8,22,2,20
2017-08-22 21:00:00,0.9319148936192504,18.8,15.7,1015.7,2,4.1,8,22,3,21
2017-08-22 22:00:00,0.9319148936192504,18.0,16.2,1015.1,2,3.1,8,22,4,22
2017-08-22 23:00:00,0.9319148936192504,17.6,16.1,1015.0,2,3.1,8,22,5,23
2017-08-23 00:00:00,20.765957446768887,17.4,15.9,1014.4,2,2.6,8,23,6,0
2017-08-23 01:00:00,41.29999999998836,16.9,15.7,1013.9,2,2.1,8,23,7,1
2017-08-23 02:00:00,36.20000000001164,17.1,15.8,1013.5,2,2.1,8,23,1,2
2017-08-23 03:00:00,34.20000000001164,16.8,15.4,1012.7,2,2.6,8,23,2,3
2017-08-23 04:00:00,33.400000000023276,16.3,15.4,1012.3,2,2.6,8,23,3,4
2017-08-23 05:00:00,34.600000000034925,16.1,15.1,1012.0,2,1.5,8,23,4,5
2017-08-23 06:00:00,31.59999999997672,17.0,16.4,1012.0,2,1.5,8,23,5,6
2017-08-23 07:00:00,36.60000000003493,18.7,17.0,1012.0,3,1.5,8,23,6,7
2017-08-23 08:00:00,44.29999999998836,19.0,16.7,1012.3,6,2.6,8,23,7,8
2017-08-23 09:00:00,45.10000000003493,19.2,17.3,1012.6,5,3.6,8,23,1,9
2017-08-23 10:00:00,42.29999999998836,19.9,17.8,1012.8,6,3.6,8,23,2,10
2017-08-23 11:00:00,39.0,19.8,16.5,1013.0,6,4.6,8,23,3,11
2017-08-23 12:00:00,40.79999999998836,21.1,15.9,1013.2,6,5.1,8,23,4,12
2017-08-23 13:00:00,36.79999999998836,20.9,14.7,1013.5,6,5.7,8,23,5,13
2017-08-23 14:00:00,40.400000000023276,21.3,14.1,1013.6,5,6.7,8,23,6,14
2017-08-23 15:00:00,37.199999999953434,21.1,13.1,1014.1,6,7.2,8,23,7,15
2017-08-23 16:00:00,41.099999999976724,20.9,12.4,1014.1,6,5.7,8,23,1,16
2017-08-23 17:00:00,41.899999999965075,20.4,12.1,1014.3,6,7.2,8,23,2,17
2017-08-23 18:00:00,45.0,19.5,12.4,1014.4,6,5.1,8,23,3,18
2017-08-23 19:00:00,49.20000000001164,18.8,12.2,1014.6,6,6.2,8,23,4,19
2017-08-23 20:00:00,49.10000000003493,17.9,12.4,1015.1,6,5.1,8,23,5,20
2017-08-23 21:00:00,48.900000000023276,17.2,12.7,1015.3,6,5.1,8,23,6,21
2017-08-23 22:00:00,48.900000000023276,16.8,12.0,1015.6,6,4.6,8,23,7,22
2017-08-23 23:00:00,44.899999999965075,15.3,11.6,1015.8,6,3.1,8,23,1,23
2017-08-24 00:00:00,42.399999999965075,14.6,11.9,1015.8,6,3.6,8,24,2,0
2017-08-24 01:00:00,41.599999999976724,13.9,12.0,1015.9,5,3.1,8,24,3,1
2017-08-24 02:00:00,36.899999999965075,13.7,12.3,1016.2,5,3.6,8,24,4,2
2017-08-24 03:00:00,34.600000000034925,13.2,12.0,1016.3,5,2.6,8,24,5,3
2017-08-24 04:00:00,33.0,13.3,12.3,1016.2,5,2.6,8,24,6,4
2017-08-24 05:00:00,32.29999999998836,13.4,12.6,1016.4,5,1.5,8,24,7,5
2017-08-24 06:00:00,33.099999999976724,13.6,12.5,1016.6,4,2.1,8,24,1,6
2017-08-24 07:00:00,36.099999999976724,15.0,13.1,1016.8,5,2.6,8,24,2,7
2017-08-24 08:00:00,46.60000000003493,16.2,13.0,1017.0,6,4.1,8,24,3,8
2017-08-24 09:00:00,44.20000000001164,17.3,12.6,1017.2,6,4.1,8,24,4,9
2017-08-24 10:00:00,43.10000000003493,19.0,12.4,1017.2,5,4.6,8,24,5,10
2017-08-24 11:00:00,39.900000000023276,19.5,11.2,1017.2,6,4.1,8,24,6,11
2017-08-24 12:00:00,37.5,20.4,11.4,1017.1,5,5.7,8,24,7,12
2017-08-24 13:00:00,40.10000000003493,20.9,12.7,1017.2,6,4.1,8,24,1,13
2017-08-24 14:00:00,39.29999999998836,20.7,11.7,1017.2,6,4.6,8,24,2,14
2017-08-24 15:00:00,35.79999999998836,20.2,11.2,1017.2,6,5.1,8,24,3,15
2017-08-24 16:00:00,39.5,20.9,12.2,1017.1,6,4.6,8,24,4,16
2017-08-24 17:00:00,41.5,20.3,11.5,1017.0,5,4.1,8,24,5,17
2017-08-24 18:00:00,43.60000000003493,19.6,11.8,1017.1,6,4.1,8,24,6,18
2017-08-24 19:00:00,44.0,18.6,11.7,1017.3,6,3.1,8,24,7,19
2017-08-24 20:00:00,49.29999999998836,17.8,12.1,1017.8,6,3.1,8,24,1,20
2017-08-24 21:00:00,50.5,17.5,12.2,1017.9,5,3.1,8,24,2,21
2017-08-24 22:00:00,47.399999999965075,16.6,12.9,1018.1,6,3.6,8,24,3,22
2017-08-24 23:00:00,46.79999999998836,15.2,12.2,1018.3,6,2.6,8,24,4,23
2017-08-25 00:00:00,42.50000000000001,15.3,12.5,1017.9,6,1.0,8,25,5,0
2017-08-25 01:00:00,43.50000000000001,14.2,12.4,1017.9,5,2.1,8,25,6,1
2017-08-25 02:00:00,37.099999999976724,14.3,11.8,1017.9,6,1.0,8,25,7,2
2017-08-25 03:00:00,35.400000000023276,13.3,11.5,1017.8,6,1.0,8,25,1,3
2017-08-25 04:00:00,33.79999999998836,13.4,11.9,1017.8,6,1.0,8,25,2,4
2017-08-25 05:00:00,32.600000000034925,12.8,11.7,1017.9,7,1.0,8,25,3,5
2017-08-25 06:00:00,33.70000000001164,12.6,11.4,1018.1,7,1.5,8,25,4,6
2017-08-25 07:00:00,40.29999999998836,14.0,12.1,1018.3,6,2.1,8,25,5,7
2017-08-25 08:00:00,48.5,15.8,12.4,1018.5,7,1.0,8,25,6,8
2017-08-25 09:00:00,43.19999999995344,17.5,11.1,1018.4,7,0.5,8,25,7,9
2017-08-25 10:00:00,37.29999999998836,19.7,11.9,1018.1,6,1.0,8,25,1,10
2017-08-25 11:00:00,37.80000000004657,20.1,11.5,1017.6,4,2.1,8,25,2,11
2017-08-25 12:00:00,39.0,21.7,12.3,1017.4,4,2.6,8,25,3,12
2017-08-25 13:00:00,37.599999999976724,22.7,12.5,1017.2,5,2.1,8,25,4,13
2017-08-25 14:00:00,34.600000000034925,22.9,11.8,1016.6,4,3.1,8,25,5,14
2017-08-25 15:00:00,35.599999999976724,23.4,12.2,1016.4,5,2.1,8,25,6,15
2017-08-25 16:00:00,39.099999999976724,23.2,10.8,1015.9,5,3.1,8,25,7,16
2017-08-25 17:00:00,36.70000000001165,22.6,11.6,1015.7,5,2.6,8,25,1,17
2017-08-25 18:00:00,39.199999999953434,21.5,11.8,1015.8,4,2.1,8,25,2,18
2017-08-25 19:00:00,45.29999999998836,21.3,11.9,1016.0,6,2.6,8,25,3,19
2017-08-25 20:00:00,45.20000000001164,20.1,11.9,1016.3,7,0.5,8,25,4,20
2017-08-25 21:00:00,48.5,19.7,12.6,1016.3,5,2.6,8,25,5,21
2017-08-25 22:00:00,44.099999999976724,18.4,12.6,1016.5,6,1.5,8,25,6,22
2017-08-25 23:00:00,43.69999999995344,17.3,12.4,1016.5,7,1.0,8,25,7,23
2017-08-26 00:00:00,40.79999999998836,15.5,12.3,1016.3,2,1.0,8,26,1,0
2017-08-26 01:00:00,37.29999999998836,15.1,13.0,1016.2,5,1.0,8,26,2,1
2017-08-26 02:00:00,35.29999999998835,13.9,11.8,1016.1,5,1.0,8,26,3,2
2017-08-26 03:00:00,34.099999999976724,15.1,13.1,1015.9,5,1.5,8,26,4,3
2017-08-26 04:00:00,33.5,15.1,12.6,1015.6,5,1.5,8,26,5,4
2017-08-26 05:00:00,34.5,15.0,12.6,1015.9,6,1.0,8,26,6,5
2017-08-26 06:00:00,34.19999999995343,14.6,12.6,1016.2,7,1.5,8,26,7,6
2017-08-26 07:00:00,35.699999999953434,15.2,12.9,1016.2,7,1.5,8,26,1,7
2017-08-26 08:00:00,35.5,17.7,13.9,1016.2,7,0.5,8,26,2,8
2017-08-26 09:00:00,37.30000000004657,19.5,13.1,1016.4,6,1.0,8,26,3,9
2017-08-26 10:00:00,37.29999999998836,22.0,13.5,1016.4,4,1.0,8,26,4,10
2017-08-26 11:00:00,37.399999999965075,22.6,12.8,1016.2,2,1.5,8,26,5,11
2017-08-26 12:00:00,38.099999999976724,23.5,12.9,1016.0,7,2.6,8,26,6,12
2017-08-26 13:00:00,39.0,23.1,12.9,1016.0,6,2.1,8,26,7,13
2017-08-26 14:00:00,39.30000000004657,24.5,13.1,1015.9,7,2.6,8,26,1,14
2017-08-26 15:00:00,38.0,24.0,12.5,1016.1,7,2.1,8,26,2,15
2017-08-26 16:00:00,36.80000000004657,23.8,12.6,1016.0,7,2.6,8,26,3,16
2017-08-26 17:00:00,38.5,23.5,12.3,1015.9,7,2.6,8,26,4,17
2017-08-26 18:00:00,39.699999999953434,22.6,12.5,1015.9,7,2.1,8,26,5,18
2017-08-26 19:00:00,40.29999999998836,22.0,12.7,1016.3,0,2.1,8,26,6,19
2017-08-26 20:00:00,44.899999999965075,21.2,12.8,1016.7,0,1.5,8,26,7,20
2017-08-26 21:00:00,45.29999999998836,20.5,12.9,1016.9,0,1.5,8,26,1,21
2017-08-26 22:00:00,44.79999999998836,19.3,13.1,1017.2,0,1.0,8,26,2,22
2017-08-26 23:00:00,41.30000000004657,18.1,13.5,1017.3,7,1.0,8,26,3,23
2017-08-27 00:00:00,41.400000000023276,17.1,13.4,1017.6,7,1.0,8,27,4,0
2017-08-27 01:00:00,37.899999999965075,16.5,13.4,1017.6,7,1.5,8,27,5,1
2017-08-27 02:00:00,35.29999999998836,16.4,13.1,1017.6,7,1.0,8,27,6,2
2017-08-27 03:00:00,32.600000000034925,16.4,12.4,1017.7,0,1.5,8,27,7,3
2017-08-27 04:00:00,33.20000000001164,16.4,11.4,1017.9,1,2.6,8,27,1,4
2017-08-27 05:00:00,32.400000000023276,16.4,11.4,1017.9,1,2.1,8,27,2,5
2017-08-27 06:00:00,31.09999999997672,16.0,11.2,1018.3,0,1.5,8,27,3,6
2017-08-27 07:00:00,33.600000000034925,17.0,11.4,1018.6,1,1.5,8,27,4,7
2017-08-27 08:00:00,33.599999999976724,18.0,11.3,1019.1,1,2.1,8,27,5,8
2017-08-27 09:00:00,34.5,20.4,11.1,1019.1,1,3.1,8,27,6,9
2017-08-27 10:00:00,33.5,21.7,11.8,1019.0,1,2.1,8,27,7,10
2017-08-27 11:00:00,35.19999999995343,22.8,12.4,1019.1,0,2.6,8,27,1,11
2017-08-27 12:00:00,38.29999999998836,23.6,12.5,1018.8,0,2.6,8,27,2,12
2017-08-27 13:00:00,38.900000000023276,25.1,13.5,1018.6,0,2.1,8,27,3,13
2017-08-27 14:00:00,36.0,25.0,11.9,1018.5,6,1.5,8,27,4,14
2017-08-27 15:00:00,35.29999999998836,25.2,11.5,1018.1,0,1.5,8,27,5,15
2017-08-27 16:00:00,36.29999999998835,25.9,11.5,1018.1,7,2.6,8,27,6,16
2017-08-27 17:00:00,37.099999999976724,26.0,11.8,1017.7,7,2.6,8,27,7,17
2017-08-27 18:00:00,41.70000000001165,25.2,11.2,1017.8,7,2.6,8,27,1,18
2017-08-27 19:00:00,40.899999999965075,23.7,11.0,1018.0,7,1.5,8,27,2,19
2017-08-27 20:00:00,44.79999999998836,22.6,11.7,1018.5,1,1.5,8,27,3,20
2017-08-27 21:00:00,43.79999999998836,21.6,11.5,1018.7,1,2.1,8,27,4,21
2017-08-27 22:00:00,43.099999999976724,20.3,12.4,1018.8,1,2.1,8,27,5,22
2017-08-27 23:00:00,40.199999999953434,17.7,14.2,1019.0,3,3.1,8,27,6,23
2017-08-28 00:00:00,41.099999999976724,17.0,14.5,1019.1,2,2.6,8,28,7,0
2017-08-28 01:00:00,36.900000000023276,17.1,14.0,1019.0,3,2.6,8,28,1,1
2017-08-28 02:00:00,35.20000000001164,15.7,13.5,1018.9,2,2.6,8,28,2,2
2017-08-28 03:00:00,35.400000000023276,16.0,13.9,1018.7,2,1.0,8,28,3,3
2017-08-28 04:00:00,34.5,15.5,13.2,1018.3,3,2.1,8,28,4,4
2017-08-28 05:00:00,34.5,15.0,13.0,1018.1,2,1.0,8,28,5,5
2017-08-28 06:00:00,33.29999999998836,16.0,14.0,1018.6,0,0.5,8,28,6,6
2017-08-28 07:00:00,35.70000000001164,18.0,14.6,1018.8,2,0.5,8,28,7,7
2017-08-28 08:00:00,37.099999999976724,19.6,14.0,1018.8,3,2.6,8,28,1,8
2017-08-28 09:00:00,38.5,21.5,13.8,1018.9,4,2.6,8,28,2,9
2017-08-28 10:00:00,33.5,23.2,14.1,1018.5,4,2.6,8,28,3,10
2017-08-28 11:00:00,33.79999999998835,24.3,14.6,1018.2,4,2.6,8,28,4,11
2017-08-28 12:00:00,36.900000000023276,25.6,14.8,1017.9,4,2.6,8,28,5,12
2017-08-28 13:00:00,38.29999999998836,26.2,14.1,1017.2,6,2.6,8,28,6,13
2017-08-28 14:00:00,39.099999999976724,27.3,15.5,1016.8,6,2.1,8,28,7,14
2017-08-28 15:00:00,38.79999999998836,26.8,14.4,1016.2,5,2.6,8,28,1,15
2017-08-28 16:00:00,38.5,26.4,15.0,1015.8,5,2.6,8,28,2,16
2017-08-28 17:00:00,38.900000000023276,26.3,14.8,1015.5,5,3.1,8,28,3,17
2017-08-28 18:00:00,43.19999999995344,25.7,15.8,1015.4,4,4.6,8,28,4,18
2017-08-28 19:00:00,45.20000000001164,24.1,16.3,1015.6,4,4.1,8,28,5,19
2017-08-28 20:00:00,45.400000000023276,23.1,16.8,1015.9,4,4.6,8,28,6,20
2017-08-28 21:00:00,44.79999999998836,21.9,16.9,1016.2,5,4.1,8,28,7,21
2017-08-28 22:00:00,44.20000000001164,20.6,16.6,1016.0,6,2.6,8,28,1,22
2017-08-28 23:00:00,43.0,19.7,16.2,1015.8,4,2.6,8,28,2,23
2017-08-29 00:00:00,40.599999999976724,18.9,15.4,1015.8,5,2.1,8,29,3,0
2017-08-29 01:00:00,38.29999999998836,18.1,15.5,1015.7,5,2.1,8,29,4,1
2017-08-29 02:00:00,36.20000000001164,17.3,15.1,1015.5,6,1.5,8,29,5,2
2017-08-29 03:00:00,36.60000000003493,17.1,15.3,1014.6,6,0.5,8,29,6,3
2017-08-29 04:00:00,34.599999999976724,17.1,15.3,1014.7,7,2.1,8,29,7,4
2017-08-29 05:00:00,33.399999999965075,16.8,14.8,1014.6,7,1.5,8,29,1,5
2017-08-29 06:00:00,36.29999999998836,16.8,14.5,1014.9,6,2.6,8,29,2,6
2017-08-29 07:00:00,37.099999999976724,17.3,14.3,1014.6,7,1.0,8,29,3,7
2017-08-29 08:00:00,37.79999999998836,18.5,15.2,1014.5,6,2.1,8,29,4,8
2017-08-29 09:00:00,41.099999999976724,19.0,14.5,1014.6,6,2.1,8,29,5,9
2017-08-29 10:00:00,38.70000000001165,20.5,14.5,1014.3,6,2.6,8,29,6,10
2017-08-29 11:00:00,38.60000000003493,22.6,15.5,1013.5,6,2.1,8,29,7,11
2017-08-29 12:00:00,38.099999999976724,22.8,14.1,1012.9,6,2.1,8,29,1,12
2017-08-29 13:00:00,42.29999999998836,24.4,14.9,1012.7,6,2.6,8,29,2,13
2017-08-29 14:00:00,37.599999999976724,25.1,15.5,1012.2,6,3.1,8,29,3,14
2017-08-29 15:00:00,38.399999999965075,24.9,13.2,1011.9,6,4.6,8,29,4,15
2017-08-29 16:00:00,40.10000000003493,25.2,15.2,1011.5,6,3.1,8,29,5,16
2017-08-29 17:00:00,38.29999999998836,24.3,15.4,1011.1,7,2.1,8,29,6,17
2017-08-29 18:00:00,40.400000000023276,23.4,15.9,1011.2,7,3.6,8,29,7,18
2017-08-29 19:00:00,40.5,20.0,14.9,1011.6,7,3.1,8,29,1,19
2017-08-29 20:00:00,44.19999999995344,19.0,14.2,1011.7,0,2.6,8,29,2,20
2017-08-29 21:00:00,44.69999999995344,18.5,14.2,1012.1,7,3.6,8,29,3,21
2017-08-29 22:00:00,48.5,17.1,13.9,1012.4,0,3.6,8,29,4,22
2017-08-29 23:00:00,44.900000000023276,16.0,13.4,1012.2,0,4.6,8,29,5,23
2017-08-30 00:00:00,40.10000000003493,15.1,13.1,1012.1,0,3.6,8,30,6,0
2017-08-30 01:00:00,39.29999999998836,14.1,13.0,1012.0,0,3.6,8,30,7,1
2017-08-30 02:00:00,37.79999999998836,13.9,12.5,1012.1,1,2.1,8,30,1,2
2017-08-30 03:00:00,34.20000000001164,14.4,11.9,1011.9,0,3.1,8,30,2,3
2017-08-30 04:00:00,33.0,14.2,9.9,1011.8,0,3.6,8,30,3,4
2017-08-30 05:00:00,33.599999999976724,14.0,8.4,1012.0,0,3.1,8,30,4,5
2017-08-30 06:00:00,35.099999999976724,14.0,8.1,1012.3,0,3.6,8,30,5,6
2017-08-30 07:00:00,34.699999999953434,14.2,8.8,1012.7,0,3.1,8,30,6,7
2017-08-30 08:00:00,35.70000000001164,14.0,8.8,1012.8,0,3.6,8,30,7,8
2017-08-30 09:00:00,40.29999999998836,13.9,9.1,1013.6,7,3.6,8,30,1,9
2017-08-30 10:00:00,42.5,13.3,11.2,1013.9,7,2.6,8,30,2,10
2017-08-30 11:00:00,43.70000000001164,14.0,11.4,1014.0,0,2.1,8,30,3,11
2017-08-30 12:00:00,44.79999999998836,14.1,10.9,1013.8,0,2.1,8,30,4,12
2017-08-30 13:00:00,42.0,13.6,11.4,1014.1,7,2.1,8,30,5,13
2017-08-30 14:00:00,40.900000000023276,13.6,11.8,1014.0,0,2.1,8,30,6,14
2017-08-30 15:00:00,41.099999999976724,13.9,11.7,1013.9,7,2.1,8,30,7,15
2017-08-30 16:00:00,41.29999999998836,13.9,11.7,1013.7,7,2.1,8,30,1,16
2017-08-30 17:00:00,40.70000000001164,14.0,11.0,1013.7,0,1.5,8,30,2,17
2017-08-30 18:00:00,41.80000000004657,14.0,11.3,1013.9,0,1.0,8,30,3,18
2017-08-30 19:00:00,45.10000000003493,13.8,10.0,1014.1,6,1.0,8,30,4,19
2017-08-30 20:00:00,42.400000000023276,13.9,9.1,1014.4,6,1.5,8,30,5,20
2017-08-30 21:00:00,43.0,14.0,9.3,1014.6,5,2.6,8,30,6,21
2017-08-30 22:00:00,47.5,13.6,9.7,1014.8,6,2.6,8,30,7,22
2017-08-30 23:00:00,43.79999999998836,12.8,10.4,1015.0,5,2.1,8,30,1,23
2017-08-31 00:00:00,41.20000000001165,11.2,9.3,1015.0,6,2.1,8,31,2,0
2017-08-31 01:00:00,38.70000000001164,10.6,9.4,1014.9,6,1.5,8,31,3,1
2017-08-31 02:00:00,38.0,10.2,9.3,1014.8,6,2.1,8,31,4,2
2017-08-31 03:00:00,37.10000000003493,10.4,9.8,1015.0,6,1.5,8,31,5,3
2017-08-31 04:00:00,34.0,9.3,8.7,1015.4,4,2.1,8,31,6,4
2017-08-31 05:00:00,33.600000000034925,9.5,9.1,1015.8,6,0.5,8,31,7,5
2017-08-31 06:00:00,36.0,9.5,9.2,1016.2,0,0.5,8,31,1,6
2017-08-31 07:00:00,36.60000000003493,11.2,10.6,1016.5,7,1.0,8,31,2,7
2017-08-31 08:00:00,39.20000000001164,13.1,11.4,1017.0,5,1.0,8,31,3,8
2017-08-31 09:00:00,41.79999999998836,15.0,11.3,1017.5,4,2.1,8,31,4,9
2017-08-31 10:00:00,42.0,16.8,11.1,1017.5,5,3.1,8,31,5,10
2017-08-31 11:00:00,42.20000000001164,17.1,10.8,1017.5,5,2.6,8,31,6,11
2017-08-31 12:00:00,39.70000000001164,16.4,11.1,1017.6,4,4.6,8,31,7,12
2017-08-31 13:00:00,40.70000000001165,16.6,12.3,1017.9,0,2.1,8,31,1,13
2017-08-31 14:00:00,37.20000000001164,18.9,9.4,1017.5,5,1.5,8,31,2,14
2017-08-31 15:00:00,37.199999999953434,19.0,9.0,1017.4,5,4.6,8,31,3,15
2017-08-31 16:00:00,35.20000000001165,19.8,8.9,1017.2,5,2.1,8,31,4,16
2017-08-31 17:00:00,36.0,18.9,8.2,1017.3,6,2.1,8,31,5,17
2017-08-31 18:00:00,37.20000000001165,18.4,9.7,1017.8,4,2.6,8,31,6,18
2017-08-31 19:00:00,37.79999999998836,16.3,10.7,1018.5,4,4.6,8,31,7,19
2017-08-31 20:00:00,44.10000000003493,15.5,10.8,1019.0,4,3.6,8,31,1,20
2017-08-31 21:00:00,45.79999999998836,15.1,9.9,1019.3,5,2.1,8,31,2,21
2017-08-31 22:00:00,44.599999999976724,14.0,9.0,1019.8,6,1.5,8,31,3,22
2017-08-31 23:00:00,41.099999999976724,14.4,9.4,1019.8,6,2.1,8,31,4,23
2017-09-01 00:00:00,41.10000000003493,12.3,9.3,1019.9,0,0.5,9,1,5,0
2017-09-01 01:00:00,38.5,12.3,10.2,1019.8,6,1.0,9,1,6,1
2017-09-01 02:00:00,35.900000000023276,11.5,10.3,1019.9,7,2.1,9,1,7,2
2017-09-01 03:00:00,35.30000000004657,10.8,10.0,1020.0,7,1.0,9,1,1,3
2017-09-01 04:00:00,36.29999999998836,10.6,9.7,1020.0,0,1.5,9,1,2,4
2017-09-01 05:00:00,34.79999999998835,10.4,9.3,1020.5,0,1.0,9,1,3,5
2017-09-01 06:00:00,35.099999999976724,10.4,9.3,1021.2,7,1.0,9,1,4,6
2017-09-01 07:00:00,35.900000000023276,12.3,9.8,1021.7,0,1.5,9,1,5,7
2017-09-01 08:00:00,37.20000000001165,14.4,10.3,1021.8,1,1.5,9,1,6,8
2017-09-01 09:00:00,44.900000000023276,16.8,10.9,1022.2,1,1.0,9,1,7,9
2017-09-01 10:00:00,41.599999999976724,17.8,10.5,1022.2,1,2.1,9,1,1,10
2017-09-01 11:00:00,39.199999999953434,19.2,9.5,1022.1,0,2.6,9,1,2,11
2017-09-01 12:00:00,40.70000000001164,20.7,9.1,1021.9,0,3.1,9,1,3,12
2017-09-01 13:00:00,41.099999999976724,20.2,6.1,1021.7,0,3.1,9,1,4,13
2017-09-01 14:00:00,37.20000000001164,20.9,8.0,1021.4,7,3.1,9,1,5,14
2017-09-01 15:00:00,35.399999999965075,20.1,7.5,1021.5,7,3.6,9,1,6,15
2017-09-01 16:00:00,35.099999999976724,20.0,8.0,1021.5,7,2.6,9,1,7,16
2017-09-01 17:00:00,37.400000000023276,20.5,6.9,1021.3,0,2.6,9,1,1,17
2017-09-01 18:00:00,41.5,19.3,7.8,1021.6,1,2.1,9,1,2,18
2017-09-01 19:00:00,40.70000000001165,19.0,7.7,1021.9,0,1.5,9,1,3,19
2017-09-01 20:00:00,40.0,18.1,8.3,1022.5,7,2.1,9,1,4,20
2017-09-01 21:00:00,44.20000000001164,16.8,8.9,1022.8,7,2.1,9,1,5,21
2017-09-01 22:00:00,42.199999999953434,15.7,9.2,1022.9,0,1.5,9,1,6,22
2017-09-01 23:00:00,39.0,14.5,9.3,1023.4,7,1.5,9,1,7,23
2017-09-02 00:00:00,40.20000000001164,14.1,9.3,1023.5,0,1.0,9,2,1,0
2017-09-02 01:00:00,41.399999999965075,12.7,8.7,1023.3,0,1.0,9,2,2,1
2017-09-02 02:00:00,36.0,11.8,8.9,1023.5,7,2.1,9,2,3,2
2017-09-02 03:00:00,34.5,10.6,9.0,1023.4,6,1.0,9,2,4,3
2017-09-02 04:00:00,33.70000000001164,10.2,8.6,1023.0,7,1.5,9,2,5,4
2017-09-02 05:00:00,34.400000000023276,10.2,8.8,1023.0,0,1.0,9,2,6,5
2017-09-02 06:00:00,35.599999999976724,10.4,8.9,1023.1,0,1.5,9,2,7,6
2017-09-02 07:00:00,36.0,11.2,9.2,1023.2,6,1.5,9,2,1,7
2017-09-02 08:00:00,33.399999999965075,13.6,10.4,1023.4,6,1.5,9,2,2,8
2017-09-02 09:00:00,37.79999999998836,15.4,9.3,1023.5,0,1.0,9,2,3,9
2017-09-02 10:00:00,37.0,17.9,10.4,1023.4,6,0.5,9,2,4,10
2017-09-02 11:00:00,34.70000000001165,18.2,8.1,1023.0,0,1.0,9,2,5,11
2017-09-02 12:00:00,37.5,18.4,8.6,1022.6,5,1.0,9,2,6,12
2017-09-02 13:00:00,41.0,19.4,9.1,1022.1,2,1.5,9,2,7,13
2017-09-02 14:00:00,39.20000000001164,20.8,8.1,1021.4,3,2.1,9,2,1,14
2017-09-02 15:00:00,34.900000000023276,21.4,8.9,1020.8,5,2.6,9,2,2,15
2017-09-02 16:00:00,35.79999999998836,21.4,7.8,1020.3,5,3.6,9,2,3,16
2017-09-02 17:00:00,36.0,20.3,8.4,1019.9,5,3.1,9,2,4,17
2017-09-02 18:00:00,36.79999999998836,19.1,8.1,1019.7,5,3.1,9,2,5,18
2017-09-02 19:00:00,43.400000000023276,18.1,9.1,1019.6,4,3.1,9,2,6,19
2017-09-02 20:00:00,40.599999999976724,16.7,11.1,1019.6,4,4.1,9,2,7,20
2017-09-02 21:00:00,41.5,15.5,10.7,1019.5,5,4.1,9,2,1,21
2017-09-02 22:00:00,46.599999999976724,14.7,10.4,1019.5,5,2.6,9,2,2,22
2017-09-02 23:00:00,41.099999999976724,13.7,10.4,1019.3,4,2.6,9,2,3,23
2017-09-03 00:00:00,41.099999999976724,12.3,10.2,1018.9,3,3.1,9,3,4,0
2017-09-03 01:00:00,38.599999999976724,11.8,10.0,1018.2,3,2.1,9,3,5,1
2017-09-03 02:00:00,36.60000000003493,11.1,9.6,1017.7,3,2.1,9,3,6,2
2017-09-03 03:00:00,35.79999999998836,11.3,10.1,1017.0,3,2.6,9,3,7,3
2017-09-03 04:00:00,34.0,11.3,10.1,1016.3,3,2.1,9,3,1,4
2017-09-03 05:00:00,34.5,11.6,10.3,1015.6,3,2.1,9,3,2,5
2017-09-03 06:00:00,34.0,11.6,10.2,1014.9,3,3.1,9,3,3,6
2017-09-03 07:00:00,33.0,13.0,10.9,1014.4,3,3.6,9,3,4,7
2017-09-03 08:00:00,36.5,15.0,12.3,1014.1,3,4.1,9,3,5,8
2017-09-03 09:00:00,37.5,16.5,12.3,1013.7,3,4.6,9,3,6,9
2017-09-03 10:00:00,37.70000000001164,17.5,13.2,1013.2,4,5.1,9,3,7,10
2017-09-03 11:00:00,38.80000000004657,17.6,12.1,1012.7,3,6.2,9,3,1,11
2017-09-03 12:00:00,39.29999999998836,16.7,11.5,1012.5,4,6.2,9,3,2,12
2017-09-03 13:00:00,39.79999999998836,15.9,8.2,1012.3,4,7.2,9,3,3,13
2017-09-03 14:00:00,41.399999999965075,13.9,9.7,1012.0,4,6.2,9,3,4,14
2017-09-03 15:00:00,40.60000000003493,14.5,10.8,1011.5,3,6.2,9,3,5,15
2017-09-03 16:00:00,37.70000000001165,14.4,12.3,1011.0,3,6.2,9,3,6,16
2017-09-03 17:00:00,40.099999999976724,13.9,12.5,1010.6,4,6.2,9,3,7,17
2017-09-03 18:00:00,45.099999999976724,13.4,11.9,1010.3,3,6.7,9,3,1,18
2017-09-03 19:00:00,47.900000000023276,13.3,12.5,1010.4,3,5.7,9,3,2,19
2017-09-03 20:00:00,48.20000000001164,13.7,13.1,1010.3,3,5.7,9,3,3,20
2017-09-03 21:00:00,48.19999999995344,14.0,12.7,1010.3,3,5.7,9,3,4,21
2017-09-03 22:00:00,46.29999999998836,14.0,12.8,1010.3,3,5.7,9,3,5,22
2017-09-03 23:00:00,44.0,13.8,13.3,1010.1,3,4.1,9,3,6,23
2017-09-04 00:00:00,39.20000000001165,13.9,13.6,1009.5,3,4.1,9,4,7,0
2017-09-04 01:00:00,38.10000000003493,14.2,14.0,1009.7,3,3.1,9,4,1,1
2017-09-04 02:00:00,35.100000000034925,14.3,14.1,1009.6,3,3.1,9,4,2,2
2017-09-04 03:00:00,34.899999999965075,14.5,14.3,1009.2,3,4.1,9,4,3,3
2017-09-04 04:00:00,32.70000000001164,14.7,14.5,1009.2,3,3.1,9,4,4,4
2017-09-04 05:00:00,33.5,14.9,14.8,1009.4,3,2.6,9,4,5,5
2017-09-04 06:00:00,35.5,15.4,15.3,1009.6,3,3.1,9,4,6,6
2017-09-04 07:00:00,36.5,15.9,15.8,1010.2,4,3.1,9,4,7,7
2017-09-04 08:00:00,42.399999999965075,16.6,16.2,1010.4,4,2.6,9,4,1,8
2017-09-04 09:00:00,42.199999999953434,17.7,16.8,1011.1,4,3.1,9,4,2,9
2017-09-04 10:00:00,41.10000000003493,18.7,17.4,1011.7,4,4.1,9,4,3,10
2017-09-04 11:00:00,42.0,19.4,17.3,1011.7,4,4.1,9,4,4,11
2017-09-04 12:00:00,44.5,20.2,17.8,1012.0,5,4.1,9,4,5,12
2017-09-04 13:00:00,42.79999999998836,20.6,18.0,1012.3,4,3.6,9,4,6,13
2017-09-04 14:00:00,39.0,20.7,17.9,1012.4,5,3.1,9,4,7,14
2017-09-04 15:00:00,36.70000000001165,22.0,18.1,1012.3,5,4.1,9,4,1,15
2017-09-04 16:00:00,37.699999999953434,21.6,17.8,1012.5,5,5.1,9,4,2,16
2017-09-04 17:00:00,38.70000000001165,20.8,17.2,1013.1,4,5.1,9,4,3,17
2017-09-04 18:00:00,40.0,20.0,16.7,1013.3,4,4.1,9,4,4,18
2017-09-04 19:00:00,46.29999999998836,19.0,16.1,1013.9,5,3.6,9,4,5,19
2017-09-04 20:00:00,44.10000000003493,18.3,15.7,1014.7,5,4.6,9,4,6,20
2017-09-04 21:00:00,42.699999999953434,17.9,15.6,1014.8,5,4.6,9,4,7,21
2017-09-04 22:00:00,44.19999999995344,17.8,15.5,1015.1,4,3.6,9,4,1,22
2017-09-04 23:00:00,40.79999999998836,17.6,15.6,1015.0,4,4.1,9,4,2,23
2017-09-05 00:00:00,40.10000000003493,17.5,15.4,1015.0,5,4.6,9,5,3,0
2017-09-05 01:00:00,38.399999999965075,17.2,15.1,1014.8,5,4.6,9,5,4,1
2017-09-05 02:00:00,35.400000000023276,16.9,14.9,1014.8,5,5.1,9,5,5,2
2017-09-05 03:00:00,35.199999999953434,16.7,14.6,1014.3,5,4.6,9,5,6,3
2017-09-05 04:00:00,35.100000000034925,16.6,14.8,1013.9,5,3.6,9,5,7,4
2017-09-05 05:00:00,32.29999999998835,16.4,14.7,1013.4,5,3.6,9,5,1,5
2017-09-05 06:00:00,35.0,16.3,15.2,1013.8,5,3.6,9,5,2,6
2017-09-05 07:00:00,36.20000000001164,16.6,15.1,1014.0,5,3.6,9,5,3,7
2017-09-05 08:00:00,38.5,16.4,15.6,1014.1,4,3.6,9,5,4,8
2017-09-05 09:00:00,43.20000000001164,18.5,15.7,1013.7,4,5.1,9,5,5,9
2017-09-05 10:00:00,45.20000000001164,18.2,15.5,1013.8,4,5.1,9,5,6,10
2017-09-05 11:00:00,42.399999999965075,19.3,15.4,1013.4,5,6.2,9,5,7,11
2017-09-05 12:00:00,41.20000000001165,19.4,15.4,1013.1,5,6.7,9,5,1,12
2017-09-05 13:00:00,43.400000000023276,21.1,16.0,1012.7,5,7.2,9,5,2,13
2017-09-05 14:00:00,39.79999999998836,18.6,16.7,1012.7,5,7.2,9,5,3,14
2017-09-05 15:00:00,37.199999999953434,19.3,16.5,1012.4,4,5.1,9,5,4,15
2017-09-05 16:00:00,36.400000000023276,18.3,17.1,1012.2,5,4.6,9,5,5,16
2017-09-05 17:00:00,37.0,18.3,16.5,1012.2,5,5.1,9,5,6,17
2017-09-05 18:00:00,39.29999999998836,18.1,16.4,1012.3,5,4.6,9,5,7,18
2017-09-05 19:00:00,42.900000000023276,17.9,16.3,1012.8,5,4.1,9,5,1,19
2017-09-05 20:00:00,41.70000000001165,17.8,16.1,1013.5,5,3.6,9,5,2,20
2017-09-05 21:00:00,40.400000000023276,16.2,13.5,1015.0,7,6.2,9,5,3,21
2017-09-05 22:00:00,42.79999999998836,15.6,13.4,1016.1,7,3.1,9,5,4,22
2017-09-05 23:00:00,40.199999999953434,14.8,12.9,1016.4,6,4.1,9,5,5,23
2017-09-06 00:00:00,40.099999999976724,13.8,11.5,1017.3,6,3.6,9,6,6,0
2017-09-06 01:00:00,35.599999999976724,11.9,10.2,1017.8,6,4.1,9,6,7,1
2017-09-06 02:00:00,34.399999999965075,11.9,10.6,1017.9,6,4.1,9,6,1,2
2017-09-06 03:00:00,33.70000000001165,11.4,10.1,1017.9,6,3.6,9,6,2,3
2017-09-06 04:00:00,32.70000000001164,12.5,11.0,1018.0,6,3.1,9,6,3,4
2017-09-06 05:00:00,31.59999999997672,13.0,11.6,1018.3,6,4.1,9,6,4,5
2017-09-06 06:00:00,32.69999999995343,13.3,11.4,1018.6,6,5.7,9,6,5,6
2017-09-06 07:00:00,33.29999999998836,13.8,11.7,1018.8,5,4.1,9,6,6,7
2017-09-06 08:00:00,34.899999999965075,15.4,11.7,1019.0,6,4.6,9,6,7,8
2017-09-06 09:00:00,38.5,16.8,12.2,1019.4,6,5.7,9,6,1,9
2017-09-06 10:00:00,41.70000000001165,17.9,10.7,1019.3,6,5.1,9,6,2,10
2017-09-06 11:00:00,43.70000000001164,17.4,9.1,1019.2,6,6.7,9,6,3,11
2017-09-06 12:00:00,43.900000000023276,18.6,8.1,1019.3,6,4.6,9,6,4,12
2017-09-06 13:00:00,43.099999999976724,18.7,8.3,1019.2,6,5.7,9,6,5,13
2017-09-06 14:00:00,38.20000000001165,18.6,7.7,1019.3,7,4.1,9,6,6,14
2017-09-06 15:00:00,36.60000000003493,19.0,7.0,1019.2,6,7.2,9,6,7,15
2017-09-06 16:00:00,37.10000000003493,18.7,8.1,1019.1,7,4.1,9,6,1,16
2017-09-06 17:00:00,34.899999999965075,18.4,7.6,1019.1,7,4.1,9,6,2,17
2017-09-06 18:00:00,39.29999999998836,17.5,8.2,1019.4,6,3.1,9,6,3,18
2017-09-06 19:00:00,43.70000000001164,16.7,7.8,1019.5,6,3.1,9,6,4,19
2017-09-06 20:00:00,43.899999999965075,16.3,8.3,1019.8,6,1.5,9,6,5,20
2017-09-06 21:00:00,40.70000000001165,16.5,8.4,1019.6,6,3.1,9,6,6,21
2017-09-06 22:00:00,39.60000000003493,15.7,10.1,1019.4,6,5.1,9,6,7,22
2017-09-06 23:00:00,40.5,15.2,9.4,1019.4,6,3.1,9,6,1,23
2017-09-07 00:00:00,41.30000000004657,14.6,8.2,1019.2,6,2.6,9,7,2,0
2017-09-07 01:00:00,38.199999999953434,13.0,8.8,1018.7,6,2.6,9,7,3,1
2017-09-07 02:00:00,36.900000000023276,13.3,9.7,1018.2,6,2.6,9,7,4,2
2017-09-07 03:00:00,32.70000000001165,12.9,10.7,1017.9,6,2.6,9,7,5,3
2017-09-07 04:00:00,32.0,12.0,10.3,1017.6,6,2.1,9,7,6,4
2017-09-07 05:00:00,32.100000000034925,11.4,9.6,1017.2,5,1.0,9,7,7,5
2017-09-07 06:00:00,32.0,12.2,10.5,1017.3,5,3.1,9,7,1,6
2017-09-07 07:00:00,34.399999999965075,12.6,10.8,1016.4,4,2.1,9,7,2,7
2017-09-07 08:00:00,35.0,13.6,11.5,1016.3,5,2.6,9,7,3,8
2017-09-07 09:00:00,39.5,15.8,12.2,1015.9,4,2.6,9,7,4,9
2017-09-07 10:00:00,47.60000000003493,17.4,12.4,1015.4,6,3.6,9,7,5,10
2017-09-07 11:00:00,44.10000000003493,16.8,12.1,1014.7,5,5.7,9,7,6,11
2017-09-07 12:00:00,45.599999999976724,18.3,12.1,1014.2,5,5.7,9,7,7,12
2017-09-07 13:00:00,39.10000000003493,18.7,11.2,1013.5,5,6.2,9,7,1,13
2017-09-07 14:00:00,34.79999999998835,19.6,11.4,1013.0,6,7.7,9,7,2,14
2017-09-07 15:00:00,37.899999999965075,19.7,11.1,1012.2,6,6.2,9,7,3,15
2017-09-07 16:00:00,37.5,18.9,11.4,1011.6,5,5.1,9,7,4,16
2017-09-07 17:00:00,36.699999999953434,18.6,11.9,1011.0,5,6.2,9,7,5,17
2017-09-07 18:00:00,40.79999999998836,17.6,12.0,1010.6,5,6.7,9,7,6,18
2017-09-07 19:00:00,42.0,17.2,12.6,1010.1,5,6.2,9,7,7,19
2017-09-07 20:00:00,41.5,16.8,12.8,1010.0,5,6.7,9,7,1,20
2017-09-07 21:00:00,42.599999999976724,16.8,13.2,1008.8,5,6.2,9,7,2,21
2017-09-07 22:00:00,41.79999999998836,16.2,14.2,1007.9,5,6.2,9,7,3,22
2017-09-07 23:00:00,40.900000000023276,16.4,12.5,1007.1,5,8.2,9,7,4,23
2017-09-08 00:00:00,41.400000000023276,16.2,12.7,1006.5,5,6.2,9,8,5,0
2017-09-08 01:00:00,39.29999999998836,15.9,12.8,1005.3,5,6.7,9,8,6,1
2017-09-08 02:00:00,36.79999999998836,15.7,12.6,1004.5,6,7.7,9,8,7,2
2017-09-08 03:00:00,34.899999999965075,15.6,12.3,1003.6,5,6.7,9,8,1,3
2017-09-08 04:00:00,32.79999999998836,15.4,12.8,1002.9,5,7.2,9,8,2,4
2017-09-08 05:00:00,33.29999999998835,14.8,13.3,1002.5,5,6.2,9,8,3,5
2017-09-08 06:00:00,34.099999999976724,14.7,13.4,1002.2,5,6.2,9,8,4,6
2017-09-08 07:00:00,36.29999999998836,14.5,13.7,1001.9,5,5.7,9,8,5,7
2017-09-08 08:00:00,38.20000000001164,14.8,13.9,1001.5,5,4.1,9,8,6,8
2017-09-08 09:00:00,41.00000000000001,16.0,14.1,1001.1,5,5.7,9,8,7,9
2017-09-08 10:00:00,43.5,16.5,13.8,1000.3,5,6.2,9,8,1,10
2017-09-08 11:00:00,42.79999999998836,15.3,14.0,999.7,5,5.7,9,8,2,11
2017-09-08 12:00:00,43.300000000046566,15.5,14.7,999.0,5,4.6,9,8,3,12
2017-09-08 13:00:00,41.70000000001164,16.8,14.7,998.4,5,6.2,9,8,4,13
2017-09-08 14:00:00,40.70000000001165,17.0,14.2,998.1,5,6.2,9,8,5,14
2017-09-08 15:00:00,35.79999999998836,18.8,15.2,997.5,5,6.2,9,8,6,15
2017-09-08 16:00:00,36.900000000023276,19.0,12.1,996.9,5,7.7,9,8,7,16
2017-09-08 17:00:00,36.5,18.1,12.1,996.9,5,6.2,9,8,1,17
2017-09-08 18:00:00,40.599999999976724,16.1,10.4,996.8,7,2.6,9,8,2,18
2017-09-08 19:00:00,42.899999999965075,15.2,10.5,996.7,7,2.1,9,8,3,19
2017-09-08 20:00:00,41.599999999976724,14.3,11.7,996.8,5,2.6,9,8,4,20
2017-09-08 21:00:00,42.5,14.3,11.9,996.4,6,3.6,9,8,5,21
2017-09-08 22:00:00,42.60000000003493,13.7,11.8,996.4,5,3.6,9,8,6,22
2017-09-08 23:00:00,40.20000000001164,11.9,10.5,996.4,6,3.1,9,8,7,23
2017-09-09 00:00:00,38.70000000001165,11.2,10.4,996.2,6,2.6,9,9,1,0
2017-09-09 01:00:00,37.900000000023276,11.4,10.6,996.0,6,2.6,9,9,2,1
2017-09-09 02:00:00,35.600000000034925,10.9,10.0,996.1,6,2.6,9,9,3,2
2017-09-09 03:00:00,32.69999999995343,10.7,9.9,996.2,6,2.1,9,9,4,3
2017-09-09 04:00:00,30.800000000046573,10.2,9.4,996.2,6,3.6,9,9,5,4
2017-09-09 05:00:00,30.59999999997672,10.3,9.5,996.4,6,3.1,9,9,6,5
2017-09-09 06:00:00,33.600000000034925,10.5,9.7,996.6,6,3.1,9,9,7,6
2017-09-09 07:00:00,34.900000000023276,10.8,9.7,997.0,6,3.1,9,9,1,7
2017-09-09 08:00:00,31.90000000002329,12.7,9.9,997.2,6,4.1,9,9,2,8
2017-09-09 09:00:00,35.0,14.3,9.8,997.4,6,6.2,9,9,3,9
2017-09-09 10:00:00,39.399999999965075,16.0,9.8,997.6,6,6.7,9,9,4,10
2017-09-09 11:00:00,40.599999999976724,16.8,9.6,997.5,6,4.6,9,9,5,11
2017-09-09 12:00:00,41.10000000003493,16.6,8.9,997.4,6,5.1,9,9,6,12
2017-09-09 13:00:00,40.599999999976724,16.1,10.1,997.5,6,4.6,9,9,7,13
2017-09-09 14:00:00,38.899999999965075,17.9,9.3,997.2,6,7.7,9,9,1,14
2017-09-09 15:00:00,39.099999999976724,14.2,12.0,997.9,5,3.6,9,9,2,15
2017-09-09 16:00:00,40.20000000001164,14.4,11.0,998.2,6,6.7,9,9,3,16
2017-09-09 17:00:00,39.70000000001165,15.5,10.6,998.5,6,4.1,9,9,4,17
2017-09-09 18:00:00,38.0,14.1,10.3,998.9,6,4.1,9,9,5,18
2017-09-09 19:00:00,38.20000000001164,13.3,11.1,999.5,6,4.6,9,9,6,19
2017-09-09 20:00:00,41.29999999998836,12.9,11.0,1000.4,6,3.6,9,9,7,20
2017-09-09 21:00:00,44.400000000023276,12.4,10.5,1001.1,6,3.6,9,9,1,21
2017-09-09 22:00:00,41.099999999976724,12.0,10.4,1001.5,6,2.6,9,9,2,22
2017-09-09 23:00:00,38.20000000001164,11.4,9.8,1002.1,7,2.6,9,9,3,23
2017-09-10 00:00:00,39.79999999998836,10.5,9.3,1002.5,6,2.1,9,10,4,0
2017-09-10 01:00:00,37.900000000023276,10.8,9.7,1002.9,6,3.1,9,10,5,1
2017-09-10 02:00:00,34.399999999965075,10.2,9.4,1003.1,6,2.1,9,10,6,2
2017-09-10 03:00:00,32.79999999998836,9.5,8.7,1003.1,6,1.5,9,10,7,3
2017-09-10 04:00:00,33.100000000034925,9.0,8.4,1002.9,6,2.1,9,10,1,4
2017-09-10 05:00:00,31.5,9.5,9.1,1003.0,5,2.1,9,10,2,5
2017-09-10 06:00:00,32.70000000001164,9.6,9.2,1003.2,5,2.1,9,10,3,6
2017-09-10 07:00:00,33.5,10.4,9.6,1002.9,4,2.6,9,10,4,7
2017-09-10 08:00:00,34.599999999976724,12.3,10.2,1002.6,5,3.1,9,10,5,8
2017-09-10 09:00:00,34.29999999998835,14.1,10.6,1002.1,4,5.1,9,10,6,9
2017-09-10 10:00:00,34.20000000001164,15.3,11.3,1001.3,5,6.2,9,10,7,10
2017-09-10 11:00:00,35.70000000001165,16.1,12.2,1000.5,5,6.7,9,10,1,11
2017-09-10 12:00:00,36.79999999998836,16.8,12.3,999.6,5,6.2,9,10,2,12
2017-09-10 13:00:00,35.20000000001164,16.7,11.4,998.5,5,7.7,9,10,3,13
2017-09-10 14:00:00,38.0,16.8,9.9,997.4,5,7.7,9,10,4,14
2017-09-10 15:00:00,36.29999999998836,15.8,11.3,996.1,5,9.3,9,10,5,15
2017-09-10 16:00:00,36.900000000023276,15.7,12.5,994.6,5,8.8,9,10,6,16
2017-09-10 17:00:00,39.20000000001164,14.7,13.9,993.1,4,6.7,9,10,7,17
2017-09-10 18:00:00,41.0,15.6,14.3,992.3,5,7.7,9,10,1,18
2017-09-10 19:00:00,41.0,15.4,13.0,992.2,6,8.2,9,10,2,19
2017-09-10 20:00:00,41.5,14.8,12.0,992.5,5,6.2,9,10,3,20
2017-09-10 21:00:00,41.400000000023276,14.3,11.1,992.6,5,7.2,9,10,4,21
2017-09-10 22:00:00,42.60000000003493,13.5,10.7,992.9,5,7.2,9,10,5,22
2017-09-10 23:00:00,41.79999999998836,12.9,9.7,993.1,5,7.7,9,10,6,23
2017-09-11 00:00:00,39.900000000023276,12.2,9.3,993.1,5,6.2,9,11,7,0
2017-09-11 01:00:00,37.29999999998836,11.6,8.9,992.8,5,7.2,9,11,1,1
2017-09-11 02:00:00,34.5,11.3,8.5,992.2,5,6.7,9,11,2,2
2017-09-11 03:00:00,33.099999999976724,11.4,8.1,991.8,5,7.7,9,11,3,3
2017-09-11 04:00:00,32.70000000001164,11.7,8.2,991.5,5,8.2,9,11,4,4
2017-09-11 05:00:00,31.200000000011645,12.0,8.3,991.0,5,8.2,9,11,5,5
2017-09-11 06:00:00,31.200000000011638,12.3,8.9,990.9,5,8.8,9,11,6,6
2017-09-11 07:00:00,32.600000000034925,12.4,9.8,991.3,5,7.7,9,11,7,7
2017-09-11 08:00:00,34.899999999965075,13.4,10.8,991.4,5,8.2,9,11,1,8
2017-09-11 09:00:00,40.900000000023276,14.7,11.7,991.8,5,8.2,9,11,2,9
2017-09-11 10:00:00,42.099999999976724,16.0,11.5,992.1,6,8.2,9,11,3,10
2017-09-11 11:00:00,42.099999999976724,18.2,12.5,992.2,6,9.3,9,11,4,11
2017-09-11 12:00:00,41.0,18.4,12.3,992.6,6,9.8,9,11,5,12
2017-09-11 13:00:00,41.70000000001165,17.3,11.0,993.0,5,8.8,9,11,6,13
2017-09-11 14:00:00,40.10000000003493,19.1,10.9,993.2,6,10.8,9,11,7,14
2017-09-11 15:00:00,40.0,19.1,9.9,994.0,6,10.3,9,11,1,15
2017-09-11 16:00:00,38.20000000001165,16.2,11.0,995.0,7,6.7,9,11,2,16
2017-09-11 17:00:00,40.29999999998836,16.3,11.3,996.0,6,6.7,9,11,3,17
2017-09-11 18:00:00,38.70000000001165,15.8,10.3,997.0,6,7.7,9,11,4,18
2017-09-11 19:00:00,42.70000000001165,13.9,11.0,998.3,6,6.2,9,11,5,19
2017-09-11 20:00:00,41.699999999953434,13.4,10.8,999.3,6,5.7,9,11,6,20
2017-09-11 21:00:00,46.099999999976724,12.6,10.6,1000.0,6,4.6,9,11,7,21
2017-09-11 22:00:00,43.79999999998836,12.4,10.4,1000.5,6,4.6,9,11,1,22
2017-09-11 23:00:00,40.0,12.1,10.1,1001.3,6,5.1,9,11,2,23
2017-09-12 00:00:00,39.70000000001165,11.3,9.8,1001.7,6,5.7,9,12,3,0
2017-09-12 01:00:00,36.5,10.8,9.5,1002.3,6,3.6,9,12,4,1
2017-09-12 02:00:00,34.70000000001165,10.6,9.4,1002.9,6,5.1,9,12,5,2
2017-09-12 03:00:00,34.29999999998836,10.9,9.6,1003.2,6,3.1,9,12,6,3
2017-09-12 04:00:00,33.29999999998836,10.8,9.4,1003.7,6,4.6,9,12,7,4
2017-09-12 05:00:00,33.29999999998835,10.5,9.1,1004.4,6,5.1,9,12,1,5
2017-09-12 06:00:00,33.29999999998835,10.5,8.9,1005.0,6,4.1,9,12,2,6
2017-09-12 07:00:00,32.70000000001164,11.6,9.5,1005.5,6,5.7,9,12,3,7
2017-09-12 08:00:00,36.20000000001164,12.8,9.7,1006.0,6,5.7,9,12,4,8
2017-09-12 09:00:00,41.099999999976724,14.5,9.7,1007.1,6,6.7,9,12,5,9
2017-09-12 10:00:00,42.599999999976724,15.5,9.0,1007.2,6,5.1,9,12,6,10
2017-09-12 11:00:00,43.399999999965075,16.5,9.0,1007.2,5,6.2,9,12,7,11
2017-09-12 12:00:00,43.29999999998836,17.5,8.5,1007.6,6,6.7,9,12,1,12
2017-09-12 13:00:00,41.5,18.8,7.3,1007.4,6,7.7,9,12,2,13
2017-09-12 14:00:00,39.899999999965075,19.0,8.9,1007.1,5,8.8,9,12,3,14
2017-09-12 15:00:00,40.900000000023276,17.2,8.3,1006.7,5,5.7,9,12,4,15
2017-09-12 16:00:00,38.599999999976724,16.9,9.3,1006.0,5,7.2,9,12,5,16
2017-09-12 17:00:00,39.80000000004657,16.1,8.5,1005.2,5,8.2,9,12,6,17
2017-09-12 18:00:00,40.10000000003493,15.5,8.7,1004.0,5,6.7,9,12,7,18
2017-09-12 19:00:00,43.900000000023276,14.0,10.8,1003.5,5,6.2,9,12,1,19
2017-09-12 20:00:00,40.5,13.1,11.5,1001.6,4,5.1,9,12,2,20
2017-09-12 21:00:00,41.29999999998836,12.9,11.6,999.2,4,8.2,9,12,3,21
2017-09-12 22:00:00,40.900000000023276,13.2,12.2,996.9,4,9.3,9,12,4,22
2017-09-12 23:00:00,41.79999999998836,14.0,13.5,994.7,4,7.2,9,12,5,23
2017-09-13 00:00:00,36.29999999998836,15.9,14.5,993.2,5,8.8,9,13,6,0
2017-09-13 01:00:00,40.400000000023276,15.2,11.6,993.5,6,11.8,9,13,7,1
2017-09-13 02:00:00,36.899999999965075,14.9,10.8,993.0,5,12.4,9,13,1,2
2017-09-13 03:00:00,37.399999999965075,14.5,9.2,993.4,6,14.9,9,13,2,3
2017-09-13 04:00:00,34.29999999998836,13.5,8.5,995.2,6,13.4,9,13,3,4
2017-09-13 05:00:00,36.699999999953434,13.1,7.9,996.5,6,10.8,9,13,4,5
2017-09-13 06:00:00,37.699999999953434,12.2,7.1,998.1,6,9.8,9,13,5,6
2017-09-13 07:00:00,37.399999999965075,12.6,7.4,999.2,6,9.3,9,13,6,7
2017-09-13 08:00:00,37.900000000023276,13.6,7.4,999.9,6,10.3,9,13,7,8
2017-09-13 09:00:00,44.79999999998836,15.0,7.7,1000.8,6,8.8,9,13,1,9
2017-09-13 10:00:00,39.900000000023276,16.3,8.6,1001.1,6,10.8,9,13,2,10
2017-09-13 11:00:00,23.59999999997672,17.3,8.5,1001.1,6,10.8,9,13,3,11
2017-09-13 12:00:00,29.0,15.9,8.9,1001.3,6,10.8,9,13,4,12
2017-09-13 13:00:00,36.5,18.4,9.4,1000.4,5,8.8,9,13,5,13
2017-09-13 14:00:00,37.20000000001165,15.1,9.9,1000.9,6,11.3,9,13,6,14
2017-09-13 15:00:00,37.20000000001164,15.3,8.6,1000.7,5,9.3,9,13,7,15
2017-09-13 16:00:00,39.29999999998836,16.8,8.6,1000.2,5,7.7,9,13,1,16
2017-09-13 17:00:00,34.599999999976724,15.1,7.4,1000.2,7,5.1,9,13,2,17
2017-09-13 18:00:00,34.0,14.9,6.1,1000.3,6,7.7,9,13,3,18
2017-09-13 19:00:00,32.79999999998836,13.7,6.2,1000.9,6,7.7,9,13,4,19
2017-09-13 20:00:00,35.0,12.8,7.2,1001.6,6,5.7,9,13,5,20
2017-09-13 21:00:00,32.70000000001165,12.5,6.9,1001.6,6,7.7,9,13,6,21
2017-09-13 22:00:00,33.5,12.0,6.7,1001.8,6,6.7,9,13,7,22
2017-09-13 23:00:00,33.5,10.7,6.4,1001.7,6,4.1,9,13,1,23
2017-09-14 00:00:00,30.799999999988362,10.1,6.4,1001.7,6,3.1,9,14,2,0
2017-09-14 01:00:00,30.899999999965072,10.1,7.2,1001.7,6,3.6,9,14,3,1
2017-09-14 02:00:00,30.59999999997672,8.7,7.1,1001.8,6,4.1,9,14,4,2
2017-09-14 03:00:00,30.399999999965072,8.9,7.8,1002.1,6,4.1,9,14,5,3
2017-09-14 04:00:00,30.59999999997672,8.0,7.0,1002.8,6,4.1,9,14,6,4
2017-09-14 05:00:00,30.899999999965072,8.0,6.8,1003.3,6,4.6,9,14,7,5
2017-09-14 06:00:00,31.299999999988355,8.0,6.5,1004.1,6,4.6,9,14,1,6
2017-09-14 07:00:00,32.5,9.7,7.0,1004.8,6,5.1,9,14,2,7
2017-09-14 08:00:00,32.0,10.7,7.5,1005.7,6,5.1,9,14,3,8
2017-09-14 09:00:00,39.5,12.2,7.6,1006.7,6,6.7,9,14,4,9
2017-09-14 10:00:00,42.79999999998836,13.6,8.0,1007.8,6,6.7,9,14,5,10
2017-09-14 11:00:00,43.5,15.3,8.1,1008.5,6,7.2,9,14,6,11
2017-09-14 12:00:00,42.10000000003493,15.9,7.5,1009.3,6,5.7,9,14,7,12
2017-09-14 13:00:00,36.70000000001164,16.0,7.6,1010.0,6,6.7,9,14,1,13
2017-09-14 14:00:00,36.199999999953434,17.3,7.3,1010.3,6,5.7,9,14,2,14
2017-09-14 15:00:00,38.399999999965075,13.8,8.3,1011.1,7,3.6,9,14,3,15
2017-09-14 16:00:00,36.79999999998835,15.7,7.2,1011.3,7,5.7,9,14,4,16
2017-09-14 17:00:00,32.5,15.9,9.0,1011.5,6,5.1,9,14,5,17
2017-09-14 18:00:00,31.09999999997672,14.6,9.2,1012.1,6,5.1,9,14,6,18
2017-09-14 19:00:00,29.90000000002329,12.9,9.1,1012.9,6,4.1,9,14,7,19
2017-09-14 20:00:00,29.700000000011638,12.9,8.4,1013.5,6,3.6,9,14,1,20
2017-09-14 21:00:00,31.299999999988355,12.0,7.2,1013.8,6,3.6,9,14,2,21
2017-09-14 22:00:00,30.399999999965072,9.5,6.6,1014.2,6,4.1,9,14,3,22
2017-09-14 23:00:00,30.200000000011638,10.2,6.6,1014.0,6,3.6,9,14,4,23
2017-09-15 00:00:00,30.0,8.8,6.5,1013.9,6,2.6,9,15,5,0
2017-09-15 01:00:00,30.0,8.1,6.3,1013.7,6,3.6,9,15,6,1
2017-09-15 02:00:00,30.400000000023283,8.1,6.4,1013.5,6,2.6,9,15,7,2
2017-09-15 03:00:00,30.09999999997672,7.8,6.4,1013.4,6,2.6,9,15,1,3
2017-09-15 04:00:00,32.29999999998836,8.0,6.8,1013.2,6,3.1,9,15,2,4
2017-09-15 05:00:00,32.099999999976724,7.9,6.3,1013.0,7,1.0,9,15,3,5
2017-09-15 06:00:00,31.800000000046573,7.3,6.2,1013.0,6,3.1,9,15,4,6
2017-09-15 07:00:00,31.59999999997672,8.6,7.2,1013.0,6,3.6,9,15,5,7
2017-09-15 08:00:00,32.69999999995343,10.2,7.3,1012.9,6,3.6,9,15,6,8
2017-09-15 09:00:00,37.699999999953434,12.5,8.1,1013.1,7,4.1,9,15,7,9
2017-09-15 10:00:00,38.5,13.5,8.1,1013.2,7,2.6,9,15,1,10
2017-09-15 11:00:00,40.60000000003493,14.2,7.9,1013.1,7,2.6,9,15,2,11
2017-09-15 12:00:00,41.199999999953434,15.4,6.4,1012.9,0,2.1,9,15,3,12
2017-09-15 13:00:00,36.400000000023276,15.4,5.9,1012.7,0,3.1,9,15,4,13
2017-09-15 14:00:00,34.100000000034925,15.8,7.2,1012.5,7,3.6,9,15,5,14
2017-09-15 15:00:00,33.29999999998835,14.7,7.6,1012.4,0,4.1,9,15,6,15
2017-09-15 16:00:00,31.5,14.0,9.4,1012.6,0,4.6,9,15,7,16
2017-09-15 17:00:00,32.29999999998836,12.9,10.5,1012.8,0,2.6,9,15,1,17
2017-09-15 18:00:00,33.400000000023276,12.5,10.1,1013.2,0,2.6,9,15,2,18
2017-09-15 19:00:00,32.29999999998835,12.0,10.4,1013.4,7,1.5,9,15,3,19
2017-09-15 20:00:00,29.90000000002329,11.2,9.5,1013.5,7,2.1,9,15,4,20
2017-09-15 21:00:00,30.90000000002329,10.7,9.2,1013.3,7,1.5,9,15,5,21
2017-09-15 22:00:00,30.700000000011645,10.3,9.1,1013.6,7,1.0,9,15,6,22
2017-09-15 23:00:00,29.900000000023283,10.1,8.7,1013.4,6,1.5,9,15,7,23
2017-09-16 00:00:00,30.800000000046573,9.6,8.5,1013.1,6,2.1,9,16,1,0
2017-09-16 01:00:00,29.400000000023283,9.4,8.7,1012.8,6,1.5,9,16,2,1
2017-09-16 02:00:00,29.200000000011638,9.3,8.6,1012.4,6,2.1,9,16,3,2
2017-09-16 03:00:00,29.59999999997672,9.6,8.8,1012.0,6,2.1,9,16,4,3
2017-09-16 04:00:00,30.100000000034928,9.0,8.3,1011.8,6,1.5,9,16,5,4
2017-09-16 05:00:00,30.799999999988355,8.6,7.8,1011.5,7,1.5,9,16,6,5
2017-09-16 06:00:00,30.799999999988362,8.3,7.5,1011.6,6,2.1,9,16,7,6
2017-09-16 07:00:00,31.0,9.7,8.2,1011.8,7,2.1,9,16,1,7
2017-09-16 08:00:00,31.90000000002328,10.9,8.5,1012.1,7,2.1,9,16,2,8
2017-09-16 09:00:00,33.0,11.8,8.9,1012.3,7,2.1,9,16,3,9
2017-09-16 10:00:00,38.0,12.4,9.2,1012.3,7,2.6,9,16,4,10
2017-09-16 11:00:00,38.400000000023276,13.7,9.0,1012.0,7,2.1,9,16,5,11
2017-09-16 12:00:00,39.699999999953434,13.9,8.7,1011.7,7,3.1,9,16,6,12
2017-09-16 13:00:00,38.099999999976724,14.9,7.9,1011.1,7,3.1,9,16,7,13
2017-09-16 14:00:00,40.70000000001165,14.6,7.7,1011.0,0,3.6,9,16,1,14
2017-09-16 15:00:00,40.599999999976724,15.3,6.8,1010.6,0,2.6,9,16,2,15
2017-09-16 16:00:00,37.30000000004657,13.2,8.4,1010.9,1,2.6,9,16,3,16
2017-09-16 17:00:00,35.599999999976724,12.6,8.9,1011.3,0,3.1,9,16,4,17
2017-09-16 18:00:00,38.5,11.6,9.4,1011.4,0,1.5,9,16,5,18
2017-09-16 19:00:00,39.70000000001165,11.6,9.4,1011.9,0,1.5,9,16,6,19
2017-09-16 20:00:00,38.0,11.3,9.3,1012.0,7,1.0,9,16,7,20
2017-09-16 21:00:00,37.400000000023276,10.3,8.9,1012.2,7,1.0,9,16,1,21
2017-09-16 22:00:00,36.29999999998836,10.6,9.6,1012.3,7,1.5,9,16,2,22
2017-09-16 23:00:00,33.600000000034925,10.2,9.3,1012.2,7,1.5,9,16,3,23
2017-09-17 00:00:00,34.399999999965075,9.9,9.0,1012.2,0,1.5,9,17,4,0
2017-09-17 01:00:00,31.299999999988362,9.3,8.4,1012.2,0,1.5,9,17,5,1
2017-09-17 02:00:00,30.90000000002329,8.9,8.1,1012.1,0,1.5,9,17,6,2
2017-09-17 03:00:00,30.5,9.0,8.4,1012.1,0,1.5,9,17,7,3
2017-09-17 04:00:00,30.5,9.1,8.4,1012.1,0,1.5,9,17,1,4
2017-09-17 05:00:00,31.399999999965072,9.8,9.0,1012.3,7,1.0,9,17,2,5
2017-09-17 06:00:00,31.5,10.3,9.0,1012.7,0,2.1,9,17,3,6
2017-09-17 07:00:00,30.5,10.4,9.1,1013.3,1,1.5,9,17,4,7
2017-09-17 08:00:00,35.5,11.0,9.0,1013.5,0,2.1,9,17,5,8
2017-09-17 09:00:00,35.5,11.7,9.0,1014.0,0,2.6,9,17,6,9
2017-09-17 10:00:00,37.5,12.5,9.5,1014.1,0,2.1,9,17,7,10
2017-09-17 11:00:00,38.899999999965075,13.4,9.2,1014.1,0,2.6,9,17,1,11
2017-09-17 12:00:00,40.399999999965075,14.6,9.1,1014.2,0,3.1,9,17,2,12
2017-09-17 13:00:00,36.0,15.8,8.6,1013.9,0,3.1,9,17,3,13
2017-09-17 14:00:00,37.5,14.8,10.0,1013.9,7,3.6,9,17,4,14
2017-09-17 15:00:00,37.0,16.0,10.8,1013.7,7,2.6,9,17,5,15
2017-09-17 16:00:00,37.79999999998836,16.7,9.0,1013.8,7,2.6,9,17,6,16
2017-09-17 17:00:00,38.79999999998836,14.8,10.3,1014.1,7,2.6,9,17,7,17
2017-09-17 18:00:00,40.099999999976724,14.9,9.2,1014.4,7,2.6,9,17,1,18
2017-09-17 19:00:00,41.70000000001165,14.0,10.0,1015.0,7,1.0,9,17,2,19
2017-09-17 20:00:00,45.0,14.0,10.6,1015.5,0,0.0,9,17,3,20
2017-09-17 21:00:00,40.79999999998836,12.8,10.2,1015.9,0,2.1,9,17,4,21
2017-09-17 22:00:00,40.699999999953434,12.0,10.4,1016.2,6,1.5,9,17,5,22
2017-09-17 23:00:00,39.5,11.7,10.5,1016.1,7,2.6,9,17,6,23
2017-09-18 00:00:00,38.5,11.4,10.2,1016.1,7,1.5,9,18,7,0
2017-09-18 01:00:00,33.20000000001165,10.7,9.8,1016.0,6,2.1,9,18,1,1
2017-09-18 02:00:00,31.799999999988355,9.8,9.2,1016.0,7,1.5,9,18,2,2
2017-09-18 03:00:00,31.399999999965072,9.9,9.5,1016.0,6,2.1,9,18,3,3
2017-09-18 04:00:00,30.5,10.5,9.9,1016.2,7,1.5,9,18,4,4
2017-09-18 05:00:00,30.0,11.2,10.3,1016.4,6,3.1,9,18,5,5
2017-09-18 06:00:00,29.899999999965072,11.0,10.0,1016.8,6,2.1,9,18,6,6
2017-09-18 07:00:00,31.0,11.4,10.3,1017.1,7,2.1,9,18,7,7
2017-09-18 08:00:00,37.70000000001164,12.8,10.8,1017.3,7,3.1,9,18,1,8
2017-09-18 09:00:00,45.400000000023276,13.2,10.7,1017.6,7,3.1,9,18,2,9
2017-09-18 10:00:00,45.900000000023276,15.5,10.2,1017.6,7,4.1,9,18,3,10
2017-09-18 11:00:00,44.599999999976724,15.5,8.6,1017.7,0,3.6,9,18,4,11
2017-09-18 12:00:00,44.400000000023276,15.5,9.8,1017.8,0,3.6,9,18,5,12
2017-09-18 13:00:00,43.599999999976724,16.2,8.8,1017.8,0,3.1,9,18,6,13
2017-09-18 14:00:00,41.900000000023276,17.0,8.8,1017.6,7,4.1,9,18,7,14
2017-09-18 15:00:00,42.5,17.1,8.4,1017.7,7,4.1,9,18,1,15
2017-09-18 16:00:00,42.79999999998836,16.1,7.6,1017.9,0,3.1,9,18,2,16
2017-09-18 17:00:00,41.20000000001164,14.544531875288108,7.840066875639378,1018.0977939043156,0,2.155647116865229,9,18,3,17
2017-09-18 18:00:00,43.20000000001164,13.3,8.7,1018.3,7,1.5,9,18,4,18
2017-09-18 19:00:00,44.900000000023276,13.0,9.4,1018.6,7,1.5,9,18,5,19
2017-09-18 20:00:00,43.20000000001164,12.7,9.5,1019.3,7,3.1,9,18,6,20
2017-09-18 21:00:00,42.80000000004657,11.6,10.3,1019.6,7,2.1,9,18,7,21
2017-09-18 22:00:00,42.0,11.1,10.1,1019.9,7,1.5,9,18,1,22
2017-09-18 23:00:00,38.70000000001165,10.8,9.9,1019.9,7,1.5,9,18,2,23
2017-09-19 00:00:00,40.29999999998836,10.6,9.8,1019.9,7,1.0,9,19,3,0
2017-09-19 01:00:00,35.20000000001165,10.5,9.9,1020.1,7,1.5,9,19,4,1
2017-09-19 02:00:00,35.100000000034925,10.5,10.0,1019.9,7,1.5,9,19,5,2
2017-09-19 03:00:00,32.79999999998836,9.8,9.2,1019.9,7,2.1,9,19,6,3
2017-09-19 04:00:00,33.70000000001164,9.0,8.5,1020.1,7,2.1,9,19,7,4
2017-09-19 05:00:00,32.70000000001165,8.6,8.2,1020.5,7,1.5,9,19,1,5
2017-09-19 06:00:00,32.099999999976724,8.6,8.2,1020.9,7,2.6,9,19,2,6
2017-09-19 07:00:00,33.400000000023276,8.8,8.3,1021.0,7,1.5,9,19,3,7
2017-09-19 08:00:00,40.60000000003493,10.4,9.3,1021.6,7,2.6,9,19,4,8
2017-09-19 09:00:00,49.400000000023276,11.4,9.4,1022.3,7,2.1,9,19,5,9
2017-09-19 10:00:00,48.400000000023276,12.2,8.5,1022.3,7,2.1,9,19,6,10
2017-09-19 11:00:00,48.29999999998836,14.4,8.6,1022.0,1,2.1,9,19,7,11
2017-09-19 12:00:00,44.800000000046566,14.1,6.9,1022.1,0,1.0,9,19,1,12
2017-09-19 13:00:00,46.399999999965075,15.0,7.6,1022.4,6,2.6,9,19,2,13
2017-09-19 14:00:00,43.70000000001164,14.9,7.4,1022.3,6,3.6,9,19,3,14
2017-09-19 15:00:00,42.699999999953434,15.6,8.3,1021.9,6,3.6,9,19,4,15
2017-09-19 16:00:00,43.599999999976724,15.2,6.4,1021.8,6,3.1,9,19,5,16
2017-09-19 17:00:00,39.79999999998836,15.9,6.6,1021.8,7,2.1,9,19,6,17
2017-09-19 18:00:00,44.399999999965075,14.6,6.5,1021.7,0,1.0,9,19,7,18
2017-09-19 19:00:00,45.0,13.6,6.9,1021.9,5,2.1,9,19,1,19
2017-09-19 20:00:00,43.400000000023276,12.9,8.1,1021.9,4,3.6,9,19,2,20
2017-09-19 21:00:00,42.199999999953434,12.3,9.1,1021.8,5,3.1,9,19,3,21
2017-09-19 22:00:00,46.400000000023276,11.3,8.9,1021.8,4,2.6,9,19,4,22
2017-09-19 23:00:00,44.29999999998836,10.2,8.6,1021.7,5,2.1,9,19,5,23
2017-09-20 00:00:00,40.099999999976724,9.8,9.1,1021.5,5,1.5,9,20,6,0
2017-09-20 01:00:00,34.900000000023276,10.1,9.4,1021.2,4,1.0,9,20,7,1
2017-09-20 02:00:00,33.5,10.0,9.4,1020.9,5,1.5,9,20,1,2
2017-09-20 03:00:00,35.099999999976724,10.6,10.2,1020.7,5,2.1,9,20,2,3
2017-09-20 04:00:00,32.900000000023276,10.1,9.4,1020.4,5,1.5,9,20,3,4
2017-09-20 05:00:00,31.5,10.1,9.5,1020.1,4,0.5,9,20,4,5
2017-09-20 06:00:00,31.299999999988355,10.3,9.9,1020.0,4,1.5,9,20,5,6
2017-09-20 07:00:00,33.0,11.5,10.9,1019.8,4,2.6,9,20,6,7
2017-09-20 08:00:00,39.699999999953434,12.9,11.6,1019.7,4,2.6,9,20,7,8
2017-09-20 09:00:00,44.099999999976724,14.4,12.3,1019.7,5,3.6,9,20,1,9
2017-09-20 10:00:00,44.5,15.5,12.5,1019.6,5,4.6,9,20,2,10
2017-09-20 11:00:00,43.599999999976724,16.0,11.9,1019.1,4,4.6,9,20,3,11
2017-09-20 12:00:00,42.29999999998836,17.1,13.0,1018.8,4,3.6,9,20,4,12
2017-09-20 13:00:00,44.29999999998836,16.9,12.1,1018.4,4,4.1,9,20,5,13
2017-09-20 14:00:00,43.900000000023276,17.5,12.3,1018.2,5,5.7,9,20,6,14
2017-09-20 15:00:00,44.70000000001164,17.4,11.1,1017.8,4,6.2,9,20,7,15
2017-09-20 16:00:00,44.29999999998836,17.4,10.1,1017.3,5,5.7,9,20,1,16
2017-09-20 17:00:00,45.79999999998836,17.2,10.5,1017.2,4,5.7,9,20,2,17
2017-09-20 18:00:00,45.399999999965075,16.1,11.4,1017.1,4,4.1,9,20,3,18
2017-09-20 19:00:00,47.900000000023276,15.3,10.8,1017.2,5,4.6,9,20,4,19
2017-09-20 20:00:00,43.599999999976724,14.5,11.3,1017.1,4,3.6,9,20,5,20
2017-09-20 21:00:00,43.69999999995344,14.6,11.4,1016.8,4,3.6,9,20,6,21
2017-09-20 22:00:00,44.0,14.7,11.4,1016.7,4,4.1,9,20,7,22
2017-09-20 23:00:00,43.29999999998836,14.5,11.4,1016.4,4,2.6,9,20,1,23
2017-09-21 00:00:00,36.900000000023276,14.9,11.8,1016.2,4,3.6,9,21,2,0
2017-09-21 01:00:00,34.29999999998835,15.0,12.2,1015.9,4,3.6,9,21,3,1
2017-09-21 02:00:00,34.399999999965075,15.0,12.4,1015.7,4,3.1,9,21,4,2
2017-09-21 03:00:00,33.600000000034925,15.2,12.7,1015.3,4,4.1,9,21,5,3
2017-09-21 04:00:00,32.70000000001165,14.9,12.5,1014.9,4,3.6,9,21,6,4
2017-09-21 05:00:00,33.5,14.0,12.2,1014.8,4,3.6,9,21,7,5
2017-09-21 06:00:00,33.29999999998835,14.2,12.2,1014.9,4,3.6,9,21,1,6
2017-09-21 07:00:00,32.5,14.7,11.9,1014.8,4,3.1,9,21,2,7
2017-09-21 08:00:00,37.400000000023276,15.4,11.6,1015.0,4,4.1,9,21,3,8
2017-09-21 09:00:00,46.599999999976724,16.4,11.3,1014.8,4,5.7,9,21,4,9
2017-09-21 10:00:00,51.10000000003493,16.9,11.3,1014.7,4,5.7,9,21,5,10
2017-09-21 11:00:00,48.5,17.0,11.9,1014.6,4,6.7,9,21,6,11
2017-09-21 12:00:00,50.10000000003493,17.9,12.2,1014.5,4,6.2,9,21,7,12
2017-09-21 13:00:00,49.099999999976724,17.7,12.2,1014.3,4,6.2,9,21,1,13
2017-09-21 14:00:00,41.900000000023276,17.4,12.7,1014.3,4,5.1,9,21,2,14
2017-09-21 15:00:00,42.10000000003493,15.6,13.9,1014.7,4,5.1,9,21,3,15
2017-09-21 16:00:00,43.0,15.5,14.9,1014.9,4,4.1,9,21,4,16
2017-09-21 17:00:00,45.0,15.4,14.7,1015.4,4,3.1,9,21,5,17
2017-09-21 18:00:00,45.70000000001164,15.0,13.0,1016.1,6,4.1,9,21,6,18
2017-09-21 19:00:00,43.20000000001164,14.5,12.9,1017.0,5,3.6,9,21,7,19
2017-09-21 20:00:00,47.400000000023276,13.7,11.2,1017.7,6,5.1,9,21,1,20
2017-09-21 21:00:00,42.899999999965075,12.9,11.0,1018.2,6,4.1,9,21,2,21
2017-09-21 22:00:00,40.400000000023276,12.3,10.8,1018.6,6,3.6,9,21,3,22
2017-09-21 23:00:00,39.79999999998836,10.6,9.5,1019.1,6,1.5,9,21,4,23
2017-09-22 00:00:00,37.79999999998836,9.8,9.2,1019.8,6,2.6,9,22,5,0
2017-09-22 01:00:00,32.5,9.3,8.9,1020.4,6,1.0,9,22,6,1
2017-09-22 02:00:00,33.099999999976724,8.7,8.2,1020.4,6,0.5,9,22,7,2
2017-09-22 03:00:00,35.29999999998835,8.0,7.6,1020.5,7,0.5,9,22,1,3
2017-09-22 04:00:00,34.19999999995343,7.9,7.7,1020.5,6,1.5,9,22,2,4
2017-09-22 05:00:00,34.0,8.0,7.8,1020.8,6,2.1,9,22,3,5
2017-09-22 06:00:00,31.299999999988362,7.5,7.2,1021.3,6,1.5,9,22,4,6
2017-09-22 07:00:00,32.100000000034925,6.6,6.3,1021.7,6,2.1,9,22,5,7
2017-09-22 08:00:00,36.70000000001165,8.9,8.5,1021.8,6,1.5,9,22,6,8
2017-09-22 09:00:00,40.5,11.2,8.8,1022.2,6,2.6,9,22,7,9
2017-09-22 10:00:00,47.69999999995344,14.6,8.8,1022.0,5,2.1,9,22,1,10
2017-09-22 11:00:00,44.899999999965075,16.2,8.3,1021.8,4,2.6,9,22,2,11
2017-09-22 12:00:00,46.0,17.3,8.9,1021.5,4,3.1,9,22,3,12
2017-09-22 13:00:00,45.5,16.4,8.3,1021.4,5,3.6,9,22,4,13
2017-09-22 14:00:00,43.69999999995344,17.6,8.0,1021.2,5,3.1,9,22,5,14
2017-09-22 15:00:00,43.79999999998836,17.4,7.9,1021.0,4,5.7,9,22,6,15
2017-09-22 16:00:00,42.29999999998836,17.9,9.9,1021.0,5,5.1,9,22,7,16
2017-09-22 17:00:00,43.399999999965075,17.2,9.7,1021.2,4,5.7,9,22,1,17
2017-09-22 18:00:00,47.400000000023276,15.7,8.6,1021.6,5,4.6,9,22,2,18
2017-09-22 19:00:00,46.10000000003493,14.5,8.6,1021.9,4,3.6,9,22,3,19
2017-09-22 20:00:00,46.0,14.0,9.9,1022.2,4,3.1,9,22,4,20
2017-09-22 21:00:00,42.79999999998836,13.7,10.0,1022.5,4,3.6,9,22,5,21
2017-09-22 22:00:00,45.400000000023276,13.2,9.9,1022.6,4,3.1,9,22,6,22
2017-09-22 23:00:00,42.900000000023276,12.9,10.3,1022.5,4,3.1,9,22,7,23
2017-09-23 00:00:00,45.69999999995344,13.1,10.4,1022.6,4,2.6,9,23,1,0
2017-09-23 01:00:00,38.79999999998836,13.7,10.3,1022.6,5,2.6,9,23,2,1
2017-09-23 02:00:00,37.400000000023276,13.6,10.2,1022.1,4,2.6,9,23,3,2
2017-09-23 03:00:00,36.0,13.4,10.7,1021.7,3,2.1,9,23,4,3
2017-09-23 04:00:00,35.099999999976724,13.5,10.9,1021.6,4,2.6,9,23,5,4
2017-09-23 05:00:00,33.79999999998835,13.7,10.6,1021.7,3,2.6,9,23,6,5
2017-09-23 06:00:00,34.900000000023276,14.0,10.9,1021.8,3,3.1,9,23,7,6
2017-09-23 07:00:00,36.29999999998836,14.7,11.3,1022.0,3,3.6,9,23,1,7
2017-09-23 08:00:00,36.30000000004657,15.0,11.4,1022.5,3,4.1,9,23,2,8
2017-09-23 09:00:00,42.599999999976724,16.1,12.0,1022.8,4,3.6,9,23,3,9
2017-09-23 10:00:00,51.29999999998836,16.5,12.2,1022.8,4,4.6,9,23,4,10
2017-09-23 11:00:00,49.5,17.2,12.3,1022.4,4,4.1,9,23,5,11
2017-09-23 12:00:00,50.19999999995344,18.0,11.5,1022.2,4,4.6,9,23,6,12
2017-09-23 13:00:00,48.599999999976724,18.8,10.0,1021.9,4,5.7,9,23,7,13
2017-09-23 14:00:00,51.10000000003493,19.3,9.6,1021.3,3,5.7,9,23,1,14
2017-09-23 15:00:00,50.79999999998836,18.9,8.8,1021.1,4,4.6,9,23,2,15
2017-09-23 16:00:00,51.20000000001164,18.5,8.9,1020.7,3,4.6,9,23,3,16
2017-09-23 17:00:00,56.399999999965075,17.6,8.7,1020.6,3,4.1,9,23,4,17
2017-09-23 18:00:00,61.29999999998836,16.7,9.1,1020.6,3,3.6,9,23,5,18
2017-09-23 19:00:00,63.5,15.3,9.6,1020.9,3,3.6,9,23,6,19
2017-09-23 20:00:00,65.59999999997672,14.7,9.5,1020.9,3,3.1,9,23,7,20
2017-09-23 21:00:00,53.0,14.3,8.4,1020.9,3,3.6,9,23,1,21
2017-09-23 22:00:00,52.79999999998836,13.5,7.9,1020.9,3,3.1,9,23,2,22
2017-09-23 23:00:00,53.399999999965075,12.2,8.7,1020.8,2,2.1,9,23,3,23
2017-09-24 00:00:00,39.399999999965075,12.3,8.9,1020.5,1,1.0,9,24,4,0
2017-09-24 01:00:00,37.599999999976724,12.5,10.2,1020.2,1,2.1,9,24,5,1
2017-09-24 02:00:00,32.099999999976724,12.6,10.7,1019.9,2,1.5,9,24,6,2
2017-09-24 03:00:00,31.5,12.2,10.9,1019.6,2,2.1,9,24,7,3
2017-09-24 04:00:00,29.799999999988362,11.5,10.0,1019.3,2,2.6,9,24,1,4
2017-09-24 05:00:00,31.59999999997672,11.1,10.2,1019.0,2,2.6,9,24,2,5
2017-09-24 06:00:00,37.20000000001165,11.5,10.5,1019.4,2,1.5,9,24,3,6
2017-09-24 07:00:00,40.5,12.6,11.2,1019.4,2,2.6,9,24,4,7
2017-09-24 08:00:00,45.399999999965075,15.3,12.6,1019.6,3,3.6,9,24,5,8
2017-09-24 09:00:00,52.800000000046566,17.5,12.7,1019.9,3,4.1,9,24,6,9
2017-09-24 10:00:00,53.29999999998836,19.6,12.3,1019.9,3,5.7,9,24,7,10
2017-09-24 11:00:00,53.300000000046566,21.0,11.7,1019.4,3,6.2,9,24,1,11
2017-09-24 12:00:00,50.60000000003493,21.0,11.4,1019.2,3,6.2,9,24,2,12
2017-09-24 13:00:00,52.20000000001164,22.0,10.4,1018.6,3,6.2,9,24,3,13
2017-09-24 14:00:00,54.5,21.4,10.4,1018.6,3,5.7,9,24,4,14
2017-09-24 15:00:00,54.19999999995344,21.1,11.3,1018.5,3,5.1,9,24,5,15
2017-09-24 16:00:00,52.599999999976724,20.1,10.8,1018.2,3,4.6,9,24,6,16
2017-09-24 17:00:00,58.29999999998836,19.3,10.7,1018.3,3,4.6,9,24,7,17
2017-09-24 18:00:00,65.70000000001164,18.4,10.7,1018.6,3,4.6,9,24,1,18
2017-09-24 19:00:00,61.29999999998836,17.2,11.7,1018.9,3,3.6,9,24,2,19
2017-09-24 20:00:00,60.399999999965075,17.1,11.4,1019.2,3,3.6,9,24,3,20
2017-09-24 21:00:00,56.899999999965075,16.3,12.9,1019.3,2,2.1,9,24,4,21
2017-09-24 22:00:00,54.79999999998836,15.9,13.2,1019.5,2,1.5,9,24,5,22
2017-09-24 23:00:00,49.79999999998836,15.2,13.9,1019.1,2,2.6,9,24,6,23
2017-09-25 00:00:00,42.5,15.0,13.7,1018.9,2,2.6,9,25,7,0
2017-09-25 01:00:00,42.599999999976724,15.0,13.9,1018.5,2,2.1,9,25,1,1
2017-09-25 02:00:00,42.30000000004657,15.3,14.1,1018.1,1,2.1,9,25,2,2
2017-09-25 03:00:00,37.5,15.4,14.1,1017.9,2,2.1,9,25,3,3
2017-09-25 04:00:00,33.400000000023276,15.3,14.4,1018.0,2,1.0,9,25,4,4
2017-09-25 05:00:00,33.19999999995343,15.1,14.3,1018.3,3,0.5,9,25,5,5
2017-09-25 06:00:00,36.79999999998836,15.1,14.7,1018.5,1,2.1,9,25,6,6
2017-09-25 07:00:00,50.5,15.0,14.6,1018.8,1,2.1,9,25,7,7
2017-09-25 08:00:00,58.0,15.4,14.5,1018.8,1,2.1,9,25,1,8
2017-09-25 09:00:00,57.399999999965075,15.7,14.2,1019.4,2,2.1,9,25,2,9
2017-09-25 10:00:00,53.099999999976724,16.1,14.5,1019.1,1,2.6,9,25,3,10
2017-09-25 11:00:00,54.0,17.0,14.6,1019.4,2,2.6,9,25,4,11
2017-09-25 12:00:00,57.599999999976724,17.5,14.3,1019.4,1,2.1,9,25,5,12
2017-09-25 13:00:00,52.79999999998836,17.1,14.0,1019.9,1,3.1,9,25,6,13
2017-09-25 14:00:00,52.5,17.6,14.6,1019.6,1,2.6,9,25,7,14
2017-09-25 15:00:00,50.400000000023276,18.0,15.0,1019.6,1,2.1,9,25,1,15
2017-09-25 16:00:00,55.099999999976724,18.0,14.3,1019.9,1,2.1,9,25,2,16
2017-09-25 17:00:00,66.20000000001164,17.5,13.1,1020.3,2,1.5,9,25,3,17
2017-09-25 18:00:00,69.90000000002328,17.3,13.0,1020.9,1,2.1,9,25,4,18
2017-09-25 19:00:00,65.59999999997672,16.7,13.4,1021.1,2,3.6,9,25,5,19
2017-09-25 20:00:00,65.29999999998836,16.4,13.4,1021.6,1,2.1,9,25,6,20
2017-09-25 21:00:00,59.19999999995344,16.1,13.3,1022.0,1,2.1,9,25,7,21
2017-09-25 22:00:00,55.20000000001164,15.8,13.3,1021.9,1,1.5,9,25,1,22
2017-09-25 23:00:00,45.70000000001164,15.5,13.1,1021.5,1,2.6,9,25,2,23
2017-09-26 00:00:00,42.900000000023276,14.9,12.9,1021.4,1,2.1,9,26,3,0
2017-09-26 01:00:00,41.20000000001164,14.5,12.9,1021.8,0,1.0,9,26,4,1
2017-09-26 02:00:00,38.599999999976724,14.4,12.8,1021.7,0,1.0,9,26,5,2
2017-09-26 03:00:00,37.20000000001164,14.1,12.8,1021.6,0,1.5,9,26,6,3
2017-09-26 04:00:00,32.79999999998835,14.1,12.8,1021.9,0,1.0,9,26,7,4
2017-09-26 05:00:00,31.90000000002328,14.0,12.8,1021.8,0,1.5,9,26,1,5
2017-09-26 06:00:00,35.900000000023276,14.0,12.9,1021.8,1,1.5,9,26,2,6
2017-09-26 07:00:00,43.5,14.6,13.1,1022.4,0,1.5,9,26,3,7
2017-09-26 08:00:00,58.29999999998836,15.1,13.3,1022.6,0,1.5,9,26,4,8
2017-09-26 09:00:00,57.399999999965075,16.6,13.6,1022.9,1,2.1,9,26,5,9
2017-09-26 10:00:00,56.599999999976724,17.8,13.0,1022.8,1,2.6,9,26,6,10
2017-09-26 11:00:00,48.099999999976724,18.8,13.3,1022.4,1,3.1,9,26,7,11
2017-09-26 12:00:00,50.60000000003493,19.1,13.5,1022.4,1,2.6,9,26,1,12
2017-09-26 13:00:00,52.5,20.6,13.3,1022.0,2,2.1,9,26,2,13
2017-09-26 14:00:00,52.400000000023276,21.0,12.8,1021.8,1,1.5,9,26,3,14
2017-09-26 15:00:00,51.20000000001164,20.1,11.8,1021.7,1,2.1,9,26,4,15
2017-09-26 16:00:00,56.099999999976724,19.5,11.7,1021.5,1,1.5,9,26,5,16
2017-09-26 17:00:00,63.599999999976724,17.9,12.4,1021.6,2,2.6,9,26,6,17
2017-09-26 18:00:00,73.40000000002328,17.2,12.0,1022.0,2,4.1,9,26,7,18
2017-09-26 19:00:00,65.79999999998836,15.8,12.3,1022.2,2,3.6,9,26,1,19
2017-09-26 20:00:00,61.0,15.0,12.6,1022.5,2,3.6,9,26,2,20
2017-09-26 21:00:00,60.099999999976724,14.9,13.0,1022.6,2,3.1,9,26,3,21
2017-09-26 22:00:00,57.69999999995344,15.4,13.2,1022.8,2,3.1,9,26,4,22
2017-09-26 23:00:00,55.5,13.8,12.5,1022.6,2,2.1,9,26,5,23
2017-09-27 00:00:00,47.0,13.9,13.1,1022.3,2,3.1,9,27,6,0
2017-09-27 01:00:00,39.399999999965075,13.0,12.4,1022.0,2,2.6,9,27,7,1
2017-09-27 02:00:00,37.10000000003493,13.4,12.9,1021.8,2,2.1,9,27,1,2
2017-09-27 03:00:00,37.70000000001164,12.5,11.9,1021.6,3,1.5,9,27,2,3
2017-09-27 04:00:00,36.0,13.2,13.0,1021.2,2,2.1,9,27,3,4
2017-09-27 05:00:00,33.400000000023276,12.5,11.9,1021.0,2,2.1,9,27,4,5
2017-09-27 06:00:00,36.20000000001165,12.4,12.1,1020.9,2,2.6,9,27,5,6
2017-09-27 07:00:00,47.900000000023276,13.3,13.1,1020.8,2,3.1,9,27,6,7
2017-09-27 08:00:00,57.400000000023276,14.4,14.0,1020.7,2,3.1,9,27,7,8
2017-09-27 09:00:00,55.29999999998836,15.7,14.5,1020.5,2,3.1,9,27,1,9
2017-09-27 10:00:00,53.20000000001164,16.7,14.3,1020.1,3,3.1,9,27,2,10
2017-09-27 11:00:00,56.29999999998836,18.3,14.1,1019.7,3,3.1,9,27,3,11
2017-09-27 12:00:00,55.400000000023276,19.1,14.0,1019.0,3,3.6,9,27,4,12
2017-09-27 13:00:00,57.800000000046566,20.6,14.5,1018.5,3,4.6,9,27,5,13
2017-09-27 14:00:00,52.099999999976724,19.7,13.6,1017.9,4,5.7,9,27,6,14
2017-09-27 15:00:00,54.0,19.8,12.6,1017.6,4,5.1,9,27,7,15
2017-09-27 16:00:00,54.70000000001164,18.8,12.8,1017.3,4,6.2,9,27,1,16
2017-09-27 17:00:00,63.099999999976724,18.1,13.2,1017.5,4,4.6,9,27,2,17
2017-09-27 18:00:00,70.29999999998836,17.5,13.3,1017.6,4,4.1,9,27,3,18
2017-09-27 19:00:00,66.60000000003491,16.2,14.4,1017.8,4,3.6,9,27,4,19
2017-09-27 20:00:00,61.400000000023276,15.7,14.8,1017.9,3,3.6,9,27,5,20
2017-09-27 21:00:00,60.399999999965075,15.3,14.8,1017.4,3,3.6,9,27,6,21
2017-09-27 22:00:00,58.29999999998836,15.4,14.9,1017.1,3,4.6,9,27,7,22
2017-09-27 23:00:00,53.099999999976724,15.4,15.1,1016.8,3,4.1,9,27,1,23
2017-09-28 00:00:00,49.5,15.5,15.2,1016.6,3,3.1,9,28,2,0
2017-09-28 01:00:00,43.899999999965075,15.6,15.1,1016.2,4,3.1,9,28,3,1
2017-09-28 02:00:00,37.5,15.6,15.3,1016.0,4,3.6,9,28,4,2
2017-09-28 03:00:00,36.60000000003493,15.6,15.3,1015.6,4,3.6,9,28,5,3
2017-09-28 04:00:00,34.5,15.7,15.4,1015.6,4,3.1,9,28,6,4
2017-09-28 05:00:00,32.19999999995343,16.0,15.7,1015.9,4,2.6,9,28,7,5
2017-09-28 06:00:00,36.399999999965075,16.3,16.0,1016.4,5,3.1,9,28,1,6
2017-09-28 07:00:00,44.5,16.3,15.4,1017.2,6,4.6,9,28,2,7
2017-09-28 08:00:00,54.19999999995344,15.5,14.1,1017.9,6,3.6,9,28,3,8
2017-09-28 09:00:00,57.099999999976724,15.5,13.6,1018.6,6,4.6,9,28,4,9
2017-09-28 10:00:00,59.400000000023276,15.9,13.5,1018.8,6,3.6,9,28,5,10
2017-09-28 11:00:00,56.399999999965075,18.1,14.2,1019.0,6,3.6,9,28,6,11
2017-09-28 12:00:00,58.599999999976724,19.2,12.7,1019.1,6,3.1,9,28,7,12
2017-09-28 13:00:00,53.0,19.6,12.0,1019.0,5,4.1,9,28,1,13
2017-09-28 14:00:00,55.29999999998836,19.0,11.5,1019.2,5,3.6,9,28,2,14
2017-09-28 15:00:00,55.69999999995344,20.0,11.5,1019.0,5,3.6,9,28,3,15
2017-09-28 16:00:00,55.0,18.5,11.1,1018.8,5,4.1,9,28,4,16
2017-09-28 17:00:00,64.89999999996508,18.0,11.6,1019.0,4,4.1,9,28,5,17
2017-09-28 18:00:00,71.39999999996508,16.6,11.5,1019.4,4,4.1,9,28,6,18
2017-09-28 19:00:00,74.70000000001164,15.3,12.6,1019.9,4,3.6,9,28,7,19
2017-09-28 20:00:00,64.0,14.5,12.0,1019.7,4,3.1,9,28,1,20
2017-09-28 21:00:00,61.399999999965075,14.1,12.1,1019.3,4,3.6,9,28,2,21
2017-09-28 22:00:00,58.70000000001164,14.0,12.4,1018.9,3,3.1,9,28,3,22
2017-09-28 23:00:00,50.69999999995344,14.2,12.6,1018.6,3,3.1,9,28,4,23
2017-09-29 00:00:00,47.60000000003493,14.8,13.1,1017.7,4,2.6,9,29,5,0
2017-09-29 01:00:00,44.800000000046566,15.2,14.2,1017.3,3,4.1,9,29,6,1
2017-09-29 02:00:00,44.5,15.8,14.9,1016.6,3,3.6,9,29,7,2
2017-09-29 03:00:00,41.199999999953434,16.3,16.0,1015.9,3,4.1,9,29,1,3
2017-09-29 04:00:00,35.79999999998835,17.0,16.7,1015.7,4,3.6,9,29,2,4
2017-09-29 05:00:00,34.5,17.2,16.8,1015.2,4,3.6,9,29,3,5
2017-09-29 06:00:00,36.30000000004657,17.3,16.8,1015.0,4,3.6,9,29,4,6
2017-09-29 07:00:00,41.099999999976724,17.4,16.8,1015.1,5,4.1,9,29,5,7
2017-09-29 08:00:00,53.099999999976724,17.6,16.6,1015.2,5,4.6,9,29,6,8
2017-09-29 09:00:00,60.0,18.0,14.6,1015.2,5,5.1,9,29,7,9
2017-09-29 10:00:00,57.399999999965075,18.6,14.1,1014.5,4,4.1,9,29,1,10
2017-09-29 11:00:00,53.899999999965075,18.5,14.2,1015.1,5,6.2,9,29,2,11
2017-09-29 12:00:00,55.29999999998836,18.3,14.7,1014.6,5,5.1,9,29,3,12
2017-09-29 13:00:00,54.29999999998836,16.6,13.2,1015.1,5,6.2,9,29,4,13
2017-09-29 14:00:00,57.79999999998836,16.2,13.0,1015.8,6,4.6,9,29,5,14
2017-09-29 15:00:00,55.29999999998836,16.7,12.2,1015.9,6,5.1,9,29,6,15
2017-09-29 16:00:00,56.300000000046566,16.5,11.6,1016.0,6,4.6,9,29,7,16
2017-09-29 17:00:00,64.5,16.2,11.4,1016.3,5,4.1,9,29,1,17
2017-09-29 18:00:00,66.0,15.6,11.4,1016.7,5,3.6,9,29,2,18
2017-09-29 19:00:00,66.19999999995345,15.0,11.7,1017.1,5,4.1,9,29,3,19
2017-09-29 20:00:00,56.29999999998836,14.5,11.6,1017.3,5,4.1,9,29,4,20
2017-09-29 21:00:00,55.599999999976724,13.7,10.9,1017.3,6,3.1,9,29,5,21
2017-09-29 22:00:00,55.29999999998836,13.5,11.3,1017.2,6,2.1,9,29,6,22
2017-09-29 23:00:00,52.599999999976724,12.8,10.4,1017.4,6,3.1,9,29,7,23
2017-09-30 00:00:00,47.10000000003493,11.7,9.4,1017.7,6,3.6,9,30,1,0
2017-09-30 01:00:00,42.79999999998836,11.2,9.3,1017.8,6,2.6,9,30,2,1
2017-09-30 02:00:00,42.900000000023276,11.4,9.0,1017.5,6,2.6,9,30,3,2
2017-09-30 03:00:00,41.0,11.3,8.9,1017.4,6,4.1,9,30,4,3
2017-09-30 04:00:00,40.5,11.0,8.7,1017.5,5,1.5,9,30,5,4
2017-09-30 05:00:00,36.900000000023276,11.2,9.0,1017.6,4,2.6,9,30,6,5
2017-09-30 06:00:00,36.29999999998835,11.5,9.1,1017.6,4,3.1,9,30,7,6
2017-09-30 07:00:00,39.60000000003493,12.1,9.2,1017.6,4,3.6,9,30,1,7
2017-09-30 08:00:00,48.400000000023276,12.7,9.5,1017.5,5,3.1,9,30,2,8
2017-09-30 09:00:00,51.29999999998836,13.9,9.7,1017.4,5,3.1,9,30,3,9
2017-09-30 10:00:00,46.5,17.1,8.4,1017.1,5,4.1,9,30,4,10
2017-09-30 11:00:00,49.60000000003493,17.2,9.4,1016.8,5,6.2,9,30,5,11
2017-09-30 12:00:00,53.79999999998836,16.1,9.9,1016.6,5,6.7,9,30,6,12
2017-09-30 13:00:00,55.10000000003493,16.2,10.1,1015.9,5,5.7,9,30,7,13
2017-09-30 14:00:00,56.69999999995344,15.8,11.4,1015.8,5,5.7,9,30,1,14
2017-09-30 15:00:00,58.800000000046566,16.4,11.4,1015.5,4,4.6,9,30,2,15
2017-09-30 16:00:00,54.70000000001164,16.0,11.5,1015.3,4,4.1,9,30,3,16
2017-09-30 17:00:00,59.599999999976724,15.9,10.8,1015.7,4,4.1,9,30,4,17
2017-09-30 18:00:00,62.20000000001164,14.8,11.1,1015.8,4,4.6,9,30,5,18
2017-09-30 19:00:00,65.0,14.6,11.7,1015.9,4,3.6,9,30,6,19
2017-09-30 20:00:00,60.400000000023276,13.8,12.6,1015.4,4,4.6,9,30,7,20
2017-09-30 21:00:00,56.0,13.8,12.8,1015.1,4,3.6,9,30,1,21
2017-09-30 22:00:00,52.70000000001164,14.1,12.9,1014.5,4,4.6,9,30,2,22
2017-09-30 23:00:00,46.79999999998836,14.0,13.1,1013.6,4,4.1,9,30,3,23
2017-10-01 00:00:00,45.0,14.2,12.8,1013.4,4,5.7,10,1,4,0
2017-10-01 01:00:00,42.5,14.0,12.5,1013.0,4,6.7,10,1,5,1
2017-10-01 02:00:00,39.599999999976724,13.8,12.9,1012.5,4,5.1,10,1,6,2
2017-10-01 03:00:00,35.5,13.9,13.5,1012.1,4,4.1,10,1,7,3
2017-10-01 04:00:00,33.5,14.5,13.8,1011.5,4,5.1,10,1,1,4
2017-10-01 05:00:00,32.399999999965075,15.0,14.2,1011.0,4,5.1,10,1,2,5
2017-10-01 06:00:00,33.399999999965075,15.2,14.4,1011.3,4,4.1,10,1,3,6
2017-10-01 07:00:00,35.0,15.5,14.6,1011.4,4,4.1,10,1,4,7
2017-10-01 08:00:00,43.599999999976724,16.1,14.8,1011.3,4,4.1,10,1,5,8
2017-10-01 09:00:00,48.899999999965075,16.4,15.3,1011.4,4,4.1,10,1,6,9
2017-10-01 10:00:00,51.20000000001164,16.8,15.1,1011.5,4,4.6,10,1,7,10
2017-10-01 11:00:00,54.0,17.5,14.7,1011.6,5,6.2,10,1,1,11
2017-10-01 12:00:00,57.899999999965075,18.4,14.5,1011.3,4,6.7,10,1,2,12
2017-10-01 13:00:00,56.29999999998836,18.0,14.2,1010.9,5,7.7,10,1,3,13
2017-10-01 14:00:00,57.70000000001164,17.5,14.7,1010.5,4,5.7,10,1,4,14
2017-10-01 15:00:00,54.79999999998836,17.4,15.4,1010.0,4,6.7,10,1,5,15
2017-10-01 16:00:00,58.0,17.4,15.7,1009.5,4,7.2,10,1,6,16
2017-10-01 17:00:00,65.80000000004657,17.5,16.1,1009.8,4,6.7,10,1,7,17
2017-10-01 18:00:00,67.5,17.4,16.1,1009.6,5,7.2,10,1,1,18
2017-10-01 19:00:00,75.70000000001164,17.4,15.7,1009.5,5,7.2,10,1,2,19
2017-10-01 20:00:00,70.5,17.3,15.5,1009.5,5,6.2,10,1,3,20
2017-10-01 21:00:00,62.79999999998836,17.1,14.9,1009.6,5,6.7,10,1,4,21
2017-10-01 22:00:00,59.899999999965075,17.0,14.6,1009.6,5,6.7,10,1,5,22
2017-10-01 23:00:00,51.599999999976724,16.2,12.6,1009.7,6,7.7,10,1,6,23
2017-10-02 00:00:00,43.79999999998836,15.5,12.0,1010.0,5,7.2,10,2,7,0
2017-10-02 01:00:00,38.0,15.2,11.7,1010.8,6,8.2,10,2,1,1
2017-10-02 02:00:00,34.70000000001165,14.9,11.2,1011.1,6,6.7,10,2,2,2
2017-10-02 03:00:00,32.600000000034925,14.4,11.0,1011.1,5,6.2,10,2,3,3
2017-10-02 04:00:00,32.600000000034925,14.5,10.9,1011.3,6,6.7,10,2,4,4
2017-10-02 05:00:00,32.899999999965075,14.4,10.8,1011.5,6,6.7,10,2,5,5
2017-10-02 06:00:00,35.399999999965075,14.2,10.6,1011.7,6,6.2,10,2,6,6
2017-10-02 07:00:00,49.399999999965075,13.9,10.4,1012.0,6,7.7,10,2,7,7
2017-10-02 08:00:00,56.900000000023276,14.9,10.7,1012.5,6,6.7,10,2,1,8
2017-10-02 09:00:00,57.10000000003493,15.5,9.3,1013.2,6,9.8,10,2,2,9
2017-10-02 10:00:00,51.599999999976724,16.0,9.3,1013.7,6,7.2,10,2,3,10
2017-10-02 11:00:00,52.20000000001164,16.8,7.0,1013.5,6,9.3,10,2,4,11
2017-10-02 12:00:00,55.20000000001164,17.0,6.8,1013.7,6,10.3,10,2,5,12
2017-10-02 13:00:00,58.19999999995344,17.1,8.3,1013.5,6,7.2,10,2,6,13
2017-10-02 14:00:00,58.20000000001164,16.7,8.4,1013.4,6,8.8,10,2,7,14
2017-10-02 15:00:00,59.60000000003493,15.7,8.6,1013.5,6,9.8,10,2,1,15
2017-10-02 16:00:00,61.099999999976724,15.9,9.3,1013.8,6,9.3,10,2,2,16
2017-10-02 17:00:00,67.79999999998836,15.0,8.4,1013.9,6,7.7,10,2,3,17
2017-10-02 18:00:00,74.0,14.4,8.7,1014.5,6,5.7,10,2,4,18
2017-10-02 19:00:00,77.70000000001164,14.0,8.7,1015.4,6,6.2,10,2,5,19
2017-10-02 20:00:00,73.09999999997672,13.3,8.6,1016.1,6,5.7,10,2,6,20
2017-10-02 21:00:00,64.40000000002328,12.7,9.2,1015.9,6,6.2,10,2,7,21
2017-10-02 22:00:00,60.5,11.8,9.0,1016.6,6,5.1,10,2,1,22
2017-10-02 23:00:00,55.399999999965075,11.0,9.0,1016.9,6,4.6,10,2,2,23
2017-10-03 00:00:00,47.800000000046566,10.2,8.5,1017.2,6,4.1,10,3,3,0
2017-10-03 01:00:00,43.899999999965075,9.5,8.1,1017.5,6,4.1,10,3,4,1
2017-10-03 02:00:00,39.899999999965075,10.4,8.0,1018.2,6,4.1,10,3,5,2
2017-10-03 03:00:00,35.099999999976724,8.8,7.1,1018.5,6,3.6,10,3,6,3
2017-10-03 04:00:00,35.0,9.0,7.3,1018.9,6,3.1,10,3,7,4
2017-10-03 05:00:00,34.600000000034925,8.8,7.3,1019.7,6,4.6,10,3,1,5
2017-10-03 06:00:00,36.400000000023276,8.7,6.7,1020.5,6,4.1,10,3,2,6
2017-10-03 07:00:00,52.899999999965075,9.0,6.7,1021.2,6,3.6,10,3,3,7
2017-10-03 08:00:00,58.70000000001164,11.0,7.1,1022.2,6,5.1,10,3,4,8
2017-10-03 09:00:00,57.19999999995344,12.7,7.1,1023.1,6,4.6,10,3,5,9
2017-10-03 10:00:00,59.900000000023276,13.7,6.6,1023.8,7,5.1,10,3,6,10
2017-10-03 11:00:00,60.800000000046566,14.6,6.6,1024.0,7,5.1,10,3,7,11
2017-10-03 12:00:00,61.10000000003493,14.5,5.3,1024.6,7,4.1,10,3,1,12
2017-10-03 13:00:00,55.29999999998836,15.2,5.1,1024.4,7,3.6,10,3,2,13
2017-10-03 14:00:00,49.5,17.1,6.5,1024.1,6,4.1,10,3,3,14
2017-10-03 15:00:00,51.60000000003493,16.6,6.2,1024.3,6,5.1,10,3,4,15
2017-10-03 16:00:00,58.29999999998836,15.4,5.0,1024.5,6,4.1,10,3,5,16
2017-10-03 17:00:00,67.20000000001164,14.7,5.3,1025.1,6,3.6,10,3,6,17
2017-10-03 18:00:00,75.29999999998836,13.3,5.5,1025.0,6,1.5,10,3,7,18
2017-10-03 19:00:00,75.79999999998836,12.5,6.2,1025.5,6,2.6,10,3,1,19
2017-10-03 20:00:00,63.599999999976724,12.7,6.4,1025.2,6,2.6,10,3,2,20
2017-10-03 21:00:00,65.19999999995345,12.1,6.5,1025.5,6,2.6,10,3,3,21
2017-10-03 22:00:00,60.900000000023276,11.9,6.3,1025.8,6,4.1,10,3,4,22
2017-10-03 23:00:00,57.099999999976724,11.3,6.1,1025.6,6,3.1,10,3,5,23
2017-10-04 00:00:00,50.10000000003493,10.6,6.0,1025.5,6,3.1,10,4,6,0
2017-10-04 01:00:00,42.899999999965075,10.0,6.1,1024.9,6,3.1,10,4,7,1
2017-10-04 02:00:00,37.5,9.5,5.8,1025.0,6,3.1,10,4,1,2
2017-10-04 03:00:00,35.100000000034925,9.5,6.0,1024.5,6,3.1,10,4,2,3
2017-10-04 04:00:00,35.099999999976724,9.3,6.1,1024.2,6,3.1,10,4,3,4
2017-10-04 05:00:00,33.80000000004657,9.1,6.1,1023.8,5,3.1,10,4,4,5
2017-10-04 06:00:00,37.0,9.4,6.5,1023.7,5,3.6,10,4,5,6
2017-10-04 07:00:00,47.800000000046566,9.6,6.6,1023.7,5,3.1,10,4,6,7
2017-10-04 08:00:00,53.29999999998836,10.4,7.2,1023.8,5,3.6,10,4,7,8
2017-10-04 09:00:00,57.5,13.2,8.3,1023.5,5,6.2,10,4,1,9
2017-10-04 10:00:00,55.5,14.0,7.9,1023.3,6,6.2,10,4,2,10
2017-10-04 11:00:00,57.5,14.0,7.9,1023.0,6,8.2,10,4,3,11
2017-10-04 12:00:00,61.70000000001164,14.9,8.9,1022.7,6,7.7,10,4,4,12
2017-10-04 13:00:00,63.70000000001164,14.9,8.9,1022.1,6,6.7,10,4,5,13
2017-10-04 14:00:00,62.29999999998836,14.7,8.9,1021.7,6,7.7,10,4,6,14
2017-10-04 15:00:00,58.70000000001164,15.2,8.8,1021.3,6,6.2,10,4,7,15
2017-10-04 16:00:00,61.20000000001164,15.4,7.7,1020.4,6,9.3,10,4,1,16
2017-10-04 17:00:00,69.29999999998836,14.8,7.7,1020.1,6,7.2,10,4,2,17
2017-10-04 18:00:00,77.40000000002328,14.3,8.1,1019.9,6,6.7,10,4,3,18
2017-10-04 19:00:00,74.90000000002328,13.7,8.6,1019.5,5,6.2,10,4,4,19
2017-10-04 20:00:00,69.40000000002328,13.7,8.2,1018.7,5,7.2,10,4,5,20
2017-10-04 21:00:00,68.40000000002328,13.4,8.0,1018.1,5,9.8,10,4,6,21
2017-10-04 22:00:00,61.70000000001164,13.0,8.2,1017.3,5,9.3,10,4,7,22
2017-10-04 23:00:00,57.20000000001164,12.8,8.7,1016.2,5,8.2,10,4,1,23
2017-10-05 00:00:00,48.899999999965075,12.8,9.0,1015.4,5,8.2,10,5,2,0
2017-10-05 01:00:00,42.5,13.0,9.4,1014.2,5,9.3,10,5,3,1
2017-10-05 02:00:00,37.599999999976724,13.3,10.0,1013.7,5,9.3,10,5,4,2
2017-10-05 03:00:00,36.899999999965075,14.0,10.8,1012.2,5,9.3,10,5,5,3
2017-10-05 04:00:00,36.5,14.3,11.4,1012.1,6,9.3,10,5,6,4
2017-10-05 05:00:00,37.099999999976724,14.5,11.9,1012.2,6,8.8,10,5,7,5
2017-10-05 06:00:00,37.20000000001165,15.3,12.6,1012.0,6,9.3,10,5,1,6
2017-10-05 07:00:00,53.099999999976724,16.0,13.2,1012.4,6,6.7,10,5,2,7
2017-10-05 08:00:00,58.79999999998836,13.1,9.7,1014.7,7,5.7,10,5,3,8
2017-10-05 09:00:00,61.300000000046566,13.8,8.2,1016.1,7,6.7,10,5,4,9
2017-10-05 10:00:00,54.899999999965075,15.1,7.1,1017.3,7,5.7,10,5,5,10
2017-10-05 11:00:00,53.10000000003493,14.7,6.2,1018.1,7,5.7,10,5,6,11
2017-10-05 12:00:00,52.0,16.0,6.8,1018.9,7,5.7,10,5,7,12
2017-10-05 13:00:00,56.20000000001164,16.2,6.0,1019.2,7,5.7,10,5,1,13
2017-10-05 14:00:00,55.79999999998836,16.7,6.7,1019.3,7,4.1,10,5,2,14
2017-10-05 15:00:00,55.5,17.1,5.2,1019.4,6,6.7,10,5,3,15
2017-10-05 16:00:00,60.0,16.7,4.5,1019.8,7,6.2,10,5,4,16
2017-10-05 17:00:00,71.59999999997672,14.7,4.0,1020.6,7,4.1,10,5,5,17
2017-10-05 18:00:00,78.10000000003492,13.9,4.3,1021.1,7,4.6,10,5,6,18
2017-10-05 19:00:00,76.0,12.7,4.6,1021.8,7,3.6,10,5,7,19
2017-10-05 20:00:00,69.20000000001164,11.7,4.8,1022.3,7,4.1,10,5,1,20
2017-10-05 21:00:00,64.39999999996508,11.1,5.3,1022.7,7,3.6,10,5,2,21
2017-10-05 22:00:00,61.79999999998836,10.9,5.5,1022.9,6,3.6,10,5,3,22
2017-10-05 23:00:00,53.5,10.4,5.7,1023.0,6,4.1,10,5,4,23
2017-10-06 00:00:00,49.399999999965075,10.1,5.8,1023.3,6,4.1,10,6,5,0
2017-10-06 01:00:00,43.0,9.6,6.0,1023.7,6,4.1,10,6,6,1
2017-10-06 02:00:00,45.400000000023276,9.2,5.9,1023.6,6,3.1,10,6,7,2
2017-10-06 03:00:00,41.900000000023276,8.9,5.9,1023.8,7,3.6,10,6,1,3
2017-10-06 04:00:00,35.0,8.7,6.1,1024.1,7,3.1,10,6,2,4
2017-10-06 05:00:00,33.79999999998835,8.6,6.1,1024.4,6,2.1,10,6,3,5
2017-10-06 06:00:00,39.099999999976724,8.5,6.2,1024.7,6,3.1,10,6,4,6
2017-10-06 07:00:00,49.10000000003493,8.2,6.3,1025.4,6,2.6,10,6,5,7
2017-10-06 08:00:00,55.70000000001164,9.9,7.3,1026.0,7,2.6,10,6,6,8
2017-10-06 09:00:00,58.79999999998836,11.7,6.9,1026.8,7,4.6,10,6,7,9
2017-10-06 10:00:00,57.899999999965075,12.9,5.2,1027.2,0,3.1,10,6,1,10
2017-10-06 11:00:00,55.0,13.9,5.3,1027.3,7,4.1,10,6,2,11
2017-10-06 12:00:00,56.20000000001164,14.4,4.9,1027.1,7,3.6,10,6,3,12
2017-10-06 13:00:00,54.900000000023276,15.0,5.4,1026.8,7,2.6,10,6,4,13
2017-10-06 14:00:00,54.0,15.4,4.2,1026.8,7,4.1,10,6,5,14
2017-10-06 15:00:00,54.29999999998836,15.0,4.8,1026.7,7,3.6,10,6,6,15
2017-10-06 16:00:00,55.5,15.2,5.8,1026.6,7,3.1,10,6,7,16
2017-10-06 17:00:00,59.5,14.0,5.4,1026.2,6,3.6,10,6,1,17
2017-10-06 18:00:00,66.79999999998836,13.4,5.5,1026.3,6,3.6,10,6,2,18
2017-10-06 19:00:00,74.59999999997672,13.0,6.3,1026.4,6,3.1,10,6,3,19
2017-10-06 20:00:00,68.09999999997672,12.3,6.4,1026.3,5,4.1,10,6,4,20
2017-10-06 21:00:00,61.79999999998836,11.8,6.4,1026.4,6,5.7,10,6,5,21
2017-10-06 22:00:00,57.70000000001164,11.2,6.8,1025.9,5,3.6,10,6,6,22
2017-10-06 23:00:00,57.599999999976724,9.7,6.7,1025.1,5,4.1,10,6,7,23
2017-10-07 00:00:00,48.60000000003493,9.9,7.2,1024.7,5,3.6,10,7,1,0
2017-10-07 01:00:00,44.20000000001164,10.3,7.5,1024.1,5,4.1,10,7,2,1
2017-10-07 02:00:00,44.20000000001164,10.6,7.3,1023.3,5,4.1,10,7,3,2
2017-10-07 03:00:00,41.199999999953434,11.4,7.2,1022.3,5,5.1,10,7,4,3
2017-10-07 04:00:00,39.79999999998836,11.7,8.0,1021.7,5,4.6,10,7,5,4
2017-10-07 05:00:00,36.399999999965075,12.1,7.7,1021.0,5,5.1,10,7,6,5
2017-10-07 06:00:00,34.5,12.6,8.7,1020.1,5,6.2,10,7,7,6
2017-10-07 07:00:00,36.599999999976724,13.3,10.0,1019.1,5,7.2,10,7,1,7
2017-10-07 08:00:00,44.29999999998836,13.9,11.1,1018.8,5,6.7,10,7,2,8
2017-10-07 09:00:00,48.20000000001164,14.8,11.8,1018.2,6,7.2,10,7,3,9
2017-10-07 10:00:00,56.5,15.3,12.6,1017.7,6,7.2,10,7,4,10
2017-10-07 11:00:00,60.0,16.2,13.2,1016.7,6,7.2,10,7,5,11
2017-10-07 12:00:00,64.20000000001164,16.2,14.5,1016.2,6,5.7,10,7,6,12
2017-10-07 13:00:00,60.0,16.8,13.3,1015.5,6,7.7,10,7,7,13
2017-10-07 14:00:00,57.29999999998836,17.1,13.0,1014.8,6,6.2,10,7,1,14
2017-10-07 15:00:00,53.79999999998836,16.9,12.4,1014.8,6,7.7,10,7,2,15
2017-10-07 16:00:00,56.5,16.8,12.6,1014.4,6,5.7,10,7,3,16
2017-10-07 17:00:00,68.5,16.8,9.9,1014.8,7,5.7,10,7,4,17
2017-10-07 18:00:00,70.59999999997672,16.1,9.9,1015.5,6,3.6,10,7,5,18
2017-10-07 19:00:00,73.89999999996508,14.3,10.9,1016.0,7,3.1,10,7,6,19
2017-10-07 20:00:00,65.10000000003492,13.8,11.4,1016.6,6,2.6,10,7,7,20
2017-10-07 21:00:00,57.800000000046566,13.9,10.9,1016.8,6,3.1,10,7,1,21
2017-10-07 22:00:00,55.399999999965075,13.7,10.7,1017.4,7,3.6,10,7,2,22
2017-10-07 23:00:00,52.5,13.7,10.4,1017.4,6,3.6,10,7,3,23
2017-10-08 00:00:00,49.20000000001164,13.5,10.2,1017.5,7,3.6,10,8,4,0
2017-10-08 01:00:00,47.400000000023276,12.7,9.5,1017.7,7,3.1,10,8,5,1
2017-10-08 02:00:00,42.0,12.1,9.7,1017.8,6,2.6,10,8,6,2
2017-10-08 03:00:00,41.79999999998836,11.7,9.6,1018.0,6,3.1,10,8,7,3
2017-10-08 04:00:00,36.10000000003493,11.1,9.4,1018.4,6,2.1,10,8,1,4
2017-10-08 05:00:00,37.599999999976724,11.0,9.6,1018.6,6,3.1,10,8,2,5
2017-10-08 06:00:00,36.399999999965075,10.7,9.6,1019.1,6,3.1,10,8,3,6
2017-10-08 07:00:00,37.5,11.1,9.5,1019.6,6,2.6,10,8,4,7
2017-10-08 08:00:00,40.5,11.4,9.7,1020.0,7,2.1,10,8,5,8
2017-10-08 09:00:00,45.79999999998836,13.4,10.2,1020.5,7,2.6,10,8,6,9
2017-10-08 10:00:00,53.599999999976724,14.3,10.1,1020.7,6,3.6,10,8,7,10
2017-10-08 11:00:00,54.5,15.1,9.9,1020.8,7,2.6,10,8,1,11
2017-10-08 12:00:00,58.20000000001164,15.5,9.9,1020.8,7,3.6,10,8,2,12
2017-10-08 13:00:00,61.099999999976724,16.0,9.9,1020.7,7,3.1,10,8,3,13
2017-10-08 14:00:00,59.900000000023276,16.2,9.3,1020.6,7,3.6,10,8,4,14
2017-10-08 15:00:00,61.899999999965075,17.5,10.0,1020.5,6,3.1,10,8,5,15
2017-10-08 16:00:00,65.0,17.4,10.0,1020.2,6,3.6,10,8,6,16
2017-10-08 17:00:00,71.89999999996508,16.1,9.6,1020.7,6,3.6,10,8,7,17
2017-10-08 18:00:00,75.59999999997672,15.2,9.6,1021.1,6,2.1,10,8,1,18
2017-10-08 19:00:00,79.20000000001164,15.3,9.7,1021.3,6,1.5,10,8,2,19
2017-10-08 20:00:00,67.60000000003492,13.7,9.4,1021.6,7,1.5,10,8,3,20
2017-10-08 21:00:00,67.10000000003492,12.9,9.4,1021.6,6,1.5,10,8,4,21
2017-10-08 22:00:00,62.29999999998836,12.1,9.3,1021.6,0,1.0,10,8,5,22
2017-10-08 23:00:00,55.5,11.2,9.2,1021.6,7,0.5,10,8,6,23
2017-10-09 00:00:00,45.29999999998836,11.3,9.7,1021.7,6,1.0,10,9,7,0
2017-10-09 01:00:00,40.79999999998836,11.3,9.6,1021.4,6,1.0,10,9,1,1
2017-10-09 02:00:00,36.70000000001165,10.3,9.0,1020.8,4,1.0,10,9,2,2
2017-10-09 03:00:00,35.100000000034925,10.5,9.5,1020.6,6,1.0,10,9,3,3
2017-10-09 04:00:00,33.100000000034925,10.7,9.6,1020.2,3,0.5,10,9,4,4
2017-10-09 05:00:00,33.100000000034925,10.8,9.7,1020.1,3,0.5,10,9,5,5
2017-10-09 06:00:00,35.29999999998836,12.2,9.6,1019.7,4,2.6,10,9,6,6
2017-10-09 07:00:00,48.5,12.5,9.4,1019.8,4,3.1,10,9,7,7
2017-10-09 08:00:00,60.599999999976724,12.9,9.9,1019.9,5,2.6,10,9,1,8
2017-10-09 09:00:00,62.29999999998836,13.9,10.9,1019.9,4,2.6,10,9,2,9
2017-10-09 10:00:00,55.79999999998836,16.9,12.5,1019.5,5,4.1,10,9,3,10
2017-10-09 11:00:00,55.0,17.5,13.1,1019.1,6,4.1,10,9,4,11
2017-10-09 12:00:00,55.5,16.6,12.0,1018.7,5,5.1,10,9,5,12
2017-10-09 13:00:00,55.60000000003493,16.4,12.3,1018.3,6,3.1,10,9,6,13
2017-10-09 14:00:00,55.5,16.3,12.5,1017.9,7,3.1,10,9,7,14
2017-10-09 15:00:00,55.79999999998836,16.4,12.5,1017.7,6,3.6,10,9,1,15
2017-10-09 16:00:00,59.400000000023276,15.9,10.4,1017.4,6,4.6,10,9,2,16
2017-10-09 17:00:00,67.0,15.5,9.9,1017.4,6,3.1,10,9,3,17
2017-10-09 18:00:00,80.90000000002328,14.5,10.1,1017.6,6,3.1,10,9,4,18
2017-10-09 19:00:00,77.29999999998836,14.6,10.1,1017.5,6,3.6,10,9,5,19
2017-10-09 20:00:00,72.5,13.9,9.8,1017.4,6,3.6,10,9,6,20
2017-10-09 21:00:00,68.20000000001164,12.6,9.6,1017.4,6,3.1,10,9,7,21
2017-10-09 22:00:00,65.0,12.0,9.8,1017.1,6,2.6,10,9,1,22
2017-10-09 23:00:00,54.29999999998836,11.8,10.1,1016.9,6,4.1,10,9,2,23
2017-10-10 00:00:00,47.599999999976724,11.3,9.6,1016.8,6,4.1,10,10,3,0
2017-10-10 01:00:00,38.30000000004657,11.2,9.8,1016.5,5,2.6,10,10,4,1
2017-10-10 02:00:00,36.199999999953434,11.7,10.3,1016.1,5,3.1,10,10,5,2
2017-10-10 03:00:00,34.5,11.9,10.7,1015.6,5,4.6,10,10,6,3
2017-10-10 04:00:00,33.5,12.0,10.9,1015.4,5,3.6,10,10,7,4
2017-10-10 05:00:00,33.400000000023276,12.0,11.0,1015.2,5,4.1,10,10,1,5
2017-10-10 06:00:00,34.70000000001165,12.2,11.0,1015.4,5,4.6,10,10,2,6
2017-10-10 07:00:00,57.400000000023276,12.8,11.3,1015.3,5,5.1,10,10,3,7
2017-10-10 08:00:00,63.100000000034896,13.5,11.5,1015.5,5,6.2,10,10,4,8
2017-10-10 09:00:00,58.5,14.3,11.6,1015.9,5,5.7,10,10,5,9
2017-10-10 10:00:00,57.79999999998836,14.8,11.3,1015.9,5,6.2,10,10,6,10
2017-10-10 11:00:00,61.300000000046566,15.4,11.2,1015.9,5,7.2,10,10,7,11
2017-10-10 12:00:00,51.5,15.5,11.3,1016.0,6,5.7,10,10,1,12
2017-10-10 13:00:00,52.899999999965075,15.5,11.6,1015.5,5,6.2,10,10,2,13
2017-10-10 14:00:00,49.29999999998836,16.3,12.3,1015.0,5,6.2,10,10,3,14
2017-10-10 15:00:00,53.599999999976724,16.1,13.1,1014.6,4,4.6,10,10,4,15
2017-10-10 16:00:00,57.70000000001164,16.9,13.0,1014.2,5,6.2,10,10,5,16
2017-10-10 17:00:00,70.70000000001164,16.5,13.0,1014.0,5,6.2,10,10,6,17
2017-10-10 18:00:00,72.19999999995345,15.8,12.7,1014.3,5,5.7,10,10,7,18
2017-10-10 19:00:00,73.39999999996508,15.6,12.9,1014.2,4,6.2,10,10,1,19
2017-10-10 20:00:00,69.40000000002328,15.7,13.1,1014.3,5,6.7,10,10,2,20
2017-10-10 21:00:00,64.19999999995345,15.2,13.8,1014.4,5,6.7,10,10,3,21
2017-10-10 22:00:00,60.099999999976724,14.9,14.2,1014.3,5,5.1,10,10,4,22
2017-10-10 23:00:00,51.5,15.2,13.9,1014.1,5,5.7,10,10,5,23
2017-10-11 00:00:00,41.20000000001165,15.5,13.6,1013.9,5,5.7,10,11,6,0
2017-10-11 01:00:00,36.79999999998835,15.4,13.0,1013.6,5,5.7,10,11,7,1
2017-10-11 02:00:00,35.100000000034925,15.5,13.4,1013.2,5,6.2,10,11,1,2
2017-10-11 03:00:00,30.899999999965072,15.4,13.2,1012.6,5,6.2,10,11,2,3
2017-10-11 04:00:00,28.79999999998835,15.4,12.5,1012.5,5,7.2,10,11,3,4
2017-10-11 05:00:00,29.700000000011638,15.3,11.0,1012.2,5,7.7,10,11,4,5
2017-10-11 06:00:00,32.900000000023276,15.0,11.2,1012.0,5,6.2,10,11,5,6
2017-10-11 07:00:00,43.800000000046566,14.3,11.9,1012.3,5,6.7,10,11,6,7
2017-10-11 08:00:00,51.099999999976724,14.9,11.1,1012.1,5,6.2,10,11,7,8
2017-10-11 09:00:00,52.60000000003493,15.0,10.9,1012.1,5,7.7,10,11,1,9
2017-10-11 10:00:00,54.300000000046566,15.1,11.8,1011.5,4,5.1,10,11,2,10
2017-10-11 11:00:00,56.800000000046566,16.0,11.0,1011.1,5,6.7,10,11,3,11
2017-10-11 12:00:00,51.0,16.5,11.8,1010.5,5,9.3,10,11,4,12
2017-10-11 13:00:00,58.400000000023276,16.1,13.0,1010.0,5,7.7,10,11,5,13
2017-10-11 14:00:00,56.20000000001164,17.2,12.1,1009.3,5,10.8,10,11,6,14
2017-10-11 15:00:00,57.5,16.8,11.8,1009.2,5,9.8,10,11,7,15
2017-10-11 16:00:00,61.79999999998836,16.5,12.0,1008.8,5,8.2,10,11,1,16
2017-10-11 17:00:00,69.5,15.8,13.2,1008.8,5,8.8,10,11,2,17
2017-10-11 18:00:00,76.29999999998836,15.5,14.0,1008.9,5,8.2,10,11,3,18
2017-10-11 19:00:00,70.59999999997672,15.5,14.2,1009.4,5,7.7,10,11,4,19
2017-10-11 20:00:00,66.10000000003491,12.9,10.6,1011.0,6,6.7,10,11,5,20
2017-10-11 21:00:00,60.0,12.8,10.4,1012.0,5,6.7,10,11,6,21
2017-10-11 22:00:00,56.899999999965075,12.2,9.9,1012.8,5,6.7,10,11,7,22
2017-10-11 23:00:00,50.099999999976724,11.8,9.8,1013.6,5,6.2,10,11,1,23
2017-10-12 00:00:00,42.399999999965075,11.3,9.7,1014.0,6,5.7,10,12,2,0
2017-10-12 01:00:00,39.0,11.1,9.6,1015.2,6,5.7,10,12,3,1
2017-10-12 02:00:00,34.70000000001164,10.6,9.3,1015.8,6,5.1,10,12,4,2
2017-10-12 03:00:00,31.90000000002328,9.2,8.1,1016.8,6,2.6,10,12,5,3
2017-10-12 04:00:00,32.900000000023276,9.6,8.6,1017.3,5,2.6,10,12,6,4
2017-10-12 05:00:00,29.40000000002329,9.5,8.9,1018.0,5,2.1,10,12,7,5
2017-10-12 06:00:00,32.29999999998835,10.5,9.2,1018.8,5,3.1,10,12,1,6
2017-10-12 07:00:00,45.69999999995344,10.8,9.5,1019.7,5,2.6,10,12,2,7
2017-10-12 08:00:00,52.099999999976724,12.0,10.1,1020.3,5,3.1,10,12,3,8
2017-10-12 09:00:00,52.10000000003493,13.5,10.5,1020.8,5,4.1,10,12,4,9
2017-10-12 10:00:00,48.70000000001164,14.9,10.8,1021.3,5,4.1,10,12,5,10
2017-10-12 11:00:00,46.400000000023276,15.7,9.9,1021.5,5,5.1,10,12,6,11
2017-10-12 12:00:00,54.899999999965075,16.4,9.8,1021.5,6,6.2,10,12,7,12
2017-10-12 13:00:00,52.79999999998836,17.1,8.7,1021.4,5,6.7,10,12,1,13
2017-10-12 14:00:00,54.399999999965075,17.4,7.8,1021.2,5,7.2,10,12,2,14
2017-10-12 15:00:00,51.400000000023276,16.9,8.3,1020.9,5,5.7,10,12,3,15
2017-10-12 16:00:00,53.10000000003493,16.6,7.9,1021.0,5,5.7,10,12,4,16
2017-10-12 17:00:00,60.300000000046566,15.6,9.0,1021.2,5,5.7,10,12,5,17
2017-10-12 18:00:00,64.0,14.6,8.7,1021.5,4,4.6,10,12,6,18
2017-10-12 19:00:00,69.10000000003492,13.5,8.8,1021.6,5,4.1,10,12,7,19
2017-10-12 20:00:00,67.5,12.9,9.2,1021.7,4,4.1,10,12,1,20
2017-10-12 21:00:00,61.10000000003493,12.2,9.8,1022.0,4,4.1,10,12,2,21
2017-10-12 22:00:00,51.19999999995344,11.6,10.1,1022.0,4,3.6,10,12,3,22
2017-10-12 23:00:00,47.5,11.1,10.2,1021.7,4,3.1,10,12,4,23
2017-10-13 00:00:00,41.0,11.2,10.4,1021.5,4,3.1,10,13,5,0
2017-10-13 01:00:00,43.00000000000001,10.8,10.3,1021.6,5,2.6,10,13,6,1
2017-10-13 02:00:00,37.70000000001164,12.7,12.0,1021.2,4,4.1,10,13,7,2
2017-10-13 03:00:00,33.099999999976724,12.8,12.1,1021.7,5,2.6,10,13,1,3
2017-10-13 04:00:00,32.599999999976724,13.8,12.9,1021.3,4,3.6,10,13,2,4
2017-10-13 05:00:00,30.800000000046573,14.5,13.4,1021.0,4,4.1,10,13,3,5
2017-10-13 06:00:00,32.099999999976724,15.4,14.1,1021.0,4,4.1,10,13,4,6
2017-10-13 07:00:00,44.20000000001164,16.0,14.9,1021.0,5,5.7,10,13,5,7
2017-10-13 08:00:00,51.70000000001164,16.8,15.3,1021.5,5,5.1,10,13,6,8
2017-10-13 09:00:00,48.70000000001164,17.4,15.1,1021.9,5,6.7,10,13,7,9
2017-10-13 10:00:00,46.099999999976724,17.8,15.1,1022.1,5,6.2,10,13,1,10
2017-10-13 11:00:00,50.900000000023276,18.6,15.0,1022.1,5,6.7,10,13,2,11
2017-10-13 12:00:00,53.70000000001164,19.4,15.0,1022.2,5,7.7,10,13,3,12
2017-10-13 13:00:00,55.29999999998836,18.9,15.0,1022.2,5,7.2,10,13,4,13
2017-10-13 14:00:00,53.60000000003493,18.8,14.7,1022.1,5,6.7,10,13,5,14
2017-10-13 15:00:00,50.099999999976724,18.6,14.7,1022.0,5,5.7,10,13,6,15
2017-10-13 16:00:00,52.10000000003493,18.3,14.3,1022.4,5,6.2,10,13,7,16
2017-10-13 17:00:00,60.099999999976724,17.8,14.5,1022.5,5,6.2,10,13,1,17
2017-10-13 18:00:00,70.0,17.2,14.0,1022.7,5,6.7,10,13,2,18
2017-10-13 19:00:00,61.900000000023276,16.7,14.2,1023.2,5,6.2,10,13,3,19
2017-10-13 20:00:00,57.899999999965075,16.6,14.2,1023.3,5,5.1,10,13,4,20
2017-10-13 21:00:00,56.10000000003493,16.6,14.1,1023.2,5,5.7,10,13,5,21
2017-10-13 22:00:00,55.20000000001164,16.5,14.1,1023.4,5,5.1,10,13,6,22
2017-10-13 23:00:00,52.29999999998836,16.5,14.1,1023.7,5,5.7,10,13,7,23
2017-10-14 00:00:00,47.20000000001164,16.7,14.0,1023.7,5,7.2,10,14,1,0
2017-10-14 01:00:00,40.599999999976724,16.2,13.9,1023.5,5,6.2,10,14,2,1
2017-10-14 02:00:00,38.10000000003493,15.9,14.1,1023.5,5,3.1,10,14,3,2
2017-10-14 03:00:00,36.70000000001165,16.1,14.3,1023.8,5,4.1,10,14,4,3
2017-10-14 04:00:00,29.399999999965075,16.3,14.4,1023.6,5,3.6,10,14,5,4
2017-10-14 05:00:00,29.899999999965072,16.3,14.3,1023.8,5,4.6,10,14,6,5
2017-10-14 06:00:00,31.5,16.2,14.4,1023.8,4,3.6,10,14,7,6
2017-10-14 07:00:00,31.100000000034928,15.8,14.2,1024.0,4,3.6,10,14,1,7
2017-10-14 08:00:00,39.29999999998836,16.4,14.6,1024.2,5,4.6,10,14,2,8
2017-10-14 09:00:00,41.599999999976724,17.5,14.7,1024.7,5,5.7,10,14,3,9
2017-10-14 10:00:00,43.60000000003493,18.5,14.5,1024.8,5,5.7,10,14,4,10
2017-10-14 11:00:00,50.79999999998836,19.1,14.8,1024.8,5,5.1,10,14,5,11
2017-10-14 12:00:00,53.60000000003493,19.7,14.5,1024.4,5,5.1,10,14,6,12
2017-10-14 13:00:00,53.69999999995344,19.5,14.5,1024.3,5,4.6,10,14,7,13
2017-10-14 14:00:00,52.400000000023276,19.2,14.0,1024.2,5,4.6,10,14,1,14
2017-10-14 15:00:00,53.79999999998836,19.1,13.6,1024.1,4,4.1,10,14,2,15
2017-10-14 16:00:00,52.70000000001164,18.7,13.6,1024.0,4,4.1,10,14,3,16
2017-10-14 17:00:00,57.29999999998836,18.3,13.3,1023.8,5,3.6,10,14,4,17
2017-10-14 18:00:00,67.09999999997672,17.8,13.0,1023.7,4,3.1,10,14,5,18
2017-10-14 19:00:00,68.5,16.7,13.0,1023.4,4,3.6,10,14,6,19
2017-10-14 20:00:00,61.29999999998836,15.5,13.9,1023.0,4,4.1,10,14,7,20
2017-10-14 21:00:00,57.29999999998836,14.4,13.8,1022.7,3,3.6,10,14,1,21
2017-10-14 22:00:00,58.0,13.5,13.0,1022.5,4,1.5,10,14,2,22
2017-10-14 23:00:00,50.79999999998836,13.2,12.6,1022.2,3,3.1,10,14,3,23
2017-10-15 00:00:00,42.29999999998836,11.2,10.5,1021.8,3,2.1,10,15,4,0
2017-10-15 01:00:00,49.5,12.0,11.9,1021.1,3,1.5,10,15,5,1
2017-10-15 02:00:00,41.70000000001164,11.5,11.4,1020.5,3,2.1,10,15,6,2
2017-10-15 03:00:00,39.0,11.4,11.3,1019.8,3,1.5,10,15,7,3
2017-10-15 04:00:00,33.20000000001164,10.9,10.8,1019.3,3,1.0,10,15,1,4
2017-10-15 05:00:00,29.0,11.7,11.7,1018.6,3,3.1,10,15,2,5
2017-10-15 06:00:00,28.799999999988355,13.3,12.8,1018.0,3,4.1,10,15,3,6
2017-10-15 07:00:00,29.800000000046573,13.9,12.9,1018.1,4,2.6,10,15,4,7
2017-10-15 08:00:00,33.599999999976724,14.9,13.7,1018.3,4,3.6,10,15,5,8
2017-10-15 09:00:00,39.900000000023276,15.6,14.4,1018.4,4,4.1,10,15,6,9
2017-10-15 10:00:00,50.60000000003493,16.8,14.9,1018.3,5,3.6,10,15,7,10
2017-10-15 11:00:00,52.300000000046566,17.7,14.2,1018.1,5,5.1,10,15,1,11
2017-10-15 12:00:00,53.399999999965075,18.7,13.6,1017.6,4,5.7,10,15,2,12
2017-10-15 13:00:00,55.79999999998836,19.9,13.5,1017.4,4,6.7,10,15,3,13
2017-10-15 14:00:00,53.5,19.1,12.8,1017.4,5,6.2,10,15,4,14
2017-10-15 15:00:00,51.60000000003493,19.3,13.1,1017.0,4,5.1,10,15,5,15
2017-10-15 16:00:00,56.099999999976724,18.6,13.2,1016.9,5,5.7,10,15,6,16
2017-10-15 17:00:00,65.09999999997672,16.9,13.0,1017.0,4,5.1,10,15,7,17
2017-10-15 18:00:00,67.20000000001164,15.9,12.9,1017.3,4,3.6,10,15,1,18
2017-10-15 19:00:00,61.400000000023276,15.3,13.1,1017.4,4,3.1,10,15,2,19
2017-10-15 20:00:00,63.00000000000001,15.0,13.3,1017.3,4,1.5,10,15,3,20
2017-10-15 21:00:00,56.19999999995344,14.1,12.5,1017.3,3,1.5,10,15,4,21
2017-10-15 22:00:00,53.400000000023276,13.3,12.1,1017.2,2,0.5,10,15,5,22
2017-10-15 23:00:00,44.0,13.1,12.9,1017.0,2,0.5,10,15,6,23
2017-10-16 00:00:00,46.29999999998836,13.2,13.1,1016.8,2,0.5,10,16,7,0
2017-10-16 01:00:00,36.0,12.9,12.5,1016.7,1,0.5,10,16,1,1
2017-10-16 02:00:00,31.800000000046573,12.4,12.2,1016.5,1,0.5,10,16,2,2
2017-10-16 03:00:00,32.599999999976724,12.2,11.7,1016.3,2,1.0,10,16,3,3
2017-10-16 04:00:00,29.100000000034928,13.6,13.6,1016.2,2,1.0,10,16,4,4
2017-10-16 05:00:00,28.5,14.7,14.5,1015.8,2,1.0,10,16,5,5
2017-10-16 06:00:00,30.800000000046573,15.0,14.3,1015.8,0,1.5,10,16,6,6
2017-10-16 07:00:00,39.899999999965075,16.3,15.3,1015.2,2,3.6,10,16,7,7
2017-10-16 08:00:00,46.900000000023276,18.0,15.9,1014.8,3,4.6,10,16,1,8
2017-10-16 09:00:00,51.79999999998836,20.1,16.0,1014.4,3,5.1,10,16,2,9
2017-10-16 10:00:00,52.099999999976724,21.9,15.0,1014.6,4,6.7,10,16,3,10
2017-10-16 11:00:00,43.69999999995344,22.1,14.6,1014.4,4,7.2,10,16,4,11
2017-10-16 12:00:00,50.10000000003493,21.4,15.0,1014.6,4,6.2,10,16,5,12
2017-10-16 13:00:00,55.10000000003493,20.6,14.9,1014.4,4,7.2,10,16,6,13
2017-10-16 14:00:00,52.20000000001164,19.4,12.2,1014.8,5,10.3,10,16,7,14
2017-10-16 15:00:00,52.0,17.9,11.3,1015.0,5,8.8,10,16,1,15
2017-10-16 16:00:00,58.399999999965075,17.1,10.1,1015.5,5,8.2,10,16,2,16
2017-10-16 17:00:00,67.69999999995345,16.6,10.2,1015.9,5,8.2,10,16,3,17
2017-10-16 18:00:00,64.70000000001164,15.8,9.4,1016.6,5,7.7,10,16,4,18
2017-10-16 19:00:00,70.70000000001164,15.1,8.9,1017.0,5,7.2,10,16,5,19
2017-10-16 20:00:00,66.39999999996508,14.8,8.9,1017.3,5,7.2,10,16,6,20
2017-10-16 21:00:00,62.900000000023276,14.6,8.5,1017.8,5,8.2,10,16,7,21
2017-10-16 22:00:00,58.599999999976724,14.3,8.2,1018.0,5,8.2,10,16,1,22
2017-10-16 23:00:00,56.20000000001164,13.5,7.7,1018.6,5,7.7,10,16,2,23
2017-10-17 00:00:00,43.29999999998836,13.1,7.8,1018.8,5,6.7,10,17,3,0
2017-10-17 01:00:00,42.70000000001164,12.9,8.3,1018.9,5,5.7,10,17,4,1
2017-10-17 02:00:00,38.899999999965075,12.5,8.4,1019.0,5,6.7,10,17,5,2
2017-10-17 03:00:00,33.29999999998835,12.0,7.3,1019.1,5,7.2,10,17,6,3
2017-10-17 04:00:00,31.59999999997672,11.8,7.7,1019.1,5,6.2,10,17,7,4
2017-10-17 05:00:00,31.100000000034928,11.1,7.5,1019.2,5,4.6,10,17,1,5
2017-10-17 06:00:00,34.600000000034925,10.8,7.2,1019.4,5,5.1,10,17,2,6
2017-10-17 07:00:00,46.60000000003493,11.3,7.0,1020.0,5,6.7,10,17,3,7
2017-10-17 08:00:00,53.10000000003493,11.6,7.4,1020.4,5,4.1,10,17,4,8
2017-10-17 09:00:00,54.5,12.9,7.9,1020.4,5,4.6,10,17,5,9
2017-10-17 10:00:00,51.5,14.5,8.1,1020.6,5,4.6,10,17,6,10
2017-10-17 11:00:00,51.19999999995344,14.3,7.2,1020.5,5,4.6,10,17,7,11
2017-10-17 12:00:00,59.29999999998836,14.0,7.5,1020.5,5,4.1,10,17,1,12
2017-10-17 13:00:00,53.70000000001164,13.9,7.5,1019.7,5,3.6,10,17,2,13
2017-10-17 14:00:00,46.29999999998836,13.9,7.3,1019.1,5,4.1,10,17,3,14
2017-10-17 15:00:00,50.20000000001164,13.7,7.4,1018.5,6,4.1,10,17,4,15
2017-10-17 16:00:00,61.900000000023276,13.1,8.2,1017.9,6,3.6,10,17,5,16
2017-10-17 17:00:00,67.20000000001164,12.7,7.4,1017.7,6,2.6,10,17,6,17
2017-10-17 18:00:00,72.90000000002328,12.4,7.5,1017.7,5,1.5,10,17,7,18
2017-10-17 19:00:00,65.09999999997672,12.4,8.3,1017.5,7,0.5,10,17,1,19
2017-10-17 20:00:00,61.29999999998836,12.5,8.2,1017.6,3,1.5,10,17,2,20
2017-10-17 21:00:00,58.900000000023276,12.2,7.9,1017.0,1,1.0,10,17,3,21
2017-10-17 22:00:00,59.899999999965104,11.8,8.4,1016.5,1,1.5,10,17,4,22
2017-10-17 23:00:00,52.0,11.7,8.6,1016.1,0,1.5,10,17,5,23
2017-10-18 00:00:00,48.19999999995344,11.7,8.9,1015.9,0,2.1,10,18,6,0
2017-10-18 01:00:00,40.099999999976724,11.3,9.3,1014.9,0,2.6,10,18,7,1
2017-10-18 02:00:00,34.400000000023276,11.5,9.6,1014.4,1,2.1,10,18,1,2
2017-10-18 03:00:00,31.000000000000004,11.8,9.1,1013.9,1,2.6,10,18,2,3
2017-10-18 04:00:00,29.09999999997672,11.7,9.5,1013.3,1,3.1,10,18,3,4
2017-10-18 05:00:00,29.40000000002329,11.7,9.5,1012.9,1,2.6,10,18,4,5
2017-10-18 06:00:00,30.600000000034928,11.8,9.2,1012.4,1,3.1,10,18,5,6
2017-10-18 07:00:00,45.099999999976724,11.9,9.3,1012.4,1,2.1,10,18,6,7
2017-10-18 08:00:00,50.20000000001164,11.9,9.7,1012.3,1,2.6,10,18,7,8
2017-10-18 09:00:00,52.900000000023276,12.1,10.1,1012.2,1,3.1,10,18,1,9
2017-10-18 10:00:00,51.70000000001164,12.0,10.4,1012.2,1,2.1,10,18,2,10
2017-10-18 11:00:00,49.800000000046566,12.4,10.8,1011.9,1,2.6,10,18,3,11
2017-10-18 12:00:00,59.599999999976724,12.9,11.3,1011.5,1,2.1,10,18,4,12
2017-10-18 13:00:00,62.399999999965075,13.6,12.1,1011.1,1,2.1,10,18,5,13
2017-10-18 14:00:00,54.70000000001164,13.9,12.6,1010.7,1,2.6,10,18,6,14
2017-10-18 15:00:00,50.900000000023276,14.4,13.1,1010.3,1,2.6,10,18,7,15
2017-10-18 16:00:00,58.10000000003493,14.8,13.5,1010.1,1,2.1,10,18,1,16
2017-10-18 17:00:00,64.09999999997672,15.1,13.8,1010.0,1,1.5,10,18,2,17
2017-10-18 18:00:00,69.29999999998836,15.1,14.0,1010.2,2,1.5,10,18,3,18
2017-10-18 19:00:00,65.60000000003492,14.9,14.4,1010.6,2,1.5,10,18,4,19
2017-10-18 20:00:00,65.70000000001164,15.1,14.9,1010.1,2,1.5,10,18,5,20
2017-10-18 21:00:00,59.20000000001164,15.4,14.9,1010.1,3,2.6,10,18,6,21
2017-10-18 22:00:00,54.5,15.3,14.7,1009.5,4,1.5,10,18,7,22
2017-10-18 23:00:00,49.79999999998836,15.2,14.8,1009.8,3,2.1,10,18,1,23
2017-10-19 00:00:00,44.400000000023276,15.1,15.0,1009.4,3,2.1,10,19,2,0
2017-10-19 01:00:00,39.900000000023276,15.1,15.0,1009.3,3,1.5,10,19,3,1
2017-10-19 02:00:00,35.900000000023276,15.1,15.0,1008.8,3,2.1,10,19,4,2
2017-10-19 03:00:00,32.0,15.0,14.9,1008.0,3,2.6,10,19,5,3
2017-10-19 04:00:00,28.899999999965072,14.9,14.7,1007.4,2,2.6,10,19,6,4
2017-10-19 05:00:00,29.300000000046573,14.7,14.6,1006.8,2,2.6,10,19,7,5
2017-10-19 06:00:00,30.800000000046573,14.8,14.6,1006.7,2,1.5,10,19,1,6
2017-10-19 07:00:00,47.29999999998836,15.0,14.7,1006.3,2,1.5,10,19,2,7
2017-10-19 08:00:00,49.29999999998836,15.1,14.7,1006.0,2,2.6,10,19,3,8
2017-10-19 09:00:00,55.899999999965075,15.3,14.9,1005.4,2,2.6,10,19,4,9
2017-10-19 10:00:00,56.900000000023276,16.0,15.4,1004.5,2,2.1,10,19,5,10
2017-10-19 11:00:00,51.5,16.5,15.7,1003.6,2,5.1,10,19,6,11
2017-10-19 12:00:00,56.5,16.6,14.9,1002.7,3,4.6,10,19,7,12
2017-10-19 13:00:00,58.5,16.8,14.3,1002.0,4,5.7,10,19,1,13
2017-10-19 14:00:00,54.20000000001164,16.8,14.6,1001.5,4,7.2,10,19,2,14
2017-10-19 15:00:00,53.29999999998836,16.3,14.6,1001.4,4,5.7,10,19,3,15
2017-10-19 16:00:00,60.79999999998836,16.0,13.5,1001.3,4,5.1,10,19,4,16
2017-10-19 17:00:00,71.40000000002328,15.8,13.4,1001.3,4,5.1,10,19,5,17
2017-10-19 18:00:00,75.70000000001164,15.6,13.3,1001.3,4,4.6,10,19,6,18
2017-10-19 19:00:00,69.29999999998836,16.0,13.4,1000.8,4,5.1,10,19,7,19
2017-10-19 20:00:00,68.10000000003492,15.6,13.1,999.9,4,7.2,10,19,1,20
2017-10-19 21:00:00,66.0,14.1,12.6,999.6,4,6.7,10,19,2,21
2017-10-19 22:00:00,64.39999999996509,13.5,12.3,998.5,3,8.2,10,19,3,22
2017-10-19 23:00:00,56.399999999965075,13.9,12.4,998.4,4,5.1,10,19,4,23
2017-10-20 00:00:00,50.20000000001164,12.7,10.9,998.6,4,4.6,10,20,5,0
2017-10-20 01:00:00,42.400000000023276,12.6,10.5,998.2,4,5.7,10,20,6,1
2017-10-20 02:00:00,41.599999999976724,12.3,10.6,997.7,4,6.7,10,20,7,2
2017-10-20 03:00:00,36.79999999998836,12.1,11.3,997.3,4,6.2,10,20,1,3
2017-10-20 04:00:00,34.5,12.4,11.6,997.1,4,6.7,10,20,2,4
2017-10-20 05:00:00,35.80000000004657,12.5,11.3,997.7,5,9.3,10,20,3,5
2017-10-20 06:00:00,36.70000000001164,12.5,11.2,998.9,5,10.8,10,20,4,6
2017-10-20 07:00:00,47.900000000023276,12.5,11.2,1000.8,5,8.2,10,20,5,7
2017-10-20 08:00:00,60.20000000001164,12.7,10.8,1002.7,6,8.8,10,20,6,8
2017-10-20 09:00:00,57.60000000003493,12.6,10.1,1004.2,6,9.8,10,20,7,9
2017-10-20 10:00:00,57.79999999998836,13.0,9.7,1005.5,6,8.8,10,20,1,10
2017-10-20 11:00:00,56.099999999976724,13.7,9.5,1006.3,6,8.2,10,20,2,11
2017-10-20 12:00:00,57.0,14.1,8.5,1006.9,6,9.3,10,20,3,12
2017-10-20 13:00:00,57.5,14.6,8.4,1007.6,6,8.2,10,20,4,13
2017-10-20 14:00:00,57.900000000023276,14.4,7.0,1008.3,5,7.7,10,20,5,14
2017-10-20 15:00:00,57.599999999976724,14.9,6.1,1008.8,6,8.2,10,20,6,15
2017-10-20 16:00:00,60.899999999965075,13.6,6.1,1009.1,5,6.7,10,20,7,16
2017-10-20 17:00:00,64.0,13.4,6.8,1008.9,5,3.6,10,20,1,17
2017-10-20 18:00:00,71.40000000002328,12.9,7.5,1009.0,4,3.1,10,20,2,18
2017-10-20 19:00:00,68.30000000004655,13.1,8.7,1008.6,4,4.1,10,20,3,19
2017-10-20 20:00:00,61.5,13.1,9.1,1007.6,3,3.6,10,20,4,20
2017-10-20 21:00:00,59.399999999965075,13.4,9.9,1006.6,3,4.6,10,20,5,21
2017-10-20 22:00:00,56.20000000001164,14.8,10.3,1005.4,4,5.7,10,20,6,22
2017-10-20 23:00:00,58.60000000003493,14.7,11.1,1004.5,4,6.2,10,20,7,23
2017-10-21 00:00:00,50.10000000003493,13.5,12.8,1003.5,4,5.1,10,21,1,0
2017-10-21 01:00:00,45.400000000023276,14.0,13.6,1002.6,4,4.6,10,21,2,1
2017-10-21 02:00:00,42.5,14.6,14.2,1001.5,4,4.1,10,21,3,2
2017-10-21 03:00:00,40.400000000023276,14.1,12.6,1002.2,4,5.7,10,21,4,3
2017-10-21 04:00:00,36.400000000023276,13.4,12.5,1002.0,4,4.1,10,21,5,4
2017-10-21 05:00:00,35.400000000023276,12.9,11.0,1002.3,4,6.2,10,21,6,5
2017-10-21 06:00:00,33.70000000001165,13.0,10.7,1002.4,5,6.7,10,21,7,6
2017-10-21 07:00:00,36.599999999976724,12.8,10.7,1002.4,5,4.6,10,21,1,7
2017-10-21 08:00:00,43.10000000003493,12.7,9.3,1002.7,4,8.8,10,21,2,8
2017-10-21 09:00:00,48.70000000001164,13.1,9.9,1002.5,4,6.7,10,21,3,9
2017-10-21 10:00:00,51.5,12.7,10.1,1002.4,4,8.8,10,21,4,10
2017-10-21 11:00:00,54.70000000001164,15.0,9.7,1002.0,5,10.8,10,21,5,11
2017-10-21 12:00:00,61.0,15.5,8.4,1001.8,5,11.3,10,21,6,12
2017-10-21 13:00:00,62.400000000023276,15.6,8.5,1001.7,5,11.8,10,21,7,13
2017-10-21 14:00:00,57.20000000001164,15.7,7.9,1001.5,5,11.3,10,21,1,14
2017-10-21 15:00:00,55.399999999965075,15.0,7.4,1001.7,5,10.8,10,21,2,15
2017-10-21 16:00:00,54.10000000003493,14.0,7.6,1001.9,5,10.3,10,21,3,16
2017-10-21 17:00:00,62.29999999998836,13.3,7.6,1001.9,5,9.3,10,21,4,17
2017-10-21 18:00:00,69.40000000002328,13.3,7.7,1001.5,5,10.8,10,21,5,18
2017-10-21 19:00:00,76.59999999997672,12.8,8.1,1001.9,5,9.8,10,21,6,19
2017-10-21 20:00:00,68.20000000001164,12.4,8.9,1002.1,5,8.8,10,21,7,20
2017-10-21 21:00:00,62.20000000001164,12.6,9.5,1002.8,5,8.8,10,21,1,21
2017-10-21 22:00:00,54.899999999965075,12.5,9.2,1003.9,6,8.8,10,21,2,22
2017-10-21 23:00:00,52.099999999976724,12.0,8.5,1004.7,6,8.8,10,21,3,23
2017-10-22 00:00:00,54.20000000001164,12.1,8.6,1005.3,6,7.2,10,22,4,0
2017-10-22 01:00:00,47.399999999965075,12.0,8.2,1006.0,6,7.7,10,22,5,1
2017-10-22 02:00:00,43.19999999995344,11.8,7.4,1006.9,6,8.2,10,22,6,2
2017-10-22 03:00:00,40.79999999998836,11.0,7.0,1007.9,6,7.2,10,22,7,3
2017-10-22 04:00:00,37.400000000023276,10.7,6.2,1008.7,6,7.7,10,22,1,4
2017-10-22 05:00:00,34.600000000034925,9.9,5.5,1009.6,6,8.2,10,22,2,5
2017-10-22 06:00:00,35.20000000001165,9.4,5.0,1010.4,6,8.8,10,22,3,6
2017-10-22 07:00:00,38.29999999998836,9.3,4.9,1011.0,6,7.7,10,22,4,7
2017-10-22 08:00:00,45.400000000023276,9.9,4.9,1011.6,6,7.7,10,22,5,8
2017-10-22 09:00:00,53.399999999965075,10.6,5.3,1012.2,6,7.2,10,22,6,9
2017-10-22 10:00:00,54.70000000001164,12.1,4.9,1012.7,6,9.8,10,22,7,10
2017-10-22 11:00:00,66.19999999995345,12.6,3.9,1013.5,6,9.3,10,22,1,11
2017-10-22 12:00:00,69.79999999998836,12.5,3.3,1014.0,6,8.2,10,22,2,12
2017-10-22 13:00:00,64.09999999997672,14.1,3.4,1014.3,6,8.8,10,22,3,13
2017-10-22 14:00:00,63.899999999965075,14.0,3.5,1014.4,6,8.8,10,22,4,14
2017-10-22 15:00:00,58.800000000046566,13.1,5.7,1015.1,6,8.2,10,22,5,15
2017-10-22 16:00:00,66.39999999996508,12.3,6.9,1015.4,6,5.1,10,22,6,16
2017-10-22 17:00:00,70.20000000001164,11.5,8.4,1016.0,6,4.6,10,22,7,17
2017-10-22 18:00:00,85.59999999997672,11.3,8.4,1016.6,6,4.6,10,22,1,18
2017-10-22 19:00:00,84.60000000003492,10.4,7.8,1017.3,6,4.6,10,22,2,19
2017-10-22 20:00:00,76.20000000001164,10.4,7.1,1017.8,6,6.2,10,22,3,20
2017-10-22 21:00:00,69.5,10.3,7.4,1018.5,6,3.6,10,22,4,21
2017-10-22 22:00:00,65.09999999997672,11.1,7.8,1018.7,6,4.6,10,22,5,22
2017-10-22 23:00:00,62.29999999998836,11.0,7.7,1018.6,6,3.1,10,22,6,23
2017-10-23 00:00:00,52.10000000003493,10.2,8.0,1018.5,6,4.1,10,23,7,0
2017-10-23 01:00:00,45.5,9.9,8.1,1018.4,6,4.6,10,23,1,1
2017-10-23 02:00:00,39.20000000001165,10.3,8.3,1018.7,5,3.6,10,23,2,2
2017-10-23 03:00:00,35.600000000034925,10.3,8.5,1018.8,5,2.6,10,23,3,3
2017-10-23 04:00:00,36.60000000003493,10.6,8.8,1018.6,4,2.1,10,23,4,4
2017-10-23 05:00:00,35.79999999998836,10.6,8.8,1018.7,4,2.6,10,23,5,5
2017-10-23 06:00:00,39.20000000001164,10.7,8.8,1018.4,4,2.6,10,23,6,6
2017-10-23 07:00:00,50.69999999995344,11.3,9.3,1018.0,4,3.6,10,23,7,7
2017-10-23 08:00:00,60.79999999998836,12.2,10.5,1018.0,4,3.6,10,23,1,8
2017-10-23 09:00:00,60.099999999976724,12.9,11.9,1017.9,4,3.1,10,23,2,9
2017-10-23 10:00:00,55.5,13.5,12.6,1017.7,4,3.1,10,23,3,10
2017-10-23 11:00:00,56.29999999998836,14.7,13.6,1017.3,4,4.6,10,23,4,11
2017-10-23 12:00:00,62.600000000034896,15.1,13.8,1017.1,5,5.7,10,23,5,12
2017-10-23 13:00:00,63.5,15.7,14.3,1016.8,5,4.6,10,23,6,13
2017-10-23 14:00:00,61.099999999976724,16.2,14.4,1016.8,5,4.6,10,23,7,14
2017-10-23 15:00:00,59.79999999998836,16.1,14.3,1016.7,5,4.1,10,23,1,15
2017-10-23 16:00:00,58.20000000001164,16.1,14.4,1016.7,5,3.6,10,23,2,16
2017-10-23 17:00:00,69.70000000001164,16.3,14.7,1016.9,5,3.6,10,23,3,17
2017-10-23 18:00:00,74.5,16.0,14.6,1017.2,5,4.1,10,23,4,18
2017-10-23 19:00:00,70.79999999998836,15.9,14.6,1017.4,4,3.6,10,23,5,19
2017-10-23 20:00:00,70.20000000001164,15.8,14.6,1017.2,4,4.6,10,23,6,20
2017-10-23 21:00:00,70.60000000003492,15.5,14.5,1017.6,5,4.6,10,23,7,21
2017-10-23 22:00:00,62.70000000001164,15.4,14.5,1018.0,5,4.6,10,23,1,22
2017-10-23 23:00:00,58.10000000003493,14.8,13.6,1018.2,5,3.6,10,23,2,23
2017-10-24 00:00:00,50.10000000003493,14.3,13.1,1018.1,5,3.6,10,24,3,0
2017-10-24 01:00:00,42.79999999998836,14.2,13.1,1018.1,5,4.1,10,24,4,1
2017-10-24 02:00:00,39.20000000001165,14.3,13.3,1018.0,4,3.1,10,24,5,2
2017-10-24 03:00:00,34.399999999965075,14.4,13.8,1017.7,5,3.1,10,24,6,3
2017-10-24 04:00:00,32.400000000023276,14.8,14.3,1017.8,5,3.1,10,24,7,4
2017-10-24 05:00:00,32.5,15.4,14.3,1017.7,5,4.1,10,24,1,5
2017-10-24 06:00:00,34.099999999976724,15.3,14.2,1017.7,4,4.1,10,24,2,6
2017-10-24 07:00:00,49.29999999998836,15.7,14.3,1017.8,5,4.6,10,24,3,7
2017-10-24 08:00:00,63.29999999998836,16.2,15.0,1017.9,5,5.1,10,24,4,8
2017-10-24 09:00:00,61.29999999998836,16.9,15.2,1017.9,5,5.1,10,24,5,9
2017-10-24 10:00:00,59.0,18.2,15.2,1018.0,5,6.7,10,24,6,10
2017-10-24 11:00:00,64.69999999995345,18.1,14.7,1018.2,5,7.2,10,24,7,11
2017-10-24 12:00:00,62.29999999998836,18.5,14.8,1017.9,5,8.2,10,24,1,12
2017-10-24 13:00:00,60.5,18.6,14.6,1017.6,5,8.2,10,24,2,13
2017-10-24 14:00:00,59.60000000003493,18.8,14.8,1017.7,5,6.7,10,24,3,14
2017-10-24 15:00:00,59.099999999976724,18.4,14.9,1017.9,5,7.7,10,24,4,15
2017-10-24 16:00:00,64.5,18.1,14.6,1018.0,5,7.2,10,24,5,16
2017-10-24 17:00:00,73.0,17.4,14.3,1018.3,5,7.7,10,24,6,17
2017-10-24 18:00:00,78.89999999996508,16.9,14.3,1018.6,5,6.2,10,24,7,18
2017-10-24 19:00:00,78.29999999998836,16.5,14.0,1018.2,5,6.2,10,24,1,19
2017-10-24 20:00:00,71.79999999998836,16.3,13.7,1018.0,5,7.7,10,24,2,20
2017-10-24 21:00:00,69.59999999997672,15.6,13.8,1018.3,5,7.2,10,24,3,21
2017-10-24 22:00:00,66.39999999996508,15.2,13.9,1017.8,5,5.7,10,24,4,22
2017-10-24 23:00:00,64.20000000001164,15.1,13.5,1017.6,5,7.2,10,24,5,23
2017-10-25 00:00:00,52.20000000001164,15.0,13.3,1017.5,5,5.7,10,25,6,0
2017-10-25 01:00:00,45.400000000023276,15.0,12.6,1017.1,5,7.2,10,25,7,1
2017-10-25 02:00:00,41.099999999976724,14.8,12.5,1016.7,5,6.7,10,25,1,2
2017-10-25 03:00:00,37.79999999998836,14.5,11.9,1016.6,5,8.2,10,25,2,3
2017-10-25 04:00:00,35.699999999953434,14.5,12.0,1016.5,5,6.2,10,25,3,4
2017-10-25 05:00:00,35.20000000001164,14.8,12.1,1017.0,5,6.7,10,25,4,5
2017-10-25 06:00:00,36.899999999965075,15.0,12.6,1017.3,5,5.7,10,25,5,6
2017-10-25 07:00:00,48.20000000001164,15.2,13.1,1018.2,6,5.1,10,25,6,7
2017-10-25 08:00:00,57.60000000003493,15.3,13.2,1019.2,6,4.1,10,25,7,8
2017-10-25 09:00:00,56.60000000003493,15.6,12.6,1020.1,6,5.1,10,25,1,9
2017-10-25 10:00:00,57.5,16.2,12.5,1020.6,6,4.1,10,25,2,10
2017-10-25 11:00:00,58.5,17.6,12.4,1021.3,6,3.6,10,25,3,11
2017-10-25 12:00:00,60.899999999965075,17.9,10.9,1021.2,5,4.6,10,25,4,12
2017-10-25 13:00:00,58.29999999998836,17.9,10.2,1021.4,6,4.1,10,25,5,13
2017-10-25 14:00:00,56.5,17.8,9.4,1021.4,6,4.1,10,25,6,14
2017-10-25 15:00:00,56.19999999995344,18.3,8.8,1021.8,6,3.6,10,25,7,15
2017-10-25 16:00:00,61.5,17.1,7.8,1021.8,6,2.6,10,25,1,16
2017-10-25 17:00:00,69.79999999998836,15.9,8.0,1022.3,6,2.1,10,25,2,17
2017-10-25 18:00:00,78.70000000001164,15.2,8.3,1022.6,6,1.0,10,25,3,18
2017-10-25 19:00:00,73.79999999998836,14.6,9.7,1023.0,4,2.1,10,25,4,19
2017-10-25 20:00:00,71.5,13.3,9.9,1023.1,4,2.1,10,25,5,20
2017-10-25 21:00:00,66.90000000002328,12.5,9.9,1023.9,6,2.1,10,25,6,21
2017-10-25 22:00:00,62.29999999998836,12.1,9.9,1023.8,6,1.5,10,25,7,22
2017-10-25 23:00:00,59.20000000001164,10.7,9.2,1024.2,5,1.5,10,25,1,23
2017-10-26 00:00:00,54.400000000023276,10.8,10.2,1024.1,5,1.5,10,26,2,0
2017-10-26 01:00:00,49.29999999998836,9.8,9.5,1024.0,4,2.1,10,26,3,1
2017-10-26 02:00:00,43.20000000001164,9.3,8.9,1024.4,0,1.0,10,26,4,2
2017-10-26 03:00:00,39.60000000003493,8.6,8.2,1023.9,7,1.0,10,26,5,3
2017-10-26 04:00:00,33.100000000034925,8.5,8.5,1024.0,7,1.0,10,26,6,4
2017-10-26 05:00:00,32.20000000001164,9.4,9.3,1023.9,0,0.5,10,26,7,5
2017-10-26 06:00:00,37.30000000004657,11.0,11.0,1023.9,3,1.5,10,26,1,6
2017-10-26 07:00:00,49.29999999998836,10.8,10.8,1024.4,0,1.0,10,26,2,7
2017-10-26 08:00:00,55.5,11.1,11.1,1024.6,1,1.5,10,26,3,8
2017-10-26 09:00:00,60.400000000023276,12.3,12.3,1024.6,7,1.0,10,26,4,9
2017-10-26 10:00:00,59.5,13.2,13.0,1025.1,0,0.5,10,26,5,10
2017-10-26 11:00:00,58.29999999998836,14.1,13.7,1025.1,6,1.5,10,26,6,11
2017-10-26 12:00:00,58.599999999976724,15.1,14.5,1025.0,6,1.5,10,26,7,12
2017-10-26 13:00:00,57.0,15.3,14.8,1024.5,6,2.6,10,26,1,13
2017-10-26 14:00:00,57.5,15.5,14.7,1024.5,6,3.1,10,26,2,14
2017-10-26 15:00:00,54.0,15.8,14.7,1024.6,6,2.6,10,26,3,15
2017-10-26 16:00:00,58.400000000023276,15.8,14.4,1024.6,7,3.6,10,26,4,16
2017-10-26 17:00:00,71.90000000002328,15.2,13.8,1024.7,7,1.5,10,26,5,17
2017-10-26 18:00:00,71.39999999996508,14.7,13.3,1025.4,7,1.5,10,26,6,18
2017-10-26 19:00:00,66.19999999995345,14.3,12.9,1026.0,1,1.5,10,26,7,19
2017-10-26 20:00:00,68.90000000002328,14.0,13.0,1025.8,1,1.0,10,26,1,20
2017-10-26 21:00:00,65.5,14.1,13.0,1026.2,7,1.0,10,26,2,21
2017-10-26 22:00:00,63.0,13.8,13.0,1026.6,6,1.5,10,26,3,22
2017-10-26 23:00:00,56.399999999965075,14.0,13.0,1026.8,6,2.1,10,26,4,23
2017-10-27 00:00:00,46.0,13.6,12.4,1027.3,0,2.1,10,27,5,0
2017-10-27 01:00:00,43.5,13.3,11.6,1028.0,7,2.6,10,27,6,1
2017-10-27 02:00:00,39.699999999953434,13.0,10.4,1028.4,0,2.6,10,27,7,2
2017-10-27 03:00:00,36.5,12.4,9.8,1028.6,0,2.1,10,27,1,3
2017-10-27 04:00:00,34.20000000001165,11.0,8.8,1029.3,7,2.1,10,27,2,4
2017-10-27 05:00:00,32.69999999995343,9.9,8.5,1030.1,0,2.6,10,27,3,5
2017-10-27 06:00:00,35.900000000023276,9.0,7.8,1031.1,0,1.5,10,27,4,6
2017-10-27 07:00:00,44.29999999998836,8.4,7.3,1031.8,7,2.1,10,27,5,7
2017-10-27 08:00:00,56.0,8.9,7.5,1033.1,7,1.5,10,27,6,8
2017-10-27 09:00:00,58.099999999976724,10.7,7.8,1033.7,1,2.6,10,27,7,9
2017-10-27 10:00:00,44.60000000003493,12.2,8.3,1034.4,0,2.6,10,27,1,10
2017-10-27 11:00:00,42.79999999998836,13.2,7.2,1034.9,0,2.6,10,27,2,11
2017-10-27 12:00:00,50.69999999995344,13.9,5.8,1034.7,1,2.6,10,27,3,12
2017-10-27 13:00:00,54.5,14.3,5.2,1034.2,0,2.1,10,27,4,13
2017-10-27 14:00:00,54.69999999995344,14.5,5.7,1034.3,7,2.6,10,27,5,14
2017-10-27 15:00:00,55.099999999976724,14.4,5.5,1034.5,7,2.6,10,27,6,15
2017-10-27 16:00:00,58.79999999998836,13.9,5.1,1034.6,7,2.1,10,27,7,16
2017-10-27 17:00:00,62.10000000003493,12.5,5.5,1034.9,7,1.5,10,27,1,17
2017-10-27 18:00:00,65.59999999997672,11.8,5.8,1035.0,7,1.0,10,27,2,18
2017-10-27 19:00:00,66.79999999998836,10.6,5.7,1035.0,6,2.1,10,27,3,19
2017-10-27 20:00:00,55.60000000003493,9.5,5.6,1034.7,6,2.6,10,27,4,20
2017-10-27 21:00:00,42.60000000003493,9.2,6.2,1034.5,6,3.1,10,27,5,21
2017-10-27 22:00:00,50.099999999976724,7.9,5.1,1034.2,6,2.1,10,27,6,22
2017-10-27 23:00:00,50.19999999995344,8.0,6.1,1033.6,6,2.6,10,27,7,23
2017-10-28 00:00:00,46.69999999995344,7.3,5.7,1033.0,6,2.6,10,28,1,0
2017-10-28 01:00:00,41.599999999976724,5.6,5.0,1032.5,6,3.1,10,28,2,1
2017-10-28 02:00:00,37.899999999965075,6.2,5.4,1031.7,6,2.6,10,28,3,2
2017-10-28 03:00:00,36.5,5.9,5.5,1030.9,6,3.6,10,28,4,3
2017-10-28 04:00:00,33.19999999995343,6.2,5.8,1030.6,6,3.6,10,28,5,4
2017-10-28 05:00:00,33.100000000034925,5.5,5.0,1030.1,5,1.5,10,28,6,5
2017-10-28 06:00:00,27.799999999988362,6.6,5.8,1029.4,5,3.6,10,28,7,6
2017-10-28 07:00:00,30.799999999988362,6.3,5.2,1029.1,6,4.1,10,28,1,7
2017-10-28 08:00:00,36.900000000023276,6.6,5.7,1028.9,6,4.6,10,28,2,8
2017-10-28 09:00:00,41.0,8.7,7.2,1028.3,6,6.2,10,28,3,9
2017-10-28 10:00:00,42.599999999976724,10.7,7.7,1027.4,6,4.6,10,28,4,10
2017-10-28 11:00:00,44.0,12.2,8.8,1026.9,6,5.1,10,28,5,11
2017-10-28 12:00:00,58.399999999965075,13.9,9.7,1025.9,6,5.1,10,28,6,12
2017-10-28 13:00:00,54.599999999976724,15.4,10.3,1024.8,6,6.7,10,28,7,13
2017-10-28 14:00:00,54.19999999995344,15.9,10.4,1024.2,6,6.7,10,28,1,14
2017-10-28 15:00:00,50.29999999998836,16.0,11.4,1023.7,6,5.7,10,28,2,15
2017-10-28 16:00:00,48.70000000001164,15.9,11.2,1023.1,6,6.7,10,28,3,16
2017-10-28 17:00:00,60.0,15.5,11.5,1022.5,6,6.7,10,28,4,17
2017-10-28 18:00:00,67.79999999998836,14.0,10.9,1022.5,6,7.2,10,28,5,18
2017-10-28 19:00:00,67.39999999996508,13.2,10.6,1022.4,6,6.2,10,28,6,19
2017-10-28 20:00:00,62.0,12.6,10.4,1021.7,6,6.7,10,28,7,20
2017-10-28 21:00:00,56.900000000023276,12.8,10.4,1021.2,6,7.2,10,28,1,21
2017-10-28 22:00:00,52.5,13.2,10.6,1020.9,6,6.7,10,28,2,22
2017-10-28 23:00:00,52.0,13.6,10.7,1020.4,6,6.2,10,28,3,23
2017-10-29 00:00:00,51.79999999998836,13.9,10.7,1019.7,6,6.7,10,29,4,0
2017-10-29 01:00:00,49.099999999976724,13.9,10.9,1019.2,6,5.7,10,29,5,1
2017-10-29 02:00:00,46.29999999998836,13.8,11.0,1018.3,6,6.7,10,29,6,2
2017-10-29 03:00:00,38.5,14.5,11.2,1018.1,6,5.1,10,29,7,3
2017-10-29 04:00:00,34.599999999976724,14.7,11.3,1018.0,6,5.7,10,29,1,4
2017-10-29 05:00:00,31.5,14.6,11.3,1018.3,6,5.1,10,29,2,5
2017-10-29 06:00:00,30.799999999988362,14.5,11.5,1018.7,6,4.1,10,29,3,6
2017-10-29 07:00:00,34.0,14.0,11.7,1019.3,7,6.7,10,29,4,7
2017-10-29 08:00:00,35.099999999976724,13.4,8.7,1020.6,7,4.1,10,29,5,8
2017-10-29 09:00:00,41.5,13.4,8.5,1021.8,7,4.1,10,29,6,9
2017-10-29 10:00:00,50.0,13.6,8.6,1022.4,7,3.6,10,29,7,10
2017-10-29 11:00:00,52.099999999976724,12.8,6.2,1023.6,0,4.6,10,29,1,11
2017-10-29 12:00:00,54.800000000046566,12.6,4.3,1024.0,1,5.7,10,29,2,12
2017-10-29 13:00:00,58.29999999998836,12.6,2.1,1024.1,0,5.1,10,29,3,13
2017-10-29 14:00:00,57.79999999998836,13.0,2.3,1024.2,0,5.1,10,29,4,14
2017-10-29 15:00:00,57.900000000023276,12.9,2.6,1024.6,0,4.6,10,29,5,15
2017-10-29 16:00:00,62.400000000023276,11.8,2.5,1025.3,0,3.1,10,29,6,16
2017-10-29 17:00:00,50.900000000023276,10.8,1.7,1026.1,0,2.6,10,29,7,17
2017-10-29 18:00:00,61.29999999998836,10.0,2.6,1026.8,0,2.1,10,29,1,18
2017-10-29 19:00:00,75.20000000001164,9.3,3.2,1027.5,0,2.1,10,29,2,19
2017-10-29 20:00:00,76.90000000002328,8.5,3.7,1028.2,0,2.1,10,29,3,20
2017-10-29 21:00:00,62.79999999998836,8.0,3.9,1028.7,7,1.5,10,29,4,21
2017-10-29 22:00:00,68.69999999995345,7.6,3.5,1029.0,0,1.5,10,29,5,22
2017-10-29 23:00:00,62.400000000023276,6.2,3.2,1029.2,7,1.5,10,29,6,23
2017-10-30 00:00:00,59.900000000023276,5.5,3.0,1029.4,7,1.0,10,30,7,0
2017-10-30 01:00:00,47.70000000001164,5.5,3.0,1029.5,0,2.1,10,30,1,1
2017-10-30 02:00:00,39.0,5.0,2.5,1029.5,0,1.5,10,30,2,2
2017-10-30 03:00:00,37.60000000003493,4.8,2.3,1029.8,0,1.5,10,30,3,3
2017-10-30 04:00:00,34.400000000023276,4.0,2.2,1030.2,7,1.5,10,30,4,4
2017-10-30 05:00:00,39.400000000023276,3.4,1.8,1030.5,6,1.5,10,30,5,5
2017-10-30 06:00:00,41.0,3.2,1.2,1030.7,6,1.5,10,30,6,6
2017-10-30 07:00:00,43.29999999998836,3.4,1.6,1031.3,7,2.1,10,30,7,7
2017-10-30 08:00:00,54.5,3.9,2.3,1031.7,6,0.5,10,30,1,8
2017-10-30 09:00:00,66.70000000001164,5.7,2.7,1031.9,6,1.0,10,30,2,9
2017-10-30 10:00:00,62.30000000004656,7.0,3.2,1032.3,7,1.5,10,30,3,10
2017-10-30 11:00:00,61.79999999998836,8.6,4.1,1032.1,6,1.0,10,30,4,11
2017-10-30 12:00:00,59.599999999976724,11.0,4.9,1031.9,7,1.5,10,30,5,12
2017-10-30 13:00:00,64.10000000003491,11.7,3.8,1031.3,2,2.1,10,30,6,13
2017-10-30 14:00:00,65.40000000002328,12.4,3.5,1031.1,3,1.5,10,30,7,14
2017-10-30 15:00:00,58.899999999965075,12.3,2.9,1030.7,6,1.0,10,30,1,15
2017-10-30 16:00:00,67.59999999997672,11.5,2.2,1030.3,5,0.5,10,30,2,16
2017-10-30 17:00:00,74.5,10.1,3.4,1030.7,6,1.5,10,30,3,17
2017-10-30 18:00:00,82.40000000002328,9.3,3.3,1030.8,6,1.5,10,30,4,18
2017-10-30 19:00:00,82.39999999996508,8.5,4.3,1030.7,6,1.5,10,30,5,19
2017-10-30 20:00:00,78.79999999998836,8.1,3.8,1030.7,7,1.0,10,30,6,20
2017-10-30 21:00:00,82.79999999998836,7.9,4.6,1030.8,6,1.0,10,30,7,21
2017-10-30 22:00:00,79.09999999997672,8.1,4.1,1030.4,5,2.1,10,30,1,22
2017-10-30 23:00:00,73.19999999995345,6.3,3.3,1030.1,6,1.5,10,30,2,23
2017-10-31 00:00:00,65.59999999997672,5.6,3.6,1029.8,5,1.5,10,31,3,0
2017-10-31 01:00:00,57.70000000001164,5.6,3.6,1029.5,5,2.1,10,31,4,1
2017-10-31 02:00:00,46.60000000003493,6.3,4.1,1029.3,6,0.5,10,31,5,2
2017-10-31 03:00:00,45.0,6.7,3.9,1028.3,5,3.1,10,31,6,3
2017-10-31 04:00:00,41.5,6.8,4.2,1027.8,5,3.6,10,31,7,4
2017-10-31 05:00:00,40.10000000003493,7.4,4.6,1027.5,5,3.1,10,31,1,5
2017-10-31 06:00:00,40.400000000023276,7.7,4.7,1026.9,5,3.6,10,31,2,6
2017-10-31 07:00:00,45.0,8.5,5.3,1027.0,5,3.6,10,31,3,7
2017-10-31 08:00:00,61.29999999998836,9.0,5.6,1026.8,5,3.1,10,31,4,8
2017-10-31 09:00:00,62.0,10.0,6.3,1027.3,5,3.6,10,31,5,9
2017-10-31 10:00:00,59.599999999976724,10.4,6.3,1027.0,5,3.6,10,31,6,10
2017-10-31 11:00:00,60.0,12.4,7.5,1026.8,5,4.1,10,31,7,11
2017-10-31 12:00:00,65.79999999998836,13.0,7.3,1026.2,5,6.2,10,31,1,12
2017-10-31 13:00:00,69.0,13.1,7.3,1025.9,5,5.1,10,31,2,13
2017-10-31 14:00:00,63.5,13.2,7.4,1025.3,5,5.1,10,31,3,14
2017-10-31 15:00:00,60.29999999998836,13.3,7.9,1024.8,5,5.7,10,31,4,15
2017-10-31 16:00:00,60.79999999998836,12.8,8.1,1024.5,5,5.1,10,31,5,16
2017-10-31 17:00:00,68.09999999997672,12.1,7.9,1024.4,5,4.6,10,31,6,17
2017-10-31 18:00:00,89.0,11.9,8.4,1024.3,5,4.6,10,31,7,18
2017-10-31 19:00:00,90.5,11.8,8.7,1024.2,5,3.1,10,31,1,19
2017-10-31 20:00:00,89.0,11.4,8.6,1024.0,5,4.1,10,31,2,20
2017-10-31 21:00:00,80.20000000001164,11.0,8.6,1023.9,5,3.6,10,31,3,21
2017-10-31 22:00:00,74.40000000002328,10.3,8.6,1023.5,5,3.6,10,31,4,22
2017-10-31 23:00:00,70.90000000002328,9.5,7.9,1023.3,6,3.1,10,31,5,23
2017-11-01 00:00:00,62.20000000001164,8.5,7.7,1023.0,5,2.1,11,1,6,0
2017-11-01 01:00:00,53.79999999998836,9.5,8.7,1022.7,5,2.6,11,1,7,1
2017-11-01 02:00:00,54.70000000001164,9.1,8.1,1022.6,4,2.1,11,1,1,2
2017-11-01 03:00:00,55.400000000023276,9.1,8.4,1022.0,5,2.6,11,1,2,3
2017-11-01 04:00:00,49.599999999976724,8.1,7.5,1021.7,4,2.1,11,1,3,4
2017-11-01 05:00:00,44.5,7.9,7.4,1021.3,4,2.1,11,1,4,5
2017-11-01 06:00:00,42.899999999965075,7.7,7.5,1021.2,3,1.0,11,1,5,6
2017-11-01 07:00:00,46.79999999998836,8.9,8.7,1021.1,5,2.6,11,1,6,7
2017-11-01 08:00:00,51.20000000001164,9.4,9.2,1021.4,6,1.5,11,1,7,8
2017-11-01 09:00:00,58.29999999998836,10.6,9.7,1021.4,5,2.6,11,1,1,9
2017-11-01 10:00:00,61.70000000001164,12.3,10.2,1021.0,5,2.1,11,1,2,10
2017-11-01 11:00:00,65.59999999997672,13.0,9.7,1020.6,4,3.1,11,1,3,11
2017-11-01 12:00:00,66.20000000001164,14.6,9.9,1019.8,4,2.6,11,1,4,12
2017-11-01 13:00:00,69.60000000003492,15.3,6.6,1018.9,4,3.6,11,1,5,13
2017-11-01 14:00:00,67.0,15.5,6.5,1017.9,4,2.6,11,1,6,14
2017-11-01 15:00:00,65.79999999998836,15.0,6.6,1017.3,4,2.6,11,1,7,15
2017-11-01 16:00:00,61.599999999976724,14.6,6.8,1016.9,4,3.1,11,1,1,16
2017-11-01 17:00:00,70.09999999997672,13.7,7.6,1016.5,5,2.6,11,1,2,17
2017-11-01 18:00:00,80.5,12.9,7.9,1016.5,4,3.6,11,1,3,18
2017-11-01 19:00:00,79.79999999998836,11.8,7.8,1016.2,5,3.1,11,1,4,19
2017-11-01 20:00:00,80.70000000001164,10.9,7.5,1015.9,5,2.6,11,1,5,20
2017-11-01 21:00:00,78.79999999998836,10.3,7.6,1015.9,5,2.1,11,1,6,21
2017-11-01 22:00:00,76.90000000002328,9.9,7.9,1015.8,6,2.1,11,1,7,22
2017-11-01 23:00:00,72.79999999998836,8.0,6.1,1015.4,6,2.1,11,1,1,23
2017-11-02 00:00:00,63.899999999965075,7.2,6.1,1015.5,7,1.0,11,2,2,0
2017-11-02 01:00:00,57.20000000001164,6.6,6.4,1015.0,6,2.6,11,2,3,1
2017-11-02 02:00:00,49.10000000003493,5.6,5.0,1014.8,6,0.5,11,2,4,2
2017-11-02 03:00:00,43.099999999976724,5.1,4.8,1014.6,7,1.0,11,2,5,3
2017-11-02 04:00:00,40.5,4.6,4.4,1014.6,7,1.0,11,2,6,4
2017-11-02 05:00:00,38.10000000003493,4.6,4.4,1014.6,7,1.0,11,2,7,5
2017-11-02 06:00:00,37.099999999976724,4.1,3.8,1014.9,6,1.5,11,2,1,6
2017-11-02 07:00:00,40.0,2.7,2.4,1015.4,6,2.1,11,2,2,7
2017-11-02 08:00:00,52.70000000001164,4.5,4.5,1015.8,6,1.5,11,2,3,8
2017-11-02 09:00:00,62.0,5.9,5.9,1016.1,7,0.5,11,2,4,9
2017-11-02 10:00:00,70.09999999997672,7.6,7.3,1016.3,6,1.0,11,2,5,10
2017-11-02 11:00:00,64.70000000001164,9.3,7.9,1016.4,6,1.5,11,2,6,11
2017-11-02 12:00:00,60.60000000003493,10.7,8.7,1016.2,6,1.0,11,2,7,12
2017-11-02 13:00:00,62.099999999976724,11.7,8.6,1016.1,6,1.0,11,2,1,13
2017-11-02 14:00:00,60.60000000003493,12.0,9.1,1016.1,6,1.0,11,2,2,14
2017-11-02 15:00:00,61.099999999976724,12.3,9.3,1015.9,4,1.5,11,2,3,15
2017-11-02 16:00:00,65.69999999995345,12.2,9.3,1016.1,7,1.0,11,2,4,16
2017-11-02 17:00:00,73.79999999998836,11.8,9.2,1016.3,7,1.0,11,2,5,17
2017-11-02 18:00:00,77.19999999995345,11.7,9.2,1016.8,0,1.0,11,2,6,18
2017-11-02 19:00:00,88.79999999998836,11.2,8.8,1017.1,0,2.1,11,2,7,19
2017-11-02 20:00:00,87.5,11.0,8.8,1017.0,1,1.5,11,2,1,20
2017-11-02 21:00:00,79.39999999996508,10.9,8.9,1017.0,1,1.5,11,2,2,21
2017-11-02 22:00:00,81.39999999996508,10.6,8.8,1017.2,2,1.0,11,2,3,22
2017-11-02 23:00:00,71.5,10.8,8.9,1017.1,3,1.5,11,2,4,23
2017-11-03 00:00:00,61.79999999998836,10.4,9.1,1017.1,3,1.5,11,3,5,0
2017-11-03 01:00:00,61.20000000001164,9.8,8.8,1016.8,3,1.0,11,3,6,1
2017-11-03 02:00:00,53.29999999998836,10.1,9.0,1016.7,4,2.1,11,3,7,2
2017-11-03 03:00:00,47.0,9.7,8.5,1016.2,5,1.0,11,3,1,3
2017-11-03 04:00:00,47.099999999976724,8.5,7.5,1015.9,3,0.5,11,3,2,4
2017-11-03 05:00:00,43.29999999998836,7.6,6.9,1015.7,2,0.5,11,3,3,5
2017-11-03 06:00:00,39.5,6.8,6.3,1015.3,0,0.0,11,3,4,6
2017-11-03 07:00:00,42.79999999998836,7.0,6.9,1015.3,6,1.0,11,3,5,7
2017-11-03 08:00:00,51.400000000023276,7.9,7.9,1015.4,7,1.0,11,3,6,8
2017-11-03 09:00:00,62.29999999998836,8.1,8.1,1015.3,0,1.0,11,3,7,9
2017-11-03 10:00:00,63.00000000000001,8.7,8.7,1015.0,0,1.0,11,3,1,10
2017-11-03 11:00:00,64.39999999996508,11.6,9.4,1014.7,3,1.0,11,3,2,11
2017-11-03 12:00:00,65.79999999998836,11.6,8.8,1014.0,6,2.1,11,3,3,12
2017-11-03 13:00:00,67.5,13.4,9.8,1013.3,4,1.5,11,3,4,13
2017-11-03 14:00:00,61.10000000003493,13.8,9.6,1012.6,0,1.0,11,3,5,14
2017-11-03 15:00:00,62.0,13.5,9.0,1012.1,5,1.5,11,3,6,15
2017-11-03 16:00:00,63.899999999965075,12.6,9.2,1011.9,5,2.6,11,3,7,16
2017-11-03 17:00:00,67.79999999998836,12.3,9.3,1011.5,4,2.1,11,3,1,17
2017-11-03 18:00:00,72.40000000002328,12.7,9.6,1011.5,4,1.5,11,3,2,18
2017-11-03 19:00:00,76.59999999997672,12.4,9.9,1011.1,5,1.0,11,3,3,19
2017-11-03 20:00:00,74.70000000001164,12.1,9.5,1010.7,4,1.0,11,3,4,20
2017-11-03 21:00:00,71.5,12.0,9.6,1010.4,4,2.1,11,3,5,21
2017-11-03 22:00:00,68.29999999998836,12.0,10.0,1009.8,3,1.5,11,3,6,22
2017-11-03 23:00:00,63.0,12.4,11.0,1009.1,3,2.1,11,3,7,23
2017-11-04 00:00:00,58.20000000001164,11.6,11.0,1008.3,3,3.1,11,4,1,0
2017-11-04 01:00:00,54.400000000023276,11.8,11.5,1007.4,3,2.6,11,4,2,1
2017-11-04 02:00:00,48.900000000023276,12.1,12.0,1006.3,3,2.6,11,4,3,2
2017-11-04 03:00:00,43.10000000003493,12.2,12.1,1005.7,3,2.1,11,4,4,3
2017-11-04 04:00:00,38.0,12.2,12.1,1004.6,2,1.5,11,4,5,4
2017-11-04 05:00:00,35.899999999965075,12.2,12.2,1003.7,1,1.5,11,4,6,5
2017-11-04 06:00:00,36.29999999998836,12.2,12.0,1003.0,3,2.1,11,4,7,6
2017-11-04 07:00:00,38.899999999965075,12.3,11.8,1002.3,3,2.6,11,4,1,7
2017-11-04 08:00:00,39.5,12.6,12.1,1001.9,3,3.1,11,4,2,8
2017-11-04 09:00:00,45.599999999976724,12.8,12.4,1001.6,4,3.1,11,4,3,9
2017-11-04 10:00:00,49.70000000001164,13.4,13.0,1001.6,6,3.6,11,4,4,10
2017-11-04 11:00:00,48.800000000046566,13.5,12.5,1001.8,6,4.6,11,4,5,11
2017-11-04 12:00:00,55.20000000001164,12.4,10.6,1002.5,6,6.7,11,4,6,12
2017-11-04 13:00:00,58.19999999995344,11.8,9.7,1003.4,7,5.1,11,4,7,13
2017-11-04 14:00:00,60.900000000023276,12.5,8.7,1003.7,7,4.6,11,4,1,14
2017-11-04 15:00:00,57.599999999976724,12.0,7.8,1004.5,6,4.1,11,4,2,15
2017-11-04 16:00:00,59.29999999998836,10.7,7.1,1005.1,6,3.6,11,4,3,16
2017-11-04 17:00:00,57.899999999965075,10.4,6.3,1005.9,7,4.6,11,4,4,17
2017-11-04 18:00:00,60.60000000003493,10.1,6.0,1006.7,6,3.6,11,4,5,18
2017-11-04 19:00:00,62.20000000001164,9.4,5.8,1007.2,6,3.6,11,4,6,19
2017-11-04 20:00:00,66.29999999998836,8.2,4.5,1007.8,6,3.6,11,4,7,20
2017-11-04 21:00:00,68.0,7.6,4.0,1008.1,6,3.6,11,4,1,21
2017-11-04 22:00:00,68.0,6.4,3.5,1008.5,6,3.6,11,4,2,22
2017-11-04 23:00:00,58.79999999998836,6.3,3.4,1008.5,6,5.1,11,4,3,23
2017-11-05 00:00:00,61.70000000001164,5.5,3.5,1008.8,6,4.1,11,5,4,0
2017-11-05 01:00:00,53.5,5.6,3.6,1008.9,6,4.6,11,5,5,1
2017-11-05 02:00:00,49.400000000023276,5.0,3.4,1009.2,6,4.6,11,5,6,2
2017-11-05 03:00:00,45.899999999965075,5.3,3.6,1009.5,6,3.1,11,5,7,3
2017-11-05 04:00:00,43.599999999976724,4.3,3.2,1009.7,6,3.6,11,5,1,4
2017-11-05 05:00:00,37.29999999998836,4.0,2.6,1010.3,6,3.6,11,5,2,5
2017-11-05 06:00:00,39.5,3.2,2.0,1010.8,6,4.1,11,5,3,6
2017-11-05 07:00:00,39.399999999965075,3.2,2.1,1011.5,6,4.1,11,5,4,7
2017-11-05 08:00:00,41.79999999998836,3.7,2.2,1012.5,6,4.1,11,5,5,8
2017-11-05 09:00:00,46.0,5.7,2.9,1013.0,6,4.1,11,5,6,9
2017-11-05 10:00:00,46.0,7.4,3.2,1013.4,6,4.6,11,5,7,10
2017-11-05 11:00:00,48.70000000001164,9.0,3.8,1013.9,6,4.1,11,5,1,11
2017-11-05 12:00:00,53.0,9.5,3.7,1014.3,6,5.7,11,5,2,12
2017-11-05 13:00:00,55.099999999976724,9.9,3.5,1014.7,6,5.1,11,5,3,13
2017-11-05 14:00:00,55.70000000001164,9.7,3.5,1015.3,7,5.1,11,5,4,14
2017-11-05 15:00:00,57.79999999998836,10.1,3.2,1016.1,7,4.1,11,5,5,15
2017-11-05 16:00:00,63.399999999965104,8.9,3.2,1016.9,7,3.6,11,5,6,16
2017-11-05 17:00:00,62.0,8.3,3.4,1018.2,7,3.1,11,5,7,17
2017-11-05 18:00:00,66.79999999998836,7.0,3.3,1019.4,7,1.5,11,5,1,18
2017-11-05 19:00:00,68.89999999996508,7.1,3.9,1020.3,6,2.6,11,5,2,19
2017-11-05 20:00:00,65.29999999998836,6.1,3.8,1021.1,7,2.6,11,5,3,20
2017-11-05 21:00:00,63.0,5.4,3.7,1021.9,7,3.1,11,5,4,21
2017-11-05 22:00:00,66.19999999995345,4.8,3.3,1022.3,7,2.6,11,5,5,22
2017-11-05 23:00:00,62.0,4.0,3.0,1023.1,7,1.5,11,5,6,23
2017-11-06 00:00:00,61.79999999998836,3.7,3.1,1023.9,6,2.1,11,6,7,0
2017-11-06 01:00:00,57.0,3.2,2.4,1024.4,6,2.1,11,6,1,1
2017-11-06 02:00:00,50.79999999998836,2.8,2.1,1024.9,6,1.5,11,6,2,2
2017-11-06 03:00:00,43.60000000003493,2.7,2.2,1024.9,6,2.6,11,6,3,3
2017-11-06 04:00:00,44.29999999998836,1.2,0.6,1025.1,6,1.5,11,6,4,4
2017-11-06 05:00:00,41.30000000004657,1.0,0.6,1025.5,7,0.5,11,6,5,5
2017-11-06 06:00:00,40.29999999998836,1.6,1.6,1025.6,7,1.0,11,6,6,6
2017-11-06 07:00:00,41.20000000001165,1.6,1.4,1025.9,7,1.0,11,6,7,7
2017-11-06 08:00:00,48.099999999976724,1.5,1.2,1026.4,1,0.5,11,6,1,8
2017-11-06 09:00:00,59.0,3.8,3.1,1026.9,5,2.1,11,6,2,9
2017-11-06 10:00:00,59.0,6.8,4.1,1026.8,5,1.0,11,6,3,10
2017-11-06 11:00:00,58.70000000001164,8.5,4.3,1026.5,5,2.6,11,6,4,11
2017-11-06 12:00:00,59.099999999976724,10.6,5.0,1025.9,4,2.1,11,6,5,12
2017-11-06 13:00:00,68.79999999998836,11.5,5.0,1025.6,5,2.6,11,6,6,13
2017-11-06 14:00:00,68.29999999998836,11.1,3.6,1025.0,5,2.6,11,6,7,14
2017-11-06 15:00:00,62.399999999965075,11.4,3.6,1024.8,5,3.1,11,6,1,15
2017-11-06 16:00:00,60.29999999998836,10.4,3.6,1024.7,4,3.1,11,6,2,16
2017-11-06 17:00:00,61.900000000023276,9.3,3.6,1024.8,4,3.1,11,6,3,17
2017-11-06 18:00:00,66.59999999997672,8.4,4.2,1024.7,4,3.6,11,6,4,18
2017-11-06 19:00:00,67.90000000002328,7.3,4.3,1024.3,4,3.6,11,6,5,19
2017-11-06 20:00:00,73.89999999996508,6.9,4.2,1024.0,4,3.1,11,6,6,20
2017-11-06 21:00:00,71.29999999998836,6.7,4.4,1024.0,4,3.1,11,6,7,21
2017-11-06 22:00:00,70.20000000001164,7.1,4.6,1023.4,3,4.1,11,6,1,22
2017-11-06 23:00:00,68.60000000003492,8.0,4.9,1023.0,4,4.1,11,6,2,23
2017-11-07 00:00:00,68.0,8.2,5.5,1022.4,3,4.6,11,7,3,0
2017-11-07 01:00:00,54.29999999998836,9.0,5.9,1021.5,3,5.7,11,7,4,1
2017-11-07 02:00:00,47.5,9.3,7.3,1021.1,4,6.2,11,7,5,2
2017-11-07 03:00:00,44.19999999995344,9.1,7.8,1020.3,4,5.7,11,7,6,3
2017-11-07 04:00:00,45.69999999995344,9.3,7.6,1019.9,4,4.6,11,7,7,4
2017-11-07 05:00:00,42.79999999998836,9.9,7.3,1019.4,4,4.1,11,7,1,5
2017-11-07 06:00:00,41.199999999953434,9.9,7.0,1019.3,4,4.1,11,7,2,6
2017-11-07 07:00:00,41.400000000023276,10.6,6.9,1018.5,4,5.1,11,7,3,7
2017-11-07 08:00:00,50.10000000003493,10.7,7.0,1018.9,4,2.6,11,7,4,8
2017-11-07 09:00:00,57.60000000003493,10.8,7.1,1018.5,3,4.1,11,7,5,9
2017-11-07 10:00:00,61.20000000001164,12.0,7.6,1017.9,4,5.7,11,7,6,10
2017-11-07 11:00:00,65.59999999997672,12.2,7.8,1017.6,4,5.7,11,7,7,11
2017-11-07 12:00:00,63.00000000000001,11.1,7.2,1017.1,4,6.2,11,7,1,12
2017-11-07 13:00:00,66.79999999998836,10.4,9.0,1016.5,4,6.2,11,7,2,13
2017-11-07 14:00:00,68.39999999996508,10.8,9.2,1016.0,4,4.6,11,7,3,14
2017-11-07 15:00:00,68.40000000002328,11.1,9.0,1015.7,4,5.1,11,7,4,15
2017-11-07 16:00:00,67.69999999995345,10.9,9.0,1015.3,4,4.6,11,7,5,16
2017-11-07 17:00:00,65.59999999997672,10.5,9.2,1015.0,4,4.1,11,7,6,17
2017-11-07 18:00:00,70.59999999997672,10.5,9.2,1015.1,4,4.1,11,7,7,18
2017-11-07 19:00:00,72.09999999997672,8.7,7.6,1015.2,7,5.7,11,7,1,19
2017-11-07 20:00:00,72.29999999998836,7.7,6.9,1016.0,7,4.1,11,7,2,20
2017-11-07 21:00:00,72.0,6.9,5.8,1016.8,7,4.6,11,7,3,21
2017-11-07 22:00:00,69.29999999998836,6.3,5.1,1017.5,7,4.1,11,7,4,22
2017-11-07 23:00:00,70.40000000002328,6.2,5.1,1018.1,0,3.1,11,7,5,23
2017-11-08 00:00:00,70.0,5.9,4.3,1018.3,0,3.1,11,8,6,0
2017-11-08 01:00:00,61.5,6.0,3.8,1018.5,0,3.6,11,8,7,1
2017-11-08 02:00:00,51.099999999976724,5.9,3.8,1018.8,0,2.6,11,8,1,2
2017-11-08 03:00:00,48.70000000001164,5.4,4.2,1019.1,7,1.5,11,8,2,3
2017-11-08 04:00:00,46.899999999965075,5.3,4.2,1019.3,7,2.6,11,8,3,4
2017-11-08 05:00:00,43.400000000023276,5.6,4.3,1019.8,7,2.6,11,8,4,5
2017-11-08 06:00:00,41.70000000001164,6.0,4.6,1020.3,7,2.1,11,8,5,6
2017-11-08 07:00:00,41.199999999953434,6.0,3.8,1020.9,0,2.6,11,8,6,7
2017-11-08 08:00:00,45.900000000023276,5.9,3.8,1021.9,7,2.1,11,8,7,8
2017-11-08 09:00:00,61.10000000003493,6.5,4.1,1022.4,0,2.1,11,8,1,9
2017-11-08 10:00:00,63.400000000023276,7.4,4.0,1022.7,0,3.6,11,8,2,10
2017-11-08 11:00:00,59.5,8.5,4.5,1023.1,0,3.1,11,8,3,11
2017-11-08 12:00:00,68.79999999998836,8.7,4.5,1023.4,0,3.6,11,8,4,12
2017-11-08 13:00:00,66.60000000003492,9.2,4.5,1023.7,0,3.1,11,8,5,13
2017-11-08 14:00:00,75.69999999995345,9.6,4.1,1023.7,0,3.1,11,8,6,14
2017-11-08 15:00:00,73.20000000001164,9.8,3.7,1024.2,0,3.1,11,8,7,15
2017-11-08 16:00:00,73.09999999997672,9.2,1.6,1024.5,0,3.1,11,8,1,16
2017-11-08 17:00:00,79.5,7.6,2.1,1024.8,7,1.5,11,8,2,17
2017-11-08 18:00:00,84.5,6.7,2.3,1025.3,7,2.6,11,8,3,18
2017-11-08 19:00:00,85.10000000003492,6.2,2.3,1025.4,6,2.1,11,8,4,19
2017-11-08 20:00:00,84.29999999998836,4.6,1.7,1025.7,6,2.1,11,8,5,20
2017-11-08 21:00:00,79.20000000001164,4.9,2.0,1026.0,6,2.6,11,8,6,21
2017-11-08 22:00:00,78.5,4.4,1.8,1025.8,6,2.1,11,8,7,22
2017-11-08 23:00:00,72.20000000001164,2.5,1.3,1025.5,6,1.5,11,8,1,23
2017-11-09 00:00:00,61.399999999965104,1.9,1.1,1025.6,6,0.5,11,9,2,0
2017-11-09 01:00:00,59.29999999998836,2.5,2.1,1025.4,6,1.5,11,9,3,1
2017-11-09 02:00:00,53.69999999995344,2.0,1.5,1025.1,5,1.0,11,9,4,2
2017-11-09 03:00:00,49.79999999998836,2.5,1.6,1024.5,5,2.6,11,9,5,3
2017-11-09 04:00:00,47.400000000023276,2.9,2.2,1024.0,5,2.1,11,9,6,4
2017-11-09 05:00:00,45.29999999998836,3.9,2.7,1023.9,5,2.1,11,9,7,5
2017-11-09 06:00:00,43.29999999998836,4.5,3.7,1024.1,5,1.5,11,9,1,6
2017-11-09 07:00:00,47.70000000001164,5.5,3.9,1023.8,5,2.1,11,9,2,7
2017-11-09 08:00:00,58.5,6.1,4.4,1023.6,4,2.1,11,9,3,8
2017-11-09 09:00:00,64.60000000003492,7.5,5.9,1023.8,5,3.1,11,9,4,9
2017-11-09 10:00:00,65.29999999998836,9.0,7.2,1023.9,5,3.1,11,9,5,10
2017-11-09 11:00:00,66.5,10.3,8.1,1023.8,6,3.1,11,9,6,11
2017-11-09 12:00:00,68.89999999996508,11.7,8.9,1023.3,6,3.6,11,9,7,12
2017-11-09 13:00:00,76.60000000003492,13.0,9.7,1023.2,6,2.6,11,9,1,13
2017-11-09 14:00:00,66.59999999997672,14.0,10.2,1022.9,6,3.1,11,9,2,14
2017-11-09 15:00:00,56.599999999976724,13.4,10.3,1022.8,6,4.6,11,9,3,15
2017-11-09 16:00:00,57.60000000003493,12.7,10.1,1022.8,6,3.6,11,9,4,16
2017-11-09 17:00:00,56.20000000001164,11.7,9.8,1022.7,6,3.6,11,9,5,17
2017-11-09 18:00:00,55.900000000023276,12.5,10.3,1022.9,6,4.1,11,9,6,18
2017-11-09 19:00:00,59.79999999998836,12.1,8.6,1022.9,7,3.1,11,9,7,19
2017-11-09 20:00:00,60.19999999995344,11.1,7.4,1023.2,7,0.5,11,9,1,20
2017-11-09 21:00:00,64.10000000003491,10.3,7.4,1023.1,6,1.0,11,9,2,21
2017-11-09 22:00:00,57.20000000001164,10.1,7.1,1023.4,6,1.5,11,9,3,22
2017-11-09 23:00:00,60.20000000001164,9.9,7.5,1023.1,6,2.6,11,9,4,23
2017-11-10 00:00:00,57.79999999998836,9.7,6.7,1022.2,6,4.1,11,10,5,0
2017-11-10 01:00:00,49.400000000023276,8.5,5.8,1021.5,6,4.6,11,10,6,1
2017-11-10 02:00:00,44.0,8.2,5.5,1021.2,6,4.1,11,10,7,2
2017-11-10 03:00:00,43.79999999998836,8.6,5.2,1019.8,5,4.1,11,10,1,3
2017-11-10 04:00:00,36.20000000001164,8.9,5.9,1018.6,5,5.1,11,10,2,4
2017-11-10 05:00:00,36.5,9.5,7.6,1018.4,6,6.2,11,10,3,5
2017-11-10 06:00:00,34.400000000023276,9.6,8.4,1018.2,6,5.1,11,10,4,6
2017-11-10 07:00:00,34.20000000001165,10.3,9.1,1017.7,6,6.2,11,10,5,7
2017-11-10 08:00:00,47.70000000001164,11.3,9.8,1018.0,6,5.1,11,10,6,8
2017-11-10 09:00:00,49.29999999998836,12.2,9.9,1018.7,6,5.1,11,10,7,9
2017-11-10 10:00:00,53.79999999998836,12.0,5.6,1019.5,7,5.1,11,10,1,10
2017-11-10 11:00:00,53.70000000001164,12.3,3.2,1019.9,7,6.2,11,10,2,11
2017-11-10 12:00:00,58.20000000001164,12.0,2.5,1019.9,7,7.7,11,10,3,12
2017-11-10 13:00:00,58.20000000001164,12.2,0.7,1020.2,7,7.2,11,10,4,13
2017-11-10 14:00:00,67.70000000001164,12.3,2.4,1020.2,7,6.2,11,10,5,14
2017-11-10 15:00:00,65.5,11.1,0.2,1020.8,7,6.2,11,10,6,15
2017-11-10 16:00:00,67.5,10.5,0.4,1020.9,7,4.1,11,10,7,16
2017-11-10 17:00:00,70.09999999997672,9.5,1.0,1021.1,6,3.1,11,10,1,17
2017-11-10 18:00:00,74.0,8.5,1.6,1021.3,6,3.6,11,10,2,18
2017-11-10 19:00:00,76.89999999996508,8.2,2.4,1021.1,6,4.1,11,10,3,19
2017-11-10 20:00:00,75.40000000002328,7.9,2.8,1021.0,6,4.1,11,10,4,20
2017-11-10 21:00:00,68.0,8.1,3.0,1020.4,6,4.1,11,10,5,21
2017-11-10 22:00:00,68.79999999998836,8.1,3.3,1019.8,6,4.1,11,10,6,22
2017-11-10 23:00:00,64.5,8.3,3.6,1019.0,5,4.6,11,10,7,23
2017-11-11 00:00:00,63.0,7.7,5.4,1018.1,5,4.6,11,11,1,0
2017-11-11 01:00:00,56.60000000003493,7.4,6.6,1016.9,5,3.6,11,11,2,1
2017-11-11 02:00:00,51.5,7.2,6.9,1014.7,4,2.6,11,11,3,2
2017-11-11 03:00:00,46.0,7.2,7.0,1013.2,4,1.5,11,11,4,3
2017-11-11 04:00:00,45.800000000046566,7.5,7.5,1011.9,3,1.5,11,11,5,4
2017-11-11 05:00:00,44.399999999965075,8.3,8.3,1010.4,2,1.0,11,11,6,5
2017-11-11 06:00:00,41.79999999998836,8.5,8.4,1009.7,2,1.0,11,11,7,6
2017-11-11 07:00:00,45.70000000001164,9.0,8.8,1009.1,1,2.6,11,11,1,7
2017-11-11 08:00:00,46.20000000001164,9.8,9.7,1009.2,7,1.5,11,11,2,8
2017-11-11 09:00:00,51.10000000003493,9.9,9.7,1009.6,1,1.5,11,11,3,9
2017-11-11 10:00:00,57.20000000001164,9.3,9.1,1010.3,0,3.1,11,11,4,10
2017-11-11 11:00:00,60.0,8.8,8.3,1010.5,1,2.6,11,11,5,11
2017-11-11 12:00:00,68.39999999996509,8.7,7.7,1010.7,0,1.5,11,11,6,12
2017-11-11 13:00:00,72.70000000001164,9.2,8.4,1011.1,0,2.1,11,11,7,13
2017-11-11 14:00:00,72.40000000002328,9.4,7.8,1011.4,0,2.1,11,11,1,14
2017-11-11 15:00:00,66.40000000002328,9.6,7.1,1011.5,7,2.1,11,11,2,15
2017-11-11 16:00:00,68.39999999996508,9.4,7.1,1011.9,7,2.1,11,11,3,16
2017-11-11 17:00:00,68.90000000002328,9.0,7.1,1012.4,6,2.6,11,11,4,17
2017-11-11 18:00:00,66.5,8.9,7.1,1012.6,7,2.1,11,11,5,18
2017-11-11 19:00:00,74.60000000003492,8.8,6.6,1012.9,6,2.6,11,11,6,19
2017-11-11 20:00:00,68.09999999997672,8.6,6.8,1012.6,6,2.1,11,11,7,20
2017-11-11 21:00:00,77.29999999998836,8.6,6.5,1012.6,6,2.1,11,11,1,21
2017-11-11 22:00:00,72.90000000002328,8.1,6.5,1012.1,7,1.0,11,11,2,22
2017-11-11 23:00:00,65.70000000001164,8.0,6.7,1011.7,6,1.5,11,11,3,23
2017-11-12 00:00:00,73.79999999998836,7.8,6.8,1011.2,6,1.5,11,12,4,0
2017-11-12 01:00:00,60.5,7.7,7.2,1010.4,5,2.6,11,12,5,1
2017-11-12 02:00:00,55.899999999965075,7.1,5.4,1009.8,6,1.5,11,12,6,2
2017-11-12 03:00:00,53.29999999998836,6.9,5.8,1009.0,6,2.1,11,12,7,3
2017-11-12 04:00:00,52.0,6.7,6.3,1008.6,6,3.1,11,12,1,4
2017-11-12 05:00:00,49.29999999998836,6.8,6.5,1008.4,6,2.1,11,12,2,5
2017-11-12 06:00:00,44.300000000046566,6.9,6.3,1008.2,6,3.6,11,12,3,6
2017-11-12 07:00:00,44.899999999965075,6.7,5.2,1008.2,7,3.6,11,12,4,7
2017-11-12 08:00:00,48.69999999995344,6.4,3.9,1008.5,7,5.1,11,12,5,8
2017-11-12 09:00:00,51.399999999965075,6.5,4.3,1008.9,7,4.6,11,12,6,9
2017-11-12 10:00:00,61.400000000023276,7.0,3.6,1009.5,7,5.7,11,12,7,10
2017-11-12 11:00:00,70.30000000004655,7.2,3.0,1009.8,7,6.2,11,12,1,11
2017-11-12 12:00:00,74.0,8.0,2.6,1010.4,7,7.7,11,12,2,12
2017-11-12 13:00:00,76.5,8.4,2.4,1011.0,7,6.2,11,12,3,13
2017-11-12 14:00:00,74.59999999997672,7.8,0.7,1011.8,0,5.1,11,12,4,14
2017-11-12 15:00:00,78.60000000003492,8.0,-0.5,1012.7,7,5.7,11,12,5,15
2017-11-12 16:00:00,81.60000000003492,7.2,0.0,1013.8,7,4.6,11,12,6,16
2017-11-12 17:00:00,87.89999999996508,6.3,0.1,1015.3,7,5.1,11,12,7,17
2017-11-12 18:00:00,91.79999999998836,6.3,-0.1,1016.5,7,4.6,11,12,1,18
2017-11-12 19:00:00,101.09999999997672,6.6,-0.3,1017.6,7,5.7,11,12,2,19
2017-11-12 20:00:00,107.5,6.4,-0.1,1018.5,7,5.1,11,12,3,20
2017-11-12 21:00:00,103.09999999997672,5.8,-0.2,1019.5,7,4.6,11,12,4,21
2017-11-12 22:00:00,99.30000000004655,5.3,-0.4,1020.4,7,4.1,11,12,5,22
2017-11-12 23:00:00,91.90000000002328,4.9,-0.6,1021.1,7,6.2,11,12,6,23
2017-11-13 00:00:00,87.40000000002328,4.5,-0.9,1022.1,7,4.1,11,13,7,0
2017-11-13 01:00:00,72.69999999995345,3.9,-1.0,1022.6,7,3.6,11,13,1,1
2017-11-13 02:00:00,72.09999999997672,3.5,-0.9,1023.1,7,3.6,11,13,2,2
2017-11-13 03:00:00,63.20000000001164,3.0,-1.2,1023.5,7,3.1,11,13,3,3
2017-11-13 04:00:00,59.10000000003493,2.8,-1.3,1023.9,7,2.6,11,13,4,4
2017-11-13 05:00:00,54.10000000003493,2.4,-1.3,1024.6,7,1.5,11,13,5,5
2017-11-13 06:00:00,51.900000000023276,1.8,-1.4,1025.0,6,2.1,11,13,6,6
2017-11-13 07:00:00,55.20000000001164,2.5,-0.9,1025.6,6,2.1,11,13,7,7
2017-11-13 08:00:00,75.69999999995345,2.6,-0.8,1025.9,7,2.1,11,13,1,8
2017-11-13 09:00:00,85.69999999995345,3.8,-0.4,1026.5,7,2.6,11,13,2,9
2017-11-13 10:00:00,83.59999999997672,5.6,0.2,1026.9,7,3.6,11,13,3,10
2017-11-13 11:00:00,79.09999999997672,7.4,1.1,1027.2,7,2.6,11,13,4,11
2017-11-13 12:00:00,74.39999999996508,7.0,1.0,1027.1,7,3.1,11,13,5,12
2017-11-13 13:00:00,83.70000000001164,7.0,1.1,1027.0,7,4.1,11,13,6,13
2017-11-13 14:00:00,86.29999999998836,7.3,1.5,1026.5,7,3.1,11,13,7,14
2017-11-13 15:00:00,79.09999999997672,7.0,1.2,1026.3,6,2.6,11,13,1,15
2017-11-13 16:00:00,84.90000000002328,6.6,1.2,1026.8,7,3.1,11,13,2,16
2017-11-13 17:00:00,84.40000000002328,6.5,1.2,1026.8,7,2.1,11,13,3,17
2017-11-13 18:00:00,99.40000000002328,6.1,1.2,1027.0,7,1.5,11,13,4,18
2017-11-13 19:00:00,112.10000000003492,6.0,0.7,1027.1,6,2.1,11,13,5,19
2017-11-13 20:00:00,114.0,5.5,0.9,1026.9,6,3.1,11,13,6,20
2017-11-13 21:00:00,104.70000000001164,5.5,1.7,1026.4,5,3.6,11,13,7,21
2017-11-13 22:00:00,102.5,5.2,1.8,1026.5,5,2.6,11,13,1,22
2017-11-13 23:00:00,101.79999999998836,5.5,1.9,1026.2,5,3.1,11,13,2,23
2017-11-14 00:00:00,86.10000000003492,4.7,1.8,1025.8,5,3.1,11,14,3,0
2017-11-14 01:00:00,78.90000000002328,5.4,2.2,1025.4,5,3.1,11,14,4,1
2017-11-14 02:00:00,70.79999999998836,5.7,2.5,1025.1,5,2.6,11,14,5,2
2017-11-14 03:00:00,58.29999999998836,6.0,2.9,1024.5,5,3.1,11,14,6,3
2017-11-14 04:00:00,53.60000000003493,6.5,3.3,1024.0,5,4.1,11,14,7,4
2017-11-14 05:00:00,51.099999999976724,6.5,4.0,1023.4,5,3.6,11,14,1,5
2017-11-14 06:00:00,49.0,7.0,4.5,1023.2,5,3.6,11,14,2,6
2017-11-14 07:00:00,50.899999999965075,8.4,5.5,1023.3,6,5.1,11,14,3,7
2017-11-14 08:00:00,69.39999999996509,8.6,5.9,1023.6,5,3.6,11,14,4,8
2017-11-14 09:00:00,75.5,9.0,6.5,1023.7,6,4.1,11,14,5,9
2017-11-14 10:00:00,79.0,9.8,7.1,1024.2,6,3.6,11,14,6,10
2017-11-14 11:00:00,81.60000000003492,10.6,7.7,1024.2,6,4.1,11,14,7,11
2017-11-14 12:00:00,82.79999999998836,10.5,7.9,1024.0,6,5.7,11,14,1,12
2017-11-14 13:00:00,82.09999999997672,11.2,8.3,1023.8,6,4.1,11,14,2,13
2017-11-14 14:00:00,76.0,11.1,8.5,1023.6,5,3.6,11,14,3,14
2017-11-14 15:00:00,66.20000000001164,11.0,8.6,1023.7,5,4.1,11,14,4,15
2017-11-14 16:00:00,77.60000000003492,10.6,9.1,1023.6,6,3.6,11,14,5,16
2017-11-14 17:00:00,82.70000000001164,10.5,9.4,1023.4,6,4.1,11,14,6,17
2017-11-14 18:00:00,91.10000000003492,10.5,9.6,1023.8,5,3.6,11,14,7,18
2017-11-14 19:00:00,92.79999999998836,10.6,9.4,1024.0,6,4.1,11,14,1,19
2017-11-14 20:00:00,103.59999999997672,10.7,9.1,1023.8,5,4.1,11,14,2,20
2017-11-14 21:00:00,96.10000000003492,10.7,9.0,1024.1,5,3.1,11,14,3,21
2017-11-14 22:00:00,94.59999999997672,10.9,8.9,1024.1,5,4.1,11,14,4,22
2017-11-14 23:00:00,92.40000000002328,10.5,8.7,1024.0,5,3.6,11,14,5,23
2017-11-15 00:00:00,79.39999999996508,10.1,8.8,1024.0,5,3.1,11,15,6,0
2017-11-15 01:00:00,72.20000000001164,10.0,9.1,1024.1,5,2.6,11,15,7,1
2017-11-15 02:00:00,68.20000000001164,9.9,9.4,1024.0,5,2.1,11,15,1,2
2017-11-15 03:00:00,61.5,9.9,9.3,1023.7,5,2.1,11,15,2,3
2017-11-15 04:00:00,53.70000000001164,9.8,9.2,1023.9,4,2.6,11,15,3,4
2017-11-15 05:00:00,49.19999999995344,9.8,9.5,1024.1,5,1.5,11,15,4,5
2017-11-15 06:00:00,50.0,9.9,9.6,1024.1,5,1.5,11,15,5,6
2017-11-15 07:00:00,54.20000000001164,10.1,9.8,1024.2,5,1.0,11,15,6,7
2017-11-15 08:00:00,64.19999999995345,10.2,9.7,1024.6,6,2.1,11,15,7,8
2017-11-15 09:00:00,76.80000000004655,10.2,9.8,1024.9,6,2.1,11,15,1,9
2017-11-15 10:00:00,83.29999999998836,10.0,9.7,1025.2,7,2.1,11,15,2,10
2017-11-15 11:00:00,85.69999999995345,10.2,9.8,1025.1,6,1.0,11,15,3,11
2017-11-15 12:00:00,80.90000000002328,10.3,9.7,1024.8,7,1.5,11,15,4,12
2017-11-15 13:00:00,83.40000000002328,10.3,9.9,1024.9,6,2.1,11,15,5,13
2017-11-15 14:00:00,82.20000000001164,11.1,10.2,1024.2,6,0.5,11,15,6,14
2017-11-15 15:00:00,75.0,11.8,10.3,1024.2,4,1.0,11,15,7,15
2017-11-15 16:00:00,75.90000000002328,11.0,9.7,1024.2,4,2.6,11,15,1,16
2017-11-15 17:00:00,84.40000000002328,10.3,9.6,1024.1,4,2.6,11,15,2,17
2017-11-15 18:00:00,87.30000000004654,10.2,9.7,1024.2,5,1.5,11,15,3,18
2017-11-15 19:00:00,100.20000000001164,10.5,9.9,1024.1,5,1.5,11,15,4,19
2017-11-15 20:00:00,88.79999999998836,10.7,9.8,1023.9,4,2.1,11,15,5,20
2017-11-15 21:00:00,83.60000000003492,10.5,9.8,1023.5,4,2.1,11,15,6,21
2017-11-15 22:00:00,85.80000000004655,10.1,9.3,1023.5,5,1.5,11,15,7,22
2017-11-15 23:00:00,84.0,10.4,9.7,1023.3,5,2.1,11,15,1,23
2017-11-16 00:00:00,73.79999999998836,9.9,9.5,1023.2,5,1.5,11,16,2,0
2017-11-16 01:00:00,67.20000000001164,9.9,9.6,1022.8,5,1.5,11,16,3,1
2017-11-16 02:00:00,61.70000000001164,10.0,9.7,1022.5,5,2.1,11,16,4,2
2017-11-16 03:00:00,56.599999999976724,9.8,9.5,1021.8,4,2.1,11,16,5,3
2017-11-16 04:00:00,51.20000000001164,9.8,9.6,1021.6,5,2.1,11,16,6,4
2017-11-16 05:00:00,44.599999999976724,9.9,9.7,1021.7,5,1.5,11,16,7,5
2017-11-16 06:00:00,43.300000000046566,9.8,9.3,1021.4,4,1.5,11,16,1,6
2017-11-16 07:00:00,44.900000000023276,10.0,9.4,1022.0,5,3.1,11,16,2,7
2017-11-16 08:00:00,61.399999999965075,10.3,9.1,1022.1,5,3.1,11,16,3,8
2017-11-16 09:00:00,71.0,10.6,9.3,1022.4,5,3.6,11,16,4,9
2017-11-16 10:00:00,77.89999999996508,11.4,9.4,1022.8,5,3.6,11,16,5,10
2017-11-16 11:00:00,69.70000000001164,12.6,9.3,1022.5,5,4.1,11,16,6,11
2017-11-16 12:00:00,62.0,13.5,9.2,1022.2,6,4.6,11,16,7,12
2017-11-16 13:00:00,67.20000000001164,14.1,8.2,1022.2,6,6.2,11,16,1,13
2017-11-16 14:00:00,64.79999999998836,14.2,8.1,1022.2,6,4.6,11,16,2,14
2017-11-16 15:00:00,68.80000000004655,13.3,6.6,1022.4,6,5.1,11,16,3,15
2017-11-16 16:00:00,65.70000000001164,12.7,7.1,1022.9,6,4.6,11,16,4,16
2017-11-16 17:00:00,76.5,10.9,6.2,1024.2,0,4.6,11,16,5,17
2017-11-16 18:00:00,82.60000000003492,10.3,5.1,1025.2,0,4.1,11,16,6,18
2017-11-16 19:00:00,94.59999999997672,9.3,6.4,1025.8,7,1.5,11,16,7,19
2017-11-16 20:00:00,96.59999999997672,9.5,5.7,1026.5,0,2.1,11,16,1,20
2017-11-16 21:00:00,92.20000000001164,8.8,5.0,1027.1,0,2.1,11,16,2,21
2017-11-16 22:00:00,91.10000000003492,7.5,4.2,1027.6,0,2.1,11,16,3,22
2017-11-16 23:00:00,81.70000000001164,6.0,3.6,1028.2,0,2.1,11,16,4,23
2017-11-17 00:00:00,77.10000000003492,5.3,2.6,1028.6,0,2.1,11,17,5,0
2017-11-17 01:00:00,68.20000000001164,4.1,2.0,1028.9,0,1.5,11,17,6,1
2017-11-17 02:00:00,60.20000000001164,2.8,1.7,1029.2,6,0.5,11,17,7,2
2017-11-17 03:00:00,53.70000000001164,2.0,1.0,1029.3,7,1.0,11,17,1,3
2017-11-17 04:00:00,51.29999999998836,2.0,1.1,1029.3,7,1.0,11,17,2,4
2017-11-17 05:00:00,48.400000000023276,1.7,1.2,1029.8,6,1.5,11,17,3,5
2017-11-17 06:00:00,47.70000000001164,1.7,1.2,1029.9,6,1.0,11,17,4,6
2017-11-17 07:00:00,47.099999999976724,1.0,0.5,1030.0,6,0.5,11,17,5,7
2017-11-17 08:00:00,58.29999999998836,1.4,0.8,1030.4,7,1.5,11,17,6,8
2017-11-17 09:00:00,73.39999999996508,2.2,1.2,1030.4,7,1.0,11,17,7,9
2017-11-17 10:00:00,74.79999999998836,3.9,2.1,1030.5,7,1.5,11,17,1,10
2017-11-17 11:00:00,71.79999999998836,6.1,2.9,1030.6,7,1.5,11,17,2,11
2017-11-17 12:00:00,72.80000000004655,8.8,2.1,1030.0,7,1.0,11,17,3,12
2017-11-17 13:00:00,78.09999999997672,9.5,0.8,1029.8,7,1.0,11,17,4,13
2017-11-17 14:00:00,79.0,9.5,2.2,1029.0,7,1.5,11,17,5,14
2017-11-17 15:00:00,75.79999999998836,9.2,-0.7,1028.5,6,2.6,11,17,6,15
2017-11-17 16:00:00,81.0,8.0,0.4,1028.7,7,2.1,11,17,7,16
2017-11-17 17:00:00,85.79999999998836,6.6,0.8,1028.8,7,1.5,11,17,1,17
2017-11-17 18:00:00,87.60000000003492,6.8,1.2,1028.4,6,3.1,11,17,2,18
2017-11-17 19:00:00,88.60000000003492,7.0,0.9,1028.2,6,2.1,11,17,3,19
2017-11-17 20:00:00,85.89999999996508,5.8,1.0,1028.2,6,1.5,11,17,4,20
2017-11-17 21:00:00,83.70000000001164,6.0,1.5,1028.0,6,2.6,11,17,5,21
2017-11-17 22:00:00,81.90000000002328,6.1,1.4,1027.8,6,4.1,11,17,6,22
2017-11-17 23:00:00,80.60000000003492,6.2,1.4,1027.9,6,3.1,11,17,7,23
2017-11-18 00:00:00,72.0,6.1,2.0,1027.1,6,3.1,11,18,1,0
2017-11-18 01:00:00,68.89999999996508,5.6,1.4,1026.6,6,3.1,11,18,2,1
2017-11-18 02:00:00,69.59999999997672,5.6,1.3,1026.4,6,3.1,11,18,3,2
2017-11-18 03:00:00,64.79999999998836,5.1,1.7,1025.9,6,3.1,11,18,4,3
2017-11-18 04:00:00,61.50000000000001,4.2,1.0,1025.3,6,3.6,11,18,5,4
2017-11-18 05:00:00,53.0,4.7,2.1,1025.0,6,3.6,11,18,6,5
2017-11-18 06:00:00,49.800000000046566,5.2,2.3,1024.6,5,2.6,11,18,7,6
2017-11-18 07:00:00,51.5,6.1,3.2,1024.2,6,3.1,11,18,1,7
2017-11-18 08:00:00,55.800000000046566,6.3,3.7,1024.2,5,4.6,11,18,2,8
2017-11-18 09:00:00,61.29999999998836,7.4,4.5,1024.0,5,4.6,11,18,3,9
2017-11-18 10:00:00,64.90000000002328,9.0,5.1,1023.5,5,5.7,11,18,4,10
2017-11-18 11:00:00,71.20000000001164,8.4,5.4,1023.1,5,5.7,11,18,5,11
2017-11-18 12:00:00,76.59999999997672,8.0,7.1,1022.5,6,5.1,11,18,6,12
2017-11-18 13:00:00,84.70000000001164,8.2,7.6,1021.8,5,3.6,11,18,7,13
2017-11-18 14:00:00,80.59999999997672,8.6,8.1,1021.1,6,4.6,11,18,1,14
2017-11-18 15:00:00,77.90000000002328,8.9,8.4,1020.7,6,4.1,11,18,2,15
2017-11-18 16:00:00,81.39999999996508,7.9,7.1,1020.9,0,3.1,11,18,3,16
2017-11-18 17:00:00,84.5,7.5,7.0,1021.1,0,2.1,11,18,4,17
2017-11-18 18:00:00,86.39999999996508,7.3,6.9,1021.0,6,1.5,11,18,5,18
2017-11-18 19:00:00,89.59999999997672,7.6,6.7,1020.6,6,2.6,11,18,6,19
2017-11-18 20:00:00,89.20000000001164,7.6,6.4,1020.9,6,2.6,11,18,7,20
2017-11-18 21:00:00,84.39999999996508,7.5,6.3,1021.0,6,3.1,11,18,1,21
2017-11-18 22:00:00,82.60000000003492,7.4,6.3,1021.4,6,2.1,11,18,2,22
2017-11-18 23:00:00,77.69999999995345,6.5,5.4,1021.4,6,2.1,11,18,3,23
2017-11-19 00:00:00,77.09999999997672,6.1,5.0,1021.5,6,2.6,11,19,4,0
2017-11-19 01:00:00,63.70000000001164,5.3,4.8,1021.8,7,2.1,11,19,5,1
2017-11-19 02:00:00,59.400000000023276,5.4,4.2,1021.9,7,2.1,11,19,6,2
2017-11-19 03:00:00,56.10000000003493,5.1,3.9,1022.1,6,3.1,11,19,7,3
2017-11-19 04:00:00,54.0,4.3,3.2,1022.3,6,2.1,11,19,1,4
2017-11-19 05:00:00,48.29999999998836,3.7,3.1,1022.6,6,1.5,11,19,2,5
2017-11-19 06:00:00,47.29999999998836,3.4,2.8,1022.7,6,2.1,11,19,3,6
2017-11-19 07:00:00,46.70000000001164,3.1,2.1,1023.1,6,2.6,11,19,4,7
2017-11-19 08:00:00,48.599999999976724,3.8,2.5,1023.6,6,2.6,11,19,5,8
2017-11-19 09:00:00,52.0,4.2,2.6,1024.2,7,2.6,11,19,6,9
2017-11-19 10:00:00,60.599999999976724,4.4,2.3,1024.2,6,2.1,11,19,7,10
2017-11-19 11:00:00,68.0,4.8,2.1,1024.6,7,1.5,11,19,1,11
2017-11-19 12:00:00,73.29999999998836,6.6,1.9,1024.7,7,2.1,11,19,2,12
2017-11-19 13:00:00,83.89999999996508,7.8,1.0,1024.3,7,2.1,11,19,3,13
2017-11-19 14:00:00,81.0,8.2,0.7,1024.1,6,2.6,11,19,4,14
2017-11-19 15:00:00,84.79999999998836,7.8,1.1,1024.1,6,2.6,11,19,5,15
2017-11-19 16:00:00,82.5,7.5,1.9,1024.3,6,2.6,11,19,6,16
2017-11-19 17:00:00,91.09999999997672,7.1,2.4,1024.1,6,2.1,11,19,7,17
2017-11-19 18:00:00,102.40000000002328,6.4,2.5,1024.0,6,2.1,11,19,1,18
2017-11-19 19:00:00,100.90000000002328,6.3,2.9,1023.9,5,2.6,11,19,2,19
2017-11-19 20:00:00,102.60000000003492,5.5,2.1,1024.0,5,2.1,11,19,3,20
2017-11-19 21:00:00,104.0,4.9,2.0,1024.0,5,2.6,11,19,4,21
2017-11-19 22:00:00,98.0,5.1,2.3,1023.8,5,3.1,11,19,5,22
2017-11-19 23:00:00,90.29999999998836,5.1,2.5,1023.1,5,2.6,11,19,6,23
2017-11-20 00:00:00,79.29999999998836,5.2,2.8,1022.5,5,2.1,11,20,7,0
2017-11-20 01:00:00,71.40000000002328,5.7,3.0,1021.4,4,2.6,11,20,1,1
2017-11-20 02:00:00,62.0,5.9,3.4,1020.5,4,1.5,11,20,2,2
2017-11-20 03:00:00,59.29999999998836,6.7,4.6,1019.4,4,2.6,11,20,3,3
2017-11-20 04:00:00,55.29999999998836,7.1,6.6,1018.8,5,3.1,11,20,4,4
2017-11-20 05:00:00,51.20000000001164,7.5,7.0,1018.5,5,2.6,11,20,5,5
2017-11-20 06:00:00,50.0,8.3,8.0,1017.6,5,4.6,11,20,6,6
2017-11-20 07:00:00,51.400000000023276,9.2,8.5,1016.9,5,4.1,11,20,7,7
2017-11-20 08:00:00,61.400000000023276,9.9,8.3,1016.5,5,5.7,11,20,1,8
2017-11-20 09:00:00,78.0,10.4,8.4,1016.2,5,6.7,11,20,2,9
2017-11-20 10:00:00,77.90000000002328,11.3,8.7,1016.1,6,6.2,11,20,3,10
2017-11-20 11:00:00,68.0,12.1,9.0,1015.7,5,8.2,11,20,4,11
2017-11-20 12:00:00,67.0,12.6,9.4,1015.0,6,7.7,11,20,5,12
2017-11-20 13:00:00,84.0,12.0,9.8,1014.5,5,6.7,11,20,6,13
2017-11-20 14:00:00,81.59999999997672,11.8,10.7,1013.7,5,5.7,11,20,7,14
2017-11-20 15:00:00,80.90000000002328,12.3,10.7,1013.3,6,5.1,11,20,1,15
2017-11-20 16:00:00,75.5,11.8,11.2,1013.2,5,5.7,11,20,2,16
2017-11-20 17:00:00,78.40000000002328,12.1,11.0,1013.1,5,6.7,11,20,3,17
2017-11-20 18:00:00,88.60000000003492,12.5,11.2,1013.1,5,6.7,11,20,4,18
2017-11-20 19:00:00,88.40000000002328,12.4,11.4,1013.3,5,5.7,11,20,5,19
2017-11-20 20:00:00,94.89999999996508,12.5,11.4,1013.4,5,4.6,11,20,6,20
2017-11-20 21:00:00,89.79999999998836,12.5,11.4,1013.3,5,5.1,11,20,7,21
2017-11-20 22:00:00,79.59999999997672,12.5,11.2,1013.3,5,5.1,11,20,1,22
2017-11-20 23:00:00,80.0,12.4,11.1,1013.3,6,5.7,11,20,2,23
2017-11-21 00:00:00,72.80000000004655,12.3,10.9,1013.1,6,5.7,11,21,3,0
2017-11-21 01:00:00,63.29999999998836,12.3,11.0,1012.8,6,7.2,11,21,4,1
2017-11-21 02:00:00,55.79999999998836,12.5,11.0,1012.8,6,6.7,11,21,5,2
2017-11-21 03:00:00,51.79999999998836,12.4,10.8,1012.4,6,6.7,11,21,6,3
2017-11-21 04:00:00,44.70000000001164,12.3,10.6,1012.4,5,4.6,11,21,7,4
2017-11-21 05:00:00,42.699999999953434,11.8,10.2,1012.2,5,4.6,11,21,1,5
2017-11-21 06:00:00,44.300000000046566,11.8,10.1,1012.1,5,4.6,11,21,2,6
2017-11-21 07:00:00,42.899999999965075,11.8,9.9,1012.1,5,5.1,11,21,3,7
2017-11-21 08:00:00,59.30000000004656,11.9,9.9,1012.0,5,6.7,11,21,4,8
2017-11-21 09:00:00,66.5,12.3,9.9,1011.9,5,5.7,11,21,5,9
2017-11-21 10:00:00,72.29999999998836,12.6,9.8,1012.0,5,5.1,11,21,6,10
2017-11-21 11:00:00,69.5,13.1,9.6,1011.8,5,6.2,11,21,7,11
2017-11-21 12:00:00,67.59999999997672,13.4,9.5,1011.0,5,7.2,11,21,1,12
2017-11-21 13:00:00,74.70000000001164,13.0,9.2,1010.5,5,5.7,11,21,2,13
2017-11-21 14:00:00,65.79999999998836,13.3,9.3,1009.4,5,5.7,11,21,3,14
2017-11-21 15:00:00,63.900000000023276,13.7,9.0,1008.7,5,6.2,11,21,4,15
2017-11-21 16:00:00,72.60000000003492,13.1,9.4,1008.2,5,5.7,11,21,5,16
2017-11-21 17:00:00,77.5,13.2,10.1,1008.0,5,5.7,11,21,6,17
2017-11-21 18:00:00,88.0,13.1,10.2,1007.6,5,6.2,11,21,7,18
2017-11-21 19:00:00,90.0,13.5,10.5,1006.9,5,6.7,11,21,1,19
2017-11-21 20:00:00,89.40000000002328,13.6,10.7,1006.3,5,7.2,11,21,2,20
2017-11-21 21:00:00,80.79999999998836,13.7,10.3,1005.6,5,7.2,11,21,3,21
2017-11-21 22:00:00,75.70000000001164,14.0,10.5,1005.4,5,8.2,11,21,4,22
2017-11-21 23:00:00,74.0,13.9,10.4,1005.1,5,7.7,11,21,5,23
2017-11-22 00:00:00,70.29999999998836,13.8,10.5,1004.9,5,8.8,11,22,6,0
2017-11-22 01:00:00,58.900000000023276,14.0,10.7,1004.2,5,7.7,11,22,7,1
2017-11-22 02:00:00,51.900000000023276,14.1,10.8,1003.7,5,8.2,11,22,1,2
2017-11-22 03:00:00,45.69999999995344,14.0,10.4,1003.1,5,7.7,11,22,2,3
2017-11-22 04:00:00,43.29999999998836,13.8,9.5,1002.6,5,8.2,11,22,3,4
2017-11-22 05:00:00,40.0,13.7,9.7,1002.2,5,6.7,11,22,4,5
2017-11-22 06:00:00,40.399999999965075,13.4,10.1,1001.7,5,8.2,11,22,5,6
2017-11-22 07:00:00,43.50000000000001,13.7,10.1,1001.4,5,7.2,11,22,6,7
2017-11-22 08:00:00,55.29999999998836,13.8,10.2,1001.1,5,7.7,11,22,7,8
2017-11-22 09:00:00,62.5,14.0,10.2,1000.5,4,8.8,11,22,1,9
2017-11-22 10:00:00,61.69999999995344,14.8,9.8,1000.4,5,9.3,11,22,2,10
2017-11-22 11:00:00,65.09999999997672,14.8,9.6,999.8,4,8.2,11,22,3,11
2017-11-22 12:00:00,71.20000000001164,14.5,9.7,998.8,4,8.2,11,22,4,12
2017-11-22 13:00:00,76.09999999997672,14.9,9.9,997.4,5,7.7,11,22,5,13
2017-11-22 14:00:00,72.29999999998836,14.7,9.6,997.1,4,7.7,11,22,6,14
2017-11-22 15:00:00,75.60000000003492,14.2,9.2,996.2,4,7.2,11,22,7,15
2017-11-22 16:00:00,76.79999999998836,14.0,8.9,995.0,4,7.7,11,22,1,16
2017-11-22 17:00:00,77.19999999995345,13.5,7.0,993.9,4,8.2,11,22,2,17
2017-11-22 18:00:00,89.80000000004654,14.2,6.7,992.8,4,8.2,11,22,3,18
2017-11-22 19:00:00,91.29999999998836,15.2,7.3,991.7,4,10.3,11,22,4,19
2017-11-22 20:00:00,81.90000000002328,15.6,7.6,990.9,4,9.8,11,22,5,20
2017-11-22 21:00:00,77.20000000001164,15.4,8.8,990.7,4,10.8,11,22,6,21
2017-11-22 22:00:00,78.0,15.2,10.2,990.0,4,10.3,11,22,7,22
2017-11-22 23:00:00,75.39999999996508,15.0,10.0,988.9,4,10.3,11,22,1,23
2017-11-23 00:00:00,73.70000000001164,15.4,9.5,988.4,4,12.9,11,23,2,0
2017-11-23 01:00:00,63.400000000023276,15.0,9.8,987.6,4,11.8,11,23,3,1
2017-11-23 02:00:00,54.70000000001164,14.9,10.0,987.1,4,11.3,11,23,4,2
2017-11-23 03:00:00,51.70000000001164,13.1,11.6,986.5,5,7.7,11,23,5,3
2017-11-23 04:00:00,46.0,13.0,11.6,986.6,5,7.7,11,23,6,4
2017-11-23 05:00:00,39.599999999976724,12.9,11.3,987.7,5,6.2,11,23,7,5
2017-11-23 06:00:00,38.79999999998836,12.5,10.1,989.2,5,8.2,11,23,1,6
2017-11-23 07:00:00,40.79999999998836,12.8,10.1,990.6,5,6.7,11,23,2,7
2017-11-23 08:00:00,56.0,9.6,4.6,994.2,6,8.8,11,23,3,8
2017-11-23 09:00:00,66.79999999998836,8.3,3.7,996.2,6,7.7,11,23,4,9
2017-11-23 10:00:00,70.20000000001164,9.3,3.2,998.4,6,6.7,11,23,5,10
2017-11-23 11:00:00,73.19999999995345,10.4,3.3,999.2,5,8.8,11,23,6,11
2017-11-23 12:00:00,68.80000000004655,11.2,3.2,1000.1,5,9.3,11,23,7,12
2017-11-23 13:00:00,73.29999999998836,11.3,2.5,1000.7,5,9.3,11,23,1,13
2017-11-23 14:00:00,72.0,11.6,1.7,1001.1,5,10.3,11,23,2,14
2017-11-23 15:00:00,70.09999999997672,11.4,2.4,1002.2,5,9.8,11,23,3,15
2017-11-23 16:00:00,72.0,10.5,2.6,1003.1,5,7.2,11,23,4,16
2017-11-23 17:00:00,75.5,10.5,2.5,1004.1,5,7.2,11,23,5,17
2017-11-23 18:00:00,82.20000000001164,10.1,2.8,1005.0,6,6.7,11,23,6,18
2017-11-23 19:00:00,93.69999999995345,9.3,2.8,1005.6,5,4.6,11,23,7,19
2017-11-23 20:00:00,92.40000000002328,9.2,3.6,1006.4,6,4.6,11,23,1,20
2017-11-23 21:00:00,83.59999999997672,7.9,3.6,1006.8,6,4.1,11,23,2,21
2017-11-23 22:00:00,80.79999999998836,8.4,4.2,1006.8,5,4.1,11,23,3,22
2017-11-23 23:00:00,79.79999999998836,8.1,3.4,1006.3,5,4.1,11,23,4,23
2017-11-24 00:00:00,72.09999999997672,7.7,3.6,1005.9,5,2.1,11,24,5,0
2017-11-24 01:00:00,58.29999999998836,6.8,3.5,1006.1,5,2.1,11,24,6,1
2017-11-24 02:00:00,53.0,6.5,3.7,1006.3,5,2.1,11,24,7,2
2017-11-24 03:00:00,50.900000000023276,6.5,4.1,1006.7,6,2.1,11,24,1,3
2017-11-24 04:00:00,49.20000000001164,5.8,3.0,1007.1,6,2.1,11,24,2,4
2017-11-24 05:00:00,45.900000000023276,6.5,3.9,1007.7,6,2.6,11,24,3,5
2017-11-24 06:00:00,41.60000000003493,6.4,4.0,1008.5,6,2.1,11,24,4,6
2017-11-24 07:00:00,42.10000000003493,6.5,4.3,1009.3,6,2.6,11,24,5,7
2017-11-24 08:00:00,54.400000000023276,6.0,3.8,1009.8,6,2.1,11,24,6,8
2017-11-24 09:00:00,67.10000000003492,6.6,4.1,1010.4,7,2.6,11,24,7,9
2017-11-24 10:00:00,69.69999999995345,6.1,3.3,1011.6,6,1.5,11,24,1,10
2017-11-24 11:00:00,68.89999999996508,6.7,3.2,1011.9,6,1.0,11,24,2,11
2017-11-24 12:00:00,71.79999999998836,7.1,2.1,1012.1,6,1.0,11,24,3,12
2017-11-24 13:00:00,81.5,7.5,1.7,1012.1,7,1.0,11,24,4,13
2017-11-24 14:00:00,78.09999999997672,7.4,0.5,1012.1,7,2.1,11,24,5,14
2017-11-24 15:00:00,73.40000000002328,7.1,2.0,1012.2,7,1.5,11,24,6,15
2017-11-24 16:00:00,74.40000000002328,6.6,1.6,1012.7,7,1.0,11,24,7,16
2017-11-24 17:00:00,69.29999999998836,5.3,1.9,1012.6,7,1.0,11,24,1,17
2017-11-24 18:00:00,76.70000000001164,4.5,1.8,1012.8,7,1.5,11,24,2,18
2017-11-24 19:00:00,80.29999999998836,3.6,1.8,1013.1,7,1.5,11,24,3,19
2017-11-24 20:00:00,86.5,3.4,2.1,1013.1,6,1.5,11,24,4,20
2017-11-24 21:00:00,76.5,2.1,0.8,1013.3,6,0.5,11,24,5,21
2017-11-24 22:00:00,73.80000000004655,1.6,0.7,1013.0,6,0.5,11,24,6,22
2017-11-24 23:00:00,75.39999999996508,1.5,0.6,1013.3,7,2.1,11,24,7,23
2017-11-25 00:00:00,76.90000000002328,1.0,0.6,1013.2,6,1.0,11,25,1,0
2017-11-25 01:00:00,66.5,0.4,0.0,1013.0,6,1.5,11,25,2,1
2017-11-25 02:00:00,62.70000000001164,-0.9,-2.0,1012.8,5,1.5,11,25,3,2
2017-11-25 03:00:00,63.29999999998836,-1.0,-1.6,1012.8,6,2.1,11,25,4,3
2017-11-25 04:00:00,58.29999999998836,-0.3,-0.8,1012.9,6,1.5,11,25,5,4
2017-11-25 05:00:00,50.60000000003493,0.9,0.3,1013.1,6,2.1,11,25,6,5
2017-11-25 06:00:00,51.20000000001164,1.5,0.7,1013.6,6,0.5,11,25,7,6
2017-11-25 07:00:00,50.20000000001164,1.3,0.1,1014.1,6,2.1,11,25,1,7
2017-11-25 08:00:00,51.599999999976724,1.4,0.3,1015.0,6,3.1,11,25,2,8
2017-11-25 09:00:00,61.099999999976724,1.6,0.3,1015.7,6,3.1,11,25,3,9
2017-11-25 10:00:00,66.90000000002328,3.6,1.0,1016.3,6,5.1,11,25,4,10
2017-11-25 11:00:00,75.5,4.8,1.1,1016.5,6,6.2,11,25,5,11
2017-11-25 12:00:00,76.5,6.3,0.6,1016.8,6,5.1,11,25,6,12
2017-11-25 13:00:00,91.29999999998836,7.3,0.2,1016.8,6,6.2,11,25,7,13
2017-11-25 14:00:00,93.09999999997672,7.6,0.1,1017.2,6,6.2,11,25,1,14
2017-11-25 15:00:00,81.60000000003492,6.8,0.0,1017.6,6,6.7,11,25,2,15
2017-11-25 16:00:00,81.70000000001164,6.3,0.2,1017.9,6,4.6,11,25,3,16
2017-11-25 17:00:00,79.20000000001164,5.4,0.5,1018.5,6,4.6,11,25,4,17
2017-11-25 18:00:00,90.40000000002328,4.7,0.5,1019.2,6,4.1,11,25,5,18
2017-11-25 19:00:00,94.79999999998836,3.1,0.2,1019.8,6,4.6,11,25,6,19
2017-11-25 20:00:00,95.79999999998836,3.3,0.3,1020.3,6,5.1,11,25,7,20
2017-11-25 21:00:00,90.29999999998836,2.5,-0.1,1020.5,6,4.1,11,25,1,21
2017-11-25 22:00:00,81.79999999998836,2.3,0.0,1020.9,6,4.6,11,25,2,22
2017-11-25 23:00:00,83.60000000003492,2.5,0.0,1021.4,6,5.7,11,25,3,23
2017-11-26 00:00:00,80.19999999995345,2.8,0.2,1021.6,6,5.1,11,26,4,0
2017-11-26 01:00:00,76.70000000001164,2.7,0.2,1021.6,6,4.6,11,26,5,1
2017-11-26 02:00:00,66.79999999998836,2.1,0.1,1021.9,6,4.6,11,26,6,2
2017-11-26 03:00:00,61.400000000023276,2.0,0.0,1022.3,6,5.1,11,26,7,3
2017-11-26 04:00:00,57.0,1.5,0.0,1022.2,6,5.1,11,26,1,4
2017-11-26 05:00:00,53.599999999976724,1.7,-0.1,1022.4,6,4.1,11,26,2,5
2017-11-26 06:00:00,50.599999999976724,1.4,-0.1,1022.8,6,4.6,11,26,3,6
2017-11-26 07:00:00,49.29999999998836,1.6,-0.2,1023.3,6,4.1,11,26,4,7
2017-11-26 08:00:00,51.60000000003493,2.1,0.3,1024.2,6,4.1,11,26,5,8
2017-11-26 09:00:00,61.900000000023276,2.9,0.7,1024.6,6,4.6,11,26,6,9
2017-11-26 10:00:00,68.39999999996508,4.5,1.1,1025.0,6,5.7,11,26,7,10
2017-11-26 11:00:00,73.59999999997672,6.0,1.4,1024.9,6,5.1,11,26,1,11
2017-11-26 12:00:00,78.20000000001164,7.0,0.8,1025.1,6,6.2,11,26,2,12
2017-11-26 13:00:00,92.29999999998836,7.8,1.0,1025.1,6,5.7,11,26,3,13
2017-11-26 14:00:00,101.0,7.8,1.2,1025.1,6,6.7,11,26,4,14
2017-11-26 15:00:00,86.20000000001164,7.2,1.4,1025.0,6,6.2,11,26,5,15
2017-11-26 16:00:00,87.39999999996508,6.2,1.6,1025.2,6,4.6,11,26,6,16
2017-11-26 17:00:00,90.20000000001164,5.4,1.5,1025.5,6,3.6,11,26,7,17
2017-11-26 18:00:00,105.0,5.5,1.8,1025.0,5,4.1,11,26,1,18
2017-11-26 19:00:00,100.59999999997672,4.5,1.5,1025.0,5,4.1,11,26,2,19
2017-11-26 20:00:00,109.0,4.3,1.7,1025.0,5,3.6,11,26,3,20
2017-11-26 21:00:00,101.79999999998836,4.6,2.7,1024.5,5,4.1,11,26,4,21
2017-11-26 22:00:00,93.70000000001164,4.7,3.0,1024.2,5,4.6,11,26,5,22
2017-11-26 23:00:00,90.89999999996508,4.9,4.4,1023.1,4,3.1,11,26,6,23
2017-11-27 00:00:00,81.70000000001164,5.4,4.8,1022.1,5,4.6,11,27,7,0
2017-11-27 01:00:00,70.90000000002328,7.1,5.6,1020.9,5,6.2,11,27,1,1
2017-11-27 02:00:00,67.70000000001164,7.7,6.0,1020.0,5,6.7,11,27,2,2
2017-11-27 03:00:00,59.60000000003493,8.0,6.5,1018.7,5,6.7,11,27,3,3
2017-11-27 04:00:00,55.900000000023276,8.1,6.9,1017.5,5,7.2,11,27,4,4
2017-11-27 05:00:00,50.300000000046566,8.8,7.0,1016.0,5,7.7,11,27,5,5
2017-11-27 06:00:00,49.0,9.4,7.2,1014.9,5,9.8,11,27,6,6
2017-11-27 07:00:00,52.29999999998836,9.7,7.9,1014.1,5,9.8,11,27,7,7
2017-11-27 08:00:00,66.70000000001164,9.6,8.7,1014.0,6,9.3,11,27,1,8
2017-11-27 09:00:00,80.20000000001164,10.0,8.5,1013.8,5,7.2,11,27,2,9
2017-11-27 10:00:00,75.89999999996508,10.2,8.2,1013.5,6,7.2,11,27,3,10
2017-11-27 11:00:00,72.90000000002328,9.7,6.9,1013.7,6,6.7,11,27,4,11
2017-11-27 12:00:00,67.79999999998836,9.6,6.5,1013.0,6,7.2,11,27,5,12
2017-11-27 13:00:00,81.39999999996508,9.9,5.7,1012.0,6,6.7,11,27,6,13
2017-11-27 14:00:00,84.40000000002328,10.1,5.4,1011.3,6,6.2,11,27,7,14
2017-11-27 15:00:00,79.0,9.5,4.8,1010.8,6,6.2,11,27,1,15
2017-11-27 16:00:00,78.59999999997672,8.0,4.8,1011.0,6,8.2,11,27,2,16
2017-11-27 17:00:00,81.79999999998836,7.8,5.4,1010.7,6,5.1,11,27,3,17
2017-11-27 18:00:00,91.0,7.8,5.1,1010.7,6,4.6,11,27,4,18
2017-11-27 19:00:00,93.20000000001164,7.4,4.0,1010.1,6,4.6,11,27,5,19
2017-11-27 20:00:00,102.90000000002328,7.2,3.4,1010.2,6,4.1,11,27,6,20
2017-11-27 21:00:00,89.30000000004654,6.7,2.8,1009.9,6,4.1,11,27,7,21
2017-11-27 22:00:00,90.39999999996508,6.4,3.2,1009.7,6,5.7,11,27,1,22
2017-11-27 23:00:00,88.09999999997672,5.9,3.1,1009.6,6,4.6,11,27,2,23
2017-11-28 00:00:00,83.5,3.8,1.8,1009.7,6,4.1,11,28,3,0
2017-11-28 01:00:00,69.10000000003492,4.2,2.4,1009.4,6,3.6,11,28,4,1
2017-11-28 02:00:00,59.79999999998836,2.8,1.3,1009.2,6,4.1,11,28,5,2
2017-11-28 03:00:00,52.0,2.8,1.3,1008.9,6,3.1,11,28,6,3
2017-11-28 04:00:00,44.400000000023276,3.1,2.0,1008.3,6,4.1,11,28,7,4
2017-11-28 05:00:00,43.79999999998836,4.2,2.8,1008.2,6,4.1,11,28,1,5
2017-11-28 06:00:00,45.60000000003493,2.9,1.6,1008.2,6,3.6,11,28,2,6
2017-11-28 07:00:00,47.0,3.3,2.2,1008.2,6,3.1,11,28,3,7
2017-11-28 08:00:00,64.19999999995345,4.1,3.2,1008.4,6,3.1,11,28,4,8
2017-11-28 09:00:00,79.0,4.9,3.5,1008.8,7,2.1,11,28,5,9
2017-11-28 10:00:00,77.79999999998836,5.2,3.1,1009.2,7,2.6,11,28,6,10
2017-11-28 11:00:00,84.30000000004655,6.1,2.5,1009.1,7,4.1,11,28,7,11
2017-11-28 12:00:00,83.79999999998836,6.4,1.7,1008.9,7,5.7,11,28,1,12
2017-11-28 13:00:00,89.0,6.2,0.4,1008.2,7,4.6,11,28,2,13
2017-11-28 14:00:00,81.09999999997672,6.8,-0.9,1008.2,7,4.6,11,28,3,14
2017-11-28 15:00:00,76.10000000003492,6.3,-0.6,1008.2,7,4.6,11,28,4,15
2017-11-28 16:00:00,85.60000000003492,5.5,-0.3,1008.3,7,2.6,11,28,5,16
2017-11-28 17:00:00,88.69999999995346,5.2,0.5,1008.6,7,2.6,11,28,6,17
2017-11-28 18:00:00,103.09999999997672,4.2,0.2,1008.5,7,3.1,11,28,7,18
2017-11-28 19:00:00,104.10000000003492,4.1,0.2,1008.8,7,2.6,11,28,1,19
2017-11-28 20:00:00,103.90000000002328,4.3,0.5,1009.1,7,3.1,11,28,2,20
2017-11-28 21:00:00,99.70000000001164,3.6,0.6,1009.0,7,3.1,11,28,3,21
2017-11-28 22:00:00,95.69999999995345,3.3,0.6,1009.3,7,3.6,11,28,4,22
2017-11-28 23:00:00,89.40000000002328,2.8,0.1,1009.3,7,3.1,11,28,5,23
2017-11-29 00:00:00,85.79999999998836,2.6,0.0,1009.1,7,3.1,11,29,6,0
2017-11-29 01:00:00,72.5,2.3,-0.2,1009.1,7,4.1,11,29,7,1
2017-11-29 02:00:00,66.79999999998836,2.3,-0.2,1009.2,7,3.6,11,29,1,2
2017-11-29 03:00:00,69.10000000003492,2.1,-0.2,1009.1,7,3.1,11,29,2,3
2017-11-29 04:00:00,57.0,2.0,-0.2,1009.0,7,3.1,11,29,3,4
2017-11-29 05:00:00,52.399999999965075,1.9,-0.3,1008.9,7,3.1,11,29,4,5
2017-11-29 06:00:00,51.10000000003493,2.1,-0.3,1008.9,7,4.6,11,29,5,6
2017-11-29 07:00:00,53.5,2.0,-0.4,1009.3,7,4.1,11,29,6,7
2017-11-29 08:00:00,68.89999999996508,2.1,-0.3,1009.6,7,3.6,11,29,7,8
2017-11-29 09:00:00,82.0,3.1,0.0,1010.0,7,3.6,11,29,1,9
2017-11-29 10:00:00,87.0,4.0,0.3,1010.1,7,4.1,11,29,2,10
2017-11-29 11:00:00,89.29999999998836,4.7,0.8,1010.1,7,4.1,11,29,3,11
2017-11-29 12:00:00,98.20000000001164,5.1,1.1,1010.2,0,5.1,11,29,4,12
2017-11-29 13:00:00,103.09999999997672,5.5,1.5,1010.1,0,3.6,11,29,5,13
2017-11-29 14:00:00,102.29999999998836,6.0,1.6,1010.3,0,4.6,11,29,6,14
2017-11-29 15:00:00,99.29999999998836,6.1,1.6,1010.7,0,5.7,11,29,7,15
2017-11-29 16:00:00,102.59999999997672,6.1,1.8,1011.3,0,3.6,11,29,1,16
2017-11-29 17:00:00,98.59999999997672,5.8,1.9,1011.9,7,3.1,11,29,2,17
2017-11-29 18:00:00,99.80000000004655,5.7,1.8,1012.5,0,3.6,11,29,3,18
2017-11-29 19:00:00,108.90000000002328,5.4,1.7,1013.1,0,4.6,11,29,4,19
2017-11-29 20:00:00,118.20000000001164,5.2,1.5,1013.5,0,4.6,11,29,5,20
2017-11-29 21:00:00,109.0,4.7,1.1,1013.7,0,4.1,11,29,6,21
2017-11-29 22:00:00,102.70000000001164,3.6,0.4,1013.8,7,3.6,11,29,7,22
2017-11-29 23:00:00,92.0,2.9,-0.4,1014.0,7,3.6,11,29,1,23
2017-11-30 00:00:00,96.10000000003492,2.1,-1.1,1014.0,7,3.1,11,30,2,0
2017-11-30 01:00:00,76.5,1.4,-1.8,1013.8,7,3.1,11,30,3,1
2017-11-30 02:00:00,70.79999999998836,1.2,-2.0,1013.5,6,3.6,11,30,4,2
2017-11-30 03:00:00,66.90000000002328,0.7,-2.5,1013.4,6,3.6,11,30,5,3
2017-11-30 04:00:00,64.09999999997672,0.3,-2.8,1012.9,6,3.1,11,30,6,4
2017-11-30 05:00:00,60.79999999998836,-0.3,-2.9,1012.5,6,2.1,11,30,7,5
2017-11-30 06:00:00,56.10000000003493,-0.1,-3.2,1012.4,6,3.1,11,30,1,6
2017-11-30 07:00:00,55.900000000023276,0.3,-3.3,1012.3,6,3.6,11,30,2,7
2017-11-30 08:00:00,74.40000000002328,0.4,-3.6,1012.5,7,4.1,11,30,3,8
2017-11-30 09:00:00,87.20000000001164,0.8,-3.9,1012.3,7,5.1,11,30,4,9
2017-11-30 10:00:00,88.90000000002328,1.9,-3.8,1012.1,7,5.1,11,30,5,10
2017-11-30 11:00:00,85.90000000002328,2.9,-3.5,1012.0,7,5.1,11,30,6,11
2017-11-30 12:00:00,85.90000000002328,3.1,-3.5,1011.4,7,5.1,11,30,7,12
2017-11-30 13:00:00,91.10000000003492,3.9,-3.5,1011.1,7,5.1,11,30,1,13
2017-11-30 14:00:00,90.90000000002328,3.7,-3.5,1011.1,7,5.7,11,30,2,14
2017-11-30 15:00:00,95.59999999997672,3.4,-3.5,1011.2,7,5.1,11,30,3,15
2017-11-30 16:00:00,98.09999999997672,3.1,-3.2,1011.5,7,4.1,11,30,4,16
2017-11-30 17:00:00,103.89999999996508,3.0,-3.3,1011.7,7,4.1,11,30,5,17
2017-11-30 18:00:00,117.09999999997672,3.0,-3.4,1011.9,7,4.6,11,30,6,18
2017-11-30 19:00:00,117.70000000001164,3.1,-2.9,1012.1,7,4.1,11,30,7,19
2017-11-30 20:00:00,115.10000000003492,3.0,-1.5,1012.5,0,6.2,11,30,1,20
2017-11-30 21:00:00,112.39999999996508,2.9,-1.2,1012.9,7,5.1,11,30,2,21
2017-11-30 22:00:00,109.39999999996508,2.8,-1.0,1013.2,7,3.6,11,30,3,22
2017-11-30 23:00:00,110.5,2.8,-1.1,1013.6,7,4.6,11,30,4,23
2017-12-01 00:00:00,95.5,3.0,-0.8,1014.0,0,4.6,12,1,5,0
2017-12-01 01:00:00,84.5,3.0,-0.7,1014.1,0,4.1,12,1,6,1
2017-12-01 02:00:00,83.09999999997672,3.1,-0.3,1014.6,0,5.1,12,1,7,2
2017-12-01 03:00:00,78.09999999997672,3.3,-0.1,1015.3,0,4.6,12,1,1,3
2017-12-01 04:00:00,71.09999999997672,3.0,-0.1,1015.7,0,4.6,12,1,2,4
2017-12-01 05:00:00,66.29999999998836,2.8,0.0,1016.3,0,4.6,12,1,3,5
2017-12-01 06:00:00,62.5,3.1,0.1,1017.3,0,5.1,12,1,4,6
2017-12-01 07:00:00,60.400000000023276,3.2,0.2,1018.0,0,4.1,12,1,5,7
2017-12-01 08:00:00,72.0,3.7,0.2,1019.1,0,4.6,12,1,6,8
2017-12-01 09:00:00,87.59999999997672,3.5,0.6,1019.9,0,4.6,12,1,7,9
2017-12-01 10:00:00,95.60000000003492,4.3,0.7,1021.1,0,5.1,12,1,1,10
2017-12-01 11:00:00,95.30000000004655,4.8,0.8,1021.9,0,5.1,12,1,2,11
2017-12-01 12:00:00,95.79999999998836,6.1,0.6,1021.9,0,4.6,12,1,3,12
2017-12-01 13:00:00,99.89999999996508,6.9,-0.8,1022.5,0,5.7,12,1,4,13
2017-12-01 14:00:00,93.09999999997672,6.8,-0.5,1022.8,0,4.6,12,1,5,14
2017-12-01 15:00:00,86.70000000001164,6.3,0.5,1023.3,0,4.6,12,1,6,15
2017-12-01 16:00:00,95.5,5.4,1.1,1024.1,0,3.6,12,1,7,16
2017-12-01 17:00:00,102.89999999996508,5.3,1.4,1024.7,0,4.1,12,1,1,17
2017-12-01 18:00:00,110.89999999996508,4.9,1.4,1025.1,0,3.1,12,1,2,18
2017-12-01 19:00:00,107.10000000003492,5.0,1.7,1025.7,0,3.6,12,1,3,19
2017-12-01 20:00:00,103.80000000004655,4.8,1.6,1025.9,0,3.1,12,1,4,20
2017-12-01 21:00:00,95.39999999996508,4.5,1.4,1026.3,0,3.6,12,1,5,21
2017-12-01 22:00:00,94.0,4.0,1.1,1026.4,0,3.6,12,1,6,22
2017-12-01 23:00:00,95.90000000002328,3.6,1.0,1026.5,7,3.1,12,1,7,23
2017-12-02 00:00:00,82.70000000001164,3.0,0.5,1026.9,7,1.5,12,2,1,0
2017-12-02 01:00:00,86.90000000002328,3.0,0.7,1026.9,7,2.1,12,2,2,1
2017-12-02 02:00:00,85.5,3.0,0.5,1027.1,7,1.0,12,2,3,2
2017-12-02 03:00:00,82.20000000001164,3.1,0.4,1027.5,6,1.5,12,2,4,3
2017-12-02 04:00:00,72.79999999998836,3.3,0.3,1027.4,7,1.0,12,2,5,4
2017-12-02 05:00:00,67.0,2.6,0.4,1027.3,6,1.5,12,2,6,5
2017-12-02 06:00:00,64.59999999997672,2.9,0.5,1027.0,6,2.1,12,2,7,6
2017-12-02 07:00:00,61.900000000023276,3.1,0.0,1027.5,7,2.1,12,2,1,7
2017-12-02 08:00:00,63.099999999976724,2.9,0.1,1027.6,6,1.5,12,2,2,8
2017-12-02 09:00:00,73.79999999998836,3.0,0.1,1028.0,6,1.5,12,2,3,9
2017-12-02 10:00:00,81.20000000001164,3.8,0.0,1028.3,6,1.5,12,2,4,10
2017-12-02 11:00:00,86.89999999996508,4.6,0.4,1028.1,6,1.5,12,2,5,11
2017-12-02 12:00:00,86.59999999997672,5.7,1.0,1027.7,5,2.1,12,2,6,12
2017-12-02 13:00:00,85.90000000002328,5.8,1.5,1027.2,6,3.1,12,2,7,13
2017-12-02 14:00:00,88.29999999998836,5.6,3.3,1026.8,5,2.6,12,2,1,14
2017-12-02 15:00:00,87.79999999998836,5.6,3.1,1026.7,6,2.6,12,2,2,15
2017-12-02 16:00:00,89.70000000001164,5.6,3.6,1026.7,6,4.1,12,2,3,16
2017-12-02 17:00:00,97.0,5.6,4.3,1026.5,6,3.6,12,2,4,17
2017-12-02 18:00:00,98.60000000003492,5.6,4.7,1026.5,6,3.1,12,2,5,18
2017-12-02 19:00:00,98.69999999995345,5.7,5.0,1026.5,5,2.6,12,2,6,19
2017-12-02 20:00:00,93.59999999997672,5.9,5.5,1026.5,5,2.6,12,2,7,20
2017-12-02 21:00:00,92.20000000001164,6.1,5.5,1026.4,6,3.1,12,2,1,21
2017-12-02 22:00:00,90.79999999998836,6.3,5.7,1026.3,6,3.1,12,2,2,22
2017-12-02 23:00:00,84.0,6.6,5.8,1026.2,6,3.1,12,2,3,23
2017-12-03 00:00:00,83.0,6.6,5.8,1026.1,6,3.1,12,3,4,0
2017-12-03 01:00:00,80.30000000004655,6.9,5.9,1025.7,6,3.6,12,3,5,1
2017-12-03 02:00:00,76.59999999997672,6.5,5.9,1025.4,6,3.1,12,3,6,2
2017-12-03 03:00:00,72.09999999997672,6.5,6.1,1025.3,6,3.1,12,3,7,3
2017-12-03 04:00:00,68.09999999997672,6.6,6.3,1024.9,6,3.1,12,3,1,4
2017-12-03 05:00:00,58.900000000023276,6.7,6.4,1025.0,6,2.6,12,3,2,5
2017-12-03 06:00:00,59.0,7.0,6.6,1025.3,6,2.6,12,3,3,6
2017-12-03 07:00:00,54.79999999998836,7.2,6.6,1025.4,6,3.1,12,3,4,7
2017-12-03 08:00:00,54.60000000003493,7.4,6.9,1025.8,6,2.1,12,3,5,8
2017-12-03 09:00:00,63.5,7.5,7.2,1026.2,6,3.1,12,3,6,9
2017-12-03 10:00:00,65.20000000001164,7.8,7.5,1026.7,6,3.1,12,3,7,10
2017-12-03 11:00:00,74.29999999998836,8.7,8.0,1026.9,6,3.1,12,3,1,11
2017-12-03 12:00:00,80.40000000002328,9.4,8.3,1026.7,6,3.1,12,3,2,12
2017-12-03 13:00:00,79.79999999998836,10.1,8.5,1026.8,7,3.1,12,3,3,13
2017-12-03 14:00:00,83.79999999998836,10.1,8.1,1026.8,7,2.1,12,3,4,14
2017-12-03 15:00:00,86.30000000004654,10.4,8.1,1027.0,7,2.1,12,3,5,15
2017-12-03 16:00:00,85.59999999997672,10.0,7.8,1027.6,7,2.6,12,3,6,16
2017-12-03 17:00:00,88.19999999995346,9.6,7.9,1028.0,7,2.1,12,3,7,17
2017-12-03 18:00:00,98.5,9.2,7.8,1028.3,7,2.1,12,3,1,18
2017-12-03 19:00:00,103.79999999998836,9.0,7.1,1028.7,7,2.6,12,3,2,19
2017-12-03 20:00:00,105.70000000001164,8.9,6.5,1029.3,6,2.6,12,3,3,20
2017-12-03 21:00:00,101.10000000003492,8.5,6.2,1029.4,7,2.6,12,3,4,21
2017-12-03 22:00:00,101.20000000001164,8.3,5.0,1030.1,7,2.1,12,3,5,22
2017-12-03 23:00:00,88.29999999998836,7.9,4.5,1030.2,7,2.6,12,3,6,23
2017-12-04 00:00:00,89.20000000001164,7.3,4.3,1030.6,6,3.1,12,4,7,0
2017-12-04 01:00:00,77.30000000004655,6.3,3.5,1030.8,6,3.1,12,4,1,1
2017-12-04 02:00:00,67.70000000001164,5.3,3.4,1031.0,6,2.6,12,4,2,2
2017-12-04 03:00:00,63.79999999998836,4.7,3.3,1031.3,6,3.6,12,4,3,3
2017-12-04 04:00:00,55.400000000023276,4.6,3.7,1031.1,6,2.6,12,4,4,4
2017-12-04 05:00:00,52.899999999965075,5.3,4.1,1031.2,6,2.6,12,4,5,5
2017-12-04 06:00:00,52.70000000001164,6.3,4.1,1031.5,6,2.6,12,4,6,6
2017-12-04 07:00:00,53.20000000001164,5.9,4.2,1031.9,6,2.6,12,4,7,7
2017-12-04 08:00:00,65.0,6.7,4.6,1032.4,6,3.1,12,4,1,8
2017-12-04 09:00:00,83.60000000003492,6.9,4.8,1033.1,6,2.6,12,4,2,9
2017-12-04 10:00:00,90.20000000001164,7.6,5.3,1033.5,7,2.1,12,4,3,10
2017-12-04 11:00:00,80.59999999997672,8.3,5.9,1033.9,6,2.1,12,4,4,11
2017-12-04 12:00:00,74.59999999997672,9.0,6.6,1033.7,7,2.6,12,4,5,12
2017-12-04 13:00:00,86.30000000004654,9.4,6.9,1033.7,7,3.1,12,4,6,13
2017-12-04 14:00:00,92.29999999998836,9.7,6.8,1033.7,6,2.6,12,4,7,14
2017-12-04 15:00:00,86.40000000002328,10.0,6.2,1033.7,7,3.1,12,4,1,15
2017-12-04 16:00:00,86.0,9.5,6.4,1034.3,6,2.6,12,4,2,16
2017-12-04 17:00:00,84.89999999996508,9.3,6.2,1034.7,7,3.1,12,4,3,17
2017-12-04 18:00:00,91.09999999997672,8.7,6.3,1035.1,6,2.6,12,4,4,18
2017-12-04 19:00:00,97.79999999998836,8.7,5.6,1035.5,6,2.6,12,4,5,19
2017-12-04 20:00:00,101.59999999997672,8.6,5.0,1035.6,6,3.1,12,4,6,20
2017-12-04 21:00:00,96.70000000001164,8.5,4.6,1035.8,6,2.6,12,4,7,21
2017-12-04 22:00:00,91.0,8.1,4.5,1036.0,6,3.1,12,4,1,22
2017-12-04 23:00:00,90.09999999997672,8.1,4.0,1036.2,6,2.6,12,4,2,23
2017-12-05 00:00:00,83.40000000002328,8.2,3.7,1036.2,7,1.5,12,5,3,0
2017-12-05 01:00:00,81.60000000003492,7.7,3.9,1036.0,6,2.1,12,5,4,1
2017-12-05 02:00:00,67.80000000004655,7.5,4.2,1035.8,6,2.1,12,5,5,2
2017-12-05 03:00:00,56.599999999976724,7.0,4.4,1035.8,6,3.1,12,5,6,3
2017-12-05 04:00:00,50.19999999995344,7.1,4.6,1035.7,6,3.1,12,5,7,4
2017-12-05 05:00:00,48.29999999998836,7.1,4.8,1035.9,6,3.1,12,5,1,5
2017-12-05 06:00:00,48.70000000001164,7.1,4.7,1036.1,6,2.6,12,5,2,6
2017-12-05 07:00:00,48.69999999995344,7.3,4.6,1036.2,6,3.1,12,5,3,7
2017-12-05 08:00:00,59.099999999976724,7.3,4.5,1036.5,6,2.6,12,5,4,8
2017-12-05 09:00:00,71.5,7.7,4.0,1036.5,6,4.1,12,5,5,9
2017-12-05 10:00:00,82.0,8.1,3.8,1036.5,6,4.6,12,5,6,10
2017-12-05 11:00:00,82.30000000004655,8.1,3.3,1036.4,6,4.6,12,5,7,11
2017-12-05 12:00:00,82.60000000003492,8.2,3.6,1036.1,6,4.1,12,5,1,12
2017-12-05 13:00:00,90.20000000001164,8.4,3.9,1035.7,6,4.1,12,5,2,13
2017-12-05 14:00:00,84.0,8.4,3.9,1035.0,6,5.1,12,5,3,14
2017-12-05 15:00:00,74.0,8.5,4.5,1034.8,5,4.6,12,5,4,15
2017-12-05 16:00:00,81.40000000002328,8.4,5.1,1034.8,5,4.1,12,5,5,16
2017-12-05 17:00:00,85.89999999996508,8.2,5.5,1034.7,5,4.1,12,5,6,17
2017-12-05 18:00:00,95.90000000002328,8.2,5.3,1034.4,5,4.6,12,5,7,18
2017-12-05 19:00:00,96.40000000002328,8.5,5.3,1034.4,5,4.6,12,5,1,19
2017-12-05 20:00:00,98.40000000002328,8.5,5.1,1034.4,5,4.6,12,5,2,20
2017-12-05 21:00:00,91.90000000002328,8.6,4.5,1034.2,5,5.1,12,5,3,21
2017-12-05 22:00:00,80.70000000001164,8.6,3.8,1033.9,5,5.7,12,5,4,22
2017-12-05 23:00:00,78.90000000002328,8.6,3.6,1033.8,5,5.1,12,5,5,23
2017-12-06 00:00:00,83.0,8.4,3.4,1033.5,5,4.6,12,6,6,0
2017-12-06 01:00:00,76.20000000001164,8.4,3.3,1032.9,5,4.6,12,6,7,1
2017-12-06 02:00:00,64.89999999996509,8.6,3.3,1032.4,5,4.1,12,6,1,2
2017-12-06 03:00:00,56.599999999976724,8.7,3.2,1032.0,5,4.1,12,6,2,3
2017-12-06 04:00:00,51.69999999995344,8.6,3.1,1031.4,5,4.1,12,6,3,4
2017-12-06 05:00:00,50.29999999998836,8.2,3.3,1031.0,5,3.6,12,6,4,5
2017-12-06 06:00:00,48.900000000023276,8.1,3.5,1030.7,6,3.1,12,6,5,6
2017-12-06 07:00:00,50.79999999998836,9.0,4.3,1030.4,5,4.1,12,6,6,7
2017-12-06 08:00:00,61.400000000023276,9.2,4.4,1030.2,4,4.1,12,6,7,8
2017-12-06 09:00:00,77.40000000002328,9.2,4.5,1029.9,5,4.6,12,6,1,9
2017-12-06 10:00:00,82.90000000002328,9.6,4.5,1029.5,5,4.1,12,6,2,10
2017-12-06 11:00:00,79.89999999996508,10.4,4.9,1028.9,5,5.1,12,6,3,11
2017-12-06 12:00:00,79.29999999998836,11.1,5.1,1027.9,5,5.1,12,6,4,12
2017-12-06 13:00:00,84.90000000002328,11.0,4.8,1027.2,5,5.1,12,6,5,13
2017-12-06 14:00:00,82.20000000001164,10.9,4.9,1026.4,5,5.1,12,6,6,14
2017-12-06 15:00:00,83.09999999997672,10.9,4.5,1025.4,5,5.1,12,6,7,15
2017-12-06 16:00:00,83.40000000002328,10.2,5.7,1024.9,4,5.7,12,6,1,16
2017-12-06 17:00:00,86.10000000003492,9.9,6.5,1024.0,4,5.7,12,6,2,17
2017-12-06 18:00:00,91.70000000001164,10.2,6.3,1023.3,5,7.7,12,6,3,18
2017-12-06 19:00:00,94.90000000002328,9.9,5.5,1022.5,4,7.7,12,6,4,19
2017-12-06 20:00:00,96.79999999998836,9.4,4.8,1022.0,5,8.8,12,6,5,20
2017-12-06 21:00:00,89.39999999996508,9.3,5.2,1021.2,4,7.7,12,6,6,21
2017-12-06 22:00:00,88.29999999998836,9.3,5.8,1020.1,4,5.7,12,6,7,22
2017-12-06 23:00:00,87.89999999996508,9.6,6.3,1018.6,5,7.7,12,6,1,23
2017-12-07 00:00:00,83.90000000002328,9.6,6.8,1017.7,4,5.7,12,7,2,0
2017-12-07 01:00:00,72.79999999998836,9.7,7.4,1016.1,4,9.3,12,7,3,1
2017-12-07 02:00:00,60.899999999965075,9.2,8.0,1015.2,4,6.7,12,7,4,2
2017-12-07 03:00:00,53.5,9.6,8.1,1013.5,4,7.7,12,7,5,3
2017-12-07 04:00:00,47.900000000023276,10.0,8.6,1012.2,4,8.8,12,7,6,4
2017-12-07 05:00:00,47.300000000046566,10.2,8.7,1010.9,4,8.2,12,7,7,5
2017-12-07 06:00:00,44.20000000001164,10.5,9.1,1009.6,4,8.8,12,7,1,6
2017-12-07 07:00:00,45.0,10.7,9.8,1008.8,4,8.2,12,7,2,7
2017-12-07 08:00:00,59.20000000001164,10.7,9.9,1007.9,4,6.7,12,7,3,8
2017-12-07 09:00:00,68.40000000002328,11.5,10.5,1007.0,5,8.2,12,7,4,9
2017-12-07 10:00:00,83.20000000001164,11.4,10.7,1006.3,4,7.7,12,7,5,10
2017-12-07 11:00:00,77.70000000001164,11.5,10.8,1005.9,5,7.7,12,7,6,11
2017-12-07 12:00:00,77.40000000002328,12.2,11.9,1005.2,5,6.7,12,7,7,12
2017-12-07 13:00:00,74.79999999998836,8.8,5.8,1007.2,7,5.7,12,7,1,13
2017-12-07 14:00:00,70.5,9.4,4.5,1008.0,7,6.2,12,7,2,14
2017-12-07 15:00:00,76.39999999996508,8.7,3.4,1008.0,7,4.1,12,7,3,15
2017-12-07 16:00:00,78.20000000001164,8.5,2.5,1009.6,6,4.6,12,7,4,16
2017-12-07 17:00:00,80.5,7.9,2.8,1010.3,6,3.6,12,7,5,17
2017-12-07 18:00:00,93.59999999997672,8.0,1.7,1010.9,6,5.1,12,7,6,18
2017-12-07 19:00:00,94.40000000002328,6.3,1.5,1011.7,6,6.2,12,7,7,19
2017-12-07 20:00:00,92.80000000004655,5.9,1.2,1012.3,6,5.7,12,7,1,20
2017-12-07 21:00:00,91.29999999998836,4.8,1.2,1012.7,6,5.1,12,7,2,21
2017-12-07 22:00:00,83.20000000001164,5.1,0.5,1013.0,6,4.6,12,7,3,22
2017-12-07 23:00:00,84.79999999998836,3.8,0.5,1013.0,6,5.1,12,7,4,23
2017-12-08 00:00:00,86.0,3.5,0.4,1012.9,6,5.1,12,8,5,0
2017-12-08 01:00:00,76.20000000001164,3.4,0.1,1012.7,5,5.1,12,8,6,1
2017-12-08 02:00:00,70.40000000002328,2.7,-0.1,1012.9,6,5.7,12,8,7,2
2017-12-08 03:00:00,66.59999999997672,2.8,-0.7,1012.5,6,5.7,12,8,1,3
2017-12-08 04:00:00,57.099999999976724,2.9,-1.8,1012.1,6,7.2,12,8,2,4
2017-12-08 05:00:00,54.599999999976724,3.1,-1.6,1011.9,6,7.2,12,8,3,5
2017-12-08 06:00:00,50.900000000023276,3.5,-1.4,1012.8,6,5.7,12,8,4,6
2017-12-08 07:00:00,56.79999999998836,3.0,-1.1,1013.6,6,4.1,12,8,5,7
2017-12-08 08:00:00,68.70000000001164,2.7,-0.6,1014.5,6,4.1,12,8,6,8
2017-12-08 09:00:00,81.60000000003492,2.6,-0.7,1015.4,6,5.7,12,8,7,9
2017-12-08 10:00:00,82.10000000003492,3.1,-1.1,1016.0,6,6.7,12,8,1,10
2017-12-08 11:00:00,85.59999999997672,3.3,0.1,1016.2,6,7.2,12,8,2,11
2017-12-08 12:00:00,88.09999999997672,4.4,-1.0,1016.5,6,7.2,12,8,3,12
2017-12-08 13:00:00,91.5,4.3,-2.3,1016.5,6,7.7,12,8,4,13
2017-12-08 14:00:00,94.0,4.5,-1.9,1016.9,7,6.7,12,8,5,14
2017-12-08 15:00:00,91.30000000004655,4.1,-2.9,1017.3,6,7.7,12,8,6,15
2017-12-08 16:00:00,91.29999999998836,3.1,-2.3,1017.5,6,5.7,12,8,7,16
2017-12-08 17:00:00,98.5,2.3,-2.2,1018.0,6,6.2,12,8,1,17
2017-12-08 18:00:00,101.20000000001164,1.7,-2.2,1018.2,6,4.1,12,8,2,18
2017-12-08 19:00:00,105.29999999998836,1.5,-1.5,1018.8,6,4.6,12,8,3,19
2017-12-08 20:00:00,104.09999999997672,1.1,-1.4,1018.5,6,5.1,12,8,4,20
2017-12-08 21:00:00,98.60000000003492,1.7,-2.2,1018.8,6,5.1,12,8,5,21
2017-12-08 22:00:00,87.29999999998836,1.4,-2.3,1018.8,6,5.1,12,8,6,22
2017-12-08 23:00:00,88.5,1.2,-2.2,1018.9,6,4.6,12,8,7,23
2017-12-09 00:00:00,83.5,1.0,-2.5,1019.2,6,4.6,12,9,1,0
2017-12-09 01:00:00,74.10000000003492,0.0,-2.7,1019.4,6,4.1,12,9,2,1
2017-12-09 02:00:00,70.39999999996508,0.7,-2.5,1019.1,6,5.1,12,9,3,2
2017-12-09 03:00:00,67.5,0.2,-2.5,1019.2,6,3.1,12,9,4,3
2017-12-09 04:00:00,65.0,-0.7,-3.0,1018.8,6,3.6,12,9,5,4
2017-12-09 05:00:00,57.20000000001164,-0.3,-2.3,1018.7,6,4.6,12,9,6,5
2017-12-09 06:00:00,55.099999999976724,-0.4,-2.6,1018.6,6,4.6,12,9,7,6
2017-12-09 07:00:00,56.60000000003493,-1.0,-2.8,1018.7,6,4.6,12,9,1,7
2017-12-09 08:00:00,56.29999999998836,-0.9,-2.9,1018.6,6,4.6,12,9,2,8
2017-12-09 09:00:00,67.70000000001164,0.2,-2.0,1018.6,5,3.1,12,9,3,9
2017-12-09 10:00:00,74.70000000001164,1.2,-1.8,1018.3,6,5.7,12,9,4,10
2017-12-09 11:00:00,76.59999999997672,2.4,-1.4,1017.6,6,5.1,12,9,5,11
2017-12-09 12:00:00,86.40000000002328,4.0,-0.9,1016.6,6,5.1,12,9,6,12
2017-12-09 13:00:00,92.79999999998836,3.5,-1.3,1015.8,6,3.6,12,9,7,13
2017-12-09 14:00:00,99.29999999998836,3.7,-1.0,1014.4,6,4.6,12,9,1,14
2017-12-09 15:00:00,98.79999999998836,3.3,-1.1,1013.5,6,5.1,12,9,2,15
2017-12-09 16:00:00,96.90000000002328,2.7,-0.9,1012.9,5,4.1,12,9,3,16
2017-12-09 17:00:00,96.29999999998836,2.0,-1.1,1012.3,5,3.6,12,9,4,17
2017-12-09 18:00:00,105.79999999998836,2.0,-1.0,1011.6,5,3.6,12,9,5,18
2017-12-09 19:00:00,102.0,2.4,-1.0,1010.7,5,3.1,12,9,6,19
2017-12-09 20:00:00,103.89999999996508,2.5,-1.2,1009.5,5,3.1,12,9,7,20
2017-12-09 21:00:00,91.70000000001164,2.5,-1.5,1008.4,5,3.1,12,9,1,21
2017-12-09 22:00:00,96.79999999998836,1.4,-2.3,1006.8,4,2.1,12,9,2,22
2017-12-09 23:00:00,92.5,0.1,-2.5,1005.1,4,1.5,12,9,3,23
2017-12-10 00:00:00,90.09999999997672,0.8,-2.0,1003.4,3,1.5,12,10,4,0
2017-12-10 01:00:00,82.5,1.0,-1.8,1001.0,0,0.0,12,10,5,1
2017-12-10 02:00:00,72.09999999997672,1.7,-1.9,998.2,2,3.6,12,10,6,2
2017-12-10 03:00:00,73.79999999998836,2.1,-0.8,995.4,3,4.1,12,10,7,3
2017-12-10 04:00:00,71.20000000001164,2.1,1.2,991.9,2,4.1,12,10,1,4
2017-12-10 05:00:00,56.599999999976724,2.3,1.9,988.6,2,5.1,12,10,2,5
2017-12-10 06:00:00,54.599999999976724,2.4,2.1,984.6,2,5.1,12,10,3,6
2017-12-10 07:00:00,52.400000000023276,1.9,1.3,980.9,2,6.2,12,10,4,7
2017-12-10 08:00:00,52.599999999976724,0.7,0.3,976.8,2,5.1,12,10,5,8
2017-12-10 09:00:00,61.70000000001164,0.5,0.3,974.6,1,3.1,12,10,6,9
2017-12-10 10:00:00,70.29999999998836,0.6,0.4,973.7,0,2.6,12,10,7,10
2017-12-10 11:00:00,80.09999999997672,0.8,0.6,973.0,1,2.1,12,10,1,11
2017-12-10 12:00:00,90.5,0.8,0.5,972.0,2,2.6,12,10,2,12
2017-12-10 13:00:00,91.0,0.7,0.4,973.8,7,2.6,12,10,3,13
2017-12-10 14:00:00,92.0,0.6,0.4,975.8,6,4.1,12,10,4,14
2017-12-10 15:00:00,88.29999999998836,1.1,0.8,977.0,6,4.1,12,10,5,15
2017-12-10 16:00:00,93.89999999996508,1.2,0.7,978.1,6,2.6,12,10,6,16
2017-12-10 17:00:00,96.80000000004655,1.4,0.7,978.9,6,2.6,12,10,7,17
2017-12-10 18:00:00,104.5,1.3,0.7,979.5,6,1.5,12,10,1,18
2017-12-10 19:00:00,111.70000000001164,1.0,0.6,980.0,6,1.5,12,10,2,19
2017-12-10 20:00:00,112.29999999998836,1.2,0.7,980.5,1,1.5,12,10,3,20
2017-12-10 21:00:00,104.0,1.4,0.8,980.7,1,2.1,12,10,4,21
2017-12-10 22:00:00,103.09999999997672,1.4,0.9,981.1,1,2.6,12,10,5,22
2017-12-10 23:00:00,99.29999999998836,1.3,0.9,981.0,1,3.1,12,10,6,23
2017-12-11 00:00:00,101.10000000003492,1.3,1.0,981.8,1,2.1,12,11,7,0
2017-12-11 01:00:00,91.90000000002328,1.1,0.8,981.1,1,2.6,12,11,1,1
2017-12-11 02:00:00,78.5,1.1,0.8,981.7,1,2.6,12,11,2,2
2017-12-11 03:00:00,65.29999999998836,1.0,0.7,981.1,1,3.6,12,11,3,3
2017-12-11 04:00:00,58.899999999965075,0.9,0.7,979.5,1,3.6,12,11,4,4
2017-12-11 05:00:00,54.400000000023276,1.4,0.9,978.7,1,4.6,12,11,5,5
2017-12-11 06:00:00,51.79999999998836,2.0,1.2,978.7,1,5.1,12,11,6,6
2017-12-11 07:00:00,54.20000000001164,2.0,1.1,979.2,1,6.2,12,11,7,7
2017-12-11 08:00:00,67.29999999998836,2.5,1.5,979.5,1,6.7,12,11,1,8
2017-12-11 09:00:00,85.79999999998836,2.5,1.6,980.2,1,6.7,12,11,2,9
2017-12-11 10:00:00,94.0,2.5,1.7,980.7,0,5.1,12,11,3,10
2017-12-11 11:00:00,88.60000000003492,2.4,1.6,981.7,0,6.2,12,11,4,11
2017-12-11 12:00:00,93.89999999996508,2.1,1.4,982.5,0,6.2,12,11,5,12
2017-12-11 13:00:00,108.69999999995345,2.2,1.3,983.5,0,5.7,12,11,6,13
2017-12-11 14:00:00,107.79999999998836,3.0,0.9,984.4,0,5.1,12,11,7,14
2017-12-11 15:00:00,108.29999999998836,3.4,0.1,985.8,0,5.7,12,11,1,15
2017-12-11 16:00:00,106.90000000002328,2.8,-0.7,987.4,0,5.1,12,11,2,16
2017-12-11 17:00:00,112.5,2.3,-1.1,989.1,7,4.6,12,11,3,17
2017-12-11 18:00:00,125.09999999997672,1.6,-1.0,991.0,7,4.1,12,11,4,18
2017-12-11 19:00:00,129.5,1.3,-1.6,992.7,7,3.6,12,11,5,19
2017-12-11 20:00:00,120.0,0.9,-2.3,994.4,7,4.1,12,11,6,20
2017-12-11 21:00:00,120.70000000001164,0.6,-3.3,996.2,6,4.1,12,11,7,21
2017-12-11 22:00:00,119.20000000001164,0.1,-3.8,997.4,6,4.6,12,11,1,22
2017-12-11 23:00:00,112.70000000001164,-0.5,-3.3,998.3,7,5.1,12,11,2,23
2017-12-12 00:00:00,91.79999999998836,-0.8,-3.2,999.4,7,3.6,12,12,3,0
2017-12-12 01:00:00,90.0,-1.2,-3.3,1000.3,6,2.6,12,12,4,1
2017-12-12 02:00:00,79.0,-1.5,-3.5,1001.9,7,3.1,12,12,5,2
2017-12-12 03:00:00,79.29999999998836,-3.1,-4.1,1003.2,6,2.6,12,12,6,3
2017-12-12 04:00:00,74.90000000002328,-1.8,-3.5,1004.3,6,3.1,12,12,7,4
2017-12-12 05:00:00,67.79999999998836,-2.2,-3.1,1005.4,6,3.1,12,12,1,5
2017-12-12 06:00:00,66.89999999996508,-2.2,-3.1,1005.7,6,2.1,12,12,2,6
2017-12-12 07:00:00,68.0,-2.3,-3.2,1006.8,6,2.6,12,12,3,7
2017-12-12 08:00:00,75.90000000002328,-2.9,-4.1,1008.3,6,3.1,12,12,4,8
2017-12-12 09:00:00,89.20000000001164,-1.9,-2.7,1009.1,6,3.6,12,12,5,9
2017-12-12 10:00:00,93.0,0.3,-1.7,1009.4,4,2.1,12,12,6,10
2017-12-12 11:00:00,91.29999999998836,1.6,-1.2,1010.2,5,2.1,12,12,7,11
2017-12-12 12:00:00,95.70000000001164,3.0,-0.3,1009.9,5,2.1,12,12,1,12
2017-12-12 13:00:00,101.0,4.1,0.0,1009.8,6,2.6,12,12,2,13
2017-12-12 14:00:00,102.0,4.2,0.3,1009.7,4,3.1,12,12,3,14
2017-12-12 15:00:00,98.10000000003492,3.6,0.1,1010.1,4,3.1,12,12,4,15
2017-12-12 16:00:00,103.19999999995345,3.6,0.0,1010.2,5,3.6,12,12,5,16
2017-12-12 17:00:00,110.79999999998836,3.1,0.2,1009.8,4,3.1,12,12,6,17
2017-12-12 18:00:00,120.29999999998836,2.9,0.1,1009.5,4,3.6,12,12,7,18
2017-12-12 19:00:00,122.29999999998836,3.8,1.0,1009.2,4,3.6,12,12,1,19
2017-12-12 20:00:00,117.20000000001164,3.6,1.1,1008.8,4,2.6,12,12,2,20
2017-12-12 21:00:00,109.20000000001164,4.9,2.2,1008.0,4,4.1,12,12,3,21
2017-12-12 22:00:00,105.79999999998836,5.5,3.9,1006.8,4,3.1,12,12,4,22
2017-12-12 23:00:00,100.10000000003492,6.1,5.0,1006.0,4,4.1,12,12,5,23
2017-12-13 00:00:00,91.20000000001164,5.9,4.9,1004.6,4,5.1,12,13,6,0
2017-12-13 01:00:00,80.40000000002328,6.6,6.3,1003.3,4,5.7,12,13,7,1
2017-12-13 02:00:00,76.5,7.5,7.2,1002.0,4,5.7,12,13,1,2
2017-12-13 03:00:00,67.40000000002328,7.8,7.6,1001.3,5,5.1,12,13,2,3
2017-12-13 04:00:00,64.59999999997672,8.0,7.3,1000.6,5,4.1,12,13,3,4
2017-12-13 05:00:00,60.599999999976724,7.3,5.6,1001.0,6,5.1,12,13,4,5
2017-12-13 06:00:00,56.29999999998836,6.0,4.4,1001.1,6,4.1,12,13,5,6
2017-12-13 07:00:00,58.29999999998836,5.3,4.1,1001.0,6,3.1,12,13,6,7
2017-12-13 08:00:00,67.09999999997672,5.6,4.1,1000.9,6,4.1,12,13,7,8
2017-12-13 09:00:00,77.39999999996508,6.5,5.1,1000.2,5,4.6,12,13,1,9
2017-12-13 10:00:00,82.59999999997672,6.9,5.9,999.5,5,5.1,12,13,2,10
2017-12-13 11:00:00,86.60000000003492,7.3,6.4,998.3,5,5.7,12,13,3,11
2017-12-13 12:00:00,93.0,7.7,6.5,996.5,4,4.1,12,13,4,12
2017-12-13 13:00:00,104.30000000004655,8.3,7.1,994.5,5,5.1,12,13,5,13
2017-12-13 14:00:00,101.89999999996508,9.3,7.5,992.4,5,7.2,12,13,6,14
2017-12-13 15:00:00,102.39999999996508,9.3,7.0,990.9,5,7.2,12,13,7,15
2017-12-13 16:00:00,100.60000000003492,7.2,3.6,991.7,6,7.2,12,13,1,16
2017-12-13 17:00:00,106.0,5.8,1.6,992.2,6,7.2,12,13,2,17
2017-12-13 18:00:00,118.79999999998836,4.4,1.7,992.0,6,7.2,12,13,3,18
2017-12-13 19:00:00,114.5,4.5,1.9,991.6,6,6.7,12,13,4,19
2017-12-13 20:00:00,111.0,4.5,1.8,991.1,4,4.1,12,13,5,20
2017-12-13 21:00:00,104.90000000002328,3.3,1.4,991.2,6,9.3,12,13,6,21
2017-12-13 22:00:00,103.0,3.9,2.5,990.0,6,7.2,12,13,7,22
2017-12-13 23:00:00,104.0,4.1,1.4,991.1,6,9.8,12,13,1,23
2017-12-14 00:00:00,96.20000000001164,3.6,0.0,992.3,6,9.3,12,14,2,0
2017-12-14 01:00:00,93.29999999998836,2.7,0.1,993.1,6,8.2,12,14,3,1
2017-12-14 02:00:00,88.5,3.3,0.5,993.5,6,8.2,12,14,4,2
2017-12-14 03:00:00,79.59999999997672,3.9,0.9,993.5,6,9.3,12,14,5,3
2017-12-14 04:00:00,72.09999999997672,4.3,1.1,993.5,6,7.2,12,14,6,4
2017-12-14 05:00:00,63.5,4.2,1.3,993.3,6,9.3,12,14,7,5
2017-12-14 06:00:00,61.400000000023276,3.9,1.2,992.9,5,9.3,12,14,1,6
2017-12-14 07:00:00,62.79999999998836,3.8,0.8,993.0,5,6.7,12,14,2,7
2017-12-14 08:00:00,77.30000000004655,4.1,1.2,993.1,5,6.7,12,14,3,8
2017-12-14 09:00:00,93.09999999997672,3.6,0.9,992.9,6,6.7,12,14,4,9
2017-12-14 10:00:00,95.0,5.0,1.8,992.9,5,7.7,12,14,5,10
2017-12-14 11:00:00,98.70000000001164,5.8,1.8,992.2,5,7.2,12,14,6,11
2017-12-14 12:00:00,87.79999999998836,6.2,1.9,991.7,5,7.2,12,14,7,12
2017-12-14 13:00:00,99.39999999996508,5.9,1.4,990.8,6,8.2,12,14,1,13
2017-12-14 14:00:00,94.10000000003492,6.1,1.5,990.2,5,6.2,12,14,2,14
2017-12-14 15:00:00,94.20000000001164,5.5,1.2,989.4,6,6.7,12,14,3,15
2017-12-14 16:00:00,92.60000000003492,4.1,1.1,989.4,6,6.2,12,14,4,16
2017-12-14 17:00:00,93.79999999998836,3.4,1.1,988.9,5,4.6,12,14,5,17
2017-12-14 18:00:00,111.20000000001164,3.0,0.9,988.6,5,4.1,12,14,6,18
2017-12-14 19:00:00,111.70000000001164,3.0,1.1,988.6,5,5.1,12,14,7,19
2017-12-14 20:00:00,110.09999999997672,3.0,1.2,989.0,6,5.1,12,14,1,20
2017-12-14 21:00:00,101.29999999998836,2.8,1.2,988.8,5,3.6,12,14,2,21
2017-12-14 22:00:00,96.0,2.5,0.7,989.1,6,4.1,12,14,3,22
2017-12-14 23:00:00,96.20000000001164,3.0,1.7,989.7,6,4.6,12,14,4,23
2017-12-15 00:00:00,85.90000000002328,2.3,1.2,990.2,6,4.6,12,15,5,0
2017-12-15 01:00:00,80.59999999997672,1.3,0.8,990.6,6,4.1,12,15,6,1
2017-12-15 02:00:00,78.0,1.6,0.4,990.5,6,5.1,12,15,7,2
2017-12-15 03:00:00,72.5,2.5,1.1,990.7,6,5.1,12,15,1,3
2017-12-15 04:00:00,68.29999999998836,2.8,1.3,990.6,5,4.1,12,15,2,4
2017-12-15 05:00:00,66.40000000002328,2.8,1.4,990.5,6,4.6,12,15,3,5
2017-12-15 06:00:00,58.19999999995344,3.1,2.0,990.7,6,2.6,12,15,4,6
2017-12-15 07:00:00,62.79999999998836,3.2,2.3,992.0,7,3.6,12,15,5,7
2017-12-15 08:00:00,73.40000000002328,2.8,2.0,993.8,7,2.6,12,15,6,8
2017-12-15 09:00:00,86.40000000002328,3.0,1.8,995.5,7,3.1,12,15,7,9
2017-12-15 10:00:00,87.5,3.2,1.4,996.9,7,4.6,12,15,1,10
2017-12-15 11:00:00,88.70000000001164,4.0,1.7,998.0,7,5.1,12,15,2,11
2017-12-15 12:00:00,86.69999999995346,5.1,1.2,998.8,7,6.2,12,15,3,12
2017-12-15 13:00:00,94.70000000001164,5.6,1.0,999.6,7,5.1,12,15,4,13
2017-12-15 14:00:00,98.80000000004655,5.6,0.9,1000.6,7,6.2,12,15,5,14
2017-12-15 15:00:00,102.60000000003492,5.5,1.2,1001.9,7,4.1,12,15,6,15
2017-12-15 16:00:00,104.40000000002328,4.9,1.3,1003.4,7,3.6,12,15,7,16
2017-12-15 17:00:00,94.29999999998836,4.7,1.5,1004.5,7,4.6,12,15,1,17
2017-12-15 18:00:00,93.5,5.0,2.1,1005.4,7,4.6,12,15,2,18
2017-12-15 19:00:00,99.89999999996508,5.2,2.1,1006.9,7,4.1,12,15,3,19
2017-12-15 20:00:00,100.90000000002328,4.1,1.5,1008.2,7,4.1,12,15,4,20
2017-12-15 21:00:00,93.79999999998836,4.0,1.2,1009.0,0,4.1,12,15,5,21
2017-12-15 22:00:00,87.20000000001164,3.3,0.6,1010.0,7,3.1,12,15,6,22
2017-12-15 23:00:00,84.5,2.7,0.1,1010.9,7,3.1,12,15,7,23
2017-12-16 00:00:00,72.5,2.3,-0.2,1012.0,6,3.1,12,16,1,0
2017-12-16 01:00:00,73.30000000004655,1.7,-0.5,1012.3,7,3.1,12,16,2,1
2017-12-16 02:00:00,74.39999999996508,1.0,-1.0,1013.2,6,1.5,12,16,3,2
2017-12-16 03:00:00,73.40000000002328,0.9,-1.1,1013.8,6,2.6,12,16,4,3
2017-12-16 04:00:00,69.10000000003492,0.2,-2.0,1014.4,6,2.1,12,16,5,4
2017-12-16 05:00:00,65.20000000001164,0.8,-1.1,1014.6,6,3.1,12,16,6,5
2017-12-16 06:00:00,61.79999999998836,0.8,-1.0,1015.4,6,2.1,12,16,7,6
2017-12-16 07:00:00,61.79999999998836,0.4,-1.1,1016.1,6,2.1,12,16,1,7
2017-12-16 08:00:00,65.09999999997672,0.7,-0.7,1016.8,6,2.6,12,16,2,8
2017-12-16 09:00:00,68.29999999998836,1.1,-0.6,1017.8,6,3.1,12,16,3,9
2017-12-16 10:00:00,69.20000000001164,2.2,-0.6,1018.5,7,2.1,12,16,4,10
2017-12-16 11:00:00,66.59999999997672,3.3,-0.6,1018.7,6,3.1,12,16,5,11
2017-12-16 12:00:00,73.59999999997672,4.0,-0.2,1018.9,6,3.6,12,16,6,12
2017-12-16 13:00:00,77.29999999998836,4.9,1.3,1018.8,6,4.1,12,16,7,13
2017-12-16 14:00:00,80.80000000004655,5.1,1.8,1018.6,6,4.1,12,16,1,14
2017-12-16 15:00:00,77.60000000003492,5.3,1.9,1019.0,6,3.1,12,16,2,15
2017-12-16 16:00:00,77.39999999996508,6.0,2.0,1019.2,6,4.6,12,16,3,16
2017-12-16 17:00:00,78.80000000004655,5.7,2.2,1019.6,6,4.1,12,16,4,17
2017-12-16 18:00:00,77.59999999997672,5.5,2.8,1020.3,6,3.6,12,16,5,18
2017-12-16 19:00:00,79.69999999995345,5.3,2.6,1020.6,6,3.1,12,16,6,19
2017-12-16 20:00:00,81.5,4.5,2.4,1021.2,6,2.6,12,16,7,20
2017-12-16 21:00:00,76.29999999998836,3.5,1.5,1021.9,7,2.6,12,16,1,21
2017-12-16 22:00:00,74.69999999995345,2.8,1.6,1022.6,6,2.6,12,16,2,22
2017-12-16 23:00:00,71.90000000002328,2.1,1.0,1023.1,7,1.5,12,16,3,23
2017-12-17 00:00:00,60.900000000023276,1.1,0.5,1023.8,6,2.1,12,17,4,0
2017-12-17 01:00:00,60.0,1.3,0.6,1023.6,6,2.6,12,17,5,1
2017-12-17 02:00:00,54.400000000023276,0.4,-0.2,1024.1,0,1.5,12,17,6,2
2017-12-17 03:00:00,55.099999999976724,-0.5,-0.8,1024.5,6,1.5,12,17,7,3
2017-12-17 04:00:00,51.29999999998836,-0.9,-1.1,1024.7,0,0.0,12,17,1,4
2017-12-17 05:00:00,48.099999999976724,0.3,0.3,1025.0,4,0.5,12,17,2,5
2017-12-17 06:00:00,52.599999999976724,0.6,0.4,1025.0,6,1.0,12,17,3,6
2017-12-17 07:00:00,55.70000000001164,0.7,0.4,1025.2,6,0.5,12,17,4,7
2017-12-17 08:00:00,61.099999999976724,0.2,-0.1,1025.0,4,2.1,12,17,5,8
2017-12-17 09:00:00,61.400000000023276,1.2,0.8,1025.0,3,1.5,12,17,6,9
2017-12-17 10:00:00,66.90000000002328,2.3,1.5,1025.2,5,2.6,12,17,7,10
2017-12-17 11:00:00,68.5,3.3,2.2,1024.4,4,3.1,12,17,1,11
2017-12-17 12:00:00,67.20000000001164,4.1,2.6,1024.2,5,3.6,12,17,2,12
2017-12-17 13:00:00,70.09999999997672,4.9,3.8,1023.6,5,4.6,12,17,3,13
2017-12-17 14:00:00,65.80000000004655,5.2,4.7,1022.0,4,5.1,12,17,4,14
2017-12-17 15:00:00,67.0,6.6,6.2,1021.0,5,5.7,12,17,5,15
2017-12-17 16:00:00,63.70000000001164,7.6,7.2,1019.9,5,5.7,12,17,6,16
2017-12-17 17:00:00,60.5,8.4,7.7,1019.8,5,6.7,12,17,7,17
2017-12-17 18:00:00,69.29999999998836,8.6,8.2,1019.6,6,6.2,12,17,1,18
2017-12-17 19:00:00,70.10000000003492,9.0,8.3,1019.5,6,6.2,12,17,2,19
2017-12-17 20:00:00,66.89999999996508,9.2,8.4,1020.0,6,5.1,12,17,3,20
2017-12-17 21:00:00,66.5,9.3,8.8,1020.1,6,6.2,12,17,4,21
2017-12-17 22:00:00,65.5,9.3,8.9,1020.2,6,3.1,12,17,5,22
2017-12-17 23:00:00,62.29999999998836,9.2,8.7,1020.9,6,2.6,12,17,6,23
2017-12-18 00:00:00,56.800000000046566,8.9,5.6,1021.8,0,3.1,12,18,7,0
2017-12-18 01:00:00,53.70000000001164,6.5,3.9,1022.5,7,2.6,12,18,1,1
2017-12-18 02:00:00,51.400000000023276,5.0,3.0,1023.2,7,2.1,12,18,2,2
2017-12-18 03:00:00,49.70000000001164,3.8,2.4,1024.1,7,2.1,12,18,3,3
2017-12-18 04:00:00,51.900000000023276,3.5,2.1,1024.6,0,1.5,12,18,4,4
2017-12-18 05:00:00,48.60000000003493,3.8,1.6,1025.2,0,2.1,12,18,5,5
2017-12-18 06:00:00,49.70000000001164,3.2,1.2,1026.0,0,2.1,12,18,6,6
2017-12-18 07:00:00,47.5,2.0,0.4,1026.9,6,1.0,12,18,7,7
2017-12-18 08:00:00,47.79999999998836,2.1,1.2,1027.8,6,2.1,12,18,1,8
2017-12-18 09:00:00,54.70000000001164,2.5,1.7,1028.9,7,1.0,12,18,2,9
2017-12-18 10:00:00,59.900000000023276,2.8,1.6,1029.5,6,1.5,12,18,3,10
2017-12-18 11:00:00,60.79999999998836,5.0,2.8,1030.0,7,1.5,12,18,4,11
2017-12-18 12:00:00,62.0,6.5,3.0,1030.5,7,1.5,12,18,5,12
2017-12-18 13:00:00,59.79999999998836,7.3,2.9,1030.4,7,2.1,12,18,6,13
2017-12-18 14:00:00,56.899999999965075,7.8,2.9,1030.5,7,1.5,12,18,7,14
2017-12-18 15:00:00,55.29999999998836,7.8,2.9,1030.8,7,0.5,12,18,1,15
2017-12-18 16:00:00,57.70000000001164,6.4,2.6,1031.6,7,1.5,12,18,2,16
2017-12-18 17:00:00,56.79999999998836,4.7,2.3,1032.0,7,1.0,12,18,3,17
2017-12-18 18:00:00,61.599999999976724,4.2,2.5,1032.4,7,1.5,12,18,4,18
2017-12-18 19:00:00,61.19999999995344,3.3,2.0,1032.9,7,1.0,12,18,5,19
2017-12-18 20:00:00,63.69999999995345,2.9,2.2,1033.5,6,2.1,12,18,6,20
2017-12-18 21:00:00,66.79999999998836,2.0,1.1,1033.9,6,1.5,12,18,7,21
2017-12-18 22:00:00,67.79999999998836,1.9,1.4,1034.2,7,1.5,12,18,1,22
2017-12-18 23:00:00,58.800000000046566,1.5,1.2,1034.0,6,0.5,12,18,2,23
2017-12-19 00:00:00,53.099999999976724,0.6,0.2,1034.3,6,0.5,12,19,3,0
2017-12-19 01:00:00,49.400000000023276,-0.2,-0.5,1034.2,6,1.0,12,19,4,1
2017-12-19 02:00:00,50.19999999995344,-0.7,-0.9,1034.6,6,1.0,12,19,5,2
2017-12-19 03:00:00,49.099999999976724,-1.3,-1.5,1034.6,7,0.5,12,19,6,3
2017-12-19 04:00:00,46.10000000003493,-1.8,-1.9,1034.6,6,0.5,12,19,7,4
2017-12-19 05:00:00,46.20000000001164,-1.3,-1.4,1034.7,6,2.1,12,19,1,5
2017-12-19 06:00:00,43.400000000023276,-1.3,-1.3,1034.9,0,0.5,12,19,2,6
2017-12-19 07:00:00,45.5,-1.2,-1.3,1035.1,5,0.5,12,19,3,7
2017-12-19 08:00:00,45.29999999998836,0.1,0.1,1035.2,4,2.1,12,19,4,8
2017-12-19 09:00:00,57.0,0.9,0.6,1035.7,5,3.1,12,19,5,9
2017-12-19 10:00:00,62.20000000001164,2.5,1.7,1036.1,6,2.1,12,19,6,10
2017-12-19 11:00:00,55.79999999998836,5.6,4.0,1036.0,6,1.5,12,19,7,11
2017-12-19 12:00:00,53.300000000046566,5.9,3.3,1035.6,6,2.6,12,19,1,12
2017-12-19 13:00:00,54.10000000003493,6.9,4.2,1035.3,5,2.1,12,19,2,13
2017-12-19 14:00:00,50.300000000046566,7.2,4.2,1034.9,6,3.1,12,19,3,14
2017-12-19 15:00:00,48.69999999995344,7.7,5.2,1034.6,5,3.6,12,19,4,15
2017-12-19 16:00:00,50.399999999965075,7.2,4.5,1034.7,5,2.6,12,19,5,16
2017-12-19 17:00:00,48.60000000003493,7.0,4.6,1035.0,5,3.6,12,19,6,17
2017-12-19 18:00:00,52.79999999998836,7.0,4.7,1035.4,6,3.1,12,19,7,18
2017-12-19 19:00:00,54.300000000046566,6.7,4.8,1035.4,6,2.6,12,19,1,19
2017-12-19 20:00:00,51.60000000003493,6.7,5.3,1035.6,6,2.6,12,19,2,20
2017-12-19 21:00:00,54.399999999965075,6.6,5.9,1035.5,6,2.6,12,19,3,21
2017-12-19 22:00:00,53.20000000001164,6.8,5.7,1035.4,6,2.1,12,19,4,22
2017-12-19 23:00:00,55.19999999995344,7.0,6.2,1035.2,6,2.6,12,19,5,23
2017-12-20 00:00:00,49.60000000003493,7.1,6.1,1035.1,6,1.5,12,20,6,0
2017-12-20 01:00:00,49.899999999965075,7.0,6.4,1035.0,6,2.1,12,20,7,1
2017-12-20 02:00:00,49.70000000001164,7.2,7.1,1035.0,5,2.1,12,20,1,2
2017-12-20 03:00:00,47.899999999965075,7.5,7.4,1034.8,6,3.1,12,20,2,3
2017-12-20 04:00:00,45.5,7.4,7.4,1034.5,5,2.6,12,20,3,4
2017-12-20 05:00:00,45.400000000023276,7.6,7.6,1034.6,6,2.6,12,20,4,5
2017-12-20 06:00:00,44.5,7.7,7.7,1034.6,6,2.6,12,20,5,6
2017-12-20 07:00:00,45.5,8.0,8.0,1034.8,5,2.6,12,20,6,7
2017-12-20 08:00:00,47.10000000003493,8.3,8.3,1034.9,5,4.1,12,20,7,8
2017-12-20 09:00:00,56.5,8.3,8.2,1035.3,5,3.6,12,20,1,9
2017-12-20 10:00:00,54.5,8.7,8.6,1035.7,6,4.1,12,20,2,10
2017-12-20 11:00:00,51.599999999976724,9.3,9.1,1035.7,6,3.6,12,20,3,11
2017-12-20 12:00:00,49.0,9.9,9.3,1035.3,6,3.1,12,20,4,12
2017-12-20 13:00:00,54.5,10.2,9.4,1035.0,6,3.1,12,20,5,13
2017-12-20 14:00:00,50.10000000003493,10.8,9.5,1034.7,5,2.1,12,20,6,14
2017-12-20 15:00:00,48.5,10.7,9.5,1034.9,6,3.1,12,20,7,15
2017-12-20 16:00:00,51.70000000001164,10.7,9.5,1035.1,6,2.1,12,20,1,16
2017-12-20 17:00:00,50.099999999976724,10.6,9.4,1035.4,6,2.1,12,20,2,17
2017-12-20 18:00:00,50.800000000046566,10.7,9.4,1035.7,5,3.1,12,20,3,18
2017-12-20 19:00:00,51.0,10.6,9.7,1035.9,6,2.6,12,20,4,19
2017-12-20 20:00:00,51.10000000003493,10.5,9.7,1035.6,5,3.1,12,20,5,20
2017-12-20 21:00:00,48.900000000023276,10.6,9.8,1035.7,6,3.6,12,20,6,21
2017-12-20 22:00:00,48.400000000023276,10.4,9.9,1035.7,6,3.6,12,20,7,22
2017-12-20 23:00:00,49.70000000001164,10.3,9.7,1036.0,6,2.6,12,20,1,23
2017-12-21 00:00:00,45.899999999965075,10.1,9.7,1036.1,6,2.1,12,21,2,0
2017-12-21 01:00:00,41.80000000004657,10.0,9.7,1035.8,6,2.6,12,21,3,1
2017-12-21 02:00:00,43.69999999995344,10.0,9.7,1035.7,5,2.6,12,21,4,2
2017-12-21 03:00:00,45.10000000003493,9.5,9.2,1035.4,5,2.1,12,21,5,3
2017-12-21 04:00:00,45.0,9.8,9.6,1035.2,5,2.1,12,21,6,4
2017-12-21 05:00:00,42.399999999965075,10.0,9.8,1035.3,5,1.5,12,21,7,5
2017-12-21 06:00:00,41.5,10.1,9.8,1035.3,5,2.1,12,21,1,6
2017-12-21 07:00:00,40.0,10.4,10.2,1035.5,6,4.1,12,21,2,7
2017-12-21 08:00:00,40.5,10.5,10.3,1035.7,6,3.6,12,21,3,8
2017-12-21 09:00:00,48.900000000023276,10.7,10.4,1035.9,6,4.1,12,21,4,9
2017-12-21 10:00:00,61.0,11.0,10.6,1036.0,6,4.6,12,21,5,10
2017-12-21 11:00:00,55.69999999995344,11.4,10.7,1036.0,6,4.6,12,21,6,11
2017-12-21 12:00:00,56.5,11.7,10.5,1035.7,6,6.2,12,21,7,12
2017-12-21 13:00:00,57.399999999965075,11.6,10.3,1035.5,6,5.1,12,21,1,13
2017-12-21 14:00:00,51.0,11.8,9.9,1035.2,6,5.1,12,21,2,14
2017-12-21 15:00:00,47.099999999976724,11.8,9.2,1035.2,6,6.2,12,21,3,15
2017-12-21 16:00:00,47.79999999998836,11.3,8.9,1035.3,6,4.6,12,21,4,16
2017-12-21 17:00:00,48.399999999965075,11.3,8.8,1035.4,6,5.1,12,21,5,17
2017-12-21 18:00:00,49.5,11.0,8.7,1035.4,6,4.6,12,21,6,18
2017-12-21 19:00:00,48.5,10.9,8.6,1035.3,6,4.6,12,21,7,19
2017-12-21 20:00:00,49.5,10.6,8.4,1035.6,6,4.1,12,21,1,20
2017-12-21 21:00:00,52.0,10.5,8.3,1035.5,6,3.6,12,21,2,21
2017-12-21 22:00:00,46.400000000023276,10.1,8.2,1035.2,6,4.1,12,21,3,22
2017-12-21 23:00:00,43.70000000001164,9.6,8.2,1035.3,5,4.1,12,21,4,23
2017-12-22 00:00:00,39.70000000001165,9.4,8.1,1035.1,6,3.6,12,22,5,0
2017-12-22 01:00:00,39.599999999976724,8.9,8.0,1034.9,6,2.6,12,22,6,1
2017-12-22 02:00:00,41.70000000001165,9.0,7.9,1034.7,6,4.1,12,22,7,2
2017-12-22 03:00:00,41.400000000023276,9.3,8.5,1034.8,5,2.6,12,22,1,3
2017-12-22 04:00:00,39.29999999998836,9.4,8.9,1034.5,6,2.6,12,22,2,4
2017-12-22 05:00:00,38.70000000001165,9.7,9.4,1034.2,4,1.5,12,22,3,5
2017-12-22 06:00:00,39.70000000001164,9.9,9.4,1034.6,6,2.1,12,22,4,6
2017-12-22 07:00:00,40.899999999965075,10.0,9.3,1034.7,6,3.6,12,22,5,7
2017-12-22 08:00:00,41.099999999976724,10.0,9.4,1034.9,6,2.6,12,22,6,8
2017-12-22 09:00:00,47.899999999965075,10.4,9.7,1035.3,6,4.1,12,22,7,9
2017-12-22 10:00:00,51.400000000023276,10.4,9.7,1036.0,6,3.1,12,22,1,10
2017-12-22 11:00:00,49.900000000023276,10.7,10.1,1036.0,6,1.5,12,22,2,11
2017-12-22 12:00:00,44.60000000003493,11.0,9.9,1036.3,7,1.5,12,22,3,12
2017-12-22 13:00:00,43.900000000023276,11.4,9.9,1035.9,1,1.0,12,22,4,13
2017-12-22 14:00:00,42.0,11.8,9.8,1035.6,4,0.5,12,22,5,14
2017-12-22 15:00:00,47.29999999998836,11.5,9.3,1035.9,7,1.5,12,22,6,15
2017-12-22 16:00:00,47.099999999976724,11.3,8.8,1036.4,7,2.1,12,22,7,16
2017-12-22 17:00:00,42.399999999965075,10.7,8.5,1036.7,6,2.6,12,22,1,17
2017-12-22 18:00:00,45.69999999995344,10.8,8.3,1037.0,7,1.0,12,22,2,18
2017-12-22 19:00:00,42.29999999998836,10.7,8.4,1037.1,6,1.5,12,22,3,19
2017-12-22 20:00:00,43.099999999976724,10.8,8.5,1037.2,7,1.5,12,22,4,20
2017-12-22 21:00:00,43.29999999998836,10.9,7.9,1037.3,5,2.1,12,22,5,21
2017-12-22 22:00:00,44.10000000003493,10.5,8.0,1037.4,6,2.6,12,22,6,22
2017-12-22 23:00:00,42.29999999998836,10.2,8.1,1037.5,6,3.1,12,22,7,23
2017-12-23 00:00:00,40.400000000023276,10.0,8.1,1037.3,5,3.6,12,23,1,0
2017-12-23 01:00:00,40.80000000004657,9.7,8.0,1036.7,5,2.6,12,23,2,1
2017-12-23 02:00:00,40.599999999976724,9.6,8.2,1036.3,5,3.1,12,23,3,2
2017-12-23 03:00:00,41.0,9.6,8.4,1035.8,5,3.6,12,23,4,3
2017-12-23 04:00:00,40.20000000001164,9.6,8.3,1035.5,5,3.6,12,23,5,4
2017-12-23 05:00:00,39.0,9.7,8.3,1035.2,6,3.6,12,23,6,5
2017-12-23 06:00:00,37.20000000001164,9.4,8.1,1035.0,5,5.7,12,23,7,6
2017-12-23 07:00:00,39.400000000023276,9.2,8.1,1034.6,6,4.6,12,23,1,7
2017-12-23 08:00:00,37.79999999998836,9.1,8.1,1034.4,6,6.7,12,23,2,8
2017-12-23 09:00:00,39.099999999976724,8.4,7.6,1034.9,6,6.7,12,23,3,9
2017-12-23 10:00:00,40.599999999976724,8.6,8.1,1034.9,6,5.7,12,23,4,10
2017-12-23 11:00:00,41.60000000003493,8.8,8.1,1034.5,6,5.1,12,23,5,11
2017-12-23 12:00:00,44.69999999995344,9.2,8.2,1034.1,6,5.1,12,23,6,12
2017-12-23 13:00:00,44.20000000001164,9.5,8.1,1033.3,6,5.7,12,23,7,13
2017-12-23 14:00:00,44.5,9.6,8.1,1032.6,6,5.1,12,23,1,14
2017-12-23 15:00:00,44.29999999998836,9.7,8.1,1032.1,5,5.1,12,23,2,15
2017-12-23 16:00:00,41.5,9.4,7.6,1031.8,5,5.7,12,23,3,16
2017-12-23 17:00:00,40.899999999965075,9.2,7.5,1031.8,5,5.1,12,23,4,17
2017-12-23 18:00:00,42.399999999965075,9.0,7.3,1031.8,5,6.2,12,23,5,18
2017-12-23 19:00:00,44.400000000023276,8.8,7.2,1031.9,6,5.7,12,23,6,19
2017-12-23 20:00:00,44.899999999965075,9.1,7.5,1031.6,6,6.2,12,23,7,20
2017-12-23 21:00:00,42.0,9.1,7.6,1031.1,5,6.2,12,23,1,21
2017-12-23 22:00:00,41.20000000001164,8.9,7.2,1031.3,6,6.7,12,23,2,22
2017-12-23 23:00:00,42.400000000023276,8.9,7.3,1031.0,6,5.1,12,23,3,23
2017-12-24 00:00:00,41.10000000003493,8.8,7.3,1030.4,5,6.2,12,24,4,0
2017-12-24 01:00:00,39.79999999998836,8.5,7.4,1029.9,6,5.1,12,24,5,1
2017-12-24 02:00:00,39.10000000003493,8.3,7.2,1029.7,5,5.1,12,24,6,2
2017-12-24 03:00:00,39.20000000001164,8.1,7.2,1029.4,6,4.1,12,24,7,3
2017-12-24 04:00:00,40.10000000003493,8.0,7.5,1028.7,5,5.7,12,24,1,4
2017-12-24 05:00:00,37.0,8.2,7.6,1028.1,6,4.6,12,24,2,5
2017-12-24 06:00:00,36.79999999998836,8.2,7.4,1027.5,6,6.2,12,24,3,6
2017-12-24 07:00:00,37.599999999976724,8.5,7.3,1027.3,5,5.1,12,24,4,7
2017-12-24 08:00:00,37.70000000001165,8.5,7.3,1027.0,5,5.1,12,24,5,8
2017-12-24 09:00:00,39.20000000001164,8.7,7.4,1026.6,5,4.6,12,24,6,9
2017-12-24 10:00:00,39.80000000004657,8.9,7.3,1026.2,5,5.1,12,24,7,10
2017-12-24 11:00:00,40.70000000001165,9.4,7.8,1025.7,5,5.7,12,24,1,11
2017-12-24 12:00:00,44.400000000023276,9.9,8.1,1024.6,5,6.7,12,24,2,12
2017-12-24 13:00:00,44.899999999965075,9.9,8.1,1023.7,5,7.2,12,24,3,13
2017-12-24 14:00:00,42.400000000023276,10.3,7.5,1022.9,5,8.2,12,24,4,14
2017-12-24 15:00:00,42.899999999965075,10.6,7.7,1022.2,5,7.2,12,24,5,15
2017-12-24 16:00:00,40.70000000001164,10.1,7.8,1021.8,5,5.7,12,24,6,16
2017-12-24 17:00:00,42.10000000003493,10.0,7.9,1021.4,5,5.1,12,24,7,17
2017-12-24 18:00:00,43.29999999998836,10.4,7.0,1021.1,5,6.2,12,24,1,18
2017-12-24 19:00:00,42.79999999998836,10.3,6.6,1020.8,5,6.2,12,24,2,19
2017-12-24 20:00:00,44.0,10.3,7.0,1020.2,5,7.2,12,24,3,20
2017-12-24 21:00:00,42.50000000000001,10.1,7.6,1019.8,5,7.7,12,24,4,21
2017-12-24 22:00:00,44.70000000001164,9.9,7.8,1019.3,5,5.7,12,24,5,22
2017-12-24 23:00:00,42.70000000001164,10.1,7.7,1018.7,5,7.2,12,24,6,23
2017-12-25 00:00:00,42.29999999998836,10.3,7.2,1018.1,5,7.2,12,25,7,0
2017-12-25 01:00:00,39.599999999976724,10.3,7.4,1017.4,5,6.7,12,25,1,1
2017-12-25 02:00:00,38.0,10.4,7.7,1016.4,5,5.7,12,25,2,2
2017-12-25 03:00:00,39.0,10.3,8.5,1015.8,5,6.7,12,25,3,3
2017-12-25 04:00:00,41.0,10.6,7.3,1015.0,5,7.2,12,25,4,4
2017-12-25 05:00:00,38.80000000004657,9.6,8.2,1014.2,5,6.2,12,25,5,5
2017-12-25 06:00:00,39.29999999998836,9.7,8.5,1013.4,5,5.1,12,25,6,6
2017-12-25 07:00:00,39.399999999965075,9.8,7.8,1012.8,4,6.2,12,25,7,7
2017-12-25 08:00:00,40.900000000023276,9.7,8.2,1012.2,5,6.2,12,25,1,8
2017-12-25 09:00:00,41.0,9.3,8.6,1011.5,4,5.1,12,25,2,9
2017-12-25 10:00:00,40.10000000003493,9.5,8.7,1011.0,4,5.1,12,25,3,10
2017-12-25 11:00:00,39.0,10.0,8.5,1009.9,4,5.7,12,25,4,11
2017-12-25 12:00:00,43.5,10.3,8.4,1008.7,4,7.7,12,25,5,12
2017-12-25 13:00:00,49.099999999976724,10.4,8.3,1007.3,4,6.7,12,25,6,13
2017-12-25 14:00:00,49.19999999995344,10.4,8.3,1005.9,4,6.2,12,25,7,14
2017-12-25 15:00:00,48.400000000023276,10.6,8.3,1004.6,4,7.7,12,25,1,15
2017-12-25 16:00:00,45.599999999976724,10.6,8.0,1003.5,4,8.2,12,25,2,16
2017-12-25 17:00:00,46.79999999998836,10.5,7.7,1002.0,4,8.2,12,25,3,17
2017-12-25 18:00:00,45.70000000001164,10.4,7.6,1000.7,4,8.8,12,25,4,18
2017-12-25 19:00:00,47.70000000001164,10.2,7.2,999.2,4,10.8,12,25,5,19
2017-12-25 20:00:00,46.900000000023276,9.5,7.6,997.6,4,10.8,12,25,6,20
2017-12-25 21:00:00,45.20000000001164,9.6,7.3,996.1,4,9.8,12,25,7,21
2017-12-25 22:00:00,45.599999999976724,9.7,6.9,994.8,4,11.8,12,25,1,22
2017-12-25 23:00:00,43.900000000023276,6.1,5.2,995.5,6,8.8,12,25,2,23
2017-12-26 00:00:00,43.0,4.5,3.6,996.8,6,6.7,12,26,3,0
2017-12-26 01:00:00,41.20000000001165,4.7,4.0,997.0,6,7.2,12,26,4,1
2017-12-26 02:00:00,42.29999999998836,4.9,3.8,997.4,5,6.7,12,26,5,2
2017-12-26 03:00:00,40.79999999998836,4.6,3.1,997.7,5,7.2,12,26,6,3
2017-12-26 04:00:00,41.599999999976724,4.2,2.7,997.8,5,6.2,12,26,7,4
2017-12-26 05:00:00,41.10000000003493,3.8,2.3,997.8,5,6.2,12,26,1,5
2017-12-26 06:00:00,39.5,3.6,2.0,998.1,5,6.2,12,26,2,6
2017-12-26 07:00:00,39.60000000003493,3.8,1.8,998.5,5,6.2,12,26,3,7
2017-12-26 08:00:00,40.099999999976724,3.6,1.8,998.9,5,5.7,12,26,4,8
2017-12-26 09:00:00,40.699999999953434,4.0,1.8,999.1,5,5.7,12,26,5,9
2017-12-26 10:00:00,40.79999999998836,4.5,1.9,999.2,5,5.7,12,26,6,10
2017-12-26 11:00:00,41.0,5.8,2.3,998.9,5,6.2,12,26,7,11
2017-12-26 12:00:00,41.0,6.7,2.4,997.9,5,5.7,12,26,1,12
2017-12-26 13:00:00,40.29999999998836,7.3,2.5,996.9,5,6.7,12,26,2,13
2017-12-26 14:00:00,43.19999999995344,7.9,2.8,995.6,5,4.6,12,26,3,14
2017-12-26 15:00:00,44.29999999998836,7.7,2.5,994.3,4,5.1,12,26,4,15
2017-12-26 16:00:00,43.900000000023276,6.8,4.5,992.7,4,4.6,12,26,5,16
2017-12-26 17:00:00,43.10000000003493,6.6,5.2,991.0,3,5.1,12,26,6,17
2017-12-26 18:00:00,45.099999999976724,6.5,5.5,988.8,3,5.1,12,26,7,18
2017-12-26 19:00:00,45.5,6.8,5.8,986.8,3,5.7,12,26,1,19
2017-12-26 20:00:00,44.79999999998836,6.8,5.9,984.7,3,5.7,12,26,2,20
2017-12-26 21:00:00,45.29999999998836,6.9,6.1,982.2,3,5.7,12,26,3,21
2017-12-26 22:00:00,44.60000000003493,7.4,6.8,980.2,3,5.1,12,26,4,22
2017-12-26 23:00:00,46.400000000023276,7.8,6.8,979.3,3,3.6,12,26,5,23
2017-12-27 00:00:00,45.0,7.8,7.3,978.2,4,3.1,12,27,6,0
2017-12-27 01:00:00,39.900000000023276,6.8,4.9,978.4,5,4.1,12,27,7,1
2017-12-27 02:00:00,40.400000000023276,5.3,4.0,978.0,4,2.6,12,27,1,2
2017-12-27 03:00:00,41.0,5.7,4.9,977.9,4,3.1,12,27,2,3
2017-12-27 04:00:00,39.70000000001165,5.5,5.0,977.5,4,2.1,12,27,3,4
2017-12-27 05:00:00,39.20000000001165,5.2,3.8,977.5,6,3.6,12,27,4,5
2017-12-27 06:00:00,40.099999999976724,3.2,1.7,978.4,0,6.7,12,27,5,6
2017-12-27 07:00:00,42.399999999965075,2.4,1.0,980.0,0,6.7,12,27,6,7
2017-12-27 08:00:00,44.900000000023276,2.2,1.0,981.6,0,7.2,12,27,7,8
2017-12-27 09:00:00,46.69999999995344,1.8,0.9,983.8,0,7.7,12,27,1,9
2017-12-27 10:00:00,44.300000000046566,2.4,1.4,985.8,7,7.2,12,27,2,10
2017-12-27 11:00:00,46.5,2.9,1.6,987.3,7,6.7,12,27,3,11
2017-12-27 12:00:00,48.29999999998836,2.8,1.6,988.8,7,7.7,12,27,4,12
2017-12-27 13:00:00,46.70000000001164,2.9,1.5,989.9,7,7.7,12,27,5,13
2017-12-27 14:00:00,49.79999999998836,3.3,1.0,991.3,7,7.2,12,27,6,14
2017-12-27 15:00:00,47.5,3.5,0.0,992.9,7,7.2,12,27,7,15
2017-12-27 16:00:00,48.70000000001164,3.3,-0.8,994.0,7,7.7,12,27,1,16
2017-12-27 17:00:00,51.899999999965075,2.7,-1.9,995.6,7,4.6,12,27,2,17
2017-12-27 18:00:00,51.20000000001164,2.1,-1.3,996.6,7,3.1,12,27,3,18
2017-12-27 19:00:00,54.0,2.5,-1.4,997.4,6,4.1,12,27,4,19
2017-12-27 20:00:00,47.800000000046566,2.5,-1.4,998.0,6,4.6,12,27,5,20
2017-12-27 21:00:00,47.400000000023276,1.4,-1.6,998.6,7,1.5,12,27,6,21
2017-12-27 22:00:00,45.79999999998836,1.5,-1.2,999.1,6,3.6,12,27,7,22
2017-12-27 23:00:00,47.900000000023276,0.9,-1.2,999.8,6,4.1,12,27,1,23
2017-12-28 00:00:00,49.29999999998836,1.1,-1.3,1000.2,6,4.6,12,28,2,0
2017-12-28 01:00:00,46.60000000003493,0.9,-1.4,1000.3,6,4.1,12,28,3,1
2017-12-28 02:00:00,47.900000000023276,0.1,-1.5,1000.6,6,4.6,12,28,4,2
2017-12-28 03:00:00,46.10000000003493,-0.1,-1.6,1001.0,6,3.1,12,28,5,3
2017-12-28 04:00:00,44.29999999998836,0.1,-1.4,1000.9,6,3.1,12,28,6,4
2017-12-28 05:00:00,43.10000000003493,-0.4,-1.4,1001.0,6,5.1,12,28,7,5
2017-12-28 06:00:00,44.0,0.5,-0.9,1001.4,6,4.6,12,28,1,6
2017-12-28 07:00:00,43.599999999976724,-0.3,-1.5,1001.9,6,4.1,12,28,2,7
2017-12-28 08:00:00,47.399999999965075,-0.5,-2.1,1002.3,6,4.1,12,28,3,8
2017-12-28 09:00:00,46.20000000001164,0.1,-1.5,1002.3,6,4.1,12,28,4,9
2017-12-28 10:00:00,44.0,1.4,-0.5,1003.0,6,3.6,12,28,5,10
2017-12-28 11:00:00,46.0,3.0,0.0,1003.3,6,4.1,12,28,6,11
2017-12-28 12:00:00,46.79999999998836,4.0,0.1,1003.6,6,4.1,12,28,7,12
2017-12-28 13:00:00,46.10000000003493,4.9,0.2,1003.9,6,5.1,12,28,1,13
2017-12-28 14:00:00,49.399999999965075,5.0,0.2,1004.1,6,4.6,12,28,2,14
2017-12-28 15:00:00,47.70000000001164,5.0,-0.2,1004.5,6,3.6,12,28,3,15
2017-12-28 16:00:00,50.400000000023276,3.9,-0.8,1004.9,6,4.6,12,28,4,16
2017-12-28 17:00:00,50.79999999998836,3.2,-0.4,1005.3,5,2.6,12,28,5,17
2017-12-28 18:00:00,51.20000000001164,2.4,-0.3,1005.9,5,3.6,12,28,6,18
2017-12-28 19:00:00,48.20000000001164,1.7,-0.6,1005.9,5,2.1,12,28,7,19
2017-12-28 20:00:00,49.70000000001164,1.7,-0.5,1006.5,4,2.1,12,28,1,20
2017-12-28 21:00:00,48.300000000046566,1.4,-0.5,1006.8,5,2.1,12,28,2,21
2017-12-28 22:00:00,51.20000000001164,0.4,-1.3,1007.2,5,1.0,12,28,3,22
2017-12-28 23:00:00,51.10000000003493,0.1,-1.4,1007.4,4,2.1,12,28,4,23
2017-12-29 00:00:00,51.300000000046566,-1.9,-2.9,1006.6,3,1.0,12,29,5,0
2017-12-29 01:00:00,48.29999999998836,-2.1,-2.6,1005.5,3,1.5,12,29,6,1
2017-12-29 02:00:00,46.5,-1.5,-1.8,1004.6,2,1.5,12,29,7,2
2017-12-29 03:00:00,45.20000000001164,-0.5,-0.6,1003.8,2,2.1,12,29,1,3
2017-12-29 04:00:00,44.099999999976724,0.7,0.3,1002.2,3,2.6,12,29,2,4
2017-12-29 05:00:00,42.79999999998836,2.4,1.6,1000.2,3,4.1,12,29,3,5
2017-12-29 06:00:00,42.899999999965075,3.3,3.0,998.3,3,4.1,12,29,4,6
2017-12-29 07:00:00,42.0,4.5,4.2,996.3,3,4.1,12,29,5,7
2017-12-29 08:00:00,44.29999999998836,5.3,5.0,994.3,3,4.6,12,29,6,8
2017-12-29 09:00:00,49.099999999976724,6.7,5.4,991.4,4,10.3,12,29,7,9
2017-12-29 10:00:00,58.0,7.0,6.0,990.5,4,6.2,12,29,1,10
2017-12-29 11:00:00,59.20000000001164,8.7,5.8,991.1,5,9.3,12,29,2,11
2017-12-29 12:00:00,52.0,8.6,4.4,991.6,6,8.2,12,29,3,12
2017-12-29 13:00:00,50.0,7.0,3.8,992.4,6,9.3,12,29,4,13
2017-12-29 14:00:00,48.400000000023276,6.8,4.6,993.6,6,6.7,12,29,5,14
2017-12-29 15:00:00,48.099999999976724,8.0,2.2,994.9,6,8.2,12,29,6,15
2017-12-29 16:00:00,47.29999999998836,7.2,2.0,996.4,6,7.7,12,29,7,16
2017-12-29 17:00:00,48.10000000003493,6.4,1.2,997.5,6,9.8,12,29,1,17
2017-12-29 18:00:00,52.300000000046566,5.8,1.0,998.5,6,8.2,12,29,2,18
2017-12-29 19:00:00,51.70000000001164,5.3,0.6,999.2,6,8.2,12,29,3,19
2017-12-29 20:00:00,53.10000000003493,5.6,0.7,1000.3,6,6.2,12,29,4,20
2017-12-29 21:00:00,53.900000000023276,5.5,0.5,1000.6,5,6.2,12,29,5,21
2017-12-29 22:00:00,52.79999999998836,5.8,1.4,1000.4,5,4.6,12,29,6,22
2017-12-29 23:00:00,51.900000000023276,5.7,1.8,999.8,4,4.1,12,29,7,23
2017-12-30 00:00:00,45.899999999965075,5.4,3.0,998.3,4,3.6,12,30,1,0
2017-12-30 01:00:00,48.400000000023276,5.2,4.4,996.0,3,4.1,12,30,2,1
2017-12-30 02:00:00,45.70000000001164,5.8,5.5,993.8,3,5.1,12,30,3,2
2017-12-30 03:00:00,43.29999999998836,7.3,7.2,991.3,4,5.1,12,30,4,3
2017-12-30 04:00:00,43.10000000003493,9.3,8.9,989.7,4,7.2,12,30,5,4
2017-12-30 05:00:00,43.19999999995344,10.4,10.0,989.7,5,7.2,12,30,6,5
2017-12-30 06:00:00,42.30000000004657,12.1,9.9,990.4,6,8.2,12,30,7,6
2017-12-30 07:00:00,41.900000000023276,12.2,8.9,991.6,6,10.8,12,30,1,7
2017-12-30 08:00:00,43.899999999965075,12.2,8.6,992.6,6,10.3,12,30,2,8
2017-12-30 09:00:00,45.0,11.9,8.2,993.6,6,11.8,12,30,3,9
2017-12-30 10:00:00,45.099999999976724,12.3,8.0,995.5,6,10.3,12,30,4,10
2017-12-30 11:00:00,45.0,12.5,8.1,996.3,6,11.8,12,30,5,11
2017-12-30 12:00:00,46.399999999965075,13.2,8.1,996.7,6,11.3,12,30,6,12
2017-12-30 13:00:00,43.300000000046566,13.6,8.5,997.6,6,9.3,12,30,7,13
2017-12-30 14:00:00,42.80000000004657,13.9,8.3,998.1,6,10.3,12,30,1,14
2017-12-30 15:00:00,47.29999999998836,13.4,8.3,999.2,6,8.8,12,30,2,15
2017-12-30 16:00:00,51.20000000001164,12.9,7.9,1000.2,6,9.8,12,30,3,16
2017-12-30 17:00:00,50.899999999965075,12.1,6.6,1000.8,6,9.8,12,30,4,17
2017-12-30 18:00:00,55.10000000003493,12.0,6.4,1001.7,6,9.3,12,30,5,18
2017-12-30 19:00:00,51.70000000001164,11.7,6.9,1002.2,6,6.2,12,30,6,19
2017-12-30 20:00:00,50.79999999998836,11.4,7.3,1001.9,5,4.6,12,30,7,20
2017-12-30 21:00:00,50.20000000001164,10.8,8.4,1001.6,5,5.7,12,30,1,21
2017-12-30 22:00:00,46.5,9.8,8.3,1000.8,4,3.6,12,30,2,22
2017-12-30 23:00:00,47.10000000003493,9.0,8.4,1000.0,4,4.6,12,30,3,23
2017-12-31 00:00:00,42.099999999976724,9.7,9.4,998.9,4,4.6,12,31,4,0
2017-12-31 01:00:00,41.5,11.6,11.4,997.8,4,5.7,12,31,5,1
2017-12-31 02:00:00,39.400000000023276,12.3,11.6,997.4,5,7.2,12,31,6,2
2017-12-31 03:00:00,38.900000000023276,12.3,11.6,997.0,5,8.2,12,31,7,3
2017-12-31 04:00:00,37.5,12.4,11.7,996.2,5,7.7,12,31,1,4
2017-12-31 05:00:00,37.20000000001164,12.9,11.2,995.7,5,9.3,12,31,2,5
2017-12-31 06:00:00,38.79999999998836,12.8,10.6,995.2,5,9.3,12,31,3,6
2017-12-31 07:00:00,38.5,12.5,11.0,994.3,5,8.2,12,31,4,7
2017-12-31 08:00:00,37.900000000023276,11.8,10.5,995.0,5,8.8,12,31,5,8
2017-12-31 09:00:00,40.099999999976724,11.2,9.6,995.5,5,6.2,12,31,6,9
2017-12-31 10:00:00,44.599999999976724,11.0,8.9,996.1,5,6.2,12,31,7,10
2017-12-31 11:00:00,43.5,11.0,8.2,996.0,5,6.7,12,31,1,11
2017-12-31 12:00:00,42.099999999976724,11.3,8.4,995.5,5,4.6,12,31,2,12
2017-12-31 13:00:00,42.900000000023276,11.5,8.4,994.9,5,5.1,12,31,3,13
2017-12-31 14:00:00,49.79999999998836,11.5,8.6,993.9,5,5.7,12,31,4,14
2017-12-31 15:00:00,50.79999999998836,10.4,7.8,993.3,4,6.7,12,31,5,15
2017-12-31 16:00:00,51.899999999965075,8.9,6.5,993.0,5,6.2,12,31,6,16
2017-12-31 17:00:00,50.20000000001164,8.6,6.3,992.7,5,7.7,12,31,7,17
2017-12-31 18:00:00,51.5,8.6,6.5,992.5,5,6.7,12,31,1,18
2017-12-31 19:00:00,53.79999999998836,8.5,4.8,992.3,5,8.2,12,31,2,19
2017-12-31 20:00:00,53.0,8.5,4.5,992.1,5,7.2,12,31,3,20
2017-12-31 21:00:00,49.400000000023276,8.2,4.0,992.1,5,10.3,12,31,4,21
2017-12-31 22:00:00,50.0,7.5,4.3,993.7,6,12.9,12,31,5,22
2017-12-31 23:00:00,45.70000000001164,7.2,3.7,995.7,6,10.3,12,31,6,23
2018-01-01 00:00:00,19.4,7.0,3.8,997.5,6,8.7,1,1,7,0
2018-01-01 01:00:00,41.2,6.5,3.6,998.5,6,8.2,1,1,1,1
2018-01-01 02:00:00,44.39999999999999,6.0,3.4,999.5,5,6.7,1,1,2,2
2018-01-01 03:00:00,43.09999999999998,5.6,2.2,999.5,5,7.2,1,1,3,3
2018-01-01 04:00:00,45.19999999999999,6.0,3.0,999.7,5,5.7,1,1,4,4
2018-01-01 05:00:00,44.79999999999998,5.7,2.8,999.3,5,5.1,1,1,5,5
2018-01-01 06:00:00,41.40000000000006,5.7,2.8,998.7,5,6.7,1,1,6,6
2018-01-01 07:00:00,41.5,6.0,3.0,998.3,4,6.2,1,1,7,7
2018-01-01 08:00:00,43.5,6.2,2.9,997.4,4,4.1,1,1,1,8
2018-01-01 09:00:00,42.400000000000034,6.5,3.4,996.4,4,2.6,1,1,2,9
2018-01-01 10:00:00,43.399999999999984,7.0,3.6,995.8,3,2.6,1,1,3,10
2018-01-01 11:00:00,42.60000000000002,7.2,4.1,995.5,3,3.1,1,1,4,11
2018-01-01 12:00:00,44.39999999999992,7.7,5.0,995.4,5,3.6,1,1,5,12
2018-01-01 13:00:00,48.200000000000045,8.0,5.3,995.7,6,7.2,1,1,6,13
2018-01-01 14:00:00,47.099999999999895,7.6,4.3,995.9,7,3.1,1,1,7,14
2018-01-01 15:00:00,48.600000000000016,7.7,3.8,997.2,6,6.2,1,1,1,15
2018-01-01 16:00:00,50.600000000000016,7.0,3.5,998.3,6,5.1,1,1,2,16
2018-01-01 17:00:00,49.399999999999984,7.1,3.6,999.5,6,5.7,1,1,3,17
2018-01-01 18:00:00,51.200000000000045,6.5,3.3,1000.6,6,5.7,1,1,4,18
2018-01-01 19:00:00,52.80000000000007,7.2,2.4,1001.9,6,6.2,1,1,5,19
2018-01-01 20:00:00,52.5,7.5,2.5,1003.4,6,7.2,1,1,6,20
2018-01-01 21:00:00,49.200000000000045,7.7,2.3,1005.0,6,7.7,1,1,7,21
2018-01-01 22:00:00,53.900000000000105,7.6,2.2,1006.4,6,7.2,1,1,1,22
2018-01-01 23:00:00,53.200000000000045,7.0,2.2,1007.6,6,6.2,1,1,2,23
2018-01-02 00:00:00,52.099999999999895,6.5,2.0,1009.3,6,4.6,1,2,3,0
2018-01-02 01:00:00,45.099999999999895,6.1,1.9,1009.9,6,5.7,1,2,4,1
2018-01-02 02:00:00,43.400000000000105,4.2,1.7,1010.7,6,3.6,1,2,5,2
2018-01-02 03:00:00,45.0,4.0,1.6,1011.1,6,4.6,1,2,6,3
2018-01-02 04:00:00,41.80000000000018,4.6,1.8,1011.5,6,3.6,1,2,7,4
2018-01-02 05:00:00,40.79999999999996,4.2,1.8,1011.5,6,3.6,1,2,1,5
2018-01-02 06:00:00,41.29999999999996,4.1,2.0,1012.1,6,3.6,1,2,2,6
2018-01-02 07:00:00,42.39999999999985,5.2,2.5,1011.6,4,3.6,1,2,3,7
2018-01-02 08:00:00,44.29999999999996,4.7,2.4,1010.7,4,3.1,1,2,4,8
2018-01-02 09:00:00,47.700000000000045,5.7,2.8,1010.9,4,3.1,1,2,5,9
2018-01-02 10:00:00,56.099999999999895,6.0,3.2,1009.5,3,3.6,1,2,6,10
2018-01-02 11:00:00,62.200000000000045,6.2,5.0,1009.0,3,3.1,1,2,7,11
2018-01-02 12:00:00,59.79999999999996,7.0,6.7,1006.4,3,4.6,1,2,1,12
2018-01-02 13:00:00,58.5,8.6,8.2,1004.7,4,4.6,1,2,2,13
2018-01-02 14:00:00,60.700000000000045,9.2,8.7,1003.4,4,6.2,1,2,3,14
2018-01-02 15:00:00,60.700000000000045,10.0,9.0,1002.9,5,6.7,1,2,4,15
2018-01-02 16:00:00,56.39999999999986,10.5,8.7,1002.7,5,6.2,1,2,5,16
2018-01-02 17:00:00,55.5,10.5,8.5,1002.1,5,6.2,1,2,6,17
2018-01-02 18:00:00,56.5,10.5,7.7,1001.5,5,5.7,1,2,7,18
2018-01-02 19:00:00,59.20000000000049,10.1,8.3,999.6,4,5.7,1,2,1,19
2018-01-02 20:00:00,62.29999999999972,10.1,8.4,997.9,5,8.2,1,2,2,20
2018-01-02 21:00:00,59.400000000000105,10.2,9.3,994.5,4,7.7,1,2,3,21
2018-01-02 22:00:00,54.900000000000105,11.5,10.7,991.9,5,10.8,1,2,4,22
2018-01-02 23:00:00,56.80000000000018,12.2,11.5,989.2,5,10.3,1,2,5,23
2018-01-03 00:00:00,55.599999999999895,10.6,7.6,988.8,6,11.8,1,3,6,0
2018-01-03 01:00:00,48.099999999999895,9.7,6.1,989.4,6,12.3,1,3,7,1
2018-01-03 02:00:00,47.400000000000105,9.5,5.3,989.3,6,10.3,1,3,1,2
2018-01-03 03:00:00,51.0,9.2,3.8,988.7,6,10.8,1,3,2,3
2018-01-03 04:00:00,49.400000000000105,8.1,2.2,989.6,6,11.3,1,3,3,4
2018-01-03 05:00:00,47.80000000000018,8.0,1.5,989.9,6,11.8,1,3,4,5
2018-01-03 06:00:00,48.29999999999972,7.7,1.7,991.1,6,11.8,1,3,5,6
2018-01-03 07:00:00,48.30000000000018,7.7,1.4,992.3,6,11.3,1,3,6,7
2018-01-03 08:00:00,50.69999999999982,8.1,2.3,993.8,6,10.3,1,3,7,8
2018-01-03 09:00:00,57.5,8.5,2.6,995.6,6,11.8,1,3,1,9
2018-01-03 10:00:00,61.599999999999895,8.7,2.6,996.8,6,12.3,1,3,2,10
2018-01-03 11:00:00,61.900000000000105,9.7,3.0,997.8,6,11.3,1,3,3,11
2018-01-03 12:00:00,57.69999999999982,10.2,2.8,998.6,6,11.8,1,3,4,12
2018-01-03 13:00:00,62.900000000000105,10.5,2.6,999.4,6,10.8,1,3,5,13
2018-01-03 14:00:00,61.599999999999895,10.5,2.6,999.9,6,11.3,1,3,6,14
2018-01-03 15:00:00,57.400000000000105,10.0,2.7,1000.7,6,8.2,1,3,7,15
2018-01-03 16:00:00,57.29999999999972,9.2,2.7,1000.7,6,10.3,1,3,1,16
2018-01-03 17:00:00,56.5,8.6,4.0,1001.1,6,10.8,1,3,2,17
2018-01-03 18:00:00,65.19999999999982,9.1,4.0,1001.4,6,10.3,1,3,3,18
2018-01-03 19:00:00,61.69999999999982,8.7,3.9,1001.7,6,9.8,1,3,4,19
2018-01-03 20:00:00,57.19999999999982,8.5,3.9,1001.5,6,8.7,1,3,5,20
2018-01-03 21:00:00,56.30000000000018,8.1,4.1,1001.2,6,6.7,1,3,6,21
2018-01-03 22:00:00,58.599999999999895,8.0,4.1,1001.3,5,7.7,1,3,7,22
2018-01-03 23:00:00,57.19999999999982,8.0,4.3,1000.8,5,7.2,1,3,1,23
2018-01-04 00:00:00,61.79999999999972,7.2,4.2,1000.9,5,6.7,1,4,2,0
2018-01-04 01:00:00,52.19999999999982,6.7,3.4,1000.5,5,6.2,1,4,3,1
2018-01-04 02:00:00,55.599999999999895,7.0,3.6,1000.1,5,5.7,1,4,4,2
2018-01-04 03:00:00,51.900000000000105,7.0,4.0,999.4,5,3.6,1,4,5,3
2018-01-04 04:00:00,51.599999999999895,6.5,5.2,998.1,5,4.1,1,4,6,4
2018-01-04 05:00:00,48.5,6.2,5.7,997.2,5,2.1,1,4,7,5
2018-01-04 06:00:00,49.099999999999895,6.2,6.0,995.8,3,2.6,1,4,1,6
2018-01-04 07:00:00,46.79999999999972,7.0,6.8,994.2,3,3.1,1,4,2,7
2018-01-04 08:00:00,47.70000000000073,7.1,6.9,992.7,3,3.6,1,4,3,8
2018-01-04 09:00:00,56.599999999999454,8.0,7.9,992.2,4,3.6,1,4,4,9
2018-01-04 10:00:00,63.69999999999982,12.0,10.2,991.8,6,8.2,1,4,5,10
2018-01-04 11:00:00,64.0,12.5,9.6,991.2,5,7.7,1,4,6,11
2018-01-04 12:00:00,59.5,13.0,8.5,990.4,5,10.3,1,4,7,12
2018-01-04 13:00:00,52.50000000000001,12.5,6.4,990.1,6,13.4,1,4,1,13
2018-01-04 14:00:00,57.5,11.0,4.7,990.6,6,13.9,1,4,2,14
2018-01-04 15:00:00,55.80000000000018,10.0,4.1,991.1,6,14.4,1,4,3,15
2018-01-04 16:00:00,59.5,9.0,3.1,992.2,6,12.3,1,4,4,16
2018-01-04 17:00:00,60.899999999999636,8.1,2.7,994.1,6,9.3,1,4,5,17
2018-01-04 18:00:00,66.40000000000055,7.6,2.7,994.9,6,8.2,1,4,6,18
2018-01-04 19:00:00,68.40000000000055,6.7,2.8,995.2,6,6.2,1,4,7,19
2018-01-04 20:00:00,70.10000000000036,7.5,3.4,995.7,6,7.7,1,4,1,20
2018-01-04 21:00:00,71.40000000000055,7.5,3.7,995.3,6,5.1,1,4,2,21
2018-01-04 22:00:00,75.90000000000055,7.0,5.0,995.2,5,3.6,1,4,3,22
2018-01-04 23:00:00,69.69999999999982,6.5,4.7,993.9,5,3.6,1,4,4,23
2018-01-05 00:00:00,71.40000000000055,5.5,4.2,993.2,4,4.1,1,5,5,0
2018-01-05 01:00:00,60.79999999999929,6.0,4.6,993.4,5,4.1,1,5,6,1
2018-01-05 02:00:00,55.50000000000001,5.5,4.4,993.8,5,3.1,1,5,7,2
2018-01-05 03:00:00,54.30000000000018,6.1,4.9,994.0,5,4.6,1,5,1,3
2018-01-05 04:00:00,51.69999999999982,6.5,4.8,993.9,5,4.6,1,5,2,4
2018-01-05 05:00:00,51.30000000000018,6.1,4.1,993.4,5,4.1,1,5,3,5
2018-01-05 06:00:00,51.10000000000037,6.2,4.4,993.2,5,5.1,1,5,4,6
2018-01-05 07:00:00,54.50000000000001,6.6,4.5,993.2,4,4.6,1,5,5,7
2018-01-05 08:00:00,64.0,7.0,5.1,992.8,4,5.7,1,5,6,8
2018-01-05 09:00:00,73.90000000000055,7.7,4.5,992.9,5,5.1,1,5,7,9
2018-01-05 10:00:00,73.6999999999998,7.5,4.0,992.7,5,5.7,1,5,1,10
2018-01-05 11:00:00,67.40000000000055,8.6,4.9,992.9,5,5.1,1,5,2,11
2018-01-05 12:00:00,70.8000000000002,8.1,2.9,992.6,5,7.2,1,5,3,12
2018-01-05 13:00:00,67.90000000000055,8.2,2.5,992.9,5,9.8,1,5,4,13
2018-01-05 14:00:00,66.09999999999945,8.7,2.7,993.4,5,8.7,1,5,5,14
2018-01-05 15:00:00,65.69999999999982,7.7,2.4,994.3,6,8.7,1,5,6,15
2018-01-05 16:00:00,77.10000000000036,6.6,2.1,995.0,6,5.7,1,5,7,16
2018-01-05 17:00:00,76.10000000000036,5.7,1.7,995.8,6,5.7,1,5,1,17
2018-01-05 18:00:00,77.40000000000055,4.7,1.7,996.4,6,4.1,1,5,2,18
2018-01-05 19:00:00,77.8000000000002,5.1,2.2,997.4,6,2.6,1,5,3,19
2018-01-05 20:00:00,80.10000000000036,4.2,1.8,998.2,5,1.5,1,5,4,20
2018-01-05 21:00:00,75.3000000000002,4.0,1.7,998.5,4,2.1,1,5,5,21
2018-01-05 22:00:00,73.10000000000036,3.2,1.7,999.2,3,1.5,1,5,6,22
2018-01-05 23:00:00,70.89999999999964,2.6,1.3,1000.0,2,1.0,1,5,7,23
2018-01-06 00:00:00,83.40000000000055,3.2,2.1,1000.7,0,1.0,1,6,1,0
2018-01-06 01:00:00,66.79999999999929,3.0,2.0,1001.0,0,1.5,1,6,2,1
2018-01-06 02:00:00,62.5,3.0,2.0,1001.3,0,1.5,1,6,3,2
2018-01-06 03:00:00,60.19999999999982,2.6,1.5,1002.3,1,1.5,1,6,4,3
2018-01-06 04:00:00,59.899999999999636,2.2,1.4,1002.4,1,1.5,1,6,5,4
2018-01-06 05:00:00,53.79999999999929,2.0,1.2,1003.2,0,1.0,1,6,6,5
2018-01-06 06:00:00,53.89999999999963,1.5,0.7,1003.9,0,2.1,1,6,7,6
2018-01-06 07:00:00,54.30000000000018,1.2,0.6,1005.1,0,2.1,1,6,1,7
2018-01-06 08:00:00,54.199999999999825,1.1,0.8,1006.4,1,2.6,1,6,2,8
2018-01-06 09:00:00,62.900000000000546,1.0,0.6,1007.7,0,2.1,1,6,3,9
2018-01-06 10:00:00,67.59999999999945,1.5,1.0,1008.7,0,2.1,1,6,4,10
2018-01-06 11:00:00,67.89999999999964,2.5,1.3,1009.7,0,1.5,1,6,5,11
2018-01-06 12:00:00,75.6999999999998,4.0,1.9,1010.2,1,3.6,1,6,6,12
2018-01-06 13:00:00,82.5,4.7,2.7,1010.6,0,3.6,1,6,7,13
2018-01-06 14:00:00,83.59999999999945,5.2,3.2,1011.3,1,5.1,1,6,1,14
2018-01-06 15:00:00,81.3000000000002,5.2,2.8,1012.3,1,5.1,1,6,2,15
2018-01-06 16:00:00,81.5,5.6,2.9,1013.2,1,5.7,1,6,3,16
2018-01-06 17:00:00,88.0,5.5,2.7,1014.4,1,5.7,1,6,4,17
2018-01-06 18:00:00,94.39999999999964,5.0,2.3,1015.8,1,3.6,1,6,5,18
2018-01-06 19:00:00,94.19999999999979,4.6,1.5,1016.6,1,5.1,1,6,6,19
2018-01-06 20:00:00,96.50000000000182,4.2,1.4,1017.7,1,5.1,1,6,7,20
2018-01-06 21:00:00,94.29999999999927,4.0,1.1,1019.0,1,4.6,1,6,1,21
2018-01-06 22:00:00,92.69999999999891,3.7,-0.2,1019.9,1,4.6,1,6,2,22
2018-01-06 23:00:00,89.10000000000036,3.5,-0.4,1020.9,1,5.1,1,6,3,23
2018-01-07 00:00:00,100.10000000000036,3.2,-0.7,1021.3,1,5.1,1,7,4,0
2018-01-07 01:00:00,77.39999999999964,3.1,-0.5,1021.8,1,5.1,1,7,5,1
2018-01-07 02:00:00,78.60000000000036,3.0,-1.1,1022.4,1,4.6,1,7,6,2
2018-01-07 03:00:00,72.5,2.6,-1.5,1022.8,1,4.6,1,7,7,3
2018-01-07 04:00:00,71.70000000000073,2.7,-1.5,1023.3,1,5.1,1,7,1,4
2018-01-07 05:00:00,71.20000000000073,2.7,-1.3,1023.2,1,5.1,1,7,2,5
2018-01-07 06:00:00,63.399999999999636,2.7,-1.2,1023.8,1,5.7,1,7,3,6
2018-01-07 07:00:00,65.10000000000038,3.1,-0.1,1024.7,1,6.2,1,7,4,7
2018-01-07 08:00:00,74.69999999999891,2.7,0.5,1025.5,1,6.2,1,7,5,8
2018-01-07 09:00:00,78.2999999999993,3.0,1.0,1026.2,1,5.1,1,7,6,9
2018-01-07 10:00:00,81.89999999999964,3.7,0.6,1026.5,1,6.7,1,7,7,10
2018-01-07 11:00:00,79.89999999999964,4.7,-0.1,1026.9,1,7.2,1,7,1,11
2018-01-07 12:00:00,83.39999999999964,5.1,-0.1,1026.5,1,6.7,1,7,2,12
2018-01-07 13:00:00,95.29999999999927,5.7,-0.3,1026.2,1,6.7,1,7,3,13
2018-01-07 14:00:00,99.5,6.1,-1.7,1026.0,1,6.7,1,7,4,14
2018-01-07 15:00:00,104.39999999999964,5.5,-1.7,1025.9,1,6.7,1,7,5,15
2018-01-07 16:00:00,111.30000000000109,4.5,-2.1,1026.2,1,5.7,1,7,6,16
2018-01-07 17:00:00,116.89999999999964,3.5,-2.8,1026.4,1,6.7,1,7,7,17
2018-01-07 18:00:00,115.80000000000109,3.0,-2.9,1026.3,1,5.7,1,7,1,18
2018-01-07 19:00:00,127.19999999999891,2.5,-2.8,1026.1,1,5.7,1,7,2,19
2018-01-07 20:00:00,127.60000000000036,2.2,-2.8,1026.1,1,4.6,1,7,3,20
2018-01-07 21:00:00,132.8000000000011,2.0,-2.6,1026.1,1,4.1,1,7,4,21
2018-01-07 22:00:00,125.89999999999964,2.0,-2.2,1025.8,1,4.6,1,7,5,22
2018-01-07 23:00:00,118.79999999999927,2.2,-1.5,1025.8,1,5.1,1,7,6,23
2018-01-08 00:00:00,110.10000000000036,2.6,-0.9,1025.3,1,5.1,1,8,7,0
2018-01-08 01:00:00,94.80000000000109,2.7,-0.4,1024.7,1,5.7,1,8,1,1
2018-01-08 02:00:00,89.60000000000036,3.0,0.0,1024.6,1,4.6,1,8,2,2
2018-01-08 03:00:00,83.7999999999993,3.7,0.5,1024.3,1,5.1,1,8,3,3
2018-01-08 04:00:00,81.0,3.7,0.7,1024.2,1,5.1,1,8,4,4
2018-01-08 05:00:00,76.10000000000036,4.0,0.9,1023.9,2,6.2,1,8,5,5
2018-01-08 06:00:00,76.7999999999993,4.0,1.2,1023.7,2,5.1,1,8,6,6
2018-01-08 07:00:00,76.5,4.0,1.5,1023.5,2,5.1,1,8,7,7
2018-01-08 08:00:00,106.0,4.0,1.8,1023.1,2,5.1,1,8,1,8
2018-01-08 09:00:00,121.40000000000146,4.0,2.1,1023.1,1,3.1,1,8,2,9
2018-01-08 10:00:00,114.89999999999964,4.5,2.4,1022.8,2,4.6,1,8,3,10
2018-01-08 11:00:00,100.69999999999891,4.7,2.7,1022.6,2,4.6,1,8,4,11
2018-01-08 12:00:00,102.70000000000073,5.0,2.8,1021.5,2,4.1,1,8,5,12
2018-01-08 13:00:00,108.60000000000036,5.0,2.9,1020.7,2,4.6,1,8,6,13
2018-01-08 14:00:00,118.10000000000036,5.0,2.7,1020.2,2,4.1,1,8,7,14
2018-01-08 15:00:00,110.5,5.0,2.6,1020.1,2,3.6,1,8,1,15
2018-01-08 16:00:00,116.09999999999854,5.0,2.5,1019.3,2,3.6,1,8,2,16
2018-01-08 17:00:00,107.39999999999964,5.1,2.6,1018.9,2,4.1,1,8,3,17
2018-01-08 18:00:00,123.90000000000146,5.0,2.3,1018.9,2,3.6,1,8,4,18
2018-01-08 19:00:00,144.1999999999989,4.7,2.4,1018.3,2,4.1,1,8,5,19
2018-01-08 20:00:00,142.90000000000146,4.6,2.5,1017.8,2,4.1,1,8,6,20
2018-01-08 21:00:00,129.0,4.6,2.7,1017.3,2,4.1,1,8,7,21
2018-01-08 22:00:00,128.10000000000036,4.7,2.8,1016.1,2,4.1,1,8,1,22
2018-01-08 23:00:00,122.0,4.5,2.9,1015.9,2,4.6,1,8,2,23
2018-01-09 00:00:00,102.39999999999964,4.2,2.7,1015.2,2,3.6,1,9,3,0
2018-01-09 01:00:00,89.10000000000036,4.2,2.7,1013.9,2,3.6,1,9,4,1
2018-01-09 02:00:00,76.89999999999964,4.2,2.7,1012.9,2,3.6,1,9,5,2
2018-01-09 03:00:00,74.70000000000073,4.1,2.5,1012.1,2,4.1,1,9,6,3
2018-01-09 04:00:00,67.80000000000109,4.2,2.6,1011.8,2,4.1,1,9,7,4
2018-01-09 05:00:00,63.79999999999927,4.1,2.6,1011.3,3,3.6,1,9,1,5
2018-01-09 06:00:00,64.80000000000109,4.0,2.8,1010.2,4,2.6,1,9,2,6
2018-01-09 07:00:00,71.79999999999927,4.1,2.9,1009.5,3,1.5,1,9,3,7
2018-01-09 08:00:00,88.10000000000036,4.2,3.0,1009.0,3,2.6,1,9,4,8
2018-01-09 09:00:00,106.60000000000036,4.5,3.3,1008.4,2,2.1,1,9,5,9
2018-01-09 10:00:00,103.0,4.5,3.8,1008.2,2,1.5,1,9,6,10
2018-01-09 11:00:00,98.0,4.7,4.2,1007.3,2,2.1,1,9,7,11
2018-01-09 12:00:00,100.39999999999964,5.0,4.6,1006.5,2,3.1,1,9,1,12
2018-01-09 13:00:00,97.79999999999927,5.2,4.5,1006.1,3,3.1,1,9,2,13
2018-01-09 14:00:00,98.5,5.7,4.8,1005.5,3,2.1,1,9,3,14
2018-01-09 15:00:00,93.69999999999891,5.8,5.2,1005.2,4,2.1,1,9,4,15
2018-01-09 16:00:00,97.29999999999927,6.0,5.1,1004.8,3,2.6,1,9,5,16
2018-01-09 17:00:00,109.0,6.0,5.2,1004.4,3,2.6,1,9,6,17
2018-01-09 18:00:00,116.39999999999964,6.2,5.4,1004.5,3,3.1,1,9,7,18
2018-01-09 19:00:00,124.90000000000146,6.5,5.6,1004.5,3,3.1,1,9,1,19
2018-01-09 20:00:00,116.0,6.7,6.3,1004.3,3,3.6,1,9,2,20
2018-01-09 21:00:00,117.20000000000073,6.7,6.4,1003.8,3,3.6,1,9,3,21
2018-01-09 22:00:00,114.39999999999964,7.6,6.7,1003.5,3,4.1,1,9,4,22
2018-01-09 23:00:00,104.39999999999964,8.0,6.8,1003.3,3,4.6,1,9,5,23
2018-01-10 00:00:00,91.40000000000146,8.0,7.1,1003.1,3,4.1,1,10,6,0
2018-01-10 01:00:00,83.10000000000036,8.0,7.4,1002.6,3,4.1,1,10,7,1
2018-01-10 02:00:00,73.79999999999927,8.0,7.6,1002.0,2,4.1,1,10,1,2
2018-01-10 03:00:00,68.79999999999927,8.2,7.9,1001.5,2,4.1,1,10,2,3
2018-01-10 04:00:00,61.70000000000073,8.2,7.9,1001.1,2,3.1,1,10,3,4
2018-01-10 05:00:00,60.20000000000073,8.6,8.2,1001.2,5,4.1,1,10,4,5
2018-01-10 06:00:00,56.29999999999927,7.6,6.5,1002.0,6,6.7,1,10,5,6
2018-01-10 07:00:00,58.70000000000073,7.1,5.9,1003.2,5,5.7,1,10,6,7
2018-01-10 08:00:00,79.10000000000036,6.7,5.7,1003.9,6,4.1,1,10,7,8
2018-01-10 09:00:00,87.00000000000001,7.0,6.1,1004.6,6,5.1,1,10,1,9
2018-01-10 10:00:00,87.100000000004,7.5,6.2,1005.0,6,3.6,1,10,2,10
2018-01-10 11:00:00,86.5,7.5,6.1,1005.2,6,3.6,1,10,3,11
2018-01-10 12:00:00,90.29999999999927,8.0,6.2,1005.2,6,3.1,1,10,4,12
2018-01-10 13:00:00,94.09999999999854,9.5,6.2,1004.8,6,2.6,1,10,5,13
2018-01-10 14:00:00,93.5,10.0,6.4,1005.0,6,3.1,1,10,6,14
2018-01-10 15:00:00,95.39999999999779,9.5,5.7,1005.6,6,3.6,1,10,7,15
2018-01-10 16:00:00,94.09999999999854,9.0,5.4,1005.8,6,2.1,1,10,1,16
2018-01-10 17:00:00,98.0,7.5,4.9,1006.2,6,3.1,1,10,2,17
2018-01-10 18:00:00,110.70000000000073,7.0,4.9,1006.6,6,1.5,1,10,3,18
2018-01-10 19:00:00,113.39999999999779,7.0,5.1,1007.2,6,1.0,1,10,4,19
2018-01-10 20:00:00,109.0,6.5,5.3,1007.6,6,1.0,1,10,5,20
2018-01-10 21:00:00,107.39999999999779,6.1,5.0,1008.0,7,0.5,1,10,6,21
2018-01-10 22:00:00,104.80000000000292,5.7,4.9,1008.3,0,1.5,1,10,7,22
2018-01-10 23:00:00,100.90000000000146,5.0,4.1,1008.7,0,0.5,1,10,1,23
2018-01-11 00:00:00,88.0,4.5,3.9,1009.3,6,1.0,1,11,2,0
2018-01-11 01:00:00,76.40000000000146,4.2,3.8,1009.8,7,1.0,1,11,3,1
2018-01-11 02:00:00,67.59999999999854,3.5,3.0,1010.4,7,1.0,1,11,4,2
2018-01-11 03:00:00,65.0,3.2,2.8,1011.3,7,1.5,1,11,5,3
2018-01-11 04:00:00,57.70000000000073,3.7,3.4,1011.9,0,1.5,1,11,6,4
2018-01-11 05:00:00,53.29999999999927,4.0,3.5,1012.6,7,1.0,1,11,7,5
2018-01-11 06:00:00,53.60000000000218,3.2,2.9,1013.6,6,1.5,1,11,1,6
2018-01-11 07:00:00,58.89999999999782,4.7,4.6,1014.8,7,1.5,1,11,2,7
2018-01-11 08:00:00,74.60000000000218,5.6,4.9,1015.7,7,1.5,1,11,3,8
2018-01-11 09:00:00,85.0,6.0,5.0,1016.7,7,1.5,1,11,4,9
2018-01-11 10:00:00,87.79999999999926,6.2,5.3,1017.9,0,2.1,1,11,5,10
2018-01-11 11:00:00,85.69999999999709,6.6,5.8,1018.8,7,2.6,1,11,6,11
2018-01-11 12:00:00,87.70000000000074,6.6,5.7,1019.2,7,3.1,1,11,7,12
2018-01-11 13:00:00,88.20000000000074,7.1,5.8,1019.4,0,3.1,1,11,1,13
2018-01-11 14:00:00,88.29999999999926,7.5,6.0,1020.1,0,3.1,1,11,2,14
2018-01-11 15:00:00,88.70000000000074,7.5,6.0,1020.5,0,3.1,1,11,3,15
2018-01-11 16:00:00,88.59999999999854,7.5,6.0,1021.2,0,2.6,1,11,4,16
2018-01-11 17:00:00,89.0,7.2,5.9,1022.3,7,3.1,1,11,5,17
2018-01-11 18:00:00,98.79999999999927,7.1,5.7,1023.1,7,3.1,1,11,6,18
2018-01-11 19:00:00,107.5,7.2,5.5,1023.5,0,2.1,1,11,7,19
2018-01-11 20:00:00,101.09999999999854,7.2,5.4,1024.0,0,2.1,1,11,1,20
2018-01-11 21:00:00,101.5,7.0,5.4,1024.6,7,2.6,1,11,2,21
2018-01-11 22:00:00,98.70000000000073,7.2,5.4,1025.2,0,2.6,1,11,3,22
2018-01-11 23:00:00,100.79999999999927,7.0,5.5,1025.6,0,2.6,1,11,4,23
2018-01-12 00:00:00,88.60000000000221,6.7,5.6,1025.8,1,1.5,1,12,5,0
2018-01-12 01:00:00,83.40000000000146,6.7,5.8,1025.5,0,1.0,1,12,6,1
2018-01-12 02:00:00,78.20000000000073,6.7,5.8,1025.5,1,1.5,1,12,7,2
2018-01-12 03:00:00,68.40000000000146,6.7,5.8,1026.1,7,1.0,1,12,1,3
2018-01-12 04:00:00,63.10000000000218,6.6,5.8,1026.5,7,1.5,1,12,2,4
2018-01-12 05:00:00,55.09999999999855,6.2,5.7,1026.3,7,1.0,1,12,3,5
2018-01-12 06:00:00,55.0,6.5,5.8,1026.4,0,0.5,1,12,4,6
2018-01-12 07:00:00,57.20000000000071,6.2,5.5,1026.3,1,1.0,1,12,5,7
2018-01-12 08:00:00,71.29999999999927,6.5,5.8,1026.4,2,1.5,1,12,6,8
2018-01-12 09:00:00,84.79999999999927,6.5,5.9,1026.6,2,1.5,1,12,7,9
2018-01-12 10:00:00,86.0,7.0,6.0,1026.9,3,3.1,1,12,1,10
2018-01-12 11:00:00,89.10000000000221,7.0,5.8,1027.0,3,2.1,1,12,2,11
2018-01-12 12:00:00,82.5,7.2,5.3,1026.6,3,3.6,1,12,3,12
2018-01-12 13:00:00,92.0,7.2,6.0,1026.1,3,2.6,1,12,4,13
2018-01-12 14:00:00,90.90000000000146,7.1,5.4,1025.5,3,3.1,1,12,5,14
2018-01-12 15:00:00,84.59999999999854,7.2,5.3,1025.4,3,3.1,1,12,6,15
2018-01-12 16:00:00,82.5,7.0,4.9,1024.9,3,3.1,1,12,7,16
2018-01-12 17:00:00,92.59999999999854,6.7,5.1,1024.8,3,3.1,1,12,1,17
2018-01-12 18:00:00,97.89999999999779,7.0,5.1,1024.9,3,3.6,1,12,2,18
2018-01-12 19:00:00,101.0,7.0,4.9,1024.8,3,3.6,1,12,3,19
2018-01-12 20:00:00,89.5,6.0,3.8,1024.9,3,4.6,1,12,4,20
2018-01-12 21:00:00,91.90000000000146,5.7,3.7,1024.7,4,4.1,1,12,5,21
2018-01-12 22:00:00,91.70000000000073,5.7,3.1,1024.3,4,5.1,1,12,6,22
2018-01-12 23:00:00,91.89999999999779,5.5,3.2,1024.0,3,5.1,1,12,7,23
2018-01-13 00:00:00,85.40000000000146,5.5,3.1,1023.5,3,4.1,1,13,1,0
2018-01-13 01:00:00,75.09999999999854,5.6,3.1,1022.8,3,5.7,1,13,2,1
2018-01-13 02:00:00,79.29999999999927,5.5,3.0,1022.5,3,3.6,1,13,3,2
2018-01-13 03:00:00,76.29999999999927,5.5,3.0,1021.9,3,4.6,1,13,4,3
2018-01-13 04:00:00,68.5,5.2,2.9,1020.9,3,4.6,1,13,5,4
2018-01-13 05:00:00,60.19999999999709,5.5,2.8,1020.6,3,5.7,1,13,6,5
2018-01-13 06:00:00,55.79999999999927,5.5,2.9,1020.3,3,4.6,1,13,7,6
2018-01-13 07:00:00,59.5,5.6,3.1,1020.1,3,4.6,1,13,1,7
2018-01-13 08:00:00,60.99999999999999,5.6,3.5,1019.9,3,4.6,1,13,2,8
2018-01-13 09:00:00,68.5,6.1,3.5,1020.2,3,4.1,1,13,3,9
2018-01-13 10:00:00,75.20000000000073,6.5,3.9,1020.3,3,4.1,1,13,4,10
2018-01-13 11:00:00,86.5,7.1,4.0,1020.2,3,5.7,1,13,5,11
2018-01-13 12:00:00,88.60000000000221,7.5,3.8,1019.9,3,5.7,1,13,6,12
2018-01-13 13:00:00,89.20000000000074,8.0,3.7,1019.1,3,5.1,1,13,7,13
2018-01-13 14:00:00,94.40000000000146,7.2,3.4,1018.8,3,6.2,1,13,1,14
2018-01-13 15:00:00,94.5,7.1,3.0,1018.8,3,4.1,1,13,2,15
2018-01-13 16:00:00,92.60000000000221,6.2,2.5,1018.7,3,6.7,1,13,3,16
2018-01-13 17:00:00,94.60000000000221,6.0,2.7,1018.8,3,4.1,1,13,4,17
2018-01-13 18:00:00,103.39999999999779,6.1,2.7,1018.9,3,5.1,1,13,5,18
2018-01-13 19:00:00,102.5,5.5,2.3,1019.1,3,5.7,1,13,6,19
2018-01-13 20:00:00,101.89999999999779,5.2,2.4,1019.3,3,6.2,1,13,7,20
2018-01-13 21:00:00,95.70000000000073,5.0,2.1,1019.5,3,5.1,1,13,1,21
2018-01-13 22:00:00,98.30000000000292,4.7,1.4,1019.4,3,6.2,1,13,2,22
2018-01-13 23:00:00,86.10000000000221,4.7,1.4,1019.3,2,3.6,1,13,3,23
2018-01-14 00:00:00,92.20000000000073,4.6,1.3,1019.2,2,4.1,1,14,4,0
2018-01-14 01:00:00,86.09999999999854,4.7,1.0,1019.2,2,3.6,1,14,5,1
2018-01-14 02:00:00,80.09999999999854,4.5,0.8,1019.2,1,3.1,1,14,6,2
2018-01-14 03:00:00,67.70000000000073,4.2,0.8,1019.4,1,1.5,1,14,7,3
2018-01-14 04:00:00,59.0,4.2,0.9,1019.2,2,3.1,1,14,1,4
2018-01-14 05:00:00,55.20000000000071,4.2,0.6,1019.1,2,3.1,1,14,2,5
2018-01-14 06:00:00,52.90000000000146,4.5,0.7,1019.0,1,1.5,1,14,3,6
2018-01-14 07:00:00,54.49999999999999,4.5,1.0,1018.9,1,1.5,1,14,4,7
2018-01-14 08:00:00,54.29999999999927,4.7,0.6,1018.9,2,3.1,1,14,5,8
2018-01-14 09:00:00,63.20000000000071,5.2,0.6,1019.2,1,1.0,1,14,6,9
2018-01-14 10:00:00,69.39999999999782,5.2,1.0,1019.4,0,1.5,1,14,7,10
2018-01-14 11:00:00,81.59999999999854,5.6,1.1,1019.6,0,1.0,1,14,1,11
2018-01-14 12:00:00,88.5,6.0,1.2,1018.9,0,1.5,1,14,2,12
2018-01-14 13:00:00,97.29999999999927,6.2,0.7,1018.4,0,1.0,1,14,3,13
2018-01-14 14:00:00,92.0,6.2,0.8,1017.8,5,1.0,1,14,4,14
2018-01-14 15:00:00,96.20000000000073,6.2,0.6,1017.5,3,1.5,1,14,5,15
2018-01-14 16:00:00,91.90000000000146,6.0,0.4,1017.1,5,3.1,1,14,6,16
2018-01-14 17:00:00,95.60000000000221,5.5,0.2,1017.0,5,2.6,1,14,7,17
2018-01-14 18:00:00,104.60000000000221,5.2,0.6,1017.0,5,3.1,1,14,1,18
2018-01-14 19:00:00,113.0,5.2,0.6,1017.1,5,3.6,1,14,2,19
2018-01-14 20:00:00,110.79999999999927,5.0,0.8,1016.8,5,3.6,1,14,3,20
2018-01-14 21:00:00,107.60000000000221,4.7,0.6,1016.3,5,4.1,1,14,4,21
2018-01-14 22:00:00,99.0,4.7,0.9,1015.4,5,3.6,1,14,5,22
2018-01-14 23:00:00,100.20000000000073,5.0,1.2,1014.3,4,3.1,1,14,6,23
2018-01-15 00:00:00,93.20000000000073,5.2,1.7,1012.8,4,4.6,1,15,7,0
2018-01-15 01:00:00,78.29999999999927,5.5,2.2,1011.8,5,5.1,1,15,1,1
2018-01-15 02:00:00,76.60000000000218,6.2,3.2,1010.3,4,5.1,1,15,2,2
2018-01-15 03:00:00,66.70000000000071,6.7,4.0,1009.2,4,5.7,1,15,3,3
2018-01-15 04:00:00,60.19999999999709,6.7,5.4,1007.0,4,5.7,1,15,4,4
2018-01-15 05:00:00,55.59999999999854,7.6,6.5,1004.7,4,6.2,1,15,5,5
2018-01-15 06:00:00,55.70000000000071,8.0,6.6,1002.7,4,8.7,1,15,6,6
2018-01-15 07:00:00,60.89999999999782,8.2,7.3,1001.1,4,9.3,1,15,7,7
2018-01-15 08:00:00,70.5,8.5,7.6,999.9,4,7.7,1,15,1,8
2018-01-15 09:00:00,80.79999999999927,9.0,8.2,998.7,5,8.2,1,15,2,9
2018-01-15 10:00:00,87.1999999999971,10.0,9.5,997.3,5,6.7,1,15,3,10
2018-01-15 11:00:00,83.90000000000146,10.5,9.7,995.5,4,6.7,1,15,4,11
2018-01-15 12:00:00,81.79999999999927,10.7,9.9,993.2,4,6.2,1,15,5,12
2018-01-15 13:00:00,83.0,11.0,9.7,992.3,6,8.2,1,15,6,13
2018-01-15 14:00:00,86.70000000000074,11.0,8.9,991.8,6,9.3,1,15,7,14
2018-01-15 15:00:00,84.79999999999927,10.6,7.8,992.0,6,8.7,1,15,1,15
2018-01-15 16:00:00,83.79999999999927,10.0,7.5,992.4,6,6.7,1,15,2,16
2018-01-15 17:00:00,90.40000000000146,9.2,5.7,993.1,6,9.3,1,15,3,17
2018-01-15 18:00:00,101.20000000000073,8.5,4.4,994.6,6,5.7,1,15,4,18
2018-01-15 19:00:00,109.79999999999927,6.7,4.4,995.1,6,5.7,1,15,5,19
2018-01-15 20:00:00,109.20000000000073,6.2,3.4,994.6,6,6.2,1,15,6,20
2018-01-15 21:00:00,106.0,6.5,3.8,995.1,5,7.2,1,15,7,21
2018-01-15 22:00:00,100.79999999999927,6.2,3.7,995.2,5,7.2,1,15,1,22
2018-01-15 23:00:00,101.09999999999854,6.2,3.6,994.8,5,6.7,1,15,2,23
2018-01-16 00:00:00,89.20000000000074,6.5,4.0,994.6,5,6.2,1,16,3,0
2018-01-16 01:00:00,71.60000000000218,6.5,3.6,994.0,6,7.7,1,16,4,1
2018-01-16 02:00:00,70.70000000000073,6.5,3.8,993.8,6,9.3,1,16,5,2
2018-01-16 03:00:00,61.70000000000071,5.7,3.6,993.4,6,7.2,1,16,6,3
2018-01-16 04:00:00,56.40000000000145,5.7,3.7,993.5,6,7.2,1,16,7,4
2018-01-16 05:00:00,52.09999999999855,6.0,3.1,993.5,6,7.7,1,16,1,5
2018-01-16 06:00:00,52.09999999999855,5.2,1.9,994.0,6,8.2,1,16,2,6
2018-01-16 07:00:00,55.70000000000071,5.2,1.3,995.0,6,8.2,1,16,3,7
2018-01-16 08:00:00,71.40000000000146,5.5,1.1,995.5,6,8.7,1,16,4,8
2018-01-16 09:00:00,84.19999999999709,5.2,0.5,996.2,6,8.7,1,16,5,9
2018-01-16 10:00:00,84.59999999999854,5.7,1.3,996.7,6,9.3,1,16,6,10
2018-01-16 11:00:00,83.5,6.0,1.1,997.2,6,9.8,1,16,7,11
2018-01-16 12:00:00,82.5,7.5,0.5,997.0,6,9.3,1,16,1,12
2018-01-16 13:00:00,84.60000000000218,7.7,-0.3,996.6,6,11.3,1,16,2,13
2018-01-16 14:00:00,87.40000000000146,7.5,-1.3,996.4,6,10.3,1,16,3,14
2018-01-16 15:00:00,92.90000000000146,6.2,-1.0,996.4,6,9.3,1,16,4,15
2018-01-16 16:00:00,93.70000000000073,6.0,-0.2,995.6,5,7.2,1,16,5,16
2018-01-16 17:00:00,98.60000000000221,5.7,0.8,994.9,5,7.2,1,16,6,17
2018-01-16 18:00:00,109.70000000000073,4.2,0.3,994.7,6,7.2,1,16,7,18
2018-01-16 19:00:00,115.59999999999854,3.5,0.7,994.9,6,7.7,1,16,1,19
2018-01-16 20:00:00,110.10000000000221,3.2,0.6,995.1,6,7.2,1,16,2,20
2018-01-16 21:00:00,104.1999999999971,3.5,0.6,994.7,6,7.7,1,16,3,21
2018-01-16 22:00:00,105.39999999999779,3.1,0.5,995.1,6,7.2,1,16,4,22
2018-01-16 23:00:00,100.09999999999854,3.1,-0.3,995.7,6,7.7,1,16,5,23
2018-01-17 00:00:00,96.90000000000146,2.7,-1.1,996.1,6,9.3,1,17,6,0
2018-01-17 01:00:00,88.70000000000074,2.5,-1.7,996.7,6,8.7,1,17,7,1
2018-01-17 02:00:00,82.70000000000073,2.7,-2.2,997.8,6,8.7,1,17,1,2
2018-01-17 03:00:00,71.69999999999709,2.5,-2.1,998.6,6,7.2,1,17,2,3
2018-01-17 04:00:00,64.69999999999709,2.6,-2.1,999.6,6,7.2,1,17,3,4
2018-01-17 05:00:00,60.79999999999927,3.0,-2.0,1000.5,6,7.2,1,17,4,5
2018-01-17 06:00:00,61.10000000000218,2.7,-1.9,1001.3,6,9.3,1,17,5,6
2018-01-17 07:00:00,61.90000000000145,3.2,-1.5,1002.8,6,9.8,1,17,6,7
2018-01-17 08:00:00,72.5,3.7,-1.5,1004.4,6,7.7,1,17,7,8
2018-01-17 09:00:00,93.5,4.1,-0.8,1005.6,6,9.3,1,17,1,9
2018-01-17 10:00:00,96.70000000000073,5.1,-0.9,1006.7,6,9.3,1,17,2,10
2018-01-17 11:00:00,86.59999999999854,6.2,-0.8,1007.5,6,9.8,1,17,3,11
2018-01-17 12:00:00,96.90000000000146,7.011700501435787,-0.7271048790940886,1008.3,6,9.3,1,17,4,12
2018-01-17 13:00:00,95.79999999999927,7.486659094245263,-0.7583584995967843,1008.6872000938968,6,9.8,1,17,5,13
2018-01-17 14:00:00,99.80000000000292,7.643288139932108,-0.8354328703010877,1008.6717010285257,6,10.8,1,17,6,14
2018-01-17 15:00:00,100.5,7.5,-0.9,1008.8,6,7.7,1,17,7,15
2018-01-17 16:00:00,101.79999999999927,7.0,-0.8,1009.1,6,7.2,1,17,1,16
2018-01-17 17:00:00,105.90000000000146,6.0,0.1,1009.1,5,5.7,1,17,2,17
2018-01-17 18:00:00,121.20000000000073,5.6,0.5,1008.5,5,5.7,1,17,3,18
2018-01-17 19:00:00,131.09999999999854,5.7,1.2,1008.7,5,5.7,1,17,4,19
2018-01-17 20:00:00,128.1999999999971,5.6,1.4,1007.7,5,5.7,1,17,5,20
2018-01-17 21:00:00,115.29999999999927,5.7,1.6,1006.3,5,7.2,1,17,6,21
2018-01-17 22:00:00,109.29999999999927,5.7,3.1,1004.4,5,6.2,1,17,7,22
2018-01-17 23:00:00,106.70000000000073,6.1,4.5,1001.0,4,6.7,1,17,1,23
2018-01-18 00:00:00,91.10000000000221,7.2,6.3,997.6,5,10.8,1,18,2,0
2018-01-18 01:00:00,83.29999999999927,9.1,8.2,994.8,5,11.3,1,18,3,1
2018-01-18 02:00:00,73.40000000000146,10.2,8.6,992.9,5,11.8,1,18,4,2
2018-01-18 03:00:00,67.20000000000073,11.2,7.1,992.0,6,14.4,1,18,5,3
2018-01-18 04:00:00,63.90000000000146,11.6,5.1,991.5,6,18.5,1,18,6,4
2018-01-18 05:00:00,63.49999999999999,10.6,4.2,992.9,6,14.4,1,18,7,5
2018-01-18 06:00:00,57.60000000000218,10.0,1.8,995.1,6,13.4,1,18,1,6
2018-01-18 07:00:00,61.300000000002896,8.2,0.7,997.7,6,11.8,1,18,2,7
2018-01-18 08:00:00,75.70000000000073,7.1,0.7,999.8,6,8.2,1,18,3,8
2018-01-18 09:00:00,82.0,7.0,1.2,1001.4,6,7.7,1,18,4,9
2018-01-18 10:00:00,83.59999999999492,7.2,1.4,1002.0,6,8.7,1,18,5,10
2018-01-18 11:00:00,86.6999999999971,7.7,1.5,1002.5,6,7.7,1,18,6,11
2018-01-18 12:00:00,87.40000000000146,9.0,2.4,1002.4,6,7.2,1,18,7,12
2018-01-18 13:00:00,92.20000000000437,9.0,2.2,1002.0,6,7.7,1,18,1,13
2018-01-18 14:00:00,83.69999999999709,8.5,2.2,1002.1,6,7.7,1,18,2,14
2018-01-18 15:00:00,80.5,8.7,2.0,1002.0,6,8.2,1,18,3,15
2018-01-18 16:00:00,84.59999999999854,7.7,1.8,1002.1,6,7.7,1,18,4,16
2018-01-18 17:00:00,93.39999999999418,7.2,1.2,1002.7,6,6.2,1,18,5,17
2018-01-18 18:00:00,105.79999999999563,5.6,1.6,1003.5,6,5.7,1,18,6,18
2018-01-18 19:00:00,109.29999999999563,5.0,1.2,1004.1,6,5.7,1,18,7,19
2018-01-18 20:00:00,106.19999999999708,5.0,0.7,1004.9,6,5.7,1,18,1,20
2018-01-18 21:00:00,102.59999999999854,4.0,-0.3,1005.7,6,5.1,1,18,2,21
2018-01-18 22:00:00,99.90000000000146,4.2,-0.4,1006.1,6,4.1,1,18,3,22
2018-01-18 23:00:00,94.30000000000292,2.6,-0.8,1006.9,6,3.1,1,18,4,23
2018-01-19 00:00:00,85.09999999999854,1.7,-0.6,1007.2,6,3.6,1,19,5,0
2018-01-19 01:00:00,85.80000000000291,2.0,-0.1,1007.4,6,3.6,1,19,6,1
2018-01-19 02:00:00,78.40000000000146,1.0,-0.7,1007.9,6,2.6,1,19,7,2
2018-01-19 03:00:00,71.69999999999709,1.1,-0.7,1008.3,5,3.1,1,19,1,3
2018-01-19 04:00:00,70.80000000000291,1.2,-0.4,1008.3,5,4.1,1,19,2,4
2018-01-19 05:00:00,60.60000000000582,1.5,-0.2,1008.5,5,2.6,1,19,3,5
2018-01-19 06:00:00,59.30000000000291,1.2,-0.3,1008.8,4,3.6,1,19,4,6
2018-01-19 07:00:00,60.70000000000436,1.5,-0.1,1009.1,5,3.6,1,19,5,7
2018-01-19 08:00:00,75.90000000000146,1.7,-0.2,1009.2,5,2.6,1,19,6,8
2018-01-19 09:00:00,81.79999999999562,2.0,0.3,1009.7,5,3.1,1,19,7,9
2018-01-19 10:00:00,89.00000000000001,3.7,0.9,1009.8,5,3.1,1,19,1,10
2018-01-19 11:00:00,85.09999999999854,5.1,0.9,1010.2,6,5.1,1,19,2,11
2018-01-19 12:00:00,89.09999999999854,5.938982541644132,0.5526115975605803,1010.253222694852,6,6.2,1,19,3,12
2018-01-19 13:00:00,92.20000000000437,6.2284614102390625,-0.08162821426440375,1009.8235040270779,6,7.2,1,19,4,13
2018-01-19 14:00:00,87.5,6.30370957371446,-0.5000539189571859,1009.2820333457647,6,6.7,1,19,5,14
2018-01-19 15:00:00,88.09999999999854,6.5,-0.2,1009.0,6,7.7,1,19,6,15
2018-01-19 16:00:00,83.80000000000291,6.6,0.6,1009.0,6,6.7,1,19,7,16
2018-01-19 17:00:00,91.10000000000582,5.6,0.7,1009.3,6,6.7,1,19,1,17
2018-01-19 18:00:00,97.59999999999854,5.0,0.5,1009.3,6,6.7,1,19,2,18
2018-01-19 19:00:00,95.79999999999563,4.5,0.0,1009.4,6,7.2,1,19,3,19
2018-01-19 20:00:00,94.30000000000292,3.7,0.2,1009.7,6,6.2,1,19,4,20
2018-01-19 21:00:00,92.6999999999971,3.7,0.8,1009.7,5,6.2,1,19,5,21
2018-01-19 22:00:00,92.20000000000437,3.2,0.7,1009.7,5,5.7,1,19,6,22
2018-01-19 23:00:00,88.40000000000146,3.0,0.5,1009.6,5,5.1,1,19,7,23
2018-01-20 00:00:00,82.40000000000146,2.1,0.2,1009.5,5,3.1,1,20,1,0
2018-01-20 01:00:00,79.29999999999562,1.7,0.1,1009.1,5,2.1,1,20,2,1
2018-01-20 02:00:00,65.19999999999709,2.2,0.5,1008.0,5,2.6,1,20,3,2
2018-01-20 03:00:00,66.5,1.7,0.3,1007.1,5,0.5,1,20,4,3
2018-01-20 04:00:00,62.40000000000145,2.6,1.5,1005.6,5,2.6,1,20,5,4
2018-01-20 05:00:00,55.300000000002896,3.6,2.1,1004.3,4,1.5,1,20,6,5
2018-01-20 06:00:00,53.0,3.7,2.6,1003.1,4,2.6,1,20,7,6
2018-01-20 07:00:00,53.70000000000436,4.2,2.9,1002.2,3,3.1,1,20,1,7
2018-01-20 08:00:00,57.299999999995634,4.1,3.1,1001.4,3,3.6,1,20,2,8
2018-01-20 09:00:00,63.799999999995634,3.7,3.3,1000.8,2,2.1,1,20,3,9
2018-01-20 10:00:00,71.09999999999854,4.0,3.7,1000.4,1,3.1,1,20,4,10
2018-01-20 11:00:00,74.90000000000146,4.5,4.1,1000.0,2,3.1,1,20,5,11
2018-01-20 12:00:00,88.3000000000029,4.5,4.1,999.1,2,3.1,1,20,6,12
2018-01-20 13:00:00,98.5,4.7,4.2,998.2,2,3.6,1,20,7,13
2018-01-20 14:00:00,103.69999999999708,4.5,4.1,998.2,2,2.1,1,20,1,14
2018-01-20 15:00:00,99.30000000000292,4.7,4.4,998.7,1,2.6,1,20,2,15
2018-01-20 16:00:00,96.90000000000146,4.5,3.9,999.5,1,3.6,1,20,3,16
2018-01-20 17:00:00,98.29999999999563,4.0,3.0,1000.5,1,3.6,1,20,4,17
2018-01-20 18:00:00,107.09999999999854,3.5,2.5,1002.3,1,2.6,1,20,5,18
2018-01-20 19:00:00,109.80000000000292,3.2,2.3,1004.4,0,2.1,1,20,6,19
2018-01-20 20:00:00,103.60000000000582,3.2,2.4,1006.2,0,2.1,1,20,7,20
2018-01-20 21:00:00,102.40000000000146,3.1,1.8,1007.9,0,2.6,1,20,1,21
2018-01-20 22:00:00,94.29999999999563,2.7,1.7,1009.5,7,2.1,1,20,2,22
2018-01-20 23:00:00,82.89999999999421,2.6,1.4,1010.5,7,1.0,1,20,3,23
2018-01-21 00:00:00,89.0,2.2,1.2,1012.4,7,2.6,1,21,4,0
2018-01-21 01:00:00,82.59999999999854,2.1,1.0,1013.3,7,2.6,1,21,5,1
2018-01-21 02:00:00,79.19999999999709,1.5,0.5,1014.4,7,2.1,1,21,6,2
2018-01-21 03:00:00,77.0,1.1,0.4,1014.7,0,0.5,1,21,7,3
2018-01-21 04:00:00,67.5,1.1,0.6,1014.6,7,0.5,1,21,1,4
2018-01-21 05:00:00,62.20000000000436,1.2,0.6,1014.9,6,0.5,1,21,2,5
2018-01-21 06:00:00,63.40000000000146,1.6,1.0,1015.3,5,2.1,1,21,3,6
2018-01-21 07:00:00,61.90000000000145,2.0,1.0,1015.5,5,2.6,1,21,4,7
2018-01-21 08:00:00,62.90000000000146,2.2,1.2,1016.0,5,2.1,1,21,5,8
2018-01-21 09:00:00,68.0,2.2,1.3,1016.2,3,2.1,1,21,6,9
2018-01-21 10:00:00,82.70000000000438,1.6,1.1,1015.3,3,4.1,1,21,7,10
2018-01-21 11:00:00,86.09999999999854,1.7,1.3,1014.7,3,4.6,1,21,1,11
2018-01-21 12:00:00,92.90000000000146,1.2,0.9,1013.9,3,4.1,1,21,2,12
2018-01-21 13:00:00,107.09999999999854,2.0,1.7,1012.6,2,4.6,1,21,3,13
2018-01-21 14:00:00,111.40000000000146,2.7,2.5,1011.2,3,4.6,1,21,4,14
2018-01-21 15:00:00,106.0,3.5,3.2,1010.0,2,3.1,1,21,5,15
2018-01-21 16:00:00,106.0,4.2,4.1,1008.7,3,2.6,1,21,6,16
2018-01-21 17:00:00,109.80000000000292,5.5,5.3,1007.9,4,3.6,1,21,7,17
2018-01-21 18:00:00,112.40000000000146,6.0,5.7,1007.2,2,1.5,1,21,1,18
2018-01-21 19:00:00,109.40000000000146,6.6,6.5,1005.8,4,2.6,1,21,2,19
2018-01-21 20:00:00,107.70000000000437,8.1,7.9,1006.1,5,3.6,1,21,3,20
2018-01-21 21:00:00,101.5,9.6,9.5,1005.8,6,4.6,1,21,4,21
2018-01-21 22:00:00,98.90000000000146,10.6,9.9,1006.2,6,5.7,1,21,5,22
2018-01-21 23:00:00,94.30000000000292,10.6,9.4,1006.6,6,4.6,1,21,6,23
2018-01-22 00:00:00,90.40000000000146,10.2,9.3,1006.8,6,4.6,1,22,7,0
2018-01-22 01:00:00,75.90000000000146,10.1,8.8,1006.8,6,5.7,1,22,1,1
2018-01-22 02:00:00,69.59999999999854,9.6,8.6,1006.9,6,3.6,1,22,2,2
2018-01-22 03:00:00,64.5,9.5,8.3,1007.0,6,2.6,1,22,3,3
2018-01-22 04:00:00,60.5,8.7,7.4,1007.3,6,3.1,1,22,4,4
2018-01-22 05:00:00,57.30000000000291,8.7,7.4,1007.5,6,2.6,1,22,5,5
2018-01-22 06:00:00,57.09999999999854,8.5,7.3,1007.9,6,2.6,1,22,6,6
2018-01-22 07:00:00,56.800000000002896,8.2,6.8,1008.2,6,2.6,1,22,7,7
2018-01-22 08:00:00,72.59999999999854,7.7,6.3,1008.5,6,3.1,1,22,1,8
2018-01-22 09:00:00,79.69999999999709,7.5,6.0,1009.1,6,3.6,1,22,2,9
2018-01-22 10:00:00,91.0,8.0,6.2,1010.4,6,3.1,1,22,3,10
2018-01-22 11:00:00,85.0,8.7,6.5,1011.6,6,3.1,1,22,4,11
2018-01-22 12:00:00,82.90000000000146,9.5,5.9,1012.1,6,4.1,1,22,5,12
2018-01-22 13:00:00,88.60000000000582,10.2,4.9,1012.8,6,5.7,1,22,6,13
2018-01-22 14:00:00,87.5,11.0,4.0,1013.8159821649713,6,4.1,1,22,7,14
2018-01-22 15:00:00,84.89999999999421,10.0,4.0,1015.1390677502748,6,5.7,1,22,1,15
2018-01-22 16:00:00,86.5,10.0,3.0,1016.367619460441,6,4.6,1,22,2,16
2018-01-22 17:00:00,92.90000000000146,9.6,3.1,1017.1,6,3.6,1,22,3,17
2018-01-22 18:00:00,99.29999999999563,9.1,4.0,1017.4,6,3.6,1,22,4,18
2018-01-22 19:00:00,105.40000000000146,8.7,4.1,1017.7,6,4.6,1,22,5,19
2018-01-22 20:00:00,107.60000000000582,8.0,3.2,1018.3,5,4.1,1,22,6,20
2018-01-22 21:00:00,97.5,8.0,3.9,1018.8,5,4.6,1,22,7,21
2018-01-22 22:00:00,98.40000000000146,7.2,4.1,1018.8,5,4.6,1,22,1,22
2018-01-22 23:00:00,93.29999999999563,7.7,4.3,1019.0,4,4.1,1,22,2,23
2018-01-23 00:00:00,83.0,8.1,4.5,1019.1,4,4.1,1,23,3,0
2018-01-23 01:00:00,77.30000000000291,8.2,4.7,1018.9,5,4.6,1,23,4,1
2018-01-23 02:00:00,68.59999999999854,8.5,4.9,1018.7,4,4.1,1,23,5,2
2018-01-23 03:00:00,64.90000000000146,8.0,4.7,1018.7,5,4.6,1,23,6,3
2018-01-23 04:00:00,62.19999999999709,8.5,5.1,1018.2,4,3.6,1,23,7,4
2018-01-23 05:00:00,54.19999999999709,8.5,5.5,1017.3,4,3.6,1,23,1,5
2018-01-23 06:00:00,52.800000000002896,9.1,6.6,1016.7,4,4.1,1,23,2,6
2018-01-23 07:00:00,60.30000000000291,9.2,8.0,1016.3,4,4.1,1,23,3,7
2018-01-23 08:00:00,74.59999999999854,9.5,8.2,1016.0,4,6.2,1,23,4,8
2018-01-23 09:00:00,85.40000000000146,9.5,8.5,1015.8,4,5.1,1,23,5,9
2018-01-23 10:00:00,95.0,10.0,9.0,1015.5,4,6.7,1,23,6,10
2018-01-23 11:00:00,85.40000000000146,11.0,10.1,1015.3,5,6.7,1,23,7,11
2018-01-23 12:00:00,88.5,12.0,10.6,1014.4,5,6.2,1,23,1,12
2018-01-23 13:00:00,88.59999999999854,12.6,10.8,1014.0,5,7.7,1,23,2,13
2018-01-23 14:00:00,87.40000000000146,12.6,10.7,1013.5,5,7.2,1,23,3,14
2018-01-23 15:00:00,86.29999999999563,13.0,10.2,1013.1,5,7.2,1,23,4,15
2018-01-23 16:00:00,84.79999999999562,12.5,10.5,1013.3,5,7.2,1,23,5,16
2018-01-23 17:00:00,88.3000000000029,12.5,10.9,1013.0,5,8.2,1,23,6,17
2018-01-23 18:00:00,92.90000000000146,12.6,10.6,1013.5,5,6.7,1,23,7,18
2018-01-23 19:00:00,95.80000000000292,12.2,11.1,1014.1,5,6.7,1,23,1,19
2018-01-23 20:00:00,90.80000000000292,12.2,9.6,1014.5,5,7.2,1,23,2,20
2018-01-23 21:00:00,93.09999999999854,12.1,9.7,1014.5,5,6.7,1,23,3,21
2018-01-23 22:00:00,95.89999999999418,11.2,9.3,1014.4,5,5.7,1,23,4,22
2018-01-23 23:00:00,91.5,11.2,8.8,1014.5,5,6.2,1,23,5,23
2018-01-24 00:00:00,85.60000000000579,10.7,8.4,1014.4,5,6.7,1,24,6,0
2018-01-24 01:00:00,76.39999999999421,11.1,8.1,1013.3,5,9.3,1,24,7,1
2018-01-24 02:00:00,71.29999999999562,11.6,8.6,1012.4,5,7.7,1,24,1,2
2018-01-24 03:00:00,59.30000000000291,12.0,9.2,1011.3,5,9.3,1,24,2,3
2018-01-24 04:00:00,53.90000000000146,12.0,10.1,1010.0,5,11.3,1,24,3,4
2018-01-24 05:00:00,53.0,12.2,10.1,1009.1,5,9.8,1,24,4,5
2018-01-24 06:00:00,51.0,12.7,10.6,1008.3,5,9.8,1,24,5,6
2018-01-24 07:00:00,50.90000000000145,12.7,11.1,1007.1,4,9.8,1,24,6,7
2018-01-24 08:00:00,62.90000000000145,13.0,11.0,1006.0,4,11.3,1,24,7,8
2018-01-24 09:00:00,78.19999999999709,12.5,11.3,1005.1,4,11.8,1,24,1,9
2018-01-24 10:00:00,82.19999999999709,13.0,10.8,1004.5,5,13.4,1,24,2,10
2018-01-24 11:00:00,85.39999999999421,12.7,11.3,1004.2,5,11.8,1,24,3,11
2018-01-24 12:00:00,86.20000000000435,12.7,11.1,1003.9,5,11.8,1,24,4,12
2018-01-24 13:00:00,93.5,8.5,7.8,1004.6,6,6.2,1,24,5,13
2018-01-24 14:00:00,95.59999999999854,8.2,7.1,1004.8,6,7.7,1,24,6,14
2018-01-24 15:00:00,95.80000000000292,7.5,6.0,1005.2,6,7.2,1,24,7,15
2018-01-24 16:00:00,93.1999999999971,7.2,6.2,1005.4,5,4.6,1,24,1,16
2018-01-24 17:00:00,92.40000000000146,7.0,5.1,1005.6,5,7.2,1,24,2,17
2018-01-24 18:00:00,101.6999999999971,6.6,4.9,1006.2,5,6.2,1,24,3,18
2018-01-24 19:00:00,107.29999999999563,7.0,5.0,1006.4,5,6.2,1,24,4,19
2018-01-24 20:00:00,101.70000000000437,7.0,5.2,1006.9,5,6.2,1,24,5,20
2018-01-24 21:00:00,95.70000000000437,7.0,5.2,1007.1,5,5.7,1,24,6,21
2018-01-24 22:00:00,94.69999999999708,7.0,5.4,1007.2,4,5.1,1,24,7,22
2018-01-24 23:00:00,96.0,7.1,5.7,1007.6,4,5.1,1,24,1,23
2018-01-25 00:00:00,86.5,7.2,5.3,1008.1,5,6.2,1,25,2,0
2018-01-25 01:00:00,75.70000000000438,7.0,5.2,1008.1,4,5.7,1,25,3,1
2018-01-25 02:00:00,69.40000000000146,6.7,4.9,1008.1,4,5.1,1,25,4,2
2018-01-25 03:00:00,66.69999999999709,6.7,4.7,1008.1,5,5.1,1,25,5,3
2018-01-25 04:00:00,61.80000000000291,6.7,5.1,1007.7,4,5.7,1,25,6,4
2018-01-25 05:00:00,51.60000000000582,6.7,5.0,1007.8,5,5.7,1,25,7,5
2018-01-25 06:00:00,51.09999999999854,6.7,5.0,1007.8,5,5.1,1,25,1,6
2018-01-25 07:00:00,55.49999999999999,6.6,4.8,1007.8,4,4.1,1,25,2,7
2018-01-25 08:00:00,67.19999999999709,6.6,4.6,1007.9,4,4.1,1,25,3,8
2018-01-25 09:00:00,82.40000000000146,7.0,4.3,1008.2,4,3.6,1,25,4,9
2018-01-25 10:00:00,79.59999999999854,8.2,4.8,1008.5,4,3.6,1,25,5,10
2018-01-25 11:00:00,81.79999999999562,9.5,5.3,1008.6,4,4.6,1,25,6,11
2018-01-25 12:00:00,83.5,10.0,4.2,1008.0,5,5.7,1,25,7,12
2018-01-25 13:00:00,78.59999999999854,9.5,3.8,1007.5,5,7.2,1,25,1,13
2018-01-25 14:00:00,76.29999999999562,9.5,2.6,1007.0,5,6.2,1,25,2,14
2018-01-25 15:00:00,69.09999999999854,9.5,2.8,1007.1,5,5.7,1,25,3,15
2018-01-25 16:00:00,81.20000000000438,8.7,4.0,1007.1,5,5.7,1,25,4,16
2018-01-25 17:00:00,92.19999999999708,8.2,4.2,1007.0,4,5.1,1,25,5,17
2018-01-25 18:00:00,96.0,7.1,4.6,1007.6,4,4.1,1,25,6,18
2018-01-25 19:00:00,97.30000000000292,6.7,3.9,1008.1,4,4.6,1,25,7,19
2018-01-25 20:00:00,101.70000000000437,6.6,3.5,1008.3,4,3.6,1,25,1,20
2018-01-25 21:00:00,94.90000000000146,6.1,3.5,1008.3,4,4.6,1,25,2,21
2018-01-25 22:00:00,90.79999999999563,6.0,3.6,1008.8,4,4.1,1,25,3,22
2018-01-25 23:00:00,92.59999999999854,5.5,3.4,1009.5,4,3.1,1,25,4,23
2018-01-26 00:00:00,75.19999999999709,4.1,2.6,1010.0,4,2.6,1,26,5,0
2018-01-26 01:00:00,71.69999999999709,4.5,3.5,1010.3,4,2.6,1,26,6,1
2018-01-26 02:00:00,65.5,3.1,2.5,1010.4,5,2.6,1,26,7,2
2018-01-26 03:00:00,62.799999999995634,2.7,2.5,1011.0,5,1.5,1,26,1,3
2018-01-26 04:00:00,60.90000000000146,2.5,2.3,1011.5,6,1.0,1,26,2,4
2018-01-26 05:00:00,57.299999999995634,2.7,2.6,1012.6,6,0.5,1,26,3,5
2018-01-26 06:00:00,54.99999999999999,3.0,2.9,1013.3,7,1.0,1,26,4,6
2018-01-26 07:00:00,54.59999999999855,3.1,2.7,1014.5,0,1.0,1,26,5,7
2018-01-26 08:00:00,69.40000000000146,3.5,3.0,1015.7,7,1.0,1,26,6,8
2018-01-26 09:00:00,81.90000000000146,4.0,3.3,1017.0,7,2.1,1,26,7,9
2018-01-26 10:00:00,83.59999999999854,5.1,4.0,1018.3,7,2.1,1,26,1,10
2018-01-26 11:00:00,67.0,6.2,4.2,1019.5,0,1.5,1,26,2,11
2018-01-26 12:00:00,64.79999999999563,6.5,3.6,1020.3,0,1.5,1,26,3,12
2018-01-26 13:00:00,85.19999999999709,8.1,3.6,1020.3,0,2.1,1,26,4,13
2018-01-26 14:00:00,87.90000000000146,8.6,3.0,1020.9,0,2.1,1,26,5,14
2018-01-26 15:00:00,83.19999999999709,8.0,2.5,1021.8,0,2.6,1,26,6,15
2018-01-26 16:00:00,81.69999999999709,7.6,2.3,1022.9,0,2.6,1,26,7,16
2018-01-26 17:00:00,82.5,6.5,2.5,1023.9,7,1.5,1,26,1,17
2018-01-26 18:00:00,92.79999999999563,6.5,3.1,1025.2,7,2.1,1,26,2,18
2018-01-26 19:00:00,93.20000000000437,6.6,3.5,1026.2,7,1.5,1,26,3,19
2018-01-26 20:00:00,84.79999999999562,6.6,3.5,1026.5,7,0.5,1,26,4,20
2018-01-26 21:00:00,80.29999999999562,6.7,3.7,1027.1,6,2.1,1,26,5,21
2018-01-26 22:00:00,74.30000000000291,6.5,3.9,1027.3,6,1.5,1,26,6,22
2018-01-26 23:00:00,74.69999999999709,6.2,3.7,1027.5,6,1.5,1,26,7,23
2018-01-27 00:00:00,74.89999999999421,5.7,4.0,1028.0,4,2.1,1,27,1,0
2018-01-27 01:00:00,68.10000000000582,5.7,4.1,1028.0,5,2.6,1,27,2,1
2018-01-27 02:00:00,63.69999999999709,5.1,2.8,1027.9,5,2.6,1,27,3,2
2018-01-27 03:00:00,61.80000000000291,4.5,2.2,1028.3,5,2.6,1,27,4,3
2018-01-27 04:00:00,62.09999999999854,4.0,2.2,1027.9,4,3.1,1,27,5,4
2018-01-27 05:00:00,58.5,3.7,2.2,1027.9,4,3.6,1,27,6,5
2018-01-27 06:00:00,54.69999999999709,3.5,1.8,1027.9,4,3.6,1,27,7,6
2018-01-27 07:00:00,54.10000000000582,3.5,1.7,1027.7,4,4.1,1,27,1,7
2018-01-27 08:00:00,55.60000000000582,4.0,1.8,1027.6,4,5.1,1,27,2,8
2018-01-27 09:00:00,58.5,5.5,3.0,1027.3,4,4.6,1,27,3,9
2018-01-27 10:00:00,70.20000000000435,6.7,3.6,1026.9,4,5.1,1,27,4,10
2018-01-27 11:00:00,80.19999999999709,8.1,4.9,1026.2,4,6.2,1,27,5,11
2018-01-27 12:00:00,84.5,9.1,6.0,1025.8,4,7.2,1,27,6,12
2018-01-27 13:00:00,88.5,9.2,6.3,1025.0,4,8.2,1,27,7,13
2018-01-27 14:00:00,88.20000000000437,8.7,7.4,1024.6,5,7.2,1,27,1,14
2018-01-27 15:00:00,90.90000000000146,8.7,7.8,1024.1,4,7.2,1,27,2,15
2018-01-27 16:00:00,89.39999999999418,9.2,8.2,1023.7,5,8.2,1,27,3,16
2018-01-27 17:00:00,84.09999999999854,9.5,8.6,1023.8,5,7.7,1,27,4,17
2018-01-27 18:00:00,83.5,10.0,9.3,1024.1,5,6.2,1,27,5,18
2018-01-27 19:00:00,89.90000000000146,10.5,10.0,1024.3,5,5.7,1,27,6,19
2018-01-27 20:00:00,88.59999999999854,11.0,10.2,1024.9,5,5.1,1,27,7,20
2018-01-27 21:00:00,86.8000000000029,11.5,10.3,1025.2,6,7.2,1,27,1,21
2018-01-27 22:00:00,89.0,11.2,9.7,1025.9,6,6.2,1,27,2,22
2018-01-27 23:00:00,79.60000000000579,11.0,9.6,1026.2,6,7.2,1,27,3,23
2018-01-28 00:00:00,79.0,10.0,8.7,1027.1,6,5.7,1,28,4,0
2018-01-28 01:00:00,66.20000000000437,10.0,8.3,1027.5,6,6.2,1,28,5,1
2018-01-28 02:00:00,63.39999999999418,9.2,7.9,1027.9,6,4.6,1,28,6,2
2018-01-28 03:00:00,62.5,9.5,8.0,1028.3,6,5.1,1,28,7,3
2018-01-28 04:00:00,55.09999999999855,9.2,7.8,1029.1,5,5.1,1,28,1,4
2018-01-28 05:00:00,51.10000000000582,9.0,7.7,1029.6,5,4.6,1,28,2,5
2018-01-28 06:00:00,48.5,9.0,7.6,1029.9,5,5.1,1,28,3,6
2018-01-28 07:00:00,47.300000000002896,10.0,8.5,1030.1,6,6.2,1,28,4,7
2018-01-28 08:00:00,49.20000000000436,10.5,8.7,1030.5,6,6.7,1,28,5,8
2018-01-28 09:00:00,54.40000000000145,10.7,8.9,1030.9,6,6.7,1,28,6,9
2018-01-28 10:00:00,54.19999999999709,11.6,9.3,1031.2,5,7.2,1,28,7,10
2018-01-28 11:00:00,64.30000000000291,12.2,8.9,1031.5,6,8.2,1,28,1,11
2018-01-28 12:00:00,77.59999999999854,12.7,9.3,1031.7,6,7.7,1,28,2,12
2018-01-28 13:00:00,81.69999999999709,13.2,9.8,1031.3,6,7.2,1,28,3,13
2018-01-28 14:00:00,86.6999999999971,13.0,9.9,1031.1,6,7.7,1,28,4,14
2018-01-28 15:00:00,84.0,12.7,10.2,1030.9,6,7.7,1,28,5,15
2018-01-28 16:00:00,77.29999999999562,12.2,9.4,1030.9,6,8.2,1,28,6,16
2018-01-28 17:00:00,75.30000000000291,12.2,9.3,1031.1,6,6.7,1,28,7,17
2018-01-28 18:00:00,85.59999999999856,12.0,8.8,1031.2,6,7.2,1,28,1,18
2018-01-28 19:00:00,103.20000000000437,12.0,8.2,1031.4,6,9.8,1,28,2,19
2018-01-28 20:00:00,104.80000000000292,11.7,7.6,1031.1,6,9.8,1,28,3,20
2018-01-28 21:00:00,92.09999999999854,11.7,7.5,1031.2,6,8.7,1,28,4,21
2018-01-28 22:00:00,91.1999999999971,11.9,7.4,1030.7,5,8.2,1,28,5,22
2018-01-28 23:00:00,91.90000000000146,11.5,7.4,1030.3,5,7.7,1,28,6,23
2018-01-29 00:00:00,82.60000000000579,11.2,7.1,1030.0,6,9.3,1,29,7,0
2018-01-29 01:00:00,64.09999999999854,11.0,6.9,1029.5,6,9.8,1,29,1,1
2018-01-29 02:00:00,55.60000000000582,10.8,7.0,1029.2,5,9.8,1,29,2,2
2018-01-29 03:00:00,48.299999999995634,10.7,7.1,1028.4,5,8.8,1,29,3,3
2018-01-29 04:00:00,46.49999999999999,10.7,6.9,1027.6,5,9.8,1,29,4,4
2018-01-29 05:00:00,42.300000000002896,10.3,7.1,1027.4,5,8.8,1,29,5,5
2018-01-29 06:00:00,43.299999999995634,10.6,6.2,1026.9,5,9.8,1,29,6,6
2018-01-29 07:00:00,45.69999999999709,10.8,6.1,1026.5,5,8.8,1,29,7,7
2018-01-29 08:00:00,57.300000000002896,10.6,6.1,1025.8,5,8.8,1,29,1,8
2018-01-29 09:00:00,71.40000000000146,10.8,6.5,1025.8,5,9.3,1,29,2,9
2018-01-29 10:00:00,75.90000000000146,11.7,6.9,1025.8,5,9.3,1,29,3,10
2018-01-29 11:00:00,73.09999999999854,11.9,7.3,1025.7,5,10.8,1,29,4,11
2018-01-29 12:00:00,72.0,12.3,7.8,1025.0,5,9.8,1,29,5,12
2018-01-29 13:00:00,79.29999999999562,12.2,8.5,1024.9,6,9.8,1,29,6,13
2018-01-29 14:00:00,87.89999999999418,11.1,9.8,1025.0,5,8.2,1,29,7,14
2018-01-29 15:00:00,80.90000000000146,11.8,10.5,1025.5,6,6.2,1,29,1,15
2018-01-29 16:00:00,77.90000000000146,10.0,7.4,1027.0,7,4.6,1,29,2,16
2018-01-29 17:00:00,82.80000000000291,8.9,6.4,1028.2,7,2.1,1,29,3,17
2018-01-29 18:00:00,94.80000000000292,8.7,3.7,1028.9,0,3.6,1,29,4,18
2018-01-29 19:00:00,106.59999999999854,6.8,3.1,1029.8,7,1.5,1,29,5,19
2018-01-29 20:00:00,104.40000000000146,6.4,3.6,1030.7,7,1.5,1,29,6,20
2018-01-29 21:00:00,100.90000000000146,5.5,2.1,1031.3,7,1.0,1,29,7,21
2018-01-29 22:00:00,100.09999999999854,4.6,1.0,1032.0,7,1.5,1,29,1,22
2018-01-29 23:00:00,95.60000000000582,3.4,0.1,1032.1,7,1.0,1,29,2,23
2018-01-30 00:00:00,80.30000000000291,2.7,1.4,1032.4,5,2.6,1,30,3,0
2018-01-30 01:00:00,71.40000000000146,2.4,0.8,1032.4,6,1.0,1,30,4,1
2018-01-30 02:00:00,64.79999999999563,1.5,0.5,1032.1,6,1.0,1,30,5,2
2018-01-30 03:00:00,62.90000000000145,0.8,0.3,1032.0,0,0.5,1,30,6,3
2018-01-30 04:00:00,56.40000000000146,-0.6,-1.5,1031.7,3,0.5,1,30,7,4
2018-01-30 05:00:00,50.299999999995634,0.5,0.2,1031.5,0,0.5,1,30,1,5
2018-01-30 06:00:00,50.10000000000582,-0.6,-1.0,1031.1,6,1.0,1,30,2,6
2018-01-30 07:00:00,53.49999999999999,-0.1,-0.3,1031.0,7,0.5,1,30,3,7
2018-01-30 08:00:00,68.19999999999709,0.0,-0.3,1030.9,0,1.0,1,30,4,8
2018-01-30 09:00:00,82.40000000000146,1.1,0.8,1030.8,0,0.5,1,30,5,9
2018-01-30 10:00:00,78.40000000000146,4.2,2.6,1030.1,4,1.0,1,30,6,10
2018-01-30 11:00:00,78.09999999999854,5.3,1.5,1029.9,6,1.5,1,30,7,11
2018-01-30 12:00:00,76.59999999999854,7.3,2.7,1028.5,4,2.1,1,30,1,12
2018-01-30 13:00:00,80.0,4.5,-0.9,1027.6,5,2.1,1,30,2,13
2018-01-30 14:00:00,83.0,3.10169593639373,-2.3985561515296543,1026.5184444029765,5,4.6,1,30,3,14
2018-01-30 15:00:00,79.0,4.355136668762409,-0.3733018353394684,1025.078723201731,4,3.6,1,30,4,15
2018-01-30 16:00:00,77.80000000000291,6.3810090667498836,2.7136033985204517,1023.62464039962,4,3.6,1,30,5,16
2018-01-30 17:00:00,85.59999999999854,7.3,4.4,1022.5,4,3.1,1,30,6,17
2018-01-30 18:00:00,100.80000000000292,7.3,4.7,1021.6,4,3.1,1,30,7,18
2018-01-30 19:00:00,107.5,7.4,4.0,1020.4,4,4.1,1,30,1,19
2018-01-30 20:00:00,105.5,7.2,4.2,1019.3,4,4.6,1,30,2,20
2018-01-30 21:00:00,101.5,7.1,5.8,1017.8,4,4.6,1,30,3,21
2018-01-30 22:00:00,94.30000000000292,7.8,7.3,1016.4,4,5.1,1,30,4,22
2018-01-30 23:00:00,89.60000000000582,8.5,8.3,1014.8,5,4.6,1,30,5,23
2018-01-31 00:00:00,84.09999999999856,9.5,9.2,1013.4,5,5.7,1,31,6,0
2018-01-31 01:00:00,64.90000000000146,10.1,8.5,1012.2,5,8.8,1,31,7,1
2018-01-31 02:00:00,60.30000000000291,9.8,7.9,1010.9,5,7.2,1,31,1,2
2018-01-31 03:00:00,56.59999999999855,9.0,7.3,1010.4,6,6.7,1,31,2,3
2018-01-31 04:00:00,50.80000000000291,8.3,6.2,1009.8,6,7.2,1,31,3,4
2018-01-31 05:00:00,49.40000000000146,8.4,6.0,1008.7,5,6.7,1,31,4,5
2018-01-31 06:00:00,48.40000000000146,8.4,5.9,1007.9,5,6.7,1,31,5,6
2018-01-31 07:00:00,47.90000000000146,8.7,6.4,1006.8,5,7.7,1,31,6,7
2018-01-31 08:00:00,63.90000000000145,8.4,6.9,1006.1,5,7.7,1,31,7,8
2018-01-31 09:00:00,81.90000000000146,8.6,5.7,1005.3,6,9.8,1,31,1,9
2018-01-31 10:00:00,77.29999999999562,8.7,4.4,1004.9,6,8.8,1,31,2,10
2018-01-31 11:00:00,87.59999999999854,4.9,2.6,1006.0,6,7.7,1,31,3,11
2018-01-31 12:00:00,88.5,6.0,3.9,1005.6,6,6.2,1,31,4,12
2018-01-31 13:00:00,92.80000000000292,6.1,2.6,1004.0,6,6.7,1,31,5,13
2018-01-31 14:00:00,89.09999999999854,5.9,2.0,1003.4,6,8.2,1,31,6,14
2018-01-31 15:00:00,88.79999999999563,6.4,1.2,1002.9,6,8.2,1,31,7,15
2018-01-31 16:00:00,86.89999999999418,6.1,-2.1,1002.4,6,10.3,1,31,1,16
2018-01-31 17:00:00,90.40000000000146,4.9,-1.3,1002.4,6,6.7,1,31,2,17
2018-01-31 18:00:00,102.59999999999854,4.2,-0.7,1002.5,6,5.1,1,31,3,18
2018-01-31 19:00:00,107.70000000000437,4.3,-0.5,1001.8,5,6.2,1,31,4,19
2018-01-31 20:00:00,109.0,3.8,-0.5,1001.7,5,6.7,1,31,5,20
2018-01-31 21:00:00,110.40000000000146,3.5,-0.1,1001.4,5,6.7,1,31,6,21
2018-01-31 22:00:00,101.0,3.1,0.0,1001.2,5,6.2,1,31,7,22
2018-01-31 23:00:00,94.20000000000437,2.8,0.2,1000.7,5,5.7,1,31,1,23
2018-02-01 00:00:00,92.29999999999563,2.6,0.1,1000.3,5,5.1,2,1,2,0
2018-02-01 01:00:00,80.5,2.6,0.2,999.5,5,7.2,2,1,3,1
2018-02-01 02:00:00,76.09999999999854,2.7,0.5,999.2,5,5.7,2,1,4,2
2018-02-01 03:00:00,70.09999999999854,2.7,0.7,999.1,6,5.1,2,1,5,3
2018-02-01 04:00:00,59.59999999999855,3.3,1.4,999.2,6,4.6,2,1,6,4
2018-02-01 05:00:00,57.0,4.4,-0.1,1000.1,7,6.7,2,1,7,5
2018-02-01 06:00:00,57.40000000000145,4.1,0.1,1000.9,7,4.1,2,1,1,6
2018-02-01 07:00:00,60.90000000000146,3.9,-0.2,1001.6,6,3.6,2,1,2,7
2018-02-01 08:00:00,69.5,3.3,0.4,1002.2,6,4.1,2,1,3,8
2018-02-01 09:00:00,77.59999999999854,4.5,0.2,1003.0,6,4.1,2,1,4,9
2018-02-01 10:00:00,82.30000000000291,5.4,0.1,1003.6,6,5.1,2,1,5,10
2018-02-01 11:00:00,86.0,6.3,0.5,1003.8,6,7.2,2,1,6,11
2018-02-01 12:00:00,89.40000000000146,6.8912921014555995,0.7280976710207929,1003.8286176317108,7,8.2,2,1,7,12
2018-02-01 13:00:00,93.0,7.09944573397404,0.663540053469219,1003.7286803316613,7,7.2,2,1,1,13
2018-02-01 14:00:00,91.09999999999854,7.05787649950546,0.4672124091830355,1003.7394028657812,7,6.7,2,1,2,14
2018-02-01 15:00:00,90.0,6.9,0.3,1004.1,7,6.7,2,1,3,15
2018-02-01 16:00:00,87.39999999999418,6.7,0.2,1004.7,7,5.7,2,1,4,16
2018-02-01 17:00:00,93.70000000000437,6.8,0.4,1005.0,6,5.7,2,1,5,17
2018-02-01 18:00:00,110.20000000000437,6.7,0.8,1005.6,6,6.2,2,1,6,18
2018-02-01 19:00:00,111.79999999999563,6.5,0.6,1006.4,7,6.7,2,1,7,19
2018-02-01 20:00:00,112.59999999999854,5.9,0.6,1007.1,7,5.7,2,1,1,20
2018-02-01 21:00:00,107.90000000000146,5.2,0.5,1007.6,7,5.1,2,1,2,21
2018-02-01 22:00:00,103.5,5.7,0.6,1008.0,7,4.6,2,1,3,22
2018-02-01 23:00:00,106.20000000000437,5.2,0.7,1008.3,7,6.2,2,1,4,23
2018-02-02 00:00:00,86.0,4.7,0.5,1008.5,7,4.1,2,2,5,0
2018-02-02 01:00:00,80.90000000000146,3.9,0.5,1008.8,7,4.6,2,2,6,1
2018-02-02 02:00:00,74.5,3.9,0.6,1008.9,7,5.1,2,2,7,2
2018-02-02 03:00:00,70.09999999999854,4.2,0.8,1009.1,7,5.1,2,2,1,3
2018-02-02 04:00:00,62.19999999999709,4.6,0.7,1009.3,7,5.1,2,2,2,4
2018-02-02 05:00:00,60.60000000000582,4.8,0.7,1009.6,7,4.6,2,2,3,5
2018-02-02 06:00:00,60.09999999999854,4.6,0.7,1009.6,7,4.6,2,2,4,6
2018-02-02 07:00:00,61.0,4.0,0.5,1009.8,7,4.6,2,2,5,7
2018-02-02 08:00:00,72.40000000000146,3.7,0.5,1010.4,7,4.6,2,2,6,8
2018-02-02 09:00:00,87.09999999999854,4.3,0.7,1011.1,7,4.1,2,2,7,9
2018-02-02 10:00:00,94.1999999999971,5.6,0.8,1011.4,7,5.1,2,2,1,10
2018-02-02 11:00:00,95.0,6.7,0.8,1011.6,7,5.1,2,2,2,11
2018-02-02 12:00:00,94.40000000000146,7.0,0.7,1011.4,7,6.2,2,2,3,12
2018-02-02 13:00:00,98.59999999999854,7.2,0.5,1011.5,7,4.6,2,2,4,13
2018-02-02 14:00:00,91.70000000000437,7.1,0.1,1011.5,0,5.1,2,2,5,14
2018-02-02 15:00:00,86.0,7.0,0.6,1011.5,7,4.1,2,2,6,15
2018-02-02 16:00:00,84.59999999999854,6.8,0.3,1011.8,7,4.1,2,2,7,16
2018-02-02 17:00:00,95.60000000000582,6.5,0.3,1012.0,7,3.1,2,2,1,17
2018-02-02 18:00:00,97.69999999999708,5.9,0.4,1012.3,6,3.1,2,2,2,18
2018-02-02 19:00:00,101.5,6.1,-0.3,1012.6,6,2.6,2,2,3,19
2018-02-02 20:00:00,97.09999999999854,6.2,-1.1,1012.5,6,2.1,2,2,4,20
2018-02-02 21:00:00,97.0,5.4,0.9,1012.5,6,2.1,2,2,5,21
2018-02-02 22:00:00,88.90000000000146,4.7,0.6,1012.3,6,3.1,2,2,6,22
2018-02-02 23:00:00,81.29999999999562,5.0,0.6,1012.2,6,2.1,2,2,7,23
2018-02-03 00:00:00,80.79999999999562,4.6,1.0,1011.9,6,2.6,2,3,1,0
2018-02-03 01:00:00,77.0,4.0,0.9,1011.1,6,2.1,2,3,2,1
2018-02-03 02:00:00,70.09999999999854,3.9,0.7,1010.4,6,2.6,2,3,3,2
2018-02-03 03:00:00,65.5,3.6,0.4,1009.7,6,2.1,2,3,4,3
2018-02-03 04:00:00,58.90000000000145,3.8,0.4,1008.8,5,2.1,2,3,5,4
2018-02-03 05:00:00,56.800000000002896,3.6,0.6,1008.2,5,2.6,2,3,6,5
2018-02-03 06:00:00,51.799999999995634,3.6,1.2,1008.0,6,2.6,2,3,7,6
2018-02-03 07:00:00,52.799999999995634,3.6,1.6,1007.6,6,2.1,2,3,1,7
2018-02-03 08:00:00,54.69999999999709,3.4,2.1,1007.4,7,1.0,2,3,2,8
2018-02-03 09:00:00,56.19999999999709,3.6,2.1,1006.9,7,0.5,2,3,3,9
2018-02-03 10:00:00,64.20000000000437,3.9,2.3,1006.5,4,2.1,2,3,4,10
2018-02-03 11:00:00,76.69999999999709,3.9,2.6,1006.3,4,2.1,2,3,5,11
2018-02-03 12:00:00,90.40000000000146,3.8,2.4,1005.9,4,2.1,2,3,6,12
2018-02-03 13:00:00,99.0,3.9,2.5,1005.5,4,1.5,2,3,7,13
2018-02-03 14:00:00,98.90000000000146,3.8,2.4,1005.3,4,1.5,2,3,1,14
2018-02-03 15:00:00,96.80000000000292,3.9,2.8,1005.4,4,1.0,2,3,2,15
2018-02-03 16:00:00,96.90000000000146,3.8,2.4,1005.6,1,1.5,2,3,3,16
2018-02-03 17:00:00,98.59999999999854,3.8,2.6,1006.3,7,1.0,2,3,4,17
2018-02-03 18:00:00,96.39999999999418,3.9,3.1,1007.1,0,1.5,2,3,5,18
2018-02-03 19:00:00,99.09999999999854,4.0,3.0,1007.8,1,2.6,2,3,6,19
2018-02-03 20:00:00,97.5,3.7,2.7,1008.8,1,2.6,2,3,7,20
2018-02-03 21:00:00,97.5,3.7,2.8,1009.8,1,2.1,2,3,1,21
2018-02-03 22:00:00,90.30000000000292,3.6,2.7,1011.1,0,2.1,2,3,2,22
2018-02-03 23:00:00,85.59999999999854,3.6,2.7,1012.1,1,2.6,2,3,3,23
2018-02-04 00:00:00,87.5,3.6,2.5,1013.3,1,3.6,2,4,4,0
2018-02-04 01:00:00,73.29999999999562,3.4,2.0,1014.6,1,3.6,2,4,5,1
2018-02-04 02:00:00,72.29999999999562,3.7,1.8,1015.7,1,4.6,2,4,6,2
2018-02-04 03:00:00,68.29999999999563,3.4,1.2,1017.0,1,5.1,2,4,7,3
2018-02-04 04:00:00,65.0,3.4,0.3,1018.3,1,5.1,2,4,1,4
2018-02-04 05:00:00,61.0,3.2,-1.2,1019.9,1,4.6,2,4,2,5
2018-02-04 06:00:00,57.90000000000146,3.0,-1.6,1021.1,1,4.6,2,4,3,6
2018-02-04 07:00:00,59.30000000000291,2.2,-2.2,1022.2,1,3.6,2,4,4,7
2018-02-04 08:00:00,61.39999999999418,2.5,-1.7,1023.5,0,3.6,2,4,5,8
2018-02-04 09:00:00,69.69999999999709,2.7,-0.9,1024.7,0,2.6,2,4,6,9
2018-02-04 10:00:00,76.69999999999709,2.9,-0.9,1025.4,1,3.1,2,4,7,10
2018-02-04 11:00:00,88.5,4.6,-0.7,1026.1,1,5.7,2,4,1,11
2018-02-04 12:00:00,96.40000000000872,4.7,0.0,1026.2,1,4.6,2,4,2,12
2018-02-04 13:00:00,101.5,4.9,-0.3,1026.5,1,5.7,2,4,3,13
2018-02-04 14:00:00,102.80000000000292,5.3,0.0,1026.6,1,5.1,2,4,4,14
2018-02-04 15:00:00,103.59999999999128,5.4,0.1,1026.7,0,4.1,2,4,5,15
2018-02-04 16:00:00,104.70000000001164,4.5,0.1,1027.4,1,4.1,2,4,6,16
2018-02-04 17:00:00,102.0,4.5,-1.5,1028.0,1,4.6,2,4,7,17
2018-02-04 18:00:00,110.19999999999708,3.9,0.4,1028.4,1,4.6,2,4,1,18
2018-02-04 19:00:00,120.29999999998836,3.2,-0.1,1028.8,1,3.6,2,4,2,19
2018-02-04 20:00:00,116.0,2.4,-0.3,1029.2,0,3.1,2,4,3,20
2018-02-04 21:00:00,117.0,1.8,0.0,1029.3,0,3.6,2,4,4,21
2018-02-04 22:00:00,114.80000000000292,1.6,-0.1,1029.4,1,3.6,2,4,5,22
2018-02-04 23:00:00,103.20000000001164,1.7,-0.2,1029.5,1,3.1,2,4,6,23
2018-02-05 00:00:00,100.0,2.3,-0.3,1029.2,0,4.1,2,5,7,0
2018-02-05 01:00:00,85.39999999999421,1.9,0.1,1028.9,0,3.6,2,5,1,1
2018-02-05 02:00:00,82.79999999998836,2.0,0.1,1028.8,0,3.6,2,5,2,2
2018-02-05 03:00:00,75.09999999999127,2.1,-0.5,1028.6,0,3.6,2,5,3,3
2018-02-05 04:00:00,65.60000000000582,1.9,-1.2,1028.5,0,3.1,2,5,4,4
2018-02-05 05:00:00,61.29999999998836,1.4,-1.1,1028.3,1,2.6,2,5,5,5
2018-02-05 06:00:00,61.10000000000582,0.9,-1.4,1028.0,0,2.6,2,5,6,6
2018-02-05 07:00:00,63.10000000000582,0.7,-1.7,1028.0,0,3.1,2,5,7,7
2018-02-05 08:00:00,82.39999999999421,0.7,-2.0,1028.1,0,2.6,2,5,1,8
2018-02-05 09:00:00,94.80000000000292,1.5,-1.6,1027.9,1,3.1,2,5,2,9
2018-02-05 10:00:00,100.80000000000292,2.4,-1.3,1027.6,1,4.1,2,5,3,10
2018-02-05 11:00:00,103.69999999999708,3.6,-0.7,1027.4,1,5.1,2,5,4,11
2018-02-05 12:00:00,97.80000000000292,3.6,-0.8,1026.8,1,4.6,2,5,5,12
2018-02-05 13:00:00,109.60000000000582,4.4,-1.1,1025.9,1,5.1,2,5,6,13
2018-02-05 14:00:00,100.80000000000292,4.4,-0.9,1025.5,1,5.1,2,5,7,14
2018-02-05 15:00:00,94.79999999998836,4.4,-1.2,1024.9,1,4.6,2,5,1,15
2018-02-05 16:00:00,98.0,4.0,-1.7,1024.4,1,4.1,2,5,2,16
2018-02-05 17:00:00,100.5,3.9,-1.5,1024.0,1,4.6,2,5,3,17
2018-02-05 18:00:00,107.10000000000582,3.6,-1.7,1024.0,1,4.1,2,5,4,18
2018-02-05 19:00:00,132.60000000000582,3.4,-1.6,1023.7,1,3.6,2,5,5,19
2018-02-05 20:00:00,133.0,3.1,-1.4,1023.5,1,3.1,2,5,6,20
2018-02-05 21:00:00,124.19999999999708,2.8,-1.3,1023.2,1,2.6,2,5,7,21
2018-02-05 22:00:00,120.89999999999418,2.5,-1.2,1023.0,0,1.5,2,5,1,22
2018-02-05 23:00:00,116.19999999999708,2.2,-1.2,1022.2,0,2.1,2,5,2,23
2018-02-06 00:00:00,112.30000000000292,2.0,-1.6,1021.6,0,2.1,2,6,3,0
2018-02-06 01:00:00,88.29999999998836,1.9,-1.9,1020.8,0,1.5,2,6,4,1
2018-02-06 02:00:00,76.80000000000291,1.4,-2.0,1020.2,1,2.1,2,6,5,2
2018-02-06 03:00:00,73.90000000000873,1.5,-2.3,1019.6,0,2.1,2,6,6,3
2018-02-06 04:00:00,73.0,1.6,-2.5,1019.1,0,2.6,2,6,7,4
2018-02-06 05:00:00,67.59999999999127,1.5,-2.1,1018.7,0,2.1,2,6,1,5
2018-02-06 06:00:00,64.60000000000582,1.3,-1.7,1018.5,0,2.6,2,6,2,6
2018-02-06 07:00:00,66.0,1.3,-1.7,1018.2,0,2.6,2,6,3,7
2018-02-06 08:00:00,80.0,1.3,-1.5,1018.2,1,2.1,2,6,4,8
2018-02-06 09:00:00,94.10000000000582,1.5,-1.6,1018.3,0,2.6,2,6,5,9
2018-02-06 10:00:00,99.90000000000872,2.7,-1.6,1017.8,0,4.1,2,6,6,10
2018-02-06 11:00:00,93.5,3.2,-3.4,1017.6,0,4.6,2,6,7,11
2018-02-06 12:00:00,98.30000000000292,2.9,-3.1,1017.5,0,4.6,2,6,1,12
2018-02-06 13:00:00,96.70000000001164,3.6,-4.0,1017.1,0,3.6,2,6,2,13
2018-02-06 14:00:00,99.0,3.0,-4.4,1016.6,0,3.6,2,6,3,14
2018-02-06 15:00:00,102.39999999999418,3.1,-4.4,1016.4,0,3.6,2,6,4,15
2018-02-06 16:00:00,102.0,3.1,-3.3,1016.6,0,4.1,2,6,5,16
2018-02-06 17:00:00,106.79999999998836,2.4,-5.5,1016.9,0,3.6,2,6,6,17
2018-02-06 18:00:00,122.19999999999708,1.7,-4.0,1017.4,0,2.1,2,6,7,18
2018-02-06 19:00:00,129.5999999999913,1.0,-4.3,1017.9,1,2.1,2,6,1,19
2018-02-06 20:00:00,123.70000000001164,0.8,-4.1,1018.1,0,1.5,2,6,2,20
2018-02-06 21:00:00,125.80000000000292,0.5,-4.1,1018.6,1,1.5,2,6,3,21
2018-02-06 22:00:00,123.80000000000292,1.4,-2.4,1018.5,7,2.1,2,6,4,22
2018-02-06 23:00:00,117.80000000000292,1.0,-1.9,1018.5,7,1.5,2,6,5,23
2018-02-07 00:00:00,104.19999999999708,1.0,-0.2,1018.5,7,2.1,2,7,6,0
2018-02-07 01:00:00,101.70000000001164,1.1,0.1,1018.4,7,2.6,2,7,7,1
2018-02-07 02:00:00,85.10000000000579,1.2,-0.7,1018.6,0,2.1,2,7,1,2
2018-02-07 03:00:00,76.39999999999421,1.0,-1.6,1018.7,7,2.6,2,7,2,3
2018-02-07 04:00:00,73.30000000000291,1.2,-2.2,1018.8,7,3.1,2,7,3,4
2018-02-07 05:00:00,69.40000000000873,0.9,-2.5,1019.0,7,3.1,2,7,4,5
2018-02-07 06:00:00,71.39999999999421,0.7,-2.9,1018.9,0,3.1,2,7,5,6
2018-02-07 07:00:00,73.60000000000579,0.2,-3.1,1019.2,7,2.1,2,7,6,7
2018-02-07 08:00:00,84.70000000001164,-0.3,-3.5,1019.9,7,2.1,2,7,7,8
2018-02-07 09:00:00,100.80000000000292,0.7,-3.5,1020.4,0,2.1,2,7,1,9
2018-02-07 10:00:00,98.69999999999708,1.4,-3.3,1020.9,7,2.6,2,7,2,10
2018-02-07 11:00:00,97.19999999999708,2.4,-3.0,1021.5,0,4.1,2,7,3,11
2018-02-07 12:00:00,94.59999999999128,4.0,-2.3,1021.5,0,4.1,2,7,4,12
2018-02-07 13:00:00,100.69999999999708,5.0,-1.9,1021.2,0,3.6,2,7,5,13
2018-02-07 14:00:00,102.10000000000582,5.7,-2.1,1020.9,0,3.1,2,7,6,14
2018-02-07 15:00:00,103.19999999999708,6.1,-2.1,1020.7,0,2.6,2,7,7,15
2018-02-07 16:00:00,100.30000000000292,5.2,-2.5,1020.7,7,3.1,2,7,1,16
2018-02-07 17:00:00,114.5,3.9,-2.9,1021.1,7,2.1,2,7,2,17
2018-02-07 18:00:00,124.10000000000582,2.7,-3.2,1021.5,7,2.1,2,7,3,18
2018-02-07 19:00:00,126.09999999999128,2.1,-4.1,1022.0,7,1.5,2,7,4,19
2018-02-07 20:00:00,136.8000000000029,1.5,-4.8,1022.1,6,1.0,2,7,5,20
2018-02-07 21:00:00,123.80000000000292,1.3,-4.8,1022.0,6,1.0,2,7,6,21
2018-02-07 22:00:00,105.19999999999708,1.6,-4.4,1021.8,5,2.1,2,7,7,22
2018-02-07 23:00:00,103.5,0.6,-4.3,1021.8,6,2.1,2,7,1,23
2018-02-08 00:00:00,98.39999999999418,-1.0,-4.2,1021.8,5,2.1,2,8,2,0
2018-02-08 01:00:00,80.10000000000579,-1.5,-4.3,1021.6,4,1.5,2,8,3,1
2018-02-08 02:00:00,81.30000000000291,-2.1,-4.3,1021.5,5,2.1,2,8,4,2
2018-02-08 03:00:00,75.19999999999709,-2.0,-4.2,1021.3,5,1.5,2,8,5,3
2018-02-08 04:00:00,66.90000000000873,-2.3,-4.7,1020.8,4,1.0,2,8,6,4
2018-02-08 05:00:00,63.69999999999709,-1.8,-4.5,1020.3,4,2.1,2,8,7,5
2018-02-08 06:00:00,60.89999999999418,-2.0,-4.6,1020.3,5,2.1,2,8,1,6
2018-02-08 07:00:00,63.30000000000291,-0.8,-3.5,1020.1,5,3.6,2,8,2,7
2018-02-08 08:00:00,75.39999999999421,-0.5,-2.9,1020.1,5,3.1,2,8,3,8
2018-02-08 09:00:00,85.0,0.8,-2.3,1019.9,5,3.1,2,8,4,9
2018-02-08 10:00:00,84.0,2.3,-1.9,1019.6,4,3.6,2,8,5,10
2018-02-08 11:00:00,87.40000000000873,4.9,-0.5,1019.3,5,5.1,2,8,6,11
2018-02-08 12:00:00,91.69999999999708,5.7,0.3,1018.9,4,4.1,2,8,7,12
2018-02-08 13:00:00,93.09999999999128,7.0,1.5,1018.0,5,3.6,2,8,1,13
2018-02-08 14:00:00,91.10000000000582,7.4,1.8,1017.4,4,5.7,2,8,2,14
2018-02-08 15:00:00,84.19999999999709,7.5,2.7,1016.6,4,6.2,2,8,3,15
2018-02-08 16:00:00,90.59999999999128,7.4,2.8,1016.1,4,6.2,2,8,4,16
2018-02-08 17:00:00,99.39999999999418,7.0,2.8,1015.6,4,5.1,2,8,5,17
2018-02-08 18:00:00,105.80000000000292,6.8,3.2,1015.3,4,5.1,2,8,6,18
2018-02-08 19:00:00,110.60000000000582,6.7,3.6,1014.3,4,4.6,2,8,7,19
2018-02-08 20:00:00,112.5,7.0,3.7,1013.8,4,6.2,2,8,1,20
2018-02-08 21:00:00,103.0,6.7,3.0,1013.3,4,6.7,2,8,2,21
2018-02-08 22:00:00,107.30000000000292,6.2,2.7,1012.4,4,6.2,2,8,3,22
2018-02-08 23:00:00,105.09999999999128,6.2,2.5,1011.5,4,5.1,2,8,4,23
2018-02-09 00:00:00,89.09999999999127,6.3,2.8,1010.8,4,4.6,2,9,5,0
2018-02-09 01:00:00,85.5,6.2,4.3,1009.8,4,5.7,2,9,6,1
2018-02-09 02:00:00,77.5,5.9,5.0,1008.5,4,6.2,2,9,7,2
2018-02-09 03:00:00,72.5,5.7,4.9,1006.7,4,6.7,2,9,1,3
2018-02-09 04:00:00,66.89999999999418,5.6,4.8,1005.7,4,7.2,2,9,2,4
2018-02-09 05:00:00,61.10000000000582,5.7,4.9,1005.2,4,5.1,2,9,3,5
2018-02-09 06:00:00,58.0,6.0,5.4,1005.0,4,4.1,2,9,4,6
2018-02-09 07:00:00,59.10000000000582,6.2,5.3,1005.2,6,5.1,2,9,5,7
2018-02-09 08:00:00,75.0,4.5,2.5,1006.3,6,4.1,2,9,6,8
2018-02-09 09:00:00,84.39999999999421,4.5,1.4,1007.2,6,5.1,2,9,7,9
2018-02-09 10:00:00,99.20000000001164,4.7,0.9,1008.0,6,5.7,2,9,1,10
2018-02-09 11:00:00,87.39999999999418,5.2,0.9,1008.8,6,6.2,2,9,2,11
2018-02-09 12:00:00,79.69999999999709,5.2,0.7,1009.3,6,7.2,2,9,3,12
2018-02-09 13:00:00,90.89999999999418,5.0,0.4,1010.2,7,6.7,2,9,4,13
2018-02-09 14:00:00,91.5,5.4,-0.5,1010.5,7,7.2,2,9,5,14
2018-02-09 15:00:00,79.69999999999709,5.9,-0.9,1011.1,7,6.2,2,9,6,15
2018-02-09 16:00:00,86.8000000000029,5.8,-1.7,1012.0,7,6.7,2,9,7,16
2018-02-09 17:00:00,93.30000000000292,5.1,-1.6,1013.2,7,6.2,2,9,1,17
2018-02-09 18:00:00,96.30000000000292,4.5,-1.9,1014.6,7,4.6,2,9,2,18
2018-02-09 19:00:00,92.60000000000582,3.8,-2.0,1015.8,7,4.6,2,9,3,19
2018-02-09 20:00:00,91.10000000000582,3.5,-2.1,1016.9,6,3.6,2,9,4,20
2018-02-09 21:00:00,89.0,2.9,-2.0,1017.4,7,3.6,2,9,5,21
2018-02-09 22:00:00,93.0,2.2,-2.5,1017.8,6,3.1,2,9,6,22
2018-02-09 23:00:00,81.80000000000291,1.4,-2.5,1018.3,6,2.6,2,9,7,23
2018-02-10 00:00:00,76.39999999999421,0.8,-2.2,1018.5,6,3.6,2,10,1,0
2018-02-10 01:00:00,65.39999999999418,-0.5,-2.8,1019.0,6,3.6,2,10,2,1
2018-02-10 02:00:00,68.20000000001164,-0.4,-2.2,1019.0,6,3.6,2,10,3,2
2018-02-10 03:00:00,68.19999999999709,-1.2,-2.8,1018.6,5,1.5,2,10,4,3
2018-02-10 04:00:00,65.59999999999127,-1.2,-2.2,1018.0,6,1.0,2,10,5,4
2018-02-10 05:00:00,59.0,-1.3,-2.3,1018.0,4,1.5,2,10,6,5
2018-02-10 06:00:00,56.89999999999418,-1.2,-2.4,1017.9,5,2.6,2,10,7,6
2018-02-10 07:00:00,56.80000000000291,-0.4,-2.1,1017.1,4,2.6,2,10,1,7
2018-02-10 08:00:00,64.80000000000291,0.8,-1.4,1016.6,4,3.6,2,10,2,8
2018-02-10 09:00:00,66.29999999998836,2.1,-0.4,1015.8,4,4.6,2,10,3,9
2018-02-10 10:00:00,77.70000000001164,4.0,1.0,1014.8,4,5.1,2,10,4,10
2018-02-10 11:00:00,78.19999999999709,4.9,1.9,1013.9,4,5.1,2,10,5,11
2018-02-10 12:00:00,78.09999999999127,6.0,3.7,1012.8,4,5.7,2,10,6,12
2018-02-10 13:00:00,82.80000000000291,6.4,5.2,1011.2,4,5.7,2,10,7,13
2018-02-10 14:00:00,89.90000000000873,6.8,6.1,1010.0,4,5.7,2,10,1,14
2018-02-10 15:00:00,86.40000000000873,7.1,6.5,1008.0,4,6.2,2,10,2,15
2018-02-10 16:00:00,88.39999999999418,7.5,6.9,1006.9,4,6.7,2,10,3,16
2018-02-10 17:00:00,80.60000000000579,7.8,7.1,1005.9,4,6.2,2,10,4,17
2018-02-10 18:00:00,78.70000000001164,7.8,7.2,1004.8,4,6.7,2,10,5,18
2018-02-10 19:00:00,79.69999999999709,7.9,7.4,1003.7,4,5.7,2,10,6,19
2018-02-10 20:00:00,80.5,8.1,7.7,1002.2,4,4.6,2,10,7,20
2018-02-10 21:00:00,80.0,8.6,8.2,1001.2,4,5.1,2,10,1,21
2018-02-10 22:00:00,78.39999999999421,9.1,8.7,999.5,4,5.7,2,10,2,22
2018-02-10 23:00:00,78.60000000000579,10.0,8.8,998.3,5,7.7,2,10,3,23
2018-02-11 00:00:00,84.0,9.7,9.0,996.6,5,8.2,2,11,4,0
2018-02-11 01:00:00,66.89999999999418,9.5,7.6,997.1,6,8.8,2,11,5,1
2018-02-11 02:00:00,62.80000000000291,8.5,5.5,997.9,6,8.2,2,11,6,2
2018-02-11 03:00:00,59.80000000000291,6.7,3.1,998.8,6,6.2,2,11,7,3
2018-02-11 04:00:00,59.39999999999418,5.4,2.1,999.4,6,7.2,2,11,1,4
2018-02-11 05:00:00,58.69999999999709,5.5,1.4,1000.1,6,7.7,2,11,2,5
2018-02-11 06:00:00,52.90000000000872,5.2,1.1,1001.1,6,6.7,2,11,3,6
2018-02-11 07:00:00,53.39999999999418,4.2,0.9,1002.0,6,6.7,2,11,4,7
2018-02-11 08:00:00,57.0,3.6,0.6,1002.9,6,5.7,2,11,5,8
2018-02-11 09:00:00,59.69999999999709,4.5,0.5,1003.6,6,7.2,2,11,6,9
2018-02-11 10:00:00,63.5,5.5,-0.2,1003.8,6,7.7,2,11,7,10
2018-02-11 11:00:00,65.59999999999127,6.4,0.1,1003.9,6,8.2,2,11,1,11
2018-02-11 12:00:00,76.20000000001164,6.7,-1.6,1003.9,6,9.3,2,11,2,12
2018-02-11 13:00:00,78.0,6.5,-2.2,1003.9,6,9.3,2,11,3,13
2018-02-11 14:00:00,80.30000000000291,7.0,-2.2,1004.3,6,9.8,2,11,4,14
2018-02-11 15:00:00,79.19999999999709,4.0,0.7,1005.3,7,6.7,2,11,5,15
2018-02-11 16:00:00,74.0,4.4,-1.1,1005.9,6,6.7,2,11,6,16
2018-02-11 17:00:00,78.29999999998836,4.4,-1.4,1006.6,6,5.1,2,11,7,17
2018-02-11 18:00:00,84.20000000001164,4.2,-3.0,1007.5,6,7.2,2,11,1,18
2018-02-11 19:00:00,87.29999999998836,3.7,-1.7,1008.7,6,7.7,2,11,2,19
2018-02-11 20:00:00,96.19999999999708,2.3,-2.0,1009.5,6,5.7,2,11,3,20
2018-02-11 21:00:00,94.80000000000292,1.9,-1.7,1010.6,6,4.6,2,11,4,21
2018-02-11 22:00:00,92.69999999999708,1.4,-1.8,1011.2,6,5.7,2,11,5,22
2018-02-11 23:00:00,89.1999999999971,1.7,-1.9,1011.9,6,5.1,2,11,6,23
2018-02-12 00:00:00,82.69999999999709,1.6,-2.3,1012.6,6,5.1,2,12,7,0
2018-02-12 01:00:00,75.79999999998836,1.0,-2.4,1013.3,6,3.6,2,12,1,1
2018-02-12 02:00:00,66.19999999999709,0.8,-2.6,1013.7,6,3.1,2,12,2,2
2018-02-12 03:00:00,62.59999999999128,-0.5,-2.9,1014.1,6,3.1,2,12,3,3
2018-02-12 04:00:00,60.70000000001164,-1.0,-3.3,1014.4,6,3.1,2,12,4,4
2018-02-12 05:00:00,55.59999999999128,-0.2,-2.6,1014.8,5,3.6,2,12,5,5
2018-02-12 06:00:00,55.60000000000582,-0.8,-2.8,1015.1,5,3.6,2,12,6,6
2018-02-12 07:00:00,57.60000000000582,-0.2,-2.6,1015.3,5,3.6,2,12,7,7
2018-02-12 08:00:00,70.69999999999709,0.1,-2.3,1015.8,6,4.6,2,12,1,8
2018-02-12 09:00:00,77.80000000000291,1.6,-1.8,1016.2,6,5.1,2,12,2,9
2018-02-12 10:00:00,78.19999999999709,3.4,-1.4,1016.4,6,4.6,2,12,3,10
2018-02-12 11:00:00,77.09999999999127,5.1,-1.2,1016.4,6,3.6,2,12,4,11
2018-02-12 12:00:00,80.20000000001164,6.4,-1.8,1016.2,6,5.7,2,12,5,12
2018-02-12 13:00:00,82.89999999999421,7.4,-1.1,1015.6,6,5.7,2,12,6,13
2018-02-12 14:00:00,85.89999999999418,7.0,-2.5,1015.2,6,8.2,2,12,7,14
2018-02-12 15:00:00,81.69999999999709,6.5,-1.2,1014.6,5,4.1,2,12,1,15
2018-02-12 16:00:00,86.09999999999127,6.5,-1.1,1014.2,5,5.1,2,12,2,16
2018-02-12 17:00:00,83.20000000001164,6.2,-1.9,1013.8,5,4.6,2,12,3,17
2018-02-12 18:00:00,88.89999999999418,5.2,-2.2,1013.5,4,3.1,2,12,4,18
2018-02-12 19:00:00,92.29999999998836,4.5,-1.3,1013.2,4,3.6,2,12,5,19
2018-02-12 20:00:00,102.0,3.7,-0.6,1012.9,4,4.1,2,12,6,20
2018-02-12 21:00:00,89.39999999999418,3.3,0.1,1012.3,4,4.1,2,12,7,21
2018-02-12 22:00:00,89.0,3.1,0.2,1011.9,4,5.1,2,12,1,22
2018-02-12 23:00:00,83.39999999999421,3.0,1.3,1011.1,4,5.7,2,12,2,23
2018-02-13 00:00:00,76.89999999999421,1.7,0.8,1009.7,3,3.6,2,13,3,0
2018-02-13 01:00:00,68.5,2.4,0.9,1008.5,4,3.6,2,13,4,1
2018-02-13 02:00:00,64.80000000000291,2.9,1.4,1007.3,4,4.1,2,13,5,2
2018-02-13 03:00:00,61.10000000000582,3.9,1.3,1006.2,4,5.7,2,13,6,3
2018-02-13 04:00:00,57.0,4.4,1.6,1004.6,4,5.1,2,13,7,4
2018-02-13 05:00:00,59.60000000000582,4.7,1.5,1003.2,4,7.2,2,13,1,5
2018-02-13 06:00:00,56.19999999999709,5.1,1.3,1002.1,4,7.2,2,13,2,6
2018-02-13 07:00:00,56.5,5.2,1.2,1001.4,4,8.2,2,13,3,7
2018-02-13 08:00:00,60.0,5.4,1.4,1000.6,4,9.3,2,13,4,8
2018-02-13 09:00:00,73.90000000000873,5.8,1.5,1000.0,4,8.2,2,13,5,9
2018-02-13 10:00:00,80.70000000001164,5.6,2.5,999.5,4,8.8,2,13,6,10
2018-02-13 11:00:00,76.60000000000579,4.2,2.5,999.3,4,8.8,2,13,7,11
2018-02-13 12:00:00,78.09999999999127,4.1,2.9,998.9,3,7.2,2,13,1,12
2018-02-13 13:00:00,77.40000000000873,4.4,3.2,998.4,3,8.2,2,13,2,13
2018-02-13 14:00:00,87.1999999999971,4.4,3.1,998.1,3,7.7,2,13,3,14
2018-02-13 15:00:00,86.39999999999418,4.5,3.1,998.3,3,5.1,2,13,4,15
2018-02-13 16:00:00,83.5,4.7,3.6,999.0,3,4.6,2,13,5,16
2018-02-13 17:00:00,85.80000000000291,4.5,3.9,1000.0,2,3.1,2,13,6,17
2018-02-13 18:00:00,92.59999999999128,4.3,3.7,1001.2,2,2.1,2,13,7,18
2018-02-13 19:00:00,93.5,4.4,3.7,1002.5,1,2.1,2,13,1,19
2018-02-13 20:00:00,94.80000000000292,4.3,3.6,1003.9,7,3.6,2,13,2,20
2018-02-13 21:00:00,93.30000000000292,3.7,2.1,1004.9,7,4.1,2,13,3,21
2018-02-13 22:00:00,83.60000000000579,3.7,1.8,1005.7,0,3.1,2,13,4,22
2018-02-13 23:00:00,80.30000000000291,3.5,1.4,1006.4,7,2.6,2,13,5,23
2018-02-14 00:00:00,79.09999999999127,2.9,0.9,1007.1,7,2.6,2,14,6,0
2018-02-14 01:00:00,77.5,2.1,0.4,1007.3,6,2.6,2,14,7,1
2018-02-14 02:00:00,65.40000000000873,1.4,-0.2,1007.9,6,2.1,2,14,1,2
2018-02-14 03:00:00,65.30000000000291,0.1,-0.8,1008.0,6,1.5,2,14,2,3
2018-02-14 04:00:00,66.19999999999709,-0.9,-1.9,1007.7,4,0.5,2,14,3,4
2018-02-14 05:00:00,61.5,-0.5,-1.0,1007.3,4,2.6,2,14,4,5
2018-02-14 06:00:00,56.0,-1.4,-2.3,1007.1,4,2.6,2,14,5,6
2018-02-14 07:00:00,55.80000000000291,-0.3,-1.8,1007.2,4,3.1,2,14,6,7
2018-02-14 08:00:00,61.19999999999709,0.2,-1.1,1007.1,3,3.1,2,14,7,8
2018-02-14 09:00:00,72.89999999999421,1.6,-0.4,1006.4,3,3.6,2,14,1,9
2018-02-14 10:00:00,77.40000000000873,3.6,1.1,1006.2,3,5.7,2,14,2,10
2018-02-14 11:00:00,81.0,5.0,1.9,1005.7,3,6.2,2,14,3,11
2018-02-14 12:00:00,85.79999999998836,6.3,1.8,1005.4,4,7.7,2,14,4,12
2018-02-14 13:00:00,93.60000000000582,5.6,2.4,1004.8,4,8.8,2,14,5,13
2018-02-14 14:00:00,90.40000000000872,5.3,2.7,1004.1,4,8.2,2,14,6,14
2018-02-14 15:00:00,80.89999999999421,5.0,3.1,1003.9,4,8.8,2,14,7,15
2018-02-14 16:00:00,87.10000000000582,5.0,3.9,1003.4,4,9.3,2,14,1,16
2018-02-14 17:00:00,84.80000000000291,5.2,3.7,1002.9,4,8.2,2,14,2,17
2018-02-14 18:00:00,88.8000000000029,5.5,4.2,1002.3,4,7.7,2,14,3,18
2018-02-14 19:00:00,93.39999999999418,5.7,4.6,1001.6,4,7.7,2,14,4,19
2018-02-14 20:00:00,92.79999999998836,6.0,5.1,1001.2,4,7.7,2,14,5,20
2018-02-14 21:00:00,89.3000000000029,6.2,5.4,1000.7,4,7.2,2,14,6,21
2018-02-14 22:00:00,88.09999999999127,6.7,5.9,1000.7,4,7.2,2,14,7,22
2018-02-14 23:00:00,86.3000000000029,7.0,6.4,1000.7,4,6.2,2,14,1,23
2018-02-15 00:00:00,78.09999999999127,7.4,7.1,1001.1,4,4.6,2,15,2,0
2018-02-15 01:00:00,77.30000000000291,7.8,7.6,1001.4,4,4.1,2,15,3,1
2018-02-15 02:00:00,66.5,8.0,7.9,1001.9,4,4.1,2,15,4,2
2018-02-15 03:00:00,60.20000000001164,7.7,7.5,1002.2,4,2.1,2,15,5,3
2018-02-15 04:00:00,57.0,6.8,6.7,1002.6,5,2.6,2,15,6,4
2018-02-15 05:00:00,56.80000000000291,8.0,7.5,1003.0,5,4.1,2,15,7,5
2018-02-15 06:00:00,53.10000000000582,8.1,7.2,1003.8,5,3.6,2,15,1,6
2018-02-15 07:00:00,55.89999999999418,8.2,7.1,1004.8,6,5.1,2,15,2,7
2018-02-15 08:00:00,59.90000000000872,7.5,5.3,1006.3,6,6.7,2,15,3,8
2018-02-15 09:00:00,71.19999999999709,7.8,4.6,1007.6,6,6.7,2,15,4,9
2018-02-15 10:00:00,79.0,8.5,5.1,1009.1,6,7.2,2,15,5,10
2018-02-15 11:00:00,76.30000000000291,9.4,4.1,1010.2,6,6.2,2,15,6,11
2018-02-15 12:00:00,75.80000000000291,8.9,1.3,1011.3,6,6.2,2,15,7,12
2018-02-15 13:00:00,77.09999999999127,9.7,0.7,1011.9,6,8.2,2,15,1,13
2018-02-15 14:00:00,79.5,10.0,0.0,1012.5196372019124,6,6.7,2,15,2,14
2018-02-15 15:00:00,78.59999999999127,8.0,0.0,1013.2654049102437,6,7.7,2,15,3,15
2018-02-15 16:00:00,78.10000000000579,8.0,1.0,1014.128470163453,6,6.7,2,15,4,16
2018-02-15 17:00:00,84.10000000000579,7.7,-1.0,1015.1,6,7.2,2,15,5,17
2018-02-15 18:00:00,76.10000000000579,6.3,-1.2,1016.1,6,5.1,2,15,6,18
2018-02-15 19:00:00,84.89999999999421,5.8,-0.6,1016.7,6,5.7,2,15,7,19
2018-02-15 20:00:00,91.80000000000292,5.3,-0.6,1017.2,5,5.7,2,15,1,20
2018-02-15 21:00:00,84.89999999999421,4.7,-0.4,1018.0,5,5.1,2,15,2,21
2018-02-15 22:00:00,76.30000000000291,4.4,-0.4,1018.8,5,4.6,2,15,3,22
2018-02-15 23:00:00,76.0,3.6,-0.1,1019.9,6,4.1,2,15,4,23
2018-02-16 00:00:00,76.89999999999421,3.4,0.1,1020.4,6,4.6,2,16,5,0
2018-02-16 01:00:00,71.09999999999127,3.3,0.2,1021.0,6,4.1,2,16,6,1
2018-02-16 02:00:00,68.40000000000873,1.9,-0.1,1021.9,6,2.6,2,16,7,2
2018-02-16 03:00:00,63.69999999999709,1.2,-0.3,1022.5,5,2.1,2,16,1,3
2018-02-16 04:00:00,58.09999999999128,0.9,-0.4,1023.0,5,2.6,2,16,2,4
2018-02-16 05:00:00,57.60000000000582,1.0,-0.1,1023.7,6,0.5,2,16,3,5
2018-02-16 06:00:00,58.5,0.4,-0.3,1024.0,5,0.5,2,16,4,6
2018-02-16 07:00:00,60.40000000000872,1.1,0.2,1024.6,4,2.6,2,16,5,7
2018-02-16 08:00:00,67.30000000000291,1.6,0.3,1025.5,5,3.1,2,16,6,8
2018-02-16 09:00:00,73.5,2.7,0.9,1026.0,5,2.6,2,16,7,9
2018-02-16 10:00:00,74.69999999999709,4.8,1.9,1026.3,5,3.1,2,16,1,10
2018-02-16 11:00:00,77.69999999999709,7.3,2.5,1026.6,5,2.6,2,16,2,11
2018-02-16 12:00:00,74.90000000000873,8.6,2.0,1026.5,6,3.1,2,16,3,12
2018-02-16 13:00:00,76.10000000000579,9.9,0.2,1025.9,5,2.1,2,16,4,13
2018-02-16 14:00:00,74.60000000000579,10.4,-0.7,1025.0,6,2.1,2,16,5,14
2018-02-16 15:00:00,72.59999999999127,9.9,-1.6,1024.7,4,3.1,2,16,6,15
2018-02-16 16:00:00,75.60000000000579,9.1,-1.9,1024.4,4,3.1,2,16,7,16
2018-02-16 17:00:00,77.69999999999709,8.3,-0.8,1024.3,4,2.1,2,16,1,17
2018-02-16 18:00:00,84.40000000000873,7.4,-1.3,1024.6,4,3.6,2,16,2,18
2018-02-16 19:00:00,85.80000000000291,6.4,2.2,1024.4,4,3.6,2,16,3,19
2018-02-16 20:00:00,86.5,5.6,2.2,1023.7,3,3.1,2,16,4,20
2018-02-16 21:00:00,83.0,5.0,2.3,1023.5,3,3.6,2,16,5,21
2018-02-16 22:00:00,82.0,4.6,2.1,1023.7,4,3.1,2,16,6,22
2018-02-16 23:00:00,89.10000000000582,3.6,1.5,1023.3,2,2.1,2,16,7,23
2018-02-17 00:00:00,80.10000000000579,2.9,1.6,1022.7,2,1.0,2,17,1,0
2018-02-17 01:00:00,68.5,2.7,1.6,1022.5,1,0.5,2,17,2,1
2018-02-17 02:00:00,70.5,2.5,1.6,1022.4,2,1.0,2,17,3,2
2018-02-17 03:00:00,65.89999999999418,2.4,0.7,1021.7,2,1.5,2,17,4,3
2018-02-17 04:00:00,59.80000000000291,2.6,1.2,1021.6,1,1.0,2,17,5,4
2018-02-17 05:00:00,57.30000000000291,1.8,0.9,1021.6,1,1.0,2,17,6,5
2018-02-17 06:00:00,57.5,1.9,0.9,1021.6,1,0.5,2,17,7,6
2018-02-17 07:00:00,54.60000000000582,2.4,1.7,1021.6,2,1.5,2,17,1,7
2018-02-17 08:00:00,53.0,2.1,1.1,1021.9,0,0.5,2,17,2,8
2018-02-17 09:00:00,58.09999999999128,4.3,2.8,1022.1,4,0.5,2,17,3,9
2018-02-17 10:00:00,64.19999999999709,6.5,3.1,1022.4,4,1.5,2,17,4,10
2018-02-17 11:00:00,68.5,8.1,3.4,1022.8,5,2.1,2,17,5,11
2018-02-17 12:00:00,74.19999999999709,9.6,2.5,1022.8,5,3.1,2,17,6,12
2018-02-17 13:00:00,73.40000000000873,10.3,0.7,1022.4,4,3.6,2,17,7,13
2018-02-17 14:00:00,69.19999999999709,10.9,0.8,1022.2,5,3.6,2,17,1,14
2018-02-17 15:00:00,66.19999999999709,10.7,0.3,1022.1,5,4.1,2,17,2,15
2018-02-17 16:00:00,67.10000000000582,9.8,0.6,1022.1,5,4.1,2,17,3,16
2018-02-17 17:00:00,68.19999999999709,8.6,0.6,1022.3,5,3.6,2,17,4,17
2018-02-17 18:00:00,73.0,8.3,0.9,1022.6,4,2.1,2,17,5,18
2018-02-17 19:00:00,80.79999999998836,7.6,2.1,1023.0,4,3.1,2,17,6,19
2018-02-17 20:00:00,81.59999999999127,7.0,3.0,1023.2,4,3.6,2,17,7,20
2018-02-17 21:00:00,86.8000000000029,6.1,3.1,1023.5,4,2.6,2,17,1,21
2018-02-17 22:00:00,79.5,5.4,3.1,1023.6,4,2.6,2,17,2,22
2018-02-17 23:00:00,78.60000000000579,5.4,3.1,1023.6,4,2.1,2,17,3,23
2018-02-18 00:00:00,81.30000000000291,3.8,2.4,1023.2,3,2.6,2,18,4,0
2018-02-18 01:00:00,68.30000000000291,2.9,0.8,1023.1,2,2.1,2,18,5,1
2018-02-18 02:00:00,63.80000000000291,1.9,1.0,1023.4,3,1.5,2,18,6,2
2018-02-18 03:00:00,63.5,1.5,0.5,1022.9,3,1.0,2,18,7,3
2018-02-18 04:00:00,63.5,1.7,1.3,1022.9,3,1.5,2,18,1,4
2018-02-18 05:00:00,58.20000000001164,3.2,3.2,1022.4,3,2.6,2,18,2,5
2018-02-18 06:00:00,54.40000000000872,4.1,3.9,1022.4,3,2.1,2,18,3,6
2018-02-18 07:00:00,54.19999999999709,4.0,3.5,1022.8,4,2.1,2,18,4,7
2018-02-18 08:00:00,58.80000000000291,4.5,4.0,1022.7,3,2.1,2,18,5,8
2018-02-18 09:00:00,63.60000000000582,5.4,4.6,1022.9,3,1.5,2,18,6,9
2018-02-18 10:00:00,70.39999999999421,6.7,5.2,1022.2,3,2.6,2,18,7,10
2018-02-18 11:00:00,75.30000000000291,8.7,5.0,1022.2,4,4.6,2,18,1,11
2018-02-18 12:00:00,78.80000000000291,10.0,5.0,1022.0072007843326,4,3.1,2,18,2,12
2018-02-18 13:00:00,79.40000000000873,9.6,4.4,1021.6,4,3.1,2,18,3,13
2018-02-18 14:00:00,81.10000000000579,9.9,4.2,1021.2,4,3.6,2,18,4,14
2018-02-18 15:00:00,78.80000000000291,10.0,4.2,1021.0,4,3.6,2,18,5,15
2018-02-18 16:00:00,79.80000000000291,9.8,4.3,1020.9,4,3.6,2,18,6,16
2018-02-18 17:00:00,79.0,9.1,4.0,1020.9,4,3.6,2,18,7,17
2018-02-18 18:00:00,88.40000000000873,8.3,4.2,1021.0,4,4.1,2,18,1,18
2018-02-18 19:00:00,92.39999999999418,7.7,4.7,1021.2,4,3.6,2,18,2,19
2018-02-18 20:00:00,94.5,7.3,5.2,1020.8,4,3.6,2,18,3,20
2018-02-18 21:00:00,101.19999999999708,7.1,5.3,1020.7,4,2.6,2,18,4,21
2018-02-18 22:00:00,97.60000000000582,6.9,5.5,1020.4,4,2.1,2,18,5,22
2018-02-18 23:00:00,93.5,6.5,5.9,1020.1,4,1.5,2,18,6,23
2018-02-19 00:00:00,88.5,6.4,6.0,1019.8,4,1.5,2,19,7,0
2018-02-19 01:00:00,74.10000000000579,6.5,6.1,1019.3,4,2.1,2,19,1,1
2018-02-19 02:00:00,69.40000000000873,6.5,6.2,1019.0,5,1.5,2,19,2,2
2018-02-19 03:00:00,62.89999999999418,6.5,6.3,1018.3,4,2.1,2,19,3,3
2018-02-19 04:00:00,55.39999999999418,6.4,6.3,1018.0,4,2.1,2,19,4,4
2018-02-19 05:00:00,52.80000000000291,6.5,6.4,1017.6,4,1.5,2,19,5,5
2018-02-19 06:00:00,54.19999999999709,6.7,6.5,1017.4,4,2.6,2,19,6,6
2018-02-19 07:00:00,56.80000000000291,6.9,6.6,1017.5,5,2.1,2,19,7,7
2018-02-19 08:00:00,69.79999999998836,7.2,6.9,1017.4,5,3.1,2,19,1,8
2018-02-19 09:00:00,80.19999999999709,7.4,7.1,1017.3,5,3.1,2,19,2,9
2018-02-19 10:00:00,88.10000000000582,7.6,7.3,1017.2,6,3.1,2,19,3,10
2018-02-19 11:00:00,79.90000000000873,8.3,8.2,1017.0,6,2.6,2,19,4,11
2018-02-19 12:00:00,78.60000000000579,8.8,8.6,1016.7,6,3.6,2,19,5,12
2018-02-19 13:00:00,88.0,9.8,9.3,1016.4,6,3.1,2,19,6,13
2018-02-19 14:00:00,88.60000000000582,10.8,9.8,1016.0,7,3.6,2,19,7,14
2018-02-19 15:00:00,81.60000000000579,11.4,9.9,1015.9,7,3.6,2,19,1,15
2018-02-19 16:00:00,81.69999999999709,11.3,9.6,1015.8,7,3.1,2,19,2,16
2018-02-19 17:00:00,80.39999999999421,11.0,9.5,1016.1,7,3.6,2,19,3,17
2018-02-19 18:00:00,95.60000000000582,10.9,9.2,1016.5,7,3.1,2,19,4,18
2018-02-19 19:00:00,103.69999999999708,10.9,8.5,1016.7,7,3.6,2,19,5,19
2018-02-19 20:00:00,102.90000000000872,10.7,8.3,1016.6,7,3.6,2,19,6,20
2018-02-19 21:00:00,102.0,10.4,8.4,1016.8,7,4.1,2,19,7,21
2018-02-19 22:00:00,97.10000000000582,10.1,8.5,1016.6,7,3.6,2,19,1,22
2018-02-19 23:00:00,93.80000000000292,10.0,8.3,1016.9,7,2.6,2,19,2,23
2018-02-20 00:00:00,92.40000000000872,9.4,8.8,1017.3,7,3.1,2,20,3,0
2018-02-20 01:00:00,72.39999999999421,9.1,8.5,1017.4,7,3.1,2,20,4,1
2018-02-20 02:00:00,69.70000000001164,9.2,8.3,1017.4,7,3.1,2,20,5,2
2018-02-20 03:00:00,66.70000000001164,9.1,8.3,1017.6,7,3.1,2,20,6,3
2018-02-20 04:00:00,62.10000000000582,9.1,8.2,1018.0,7,3.1,2,20,7,4
2018-02-20 05:00:00,60.0,9.3,7.8,1018.1,0,3.6,2,20,1,5
2018-02-20 06:00:00,58.5,8.6,7.1,1018.3,7,2.6,2,20,2,6
2018-02-20 07:00:00,59.40000000000872,8.8,7.3,1018.8,7,2.6,2,20,3,7
2018-02-20 08:00:00,72.5,9.0,7.5,1019.0,7,5.1,2,20,4,8
2018-02-20 09:00:00,82.19999999999709,8.1,6.6,1019.6,7,5.7,2,20,5,9
2018-02-20 10:00:00,83.80000000000291,7.7,6.4,1020.2,7,5.1,2,20,6,10
2018-02-20 11:00:00,90.39999999999418,8.4,4.5,1020.9,0,6.7,2,20,7,11
2018-02-20 12:00:00,92.30000000000292,8.7,3.7,1021.0,0,5.7,2,20,1,12
2018-02-20 13:00:00,94.39999999999418,8.7,2.5,1021.4,0,5.7,2,20,2,13
2018-02-20 14:00:00,96.60000000000582,9.0,3.0,1021.2819301256112,0,4.6,2,20,3,14
2018-02-20 15:00:00,92.19999999999708,9.1,2.5,1021.0,0,3.1,2,20,4,15
2018-02-20 16:00:00,92.19999999999708,9.3,2.3,1021.1,0,6.2,2,20,5,16
2018-02-20 17:00:00,90.09999999999128,9.3,2.0,1021.6,0,5.7,2,20,6,17
2018-02-20 18:00:00,101.59999999999128,8.8,2.6,1022.0,0,6.7,2,20,7,18
2018-02-20 19:00:00,109.19999999999708,8.1,3.0,1022.8,0,6.2,2,20,1,19
2018-02-20 20:00:00,107.59999999999128,7.6,3.5,1023.3,0,5.7,2,20,2,20
2018-02-20 21:00:00,109.69999999999708,7.1,3.7,1024.0,0,5.1,2,20,3,21
2018-02-20 22:00:00,106.5,6.4,3.0,1024.8,0,3.6,2,20,4,22
2018-02-20 23:00:00,100.59999999999128,6.0,2.0,1025.4,1,4.6,2,20,5,23
2018-02-21 00:00:00,99.10000000000582,5.3,1.6,1025.8,1,4.6,2,21,6,0
2018-02-21 01:00:00,79.19999999999709,5.2,1.2,1026.5,1,4.1,2,21,7,1
2018-02-21 02:00:00,75.60000000000579,4.9,1.3,1026.8,1,3.1,2,21,1,2
2018-02-21 03:00:00,68.30000000000291,3.9,0.9,1027.1,1,3.1,2,21,2,3
2018-02-21 04:00:00,62.19999999999709,3.6,0.8,1027.1,1,3.1,2,21,3,4
2018-02-21 05:00:00,60.5,3.4,0.9,1027.3,1,2.6,2,21,4,5
2018-02-21 06:00:00,62.39999999999418,2.9,1.0,1027.5,1,2.6,2,21,5,6
2018-02-21 07:00:00,59.10000000000582,2.5,0.9,1027.6,0,1.5,2,21,6,7
2018-02-21 08:00:00,75.09999999999127,2.4,1.1,1027.6,0,1.5,2,21,7,8
2018-02-21 09:00:00,84.0,3.6,1.5,1028.0,1,2.6,2,21,1,9
2018-02-21 10:00:00,85.30000000000291,5.5,1.4,1028.3,1,2.6,2,21,2,10
2018-02-21 11:00:00,85.70000000001164,5.9,1.0,1028.2,1,3.6,2,21,3,11
2018-02-21 12:00:00,90.90000000000872,6.2,0.7,1028.1,1,2.6,2,21,4,12
2018-02-21 13:00:00,95.20000000001164,6.4,0.7,1027.6,1,2.6,2,21,5,13
2018-02-21 14:00:00,92.89999999999418,6.7,0.7,1026.9,0,2.1,2,21,6,14
2018-02-21 15:00:00,89.10000000000582,6.7,0.2,1026.3,1,2.6,2,21,7,15
2018-02-21 16:00:00,95.0,6.2,1.7,1026.0,0,2.1,2,21,1,16
2018-02-21 17:00:00,95.69999999999708,6.1,1.7,1025.9,0,2.6,2,21,2,17
2018-02-21 18:00:00,106.19999999999708,5.6,1.9,1025.9,0,2.6,2,21,3,18
2018-02-21 19:00:00,112.60000000000582,5.2,2.3,1026.2,0,2.1,2,21,4,19
2018-02-21 20:00:00,107.5,5.3,2.7,1026.2,0,2.1,2,21,5,20
2018-02-21 21:00:00,104.30000000000292,5.4,2.8,1026.1,1,1.5,2,21,6,21
2018-02-21 22:00:00,97.90000000000872,5.3,1.7,1026.0,1,4.1,2,21,7,22
2018-02-21 23:00:00,98.19999999999708,5.0,1.6,1025.7,1,4.1,2,21,1,23
2018-02-22 00:00:00,96.79999999998836,4.7,1.4,1025.5,1,3.1,2,22,2,0
2018-02-22 01:00:00,83.40000000000873,3.9,1.3,1025.2,1,2.1,2,22,3,1
2018-02-22 02:00:00,75.0,3.9,1.6,1025.0,1,3.1,2,22,4,2
2018-02-22 03:00:00,75.39999999999421,4.1,2.0,1024.5,1,3.1,2,22,5,3
2018-02-22 04:00:00,70.5,3.9,0.2,1024.3,2,4.6,2,22,6,4
2018-02-22 05:00:00,69.5,2.7,-0.8,1024.3,1,3.1,2,22,7,5
2018-02-22 06:00:00,67.5,2.2,-1.1,1024.6,1,2.6,2,22,1,6
2018-02-22 07:00:00,71.19999999999709,1.6,-1.0,1024.6,1,2.6,2,22,2,7
2018-02-22 08:00:00,81.19999999999709,2.4,-1.3,1024.7,1,3.1,2,22,3,8
2018-02-22 09:00:00,90.10000000000582,3.2,-2.8,1024.8,2,5.1,2,22,4,9
2018-02-22 10:00:00,94.30000000000292,3.6,-2.6,1024.9,2,4.1,2,22,5,10
2018-02-22 11:00:00,93.09999999999128,3.8,-2.6,1024.9,2,4.6,2,22,6,11
2018-02-22 12:00:00,93.70000000001164,4.2,-2.9,1024.7,2,5.1,2,22,7,12
2018-02-22 13:00:00,91.09999999999128,4.3,-2.6,1024.5,2,5.1,2,22,1,13
2018-02-22 14:00:00,98.39999999999418,5.3,-2.9,1023.9,2,5.1,2,22,2,14
2018-02-22 15:00:00,95.39999999999418,5.7,-3.6,1023.3,2,6.7,2,22,3,15
2018-02-22 16:00:00,96.80000000000292,5.2,-4.3,1023.2,2,6.2,2,22,4,16
2018-02-22 17:00:00,96.0,4.1,-5.2,1023.2,2,5.1,2,22,5,17
2018-02-22 18:00:00,105.89999999999418,3.4,-4.8,1023.3,2,3.6,2,22,6,18
2018-02-22 19:00:00,115.10000000000582,2.8,-4.4,1023.4,1,2.6,2,22,7,19
2018-02-22 20:00:00,116.10000000000582,2.5,-3.6,1023.6,1,3.1,2,22,1,20
2018-02-22 21:00:00,111.0,2.1,-2.9,1023.4,1,3.1,2,22,2,21
2018-02-22 22:00:00,101.30000000000292,1.4,-2.9,1023.4,1,2.6,2,22,3,22
2018-02-22 23:00:00,106.29999999998836,0.6,-2.7,1023.2,1,2.6,2,22,4,23
2018-02-23 00:00:00,97.5,0.2,-2.1,1023.1,0,2.6,2,23,5,0
2018-02-23 01:00:00,86.8000000000029,0.4,-1.6,1022.8,1,2.6,2,23,6,1
2018-02-23 02:00:00,72.20000000001164,0.3,-1.6,1022.7,1,2.6,2,23,7,2
2018-02-23 03:00:00,74.39999999999421,-0.1,-1.8,1022.4,1,2.6,2,23,1,3
2018-02-23 04:00:00,65.0,-0.6,-2.2,1022.3,0,1.5,2,23,2,4
2018-02-23 05:00:00,60.80000000000291,-0.8,-2.4,1022.2,1,1.5,2,23,3,5
2018-02-23 06:00:00,60.19999999999709,-0.7,-2.9,1022.3,1,2.1,2,23,4,6
2018-02-23 07:00:00,62.39999999999418,-0.4,-2.9,1022.6,1,2.1,2,23,5,7
2018-02-23 08:00:00,73.80000000000291,0.4,-2.7,1022.4,1,2.6,2,23,6,8
2018-02-23 09:00:00,85.09999999999127,1.8,-2.5,1022.6,1,2.6,2,23,7,9
2018-02-23 10:00:00,93.30000000000292,2.7,-3.4,1022.4,2,5.7,2,23,1,10
2018-02-23 11:00:00,98.0,4.0,-3.7,1022.3,2,6.7,2,23,2,11
2018-02-23 12:00:00,96.5,3.9,-3.8,1022.2,2,6.7,2,23,3,12
2018-02-23 13:00:00,106.80000000000292,4.0,-3.2,1021.5,2,6.7,2,23,4,13
2018-02-23 14:00:00,101.40000000000872,4.0,-3.4,1020.9,2,5.1,2,23,5,14
2018-02-23 15:00:00,104.10000000000582,4.2,-2.9,1020.4,1,5.7,2,23,6,15
2018-02-23 16:00:00,94.0,3.7,-3.6,1020.0,1,5.7,2,23,7,16
2018-02-23 17:00:00,107.69999999999708,3.3,-3.2,1019.9,2,4.1,2,23,1,17
2018-02-23 18:00:00,113.5,2.1,-3.9,1020.2,2,5.7,2,23,2,18
2018-02-23 19:00:00,111.0,2.0,-3.6,1020.0,2,5.1,2,23,3,19
2018-02-23 20:00:00,116.80000000000292,1.5,-3.5,1019.6,2,4.6,2,23,4,20
2018-02-23 21:00:00,111.5,1.7,-2.8,1019.8,2,3.6,2,23,5,21
2018-02-23 22:00:00,104.30000000000292,1.6,-2.8,1019.8,2,5.1,2,23,6,22
2018-02-23 23:00:00,93.89999999999418,0.9,-3.8,1020.0,2,5.1,2,23,7,23
2018-02-24 00:00:00,94.89999999999418,0.8,-4.0,1020.2,2,5.1,2,24,1,0
2018-02-24 01:00:00,86.60000000000582,0.4,-4.1,1020.2,2,3.6,2,24,2,1
2018-02-24 02:00:00,80.19999999999709,-0.4,-5.0,1020.4,2,3.6,2,24,3,2
2018-02-24 03:00:00,76.0,-0.4,-4.5,1020.2,1,2.1,2,24,4,3
2018-02-24 04:00:00,76.80000000000291,-1.0,-4.3,1020.2,1,2.1,2,24,5,4
2018-02-24 05:00:00,71.39999999999421,-1.2,-4.1,1020.3,0,1.0,2,24,6,5
2018-02-24 06:00:00,69.20000000001164,-1.2,-4.0,1020.6,0,1.5,2,24,7,6
2018-02-24 07:00:00,68.5,-1.6,-4.2,1021.0,1,2.6,2,24,1,7
2018-02-24 08:00:00,75.0,-0.7,-3.7,1021.4,1,2.6,2,24,2,8
2018-02-24 09:00:00,78.19999999999709,1.3,-3.1,1021.8,1,3.1,2,24,3,9
2018-02-24 10:00:00,84.0,2.7,-2.9,1021.8,2,6.2,2,24,4,10
2018-02-24 11:00:00,90.19999999999708,4.0,-2.4,1022.1,1,5.7,2,24,5,11
2018-02-24 12:00:00,100.39999999999418,4.4,-3.2,1022.1,2,6.2,2,24,6,12
2018-02-24 13:00:00,103.19999999999708,5.2,-3.8,1022.0,2,6.7,2,24,7,13
2018-02-24 14:00:00,97.59999999999128,6.3,-5.2,1021.7,1,6.2,2,24,1,14
2018-02-24 15:00:00,95.59999999999128,6.1,-6.1,1021.8,2,6.2,2,24,2,15
2018-02-24 16:00:00,99.10000000000582,5.4,-5.3,1021.9,2,6.7,2,24,3,16
2018-02-24 17:00:00,100.89999999999418,4.6,-5.4,1022.2,2,6.2,2,24,4,17
2018-02-24 18:00:00,107.30000000000292,3.9,-4.7,1022.6,2,5.1,2,24,5,18
2018-02-24 19:00:00,109.59999999999128,3.4,-2.9,1023.2,2,5.1,2,24,6,19
2018-02-24 20:00:00,107.60000000000582,3.1,-2.1,1023.4,2,4.6,2,24,7,20
2018-02-24 21:00:00,108.5,3.0,-2.0,1023.9,2,5.7,2,24,1,21
2018-02-24 22:00:00,109.40000000000872,3.2,-1.6,1024.4,2,5.1,2,24,2,22
2018-02-24 23:00:00,110.0,2.4,-2.3,1024.9,2,4.1,2,24,3,23
2018-02-25 00:00:00,110.40000000000872,2.3,-2.5,1025.1,2,6.2,2,25,4,0
2018-02-25 01:00:00,85.30000000000291,1.7,-3.1,1025.2,2,5.1,2,25,5,1
2018-02-25 02:00:00,82.30000000000291,1.4,-3.5,1025.6,2,4.1,2,25,6,2
2018-02-25 03:00:00,78.80000000000291,1.1,-3.5,1025.8,2,3.6,2,25,7,3
2018-02-25 04:00:00,77.80000000000291,0.9,-3.7,1026.1,2,4.1,2,25,1,4
2018-02-25 05:00:00,72.5,0.3,-4.3,1026.3,1,2.6,2,25,2,5
2018-02-25 06:00:00,69.80000000000291,-0.3,-4.4,1026.7,1,3.1,2,25,3,6
2018-02-25 07:00:00,65.69999999999709,-0.6,-4.3,1027.2,1,3.1,2,25,4,7
2018-02-25 08:00:00,67.0,0.1,-4.1,1027.6,1,4.1,2,25,5,8
2018-02-25 09:00:00,74.0,1.6,-4.5,1027.9,2,4.6,2,25,6,9
2018-02-25 10:00:00,78.60000000000579,2.6,-4.4,1028.0,2,6.7,2,25,7,10
2018-02-25 11:00:00,87.3000000000029,3.7,-5.3,1028.3,2,5.7,2,25,1,11
2018-02-25 12:00:00,98.19999999999708,4.1,-6.3,1028.3,1,6.7,2,25,2,12
2018-02-25 13:00:00,103.0,4.5,-6.0,1028.3,2,6.7,2,25,3,13
2018-02-25 14:00:00,107.19999999999708,4.8,-6.9,1028.1,2,6.2,2,25,4,14
2018-02-25 15:00:00,106.70000000001164,4.5,-6.9,1028.0,1,5.7,2,25,5,15
2018-02-25 16:00:00,111.0,4.0,-8.3,1028.1,2,5.7,2,25,6,16
2018-02-25 17:00:00,112.29999999998836,3.1,-8.4,1028.6,2,5.1,2,25,7,17
2018-02-25 18:00:00,122.70000000001164,1.7,-8.0,1029.0,1,4.1,2,25,1,18
2018-02-25 19:00:00,139.0,1.1,-7.8,1029.2,2,4.6,2,25,2,19
2018-02-25 20:00:00,133.6999999999971,0.7,-8.1,1029.4,1,5.1,2,25,3,20
2018-02-25 21:00:00,131.4000000000087,-0.1,-8.0,1029.7,1,5.1,2,25,4,21
2018-02-25 22:00:00,121.69999999999708,-0.1,-6.9,1030.0,1,4.1,2,25,5,22
2018-02-25 23:00:00,120.09999999999128,0.0,-6.0,1030.2,1,3.6,2,25,6,23
2018-02-26 00:00:00,116.69999999999708,-0.3,-5.9,1030.6,1,3.6,2,26,7,0
2018-02-26 01:00:00,100.69999999999708,-0.2,-5.9,1030.5,1,4.1,2,26,1,1
2018-02-26 02:00:00,91.70000000001164,0.6,-6.2,1030.4,1,4.1,2,26,2,2
2018-02-26 03:00:00,79.60000000000579,0.8,-6.7,1030.6,1,4.6,2,26,3,3
2018-02-26 04:00:00,78.19999999999709,0.5,-8.1,1030.8,1,6.7,2,26,4,4
2018-02-26 05:00:00,73.5,0.0,-8.4,1031.0,1,5.7,2,26,5,5
2018-02-26 06:00:00,73.89999999999421,-0.2,-8.0,1031.0,1,4.6,2,26,6,6
2018-02-26 07:00:00,75.40000000000873,-0.6,-7.3,1031.2,1,5.1,2,26,7,7
2018-02-26 08:00:00,89.0,-0.7,-5.5,1031.6,1,5.1,2,26,1,8
2018-02-26 09:00:00,98.80000000000292,-0.8,-4.4,1031.9,1,5.7,2,26,2,9
2018-02-26 10:00:00,108.20000000001164,0.2,-4.1,1031.6,2,5.7,2,26,3,10
2018-02-26 11:00:00,108.69999999999708,0.4,-6.7,1031.9,1,6.7,2,26,4,11
2018-02-26 12:00:00,113.80000000000292,2.0,-7.1,1031.7,2,6.2,2,26,5,12
2018-02-26 13:00:00,123.39999999999418,1.5,-7.3,1031.3,2,5.7,2,26,6,13
2018-02-26 14:00:00,115.39999999999418,1.5,-8.3,1030.7,2,7.2,2,26,7,14
2018-02-26 15:00:00,113.5,1.7,-6.7,1030.5,1,5.1,2,26,1,15
2018-02-26 16:00:00,114.60000000000582,-0.3,-3.8,1030.4,0,4.1,2,26,2,16
2018-02-26 17:00:00,118.89999999999418,0.4,-4.5,1029.9,1,4.1,2,26,3,17
2018-02-26 18:00:00,137.5,-0.7,-4.9,1030.1,1,4.6,2,26,4,18
2018-02-26 19:00:00,142.59999999999133,-0.9,-4.6,1030.0,1,4.6,2,26,5,19
2018-02-26 20:00:00,138.70000000001164,-1.4,-5.1,1029.8,1,4.1,2,26,6,20
2018-02-26 21:00:00,132.1999999999971,-1.8,-5.1,1029.7,1,3.6,2,26,7,21
2018-02-26 22:00:00,132.0999999999913,-2.2,-5.7,1029.7,1,4.6,2,26,1,22
2018-02-26 23:00:00,130.9000000000087,-2.1,-6.8,1029.4,1,4.6,2,26,2,23
2018-02-27 00:00:00,119.0,-2.5,-7.3,1029.0,1,3.6,2,27,3,0
2018-02-27 01:00:00,97.80000000000292,-2.2,-6.9,1028.7,0,3.6,2,27,4,1
2018-02-27 02:00:00,84.29999999998836,-2.5,-7.1,1028.2,0,3.1,2,27,5,2
2018-02-27 03:00:00,79.29999999998836,-3.2,-6.7,1027.7,1,2.6,2,27,6,3
2018-02-27 04:00:00,77.60000000000579,-3.4,-6.7,1027.3,0,2.6,2,27,7,4
2018-02-27 05:00:00,75.5,-3.8,-6.5,1026.8,0,1.5,2,27,1,5
2018-02-27 06:00:00,73.40000000000873,-3.6,-5.7,1026.3,0,2.1,2,27,2,6
2018-02-27 07:00:00,80.0,-3.5,-5.2,1025.9,0,2.1,2,27,3,7
2018-02-27 08:00:00,99.89999999999418,-2.9,-4.7,1025.8,0,2.6,2,27,4,8
2018-02-27 09:00:00,99.90000000000872,-1.3,-4.5,1025.5,0,3.6,2,27,5,9
2018-02-27 10:00:00,102.69999999999708,0.2,-4.4,1024.9,0,5.1,2,27,6,10
2018-02-27 11:00:00,104.0,0.2,-6.5,1024.5,1,5.1,2,27,7,11
2018-02-27 12:00:00,113.39999999999418,0.1,-7.1,1024.1,1,5.1,2,27,1,12
2018-02-27 13:00:00,110.10000000000582,-0.4,-4.0,1023.7,2,4.1,2,27,2,13
2018-02-27 14:00:00,116.69999999999708,0.8,-6.2,1022.8,2,5.1,2,27,3,14
2018-02-27 15:00:00,126.80000000000292,0.8,-4.2,1022.5,3,5.7,2,27,4,15
2018-02-27 16:00:00,121.40000000000872,-1.6,-3.6,1022.3,3,0.5,2,27,5,16
2018-02-27 17:00:00,111.69999999999708,-1.3,-4.3,1021.8,7,1.0,2,27,6,17
2018-02-27 18:00:00,125.09999999999128,-2.6,-5.8,1021.7,1,1.5,2,27,7,18
2018-02-27 19:00:00,137.39999999999418,-2.7,-6.9,1021.5,1,2.1,2,27,1,19
2018-02-27 20:00:00,137.39999999999418,-2.4,-7.1,1021.4,0,1.5,2,27,2,20
2018-02-27 21:00:00,138.6999999999971,-3.2,-7.5,1021.2,0,1.5,2,27,3,21
2018-02-27 22:00:00,132.1999999999971,-3.5,-7.7,1020.9,0,2.1,2,27,4,22
2018-02-27 23:00:00,128.5,-4.1,-7.1,1020.4,0,2.1,2,27,5,23
2018-02-28 00:00:00,122.69999999999708,-4.4,-6.4,1019.9,1,1.5,2,28,6,0
2018-02-28 01:00:00,104.69999999999708,-4.7,-6.2,1019.4,0,1.0,2,28,7,1
2018-02-28 02:00:00,86.60000000000582,-5.0,-6.1,1019.1,0,1.5,2,28,1,2
2018-02-28 03:00:00,83.60000000000579,-4.5,-5.4,1018.5,1,3.6,2,28,2,3
2018-02-28 04:00:00,79.60000000000579,-4.6,-5.8,1018.2,1,2.6,2,28,3,4
2018-02-28 05:00:00,75.19999999999709,-4.3,-5.2,1017.9,1,2.6,2,28,4,5
2018-02-28 06:00:00,74.40000000000873,-4.3,-5.3,1017.9,1,1.5,2,28,5,6
2018-02-28 07:00:00,81.39999999999421,-4.7,-5.7,1018.0,1,2.6,2,28,6,7
2018-02-28 08:00:00,89.90000000000873,-3.9,-6.2,1017.9,2,2.1,2,28,7,8
2018-02-28 09:00:00,100.60000000000582,-3.4,-7.3,1018.3,2,5.1,2,28,1,9
2018-02-28 10:00:00,107.69999999999708,-2.4,-9.6,1018.2,2,5.7,2,28,2,10
2018-02-28 11:00:00,118.0,-2.0,-9.3,1018.1,2,6.7,2,28,3,11
2018-02-28 12:00:00,111.19999999999708,-2.5,-6.4,1017.9,1,5.1,2,28,4,12
2018-02-28 13:00:00,122.10000000000582,-3.0,-5.2,1017.1,1,4.1,2,28,5,13
2018-02-28 14:00:00,130.1999999999971,-2.7,-6.2,1016.4,1,6.2,2,28,6,14
2018-02-28 15:00:00,123.60000000000582,-2.4,-9.5,1015.6,2,7.2,2,28,7,15
2018-02-28 16:00:00,122.69999999999708,-2.5,-8.9,1014.6,1,7.2,2,28,1,16
2018-02-28 17:00:00,121.79999999998836,-3.2,-7.7,1014.1,1,7.7,2,28,2,17
2018-02-28 18:00:00,133.60000000000582,-4.1,-6.5,1013.6,1,6.2,2,28,3,18
2018-02-28 19:00:00,151.0,-4.7,-7.1,1013.4,1,7.2,2,28,4,19
2018-02-28 20:00:00,150.89999999999418,-4.6,-7.5,1012.9,1,5.7,2,28,5,20
2018-02-28 21:00:00,148.60000000000582,-5.0,-6.7,1012.2,1,6.2,2,28,6,21
2018-02-28 22:00:00,134.9000000000087,-4.6,-6.2,1011.4,1,5.1,2,28,7,22
2018-02-28 23:00:00,133.0,-4.1,-6.9,1010.8,1,5.1,2,28,1,23
2018-03-01 00:00:00,131.0999999999913,-3.8,-8.4,1009.7,2,6.7,3,1,2,0
2018-03-01 01:00:00,115.19999999999708,-3.9,-8.4,1008.9,1,7.2,3,1,3,1
2018-03-01 02:00:00,96.39999999999418,-4.1,-7.7,1008.3,1,5.7,3,1,4,2
2018-03-01 03:00:00,88.5,-4.0,-7.7,1007.0,1,6.2,3,1,5,3
2018-03-01 04:00:00,80.80000000000291,-3.8,-7.4,1006.0,1,5.7,3,1,6,4
2018-03-01 05:00:00,75.10000000000579,-3.6,-7.7,1005.2,2,7.7,3,1,7,5
2018-03-01 06:00:00,75.80000000000291,-3.7,-7.6,1004.5,2,8.8,3,1,1,6
2018-03-01 07:00:00,80.89999999999421,-4.1,-6.8,1004.2,1,7.2,3,1,2,7
2018-03-01 08:00:00,91.5,-4.2,-6.1,1003.4,1,6.2,3,1,3,8
2018-03-01 09:00:00,113.69999999999708,-3.6,-6.4,1002.6,2,6.7,3,1,4,9
2018-03-01 10:00:00,123.19999999999708,-3.6,-5.8,1002.3,2,6.7,3,1,5,10
2018-03-01 11:00:00,129.9000000000087,-3.0,-5.5,1001.3,1,7.2,3,1,6,11
2018-03-01 12:00:00,134.39999999999418,-2.8,-5.4,1000.6,2,7.7,3,1,7,12
2018-03-01 13:00:00,131.4000000000087,-2.5,-5.0,999.9,2,7.7,3,1,1,13
2018-03-01 14:00:00,127.90000000000872,-2.2,-4.8,998.8,2,8.2,3,1,2,14
2018-03-01 15:00:00,128.0999999999913,-1.8,-4.4,997.9,2,8.2,3,1,3,15
2018-03-01 16:00:00,127.79999999998836,-1.2,-4.8,997.1,2,7.7,3,1,4,16
2018-03-01 17:00:00,130.39999999999418,-1.4,-4.2,997.0,2,7.7,3,1,5,17
2018-03-01 18:00:00,135.60000000000582,-0.7,-4.9,996.3,2,7.7,3,1,6,18
2018-03-01 19:00:00,147.8000000000029,-0.1,-5.1,995.9,2,7.7,3,1,7,19
2018-03-01 20:00:00,143.39999999999418,0.1,-5.3,995.9,2,8.8,3,1,1,20
2018-03-01 21:00:00,147.1999999999971,0.1,-5.4,995.8,2,9.3,3,1,2,21
2018-03-01 22:00:00,143.3000000000029,-0.6,-4.2,995.4,2,7.2,3,1,3,22
2018-03-01 23:00:00,135.8000000000029,-0.6,-4.1,995.2,2,8.8,3,1,4,23
2018-03-02 00:00:00,120.89999999999418,-0.7,-4.1,994.8,2,9.3,3,2,5,0
2018-03-02 01:00:00,111.60000000000582,-0.7,-4.2,994.1,2,7.7,3,2,6,1
2018-03-02 02:00:00,99.30000000000292,-0.4,-5.2,993.8,2,8.2,3,2,7,2
2018-03-02 03:00:00,90.89999999999418,-0.4,-5.1,993.2,2,8.2,3,2,1,3
2018-03-02 04:00:00,88.0,-0.5,-5.1,992.7,2,9.8,3,2,2,4
2018-03-02 05:00:00,85.5,-0.6,-5.0,992.4,2,8.8,3,2,3,5
2018-03-02 06:00:00,76.59999999999127,-0.9,-4.5,992.4,2,8.2,3,2,4,6
2018-03-02 07:00:00,79.89999999999421,-1.0,-4.7,992.4,2,7.7,3,2,5,7
2018-03-02 08:00:00,94.0,-1.0,-4.7,992.5,2,8.8,3,2,6,8
2018-03-02 09:00:00,115.30000000000292,-1.1,-4.6,992.6,2,9.3,3,2,7,9
2018-03-02 10:00:00,116.39999999999418,-1.2,-4.4,992.6,2,9.3,3,2,1,10
2018-03-02 11:00:00,113.29999999998836,-1.2,-3.9,992.4,2,8.8,3,2,2,11
2018-03-02 12:00:00,121.10000000000582,-1.3,-3.8,992.7,2,8.8,3,2,3,12
2018-03-02 13:00:00,130.39999999999418,-1.3,-3.3,992.7,2,8.8,3,2,4,13
2018-03-02 14:00:00,135.1999999999971,-1.4,-3.0,992.4,2,6.2,3,2,5,14
2018-03-02 15:00:00,133.20000000001164,-1.4,-2.4,992.2,2,5.1,3,2,6,15
2018-03-02 16:00:00,129.39999999999418,-1.3,-1.8,992.1,2,3.6,3,2,7,16
2018-03-02 17:00:00,126.39999999999418,-1.3,-2.0,992.3,2,5.1,3,2,1,17
2018-03-02 18:00:00,129.10000000000582,-1.3,-2.2,992.7,2,5.1,3,2,2,18
2018-03-02 19:00:00,128.3000000000029,-1.1,-1.7,992.8,2,4.6,3,2,3,19
2018-03-02 20:00:00,132.20000000001164,-0.7,-1.6,992.9,2,4.1,3,2,4,20
2018-03-02 21:00:00,131.0,-0.2,-1.2,993.3,2,5.7,3,2,5,21
2018-03-02 22:00:00,125.29999999998836,0.1,-0.7,993.2,2,4.6,3,2,6,22
2018-03-02 23:00:00,125.39999999999418,0.3,-0.5,992.9,2,5.1,3,2,7,23
2018-03-03 00:00:00,102.5,0.5,-0.2,992.8,2,4.1,3,3,1,0
2018-03-03 01:00:00,103.09999999999128,0.6,0.1,992.6,2,4.6,3,3,2,1
2018-03-03 02:00:00,101.60000000000582,0.8,0.3,992.5,2,4.6,3,3,3,2
2018-03-03 03:00:00,89.6999999999971,0.8,0.5,991.8,1,4.6,3,3,4,3
2018-03-03 04:00:00,79.0,1.1,0.8,991.8,2,4.1,3,3,5,4
2018-03-03 05:00:00,80.0,1.4,1.0,991.5,2,4.1,3,3,6,5
2018-03-03 06:00:00,75.90000000000873,1.4,1.2,991.8,2,4.6,3,3,7,6
2018-03-03 07:00:00,78.09999999999127,1.3,1.0,992.4,2,3.6,3,3,1,7
2018-03-03 08:00:00,83.59999999999127,1.6,1.3,992.6,2,3.6,3,3,2,8
2018-03-03 09:00:00,92.5,1.7,1.2,993.0,2,3.6,3,3,3,9
2018-03-03 10:00:00,98.59999999999128,2.1,1.3,993.0,2,4.1,3,3,4,10
2018-03-03 11:00:00,107.59999999999128,3.0,1.3,993.1,2,5.1,3,3,5,11
2018-03-03 12:00:00,118.80000000000292,3.9,1.8,992.8,2,5.7,3,3,6,12
2018-03-03 13:00:00,121.0,3.9,1.8,992.3,2,5.7,3,3,7,13
2018-03-03 14:00:00,118.69999999999708,3.9,1.6,992.1,2,5.1,3,3,1,14
2018-03-03 15:00:00,118.39999999999418,4.2,1.6,991.6,2,5.7,3,3,2,15
2018-03-03 16:00:00,112.80000000000292,3.6,1.3,991.7,2,5.1,3,3,3,16
2018-03-03 17:00:00,108.30000000000292,3.2,1.3,991.5,2,5.1,3,3,4,17
2018-03-03 18:00:00,110.69999999999708,2.9,1.5,991.6,2,5.7,3,3,5,18
2018-03-03 19:00:00,120.5,3.1,2.3,991.4,2,6.2,3,3,6,19
2018-03-03 20:00:00,117.80000000000292,3.4,2.6,991.4,2,6.2,3,3,7,20
2018-03-03 21:00:00,108.90000000000872,3.4,2.9,991.5,2,5.1,3,3,1,21
2018-03-03 22:00:00,110.39999999999418,3.5,3.1,991.7,2,5.1,3,3,2,22
2018-03-03 23:00:00,105.89999999999418,2.9,2.5,991.7,2,2.6,3,3,3,23
2018-03-04 00:00:00,99.0,3.2,2.9,992.0,2,2.6,3,4,4,0
2018-03-04 01:00:00,94.80000000000292,3.4,3.1,991.9,2,2.1,3,4,5,1
2018-03-04 02:00:00,86.90000000000873,3.6,3.1,991.6,2,2.6,3,4,6,2
2018-03-04 03:00:00,82.69999999999709,3.7,3.1,991.1,2,3.1,3,4,7,3
2018-03-04 04:00:00,71.69999999999709,3.9,3.4,990.7,2,2.1,3,4,1,4
2018-03-04 05:00:00,70.10000000000582,4.4,4.0,990.5,2,2.1,3,4,2,5
2018-03-04 06:00:00,64.69999999999709,4.2,3.8,990.3,2,2.1,3,4,3,6
2018-03-04 07:00:00,65.30000000000291,4.4,4.3,990.4,3,2.6,3,4,4,7
2018-03-04 08:00:00,63.30000000000291,5.9,5.7,990.3,3,3.1,3,4,5,8
2018-03-04 09:00:00,71.29999999998836,6.8,5.9,990.2,4,4.6,3,4,6,9
2018-03-04 10:00:00,82.70000000001164,8.0,6.1,990.2,4,5.7,3,4,7,10
2018-03-04 11:00:00,87.3000000000029,8.9,6.3,990.0,3,5.7,3,4,1,11
2018-03-04 12:00:00,85.79999999998836,9.2,6.5,989.7,4,5.1,3,4,2,12
2018-03-04 13:00:00,91.0,8.8,6.4,989.3,3,5.1,3,4,3,13
2018-03-04 14:00:00,95.69999999999708,8.6,6.0,988.9,3,5.7,3,4,4,14
2018-03-04 15:00:00,95.80000000000292,8.5,5.4,988.7,4,4.6,3,4,5,15
2018-03-04 16:00:00,98.39999999999418,8.0,5.3,988.5,4,4.6,3,4,6,16
2018-03-04 17:00:00,98.90000000000872,7.7,5.1,988.4,3,4.6,3,4,7,17
2018-03-04 18:00:00,101.39999999999418,7.3,5.3,988.3,3,4.1,3,4,1,18
2018-03-04 19:00:00,107.5,6.9,5.4,988.5,3,4.1,3,4,2,19
2018-03-04 20:00:00,110.89999999999418,6.2,5.0,988.5,4,3.6,3,4,3,20
2018-03-04 21:00:00,106.89999999999418,5.9,4.9,988.7,4,3.1,3,4,4,21
2018-03-04 22:00:00,110.80000000000292,6.2,4.9,988.8,4,3.6,3,4,5,22
2018-03-04 23:00:00,108.80000000000292,5.7,4.2,988.6,4,3.1,3,4,6,23
2018-03-05 00:00:00,102.0,5.8,4.4,988.9,4,4.6,3,5,7,0
2018-03-05 01:00:00,87.79999999998836,5.8,4.5,989.0,4,4.6,3,5,1,1
2018-03-05 02:00:00,84.39999999999421,5.4,4.2,989.2,4,4.6,3,5,2,2
2018-03-05 03:00:00,77.0,5.2,3.5,989.1,4,4.1,3,5,3,3
2018-03-05 04:00:00,69.80000000000291,4.3,3.4,989.2,4,3.1,3,5,4,4
2018-03-05 05:00:00,61.70000000001164,4.6,4.0,989.6,4,4.1,3,5,5,5
2018-03-05 06:00:00,60.70000000001164,4.7,4.3,989.8,4,4.6,3,5,6,6
2018-03-05 07:00:00,63.40000000000872,5.1,4.7,990.2,4,3.6,3,5,7,7
2018-03-05 08:00:00,73.10000000000579,5.6,4.9,990.4,4,4.1,3,5,1,8
2018-03-05 09:00:00,88.3000000000029,6.6,5.6,990.4,4,3.6,3,5,2,9
2018-03-05 10:00:00,94.19999999999708,8.2,5.0,990.2,4,3.6,3,5,3,10
2018-03-05 11:00:00,93.30000000000292,8.6,5.9,990.2,4,2.6,3,5,4,11
2018-03-05 12:00:00,87.5,9.9,4.7,989.6,4,5.1,3,5,5,12
2018-03-05 13:00:00,95.69999999999708,9.3,4.4,989.1,4,5.1,3,5,6,13
2018-03-05 14:00:00,94.19999999999708,10.4,5.2,988.2,3,4.1,3,5,7,14
2018-03-05 15:00:00,93.89999999999418,9.6,4.4,987.6,3,5.1,3,5,1,15
2018-03-05 16:00:00,97.0,7.5,5.0,987.2,2,5.1,3,5,2,16
2018-03-05 17:00:00,101.0,7.5,4.7,986.7,2,6.2,3,5,3,17
2018-03-05 18:00:00,103.90000000000872,7.2,5.0,987.0,2,6.2,3,5,4,18
2018-03-05 19:00:00,113.29999999998836,7.4,5.3,986.8,2,4.6,3,5,5,19
2018-03-05 20:00:00,115.5,7.7,6.0,986.1,3,5.1,3,5,6,20
2018-03-05 21:00:00,114.19999999999708,8.0,5.7,985.7,3,5.1,3,5,7,21
2018-03-05 22:00:00,112.79999999998836,7.7,5.8,985.5,3,5.7,3,5,1,22
2018-03-05 23:00:00,111.5,8.0,6.1,985.4,3,4.6,3,5,2,23
2018-03-06 00:00:00,100.70000000001164,7.7,6.8,985.2,3,4.6,3,6,3,0
2018-03-06 01:00:00,90.5,7.5,6.3,985.4,4,3.6,3,6,4,1
2018-03-06 02:00:00,76.89999999999421,7.2,5.7,985.8,5,4.1,3,6,5,2
2018-03-06 03:00:00,66.29999999998836,6.4,4.8,986.1,5,4.6,3,6,6,3
2018-03-06 04:00:00,65.0,6.4,4.6,986.3,4,4.1,3,6,7,4
2018-03-06 05:00:00,58.59999999999128,6.2,4.4,986.6,5,4.1,3,6,1,5
2018-03-06 06:00:00,56.69999999999709,5.9,4.4,987.1,5,4.6,3,6,2,6
2018-03-06 07:00:00,64.19999999999709,5.7,3.8,987.4,5,4.6,3,6,3,7
2018-03-06 08:00:00,71.70000000001164,5.7,3.8,987.8,4,3.1,3,6,4,8
2018-03-06 09:00:00,84.59999999999127,6.1,4.4,988.2,4,3.6,3,6,5,9
2018-03-06 10:00:00,88.39999999999418,7.3,5.1,988.5,5,3.6,3,6,6,10
2018-03-06 11:00:00,93.69999999999708,8.4,3.9,988.7,5,3.6,3,6,7,11
2018-03-06 12:00:00,91.20000000001164,8.8,2.9,988.8,5,3.6,3,6,1,12
2018-03-06 13:00:00,93.5,8.6,2.9,988.8,5,4.6,3,6,2,13
2018-03-06 14:00:00,88.5,9.3,4.8,988.7,4,2.6,3,6,3,14
2018-03-06 15:00:00,90.0,9.4,3.7,988.7,4,3.1,3,6,4,15
2018-03-06 16:00:00,89.8000000000029,9.6,3.3,988.6,5,2.6,3,6,5,16
2018-03-06 17:00:00,95.69999999999708,9.4,2.9,988.9,4,2.1,3,6,6,17
2018-03-06 18:00:00,105.39999999999418,8.5,3.3,989.5,4,3.1,3,6,7,18
2018-03-06 19:00:00,116.0,7.9,3.6,989.8,4,3.6,3,6,1,19
2018-03-06 20:00:00,112.90000000002328,7.4,4.1,989.8,4,2.6,3,6,2,20
2018-03-06 21:00:00,103.0,6.8,4.2,990.1,4,2.1,3,6,3,21
2018-03-06 22:00:00,96.29999999998836,5.4,3.7,990.2,6,1.5,3,6,4,22
2018-03-06 23:00:00,94.5,5.4,4.0,990.4,0,0.5,3,6,5,23
2018-03-07 00:00:00,94.39999999999418,4.6,3.5,990.4,3,0.5,3,7,6,0
2018-03-07 01:00:00,83.30000000001745,5.1,4.1,990.6,7,1.0,3,7,7,1
2018-03-07 02:00:00,71.89999999999421,5.0,4.0,990.5,0,1.0,3,7,1,2
2018-03-07 03:00:00,69.09999999997672,4.7,3.7,990.5,0,0.5,3,7,2,3
2018-03-07 04:00:00,56.70000000001164,4.9,4.1,990.6,0,0.5,3,7,3,4
2018-03-07 05:00:00,53.70000000001164,5.1,4.3,991.0,7,1.5,3,7,4,5
2018-03-07 06:00:00,52.5,5.1,4.3,991.5,7,2.6,3,7,5,6
2018-03-07 07:00:00,52.70000000001164,5.1,3.6,992.2,7,2.6,3,7,6,7
2018-03-07 08:00:00,65.5,5.1,3.5,993.0,0,2.1,3,7,7,8
2018-03-07 09:00:00,79.89999999999421,5.4,4.4,993.8,6,2.6,3,7,1,9
2018-03-07 10:00:00,83.70000000001164,6.8,5.0,994.2,6,2.1,3,7,2,10
2018-03-07 11:00:00,88.60000000000582,7.3,5.7,994.8,6,3.6,3,7,3,11
2018-03-07 12:00:00,85.89999999999418,7.4,5.0,995.3,6,5.7,3,7,4,12
2018-03-07 13:00:00,92.5,10.2,5.0,995.1,6,4.1,3,7,5,13
2018-03-07 14:00:00,92.29999999998836,9.0,2.7,995.3,6,4.6,3,7,6,14
2018-03-07 15:00:00,88.70000000001164,10.8,0.4,995.6,6,6.7,3,7,7,15
2018-03-07 16:00:00,88.5,10.0,-0.9,995.8,6,8.2,3,7,1,16
2018-03-07 17:00:00,95.60000000000582,9.0,-0.3,996.3,5,7.7,3,7,2,17
2018-03-07 18:00:00,105.60000000000582,7.7,1.0,997.1,5,5.1,3,7,3,18
2018-03-07 19:00:00,110.60000000000582,6.3,1.3,997.6,5,4.6,3,7,4,19
2018-03-07 20:00:00,105.60000000000582,5.6,1.3,997.9,5,4.1,3,7,5,20
2018-03-07 21:00:00,109.0,5.3,1.8,998.1,4,4.1,3,7,6,21
2018-03-07 22:00:00,103.89999999999418,4.4,1.6,998.1,4,3.6,3,7,7,22
2018-03-07 23:00:00,100.39999999999418,4.6,2.6,997.6,4,3.6,3,7,1,23
2018-03-08 00:00:00,92.10000000000582,5.3,3.3,997.1,4,3.6,3,8,2,0
2018-03-08 01:00:00,76.80000000001745,4.9,3.5,996.6,4,5.7,3,8,3,1
2018-03-08 02:00:00,74.89999999999421,4.2,3.2,995.6,4,3.6,3,8,4,2
2018-03-08 03:00:00,67.20000000001164,4.6,3.9,994.4,3,4.6,3,8,5,3
2018-03-08 04:00:00,57.5,5.0,4.2,992.8,3,4.1,3,8,6,4
2018-03-08 05:00:00,54.900000000023276,6.2,5.4,991.8,4,6.2,3,8,7,5
2018-03-08 06:00:00,57.19999999998254,6.0,4.5,992.0,5,5.7,3,8,1,6
2018-03-08 07:00:00,56.70000000001164,5.3,2.4,992.6,5,6.7,3,8,2,7
2018-03-08 08:00:00,64.89999999999418,5.5,2.7,993.1,5,6.2,3,8,3,8
2018-03-08 09:00:00,78.79999999998836,6.6,2.4,993.4,5,9.3,3,8,4,9
2018-03-08 10:00:00,90.0,6.6,1.7,993.9,6,10.3,3,8,5,10
2018-03-08 11:00:00,87.39999999999418,7.5,1.6,994.4,6,11.8,3,8,6,11
2018-03-08 12:00:00,88.70000000001164,8.0,1.3,995.4,6,10.8,3,8,7,12
2018-03-08 13:00:00,90.69999999998257,8.2,-0.2,996.4,6,8.8,3,8,1,13
2018-03-08 14:00:00,87.10000000000582,10.4,0.1,996.9,6,9.8,3,8,2,14
2018-03-08 15:00:00,84.20000000001164,10.2,0.0,997.6,6,8.8,3,8,3,15
2018-03-08 16:00:00,81.30000000001745,10.3,-1.2,998.1,6,7.2,3,8,4,16
2018-03-08 17:00:00,88.10000000000582,9.3,-1.9,998.9,6,6.7,3,8,5,17
2018-03-08 18:00:00,96.5,8.1,-0.8,999.7,6,5.1,3,8,6,18
2018-03-08 19:00:00,103.5,8.6,-0.4,1000.2,5,4.1,3,8,7,19
2018-03-08 20:00:00,104.09999999997672,7.3,1.4,1001.0,5,5.1,3,8,1,20
2018-03-08 21:00:00,99.10000000000582,7.3,2.2,1001.7,5,4.6,3,8,2,21
2018-03-08 22:00:00,95.5,6.8,2.3,1002.5,5,4.6,3,8,3,22
2018-03-08 23:00:00,97.60000000000582,5.9,2.6,1002.9,5,4.6,3,8,4,23
2018-03-09 00:00:00,82.20000000001164,5.1,2.4,1003.2,5,4.6,3,9,5,0
2018-03-09 01:00:00,80.20000000001164,4.6,2.2,1003.4,5,4.1,3,9,6,1
2018-03-09 02:00:00,75.0,3.3,1.6,1003.8,5,2.1,3,9,7,2
2018-03-09 03:00:00,69.5,1.6,0.2,1004.0,4,1.0,3,9,1,3
2018-03-09 04:00:00,61.0,1.9,1.1,1003.9,4,1.0,3,9,2,4
2018-03-09 05:00:00,56.0,2.1,1.7,1003.9,1,1.0,3,9,3,5
2018-03-09 06:00:00,54.29999999998836,3.4,2.4,1004.1,3,1.0,3,9,4,6
2018-03-09 07:00:00,57.39999999999418,3.9,2.5,1004.2,3,1.5,3,9,5,7
2018-03-09 08:00:00,68.20000000001164,4.3,2.9,1004.1,2,1.5,3,9,6,8
2018-03-09 09:00:00,76.5,5.5,3.5,1004.0,2,2.1,3,9,7,9
2018-03-09 10:00:00,81.79999999998836,7.1,4.3,1003.8,3,2.6,3,9,1,10
2018-03-09 11:00:00,82.79999999998836,8.5,4.6,1003.3,3,3.1,3,9,2,11
2018-03-09 12:00:00,80.79999999998836,9.2,4.0,1002.4,3,5.1,3,9,3,12
2018-03-09 13:00:00,82.29999999998836,9.2,4.2,1001.5,2,4.1,3,9,4,13
2018-03-09 14:00:00,82.89999999999421,8.7,5.8,1001.0,3,4.6,3,9,5,14
2018-03-09 15:00:00,87.70000000001164,8.4,7.0,1000.6,3,3.6,3,9,6,15
2018-03-09 16:00:00,83.79999999998836,8.2,7.4,999.8,2,3.6,3,9,7,16
2018-03-09 17:00:00,88.39999999999418,8.0,7.4,999.0,3,4.1,3,9,1,17
2018-03-09 18:00:00,93.19999999998257,8.0,7.6,998.5,2,3.6,3,9,2,18
2018-03-09 19:00:00,101.59999999997672,8.1,7.8,997.6,2,3.6,3,9,3,19
2018-03-09 20:00:00,96.10000000000582,8.5,8.2,997.1,3,4.1,3,9,4,20
2018-03-09 21:00:00,86.90000000002328,8.8,8.7,996.3,3,3.6,3,9,5,21
2018-03-09 22:00:00,81.90000000002328,9.5,9.4,995.7,3,3.6,3,9,6,22
2018-03-09 23:00:00,77.89999999999421,10.1,9.8,995.3,4,3.6,3,9,7,23
2018-03-10 00:00:00,77.10000000000579,10.1,9.6,995.0,4,3.1,3,10,1,0
2018-03-10 01:00:00,64.0,10.3,9.7,995.1,4,2.6,3,10,2,1
2018-03-10 02:00:00,58.10000000000582,10.5,10.0,994.8,4,4.1,3,10,3,2
2018-03-10 03:00:00,58.69999999998254,10.5,9.8,994.2,4,3.6,3,10,4,3
2018-03-10 04:00:00,56.80000000001746,10.1,9.5,993.8,3,3.6,3,10,5,4
2018-03-10 05:00:00,49.900000000023276,10.4,9.2,993.5,4,5.1,3,10,6,5
2018-03-10 06:00:00,47.5,10.6,9.1,993.6,4,3.1,3,10,7,6
2018-03-10 07:00:00,48.0,10.7,9.1,993.5,4,4.1,3,10,1,7
2018-03-10 08:00:00,48.60000000000582,10.6,8.9,993.7,4,3.6,3,10,2,8
2018-03-10 09:00:00,56.20000000001164,11.3,9.6,993.9,4,3.1,3,10,3,9
2018-03-10 10:00:00,64.19999999998254,11.2,9.5,994.5,4,5.1,3,10,4,10
2018-03-10 11:00:00,68.39999999999418,12.2,10.3,994.2,4,3.1,3,10,5,11
2018-03-10 12:00:00,80.09999999997672,12.3,10.3,994.5,4,5.1,3,10,6,12
2018-03-10 13:00:00,87.60000000000582,13.5,11.2,994.3,4,4.6,3,10,7,13
2018-03-10 14:00:00,85.69999999998255,13.1,11.0,994.3,4,5.7,3,10,1,14
2018-03-10 15:00:00,87.39999999999418,13.7,10.9,994.3,4,6.2,3,10,2,15
2018-03-10 16:00:00,79.79999999998836,12.9,10.0,994.4,5,7.2,3,10,3,16
2018-03-10 17:00:00,79.79999999998836,12.3,9.3,994.9,5,6.7,3,10,4,17
2018-03-10 18:00:00,83.40000000002328,11.6,8.4,995.8,4,5.1,3,10,5,18
2018-03-10 19:00:00,82.30000000001745,10.4,8.0,995.9,4,2.1,3,10,6,19
2018-03-10 20:00:00,81.29999999998836,9.2,7.5,996.9,4,2.6,3,10,7,20
2018-03-10 21:00:00,86.0,9.0,7.7,997.3,4,3.6,3,10,1,21
2018-03-10 22:00:00,83.40000000002328,8.7,7.6,997.1,5,2.6,3,10,2,22
2018-03-10 23:00:00,78.30000000001745,8.2,7.2,996.3,4,2.1,3,10,3,23
2018-03-11 00:00:00,76.20000000001164,6.6,5.9,995.7,6,1.5,3,11,4,0
2018-03-11 01:00:00,66.20000000001164,6.6,6.1,995.5,2,2.6,3,11,5,1
2018-03-11 02:00:00,60.79999999998836,6.2,5.8,994.9,4,1.0,3,11,6,2
2018-03-11 03:00:00,59.39999999999418,5.7,5.3,994.5,6,1.0,3,11,7,3
2018-03-11 04:00:00,56.30000000001746,6.3,6.1,993.7,1,1.0,3,11,1,4
2018-03-11 05:00:00,51.79999999998836,6.3,6.1,993.3,0,1.0,3,11,2,5
2018-03-11 06:00:00,45.89999999999418,6.4,6.2,993.1,0,1.5,3,11,3,6
2018-03-11 07:00:00,47.60000000000582,6.9,6.7,992.7,1,2.1,3,11,4,7
2018-03-11 08:00:00,47.900000000023276,7.4,7.1,992.5,7,1.0,3,11,5,8
2018-03-11 09:00:00,55.19999999998254,8.0,7.6,992.2,1,1.0,3,11,6,9
2018-03-11 10:00:00,60.5,11.2,8.2,991.3,2,3.6,3,11,7,10
2018-03-11 11:00:00,68.20000000001164,11.6,7.9,990.7,2,5.7,3,11,1,11
2018-03-11 12:00:00,78.39999999999421,11.2,8.0,990.3,2,5.1,3,11,2,12
2018-03-11 13:00:00,78.79999999998836,10.5,7.6,990.0,2,4.6,3,11,3,13
2018-03-11 14:00:00,82.10000000000579,11.4,8.4,989.0,2,5.1,3,11,4,14
2018-03-11 15:00:00,83.5,11.9,8.7,988.8,2,5.1,3,11,5,15
2018-03-11 16:00:00,82.90000000002328,11.6,8.5,988.2,2,5.1,3,11,6,16
2018-03-11 17:00:00,79.79999999998836,11.7,8.5,987.8,2,3.6,3,11,7,17
2018-03-11 18:00:00,83.5,10.7,9.0,987.7,2,3.6,3,11,1,18
2018-03-11 19:00:00,90.20000000001164,10.0,9.2,988.3,3,3.6,3,11,2,19
2018-03-11 20:00:00,96.5,9.5,8.7,987.9,2,3.6,3,11,3,20
2018-03-11 21:00:00,89.89999999999418,9.1,8.4,987.8,2,2.6,3,11,4,21
2018-03-11 22:00:00,85.60000000000579,8.9,8.3,987.8,2,3.1,3,11,5,22
2018-03-11 23:00:00,84.40000000002328,8.7,8.0,987.6,2,3.1,3,11,6,23
2018-03-12 00:00:00,77.0,8.4,7.6,987.2,2,2.6,3,12,7,0
2018-03-12 01:00:00,63.60000000000582,8.7,8.0,986.6,2,3.1,3,12,1,1
2018-03-12 02:00:00,63.20000000001164,8.6,7.8,986.0,2,2.6,3,12,2,2
2018-03-12 03:00:00,58.70000000001164,8.7,7.5,985.4,2,3.1,3,12,3,3
2018-03-12 04:00:00,52.79999999998836,8.4,7.6,985.1,2,2.6,3,12,4,4
2018-03-12 05:00:00,51.30000000001746,8.6,7.6,984.8,1,3.6,3,12,5,5
2018-03-12 06:00:00,49.70000000001164,8.5,7.6,984.6,1,3.1,3,12,6,6
2018-03-12 07:00:00,53.0,8.5,7.7,984.6,1,3.1,3,12,7,7
2018-03-12 08:00:00,63.60000000000582,8.9,7.9,984.7,1,2.1,3,12,1,8
2018-03-12 09:00:00,73.40000000002328,8.6,7.9,985.1,0,2.1,3,12,2,9
2018-03-12 10:00:00,74.0,8.9,8.3,985.8,0,2.6,3,12,3,10
2018-03-12 11:00:00,76.69999999998255,9.4,8.7,986.5,0,2.6,3,12,4,11
2018-03-12 12:00:00,85.59999999997672,10.5,9.0,987.1,7,2.6,3,12,5,12
2018-03-12 13:00:00,86.89999999999418,10.3,8.6,987.6,6,4.1,3,12,6,13
2018-03-12 14:00:00,82.59999999997672,9.8,8.4,988.5,6,4.6,3,12,7,14
2018-03-12 15:00:00,80.69999999998255,10.1,8.1,989.2,6,4.6,3,12,1,15
2018-03-12 16:00:00,79.79999999998836,10.1,7.1,990.0,7,5.7,3,12,2,16
2018-03-12 17:00:00,82.40000000002328,9.3,7.8,991.0,7,4.6,3,12,3,17
2018-03-12 18:00:00,90.80000000001743,9.0,6.9,992.3,7,4.6,3,12,4,18
2018-03-12 19:00:00,93.20000000001164,8.2,5.9,993.6,7,4.6,3,12,5,19
2018-03-12 20:00:00,98.5,7.5,5.6,994.8,7,5.1,3,12,6,20
2018-03-12 21:00:00,92.70000000001164,7.5,5.2,996.1,7,4.6,3,12,7,21
2018-03-12 22:00:00,91.79999999998836,6.9,5.5,997.2,7,4.6,3,12,1,22
2018-03-12 23:00:00,91.60000000000582,6.9,4.4,998.3,7,3.6,3,12,2,23
2018-03-13 00:00:00,82.39999999999421,6.6,4.2,999.3,7,5.7,3,13,3,0
2018-03-13 01:00:00,76.60000000000579,6.4,4.2,1000.2,7,4.6,3,13,4,1
2018-03-13 02:00:00,66.89999999999418,6.1,4.4,1001.1,7,4.1,3,13,5,2
2018-03-13 03:00:00,63.5,5.8,4.3,1001.9,7,3.6,3,13,6,3
2018-03-13 04:00:00,58.0,5.9,4.5,1002.8,7,2.1,3,13,7,4
2018-03-13 05:00:00,52.10000000000582,6.1,3.8,1003.7,7,3.6,3,13,1,5
2018-03-13 06:00:00,52.29999999998836,5.9,3.9,1004.3,7,2.6,3,13,2,6
2018-03-13 07:00:00,54.39999999999418,5.1,3.4,1005.4,6,2.1,3,13,3,7
2018-03-13 08:00:00,64.10000000000582,6.4,4.3,1006.3,6,3.6,3,13,4,8
2018-03-13 09:00:00,76.40000000002328,7.8,5.2,1007.2,6,4.1,3,13,5,9
2018-03-13 10:00:00,82.5,8.7,5.1,1007.8,6,2.6,3,13,6,10
2018-03-13 11:00:00,85.5,10.1,5.1,1008.3,6,4.1,3,13,7,11
2018-03-13 12:00:00,85.5,11.0,5.5,1008.7,7,2.6,3,13,1,12
2018-03-13 13:00:00,85.5,9.7,4.7,1009.2,6,4.1,3,13,2,13
2018-03-13 14:00:00,82.0,11.0,4.9,1009.1,6,3.1,3,13,3,14
2018-03-13 15:00:00,75.5,10.5,5.0,1009.3,6,2.6,3,13,4,15
2018-03-13 16:00:00,81.5,10.3,5.0,1009.3,5,2.6,3,13,5,16
2018-03-13 17:00:00,86.79999999998836,10.4,4.5,1009.4,5,2.6,3,13,6,17
2018-03-13 18:00:00,85.5,9.4,4.6,1009.7,4,2.1,3,13,7,18
2018-03-13 19:00:00,95.69999999998257,8.3,5.0,1010.0,4,3.1,3,13,1,19
2018-03-13 20:00:00,96.10000000000582,7.7,4.0,1010.1,4,3.1,3,13,2,20
2018-03-13 21:00:00,90.29999999998836,6.7,2.7,1010.2,4,3.1,3,13,3,21
2018-03-13 22:00:00,90.29999999998836,5.8,2.3,1010.7,4,2.6,3,13,4,22
2018-03-13 23:00:00,85.10000000000579,5.1,2.2,1010.7,4,3.1,3,13,5,23
2018-03-14 00:00:00,81.19999999998255,4.2,2.5,1010.7,4,2.6,3,14,6,0
2018-03-14 01:00:00,73.60000000000579,3.4,2.2,1010.4,4,2.6,3,14,7,1
2018-03-14 02:00:00,69.59999999997672,1.9,1.3,1010.1,3,2.1,3,14,1,2
2018-03-14 03:00:00,65.5,2.1,1.9,1009.1,3,2.6,3,14,2,3
2018-03-14 04:00:00,57.30000000001746,2.9,2.6,1008.5,3,2.1,3,14,3,4
2018-03-14 05:00:00,52.0,3.8,3.4,1008.0,3,3.1,3,14,4,5
2018-03-14 06:00:00,50.70000000001164,3.6,3.3,1007.5,3,3.1,3,14,5,6
2018-03-14 07:00:00,52.79999999998836,4.4,4.1,1007.1,3,3.6,3,14,6,7
2018-03-14 08:00:00,60.29999999998836,6.1,5.3,1006.5,3,4.6,3,14,7,8
2018-03-14 09:00:00,81.70000000001164,8.5,5.1,1005.7,3,6.7,3,14,1,9
2018-03-14 10:00:00,75.89999999999421,10.8,5.7,1004.8,3,6.7,3,14,2,10
2018-03-14 11:00:00,82.19999999998255,12.4,4.5,1003.7,3,8.2,3,14,3,11
2018-03-14 12:00:00,84.5,13.1,3.1,1002.9,3,9.3,3,14,4,12
2018-03-14 13:00:00,80.0,12.3,4.7,1002.1,4,8.2,3,14,5,13
2018-03-14 14:00:00,75.89999999999421,12.2,4.4,1000.4,3,8.8,3,14,6,14
2018-03-14 15:00:00,75.20000000001164,12.0,4.4,999.6,3,7.7,3,14,7,15
2018-03-14 16:00:00,77.5,11.9,3.9,998.4,3,7.7,3,14,1,16
2018-03-14 17:00:00,86.29999999998836,11.6,3.9,997.9,3,8.2,3,14,2,17
2018-03-14 18:00:00,93.39999999999418,11.0,3.6,997.1,3,8.8,3,14,3,18
2018-03-14 19:00:00,94.79999999998836,10.7,3.7,996.4,3,7.7,3,14,4,19
2018-03-14 20:00:00,91.69999999998257,10.5,3.2,995.3,3,10.3,3,14,5,20
2018-03-14 21:00:00,92.20000000001164,10.2,2.9,994.4,3,7.2,3,14,6,21
2018-03-14 22:00:00,84.60000000000579,9.9,3.1,993.2,2,7.7,3,14,7,22
2018-03-14 23:00:00,86.90000000002328,9.9,4.1,992.0,3,7.7,3,14,1,23
2018-03-15 00:00:00,76.59999999997672,9.8,4.2,990.9,3,7.2,3,15,2,0
2018-03-15 01:00:00,69.70000000001164,8.7,5.8,990.0,3,8.2,3,15,3,1
2018-03-15 02:00:00,64.80000000001746,7.9,6.5,989.0,3,8.2,3,15,4,2
2018-03-15 03:00:00,59.60000000000582,7.7,6.8,987.9,3,8.2,3,15,5,3
2018-03-15 04:00:00,56.29999999998836,7.7,7.2,987.5,3,6.2,3,15,6,4
2018-03-15 05:00:00,51.80000000001746,8.3,7.7,987.5,3,5.1,3,15,7,5
2018-03-15 06:00:00,50.80000000001746,8.4,7.8,987.5,3,4.1,3,15,1,6
2018-03-15 07:00:00,49.60000000000582,8.5,8.0,987.8,3,4.6,3,15,2,7
2018-03-15 08:00:00,59.60000000000582,8.6,8.0,988.1,3,4.1,3,15,3,8
2018-03-15 09:00:00,72.10000000000579,8.7,8.2,989.1,3,4.6,3,15,4,9
2018-03-15 10:00:00,76.30000000001745,9.7,8.8,988.9,4,4.1,3,15,5,10
2018-03-15 11:00:00,72.40000000002328,10.4,9.0,989.0,4,3.6,3,15,6,11
2018-03-15 12:00:00,72.19999999998255,10.7,8.9,989.4,3,4.1,3,15,7,12
2018-03-15 13:00:00,77.90000000002328,11.5,7.9,989.7,4,4.6,3,15,1,13
2018-03-15 14:00:00,78.89999999999421,11.9,7.4,989.3,4,3.6,3,15,2,14
2018-03-15 15:00:00,77.70000000001164,13.2,7.7,989.4,3,5.1,3,15,3,15
2018-03-15 16:00:00,76.5,12.9,5.3,989.3,3,5.1,3,15,4,16
2018-03-15 17:00:00,77.10000000000579,12.2,5.6,989.5,3,4.6,3,15,5,17
2018-03-15 18:00:00,80.5,10.7,4.8,990.1,4,3.1,3,15,6,18
2018-03-15 19:00:00,85.89999999999418,10.3,6.0,990.8,3,3.6,3,15,7,19
2018-03-15 20:00:00,86.80000000001745,9.9,6.6,991.0,2,3.6,3,15,1,20
2018-03-15 21:00:00,92.09999999997672,9.8,6.4,991.1,2,3.6,3,15,2,21
2018-03-15 22:00:00,81.0,9.4,6.2,991.2,2,4.6,3,15,3,22
2018-03-15 23:00:00,82.10000000000579,9.3,6.6,991.4,3,5.7,3,15,4,23
2018-03-16 00:00:00,74.60000000000579,9.4,7.1,991.8,3,4.6,3,16,5,0
2018-03-16 01:00:00,64.29999999998836,9.0,7.4,991.9,3,4.6,3,16,6,1
2018-03-16 02:00:00,59.30000000001746,8.9,7.5,991.9,3,5.7,3,16,7,2
2018-03-16 03:00:00,55.20000000001164,9.1,7.0,992.2,4,5.7,3,16,1,3
2018-03-16 04:00:00,47.79999999998836,9.0,5.9,993.1,4,6.7,3,16,2,4
2018-03-16 05:00:00,44.80000000001746,8.2,5.3,994.0,5,4.1,3,16,3,5
2018-03-16 06:00:00,47.80000000001746,7.8,5.7,994.8,4,3.1,3,16,4,6
2018-03-16 07:00:00,48.39999999999418,7.8,6.3,996.0,4,3.6,3,16,5,7
2018-03-16 08:00:00,53.0,8.9,6.4,997.0,5,4.1,3,16,6,8
2018-03-16 09:00:00,66.19999999998254,10.5,7.2,997.9,4,3.6,3,16,7,9
2018-03-16 10:00:00,68.60000000000582,11.3,6.4,998.7,4,4.6,3,16,1,10
2018-03-16 11:00:00,65.0,12.0,4.9,999.4,5,4.6,3,16,2,11
2018-03-16 12:00:00,73.10000000000579,10.8,5.1,1000.0,4,5.7,3,16,3,12
2018-03-16 13:00:00,74.39999999999421,12.0,4.6,1000.3,4,2.6,3,16,4,13
2018-03-16 14:00:00,74.39999999999421,13.1,5.4,1000.3,4,2.1,3,16,5,14
2018-03-16 15:00:00,75.0,13.5,7.0,1000.5,2,1.5,3,16,6,15
2018-03-16 16:00:00,80.39999999999421,10.6,6.7,1000.7,0,1.5,3,16,7,16
2018-03-16 17:00:00,76.60000000000579,11.0,7.2,1000.9,0,1.0,3,16,1,17
2018-03-16 18:00:00,75.69999999998255,10.3,5.3,1001.6,2,2.1,3,16,2,18
2018-03-16 19:00:00,83.5,9.7,5.4,1002.5,1,2.6,3,16,3,19
2018-03-16 20:00:00,69.10000000000582,8.7,4.9,1003.0,1,1.0,3,16,4,20
2018-03-16 21:00:00,73.69999999998255,8.1,5.2,1003.3,1,1.5,3,16,5,21
2018-03-16 22:00:00,77.69999999998255,7.6,5.9,1003.4,1,2.1,3,16,6,22
2018-03-16 23:00:00,75.69999999998255,8.3,6.3,1003.9,2,3.6,3,16,7,23
2018-03-17 00:00:00,84.5,7.5,5.8,1004.2,2,5.1,3,17,1,0
2018-03-17 01:00:00,59.89999999999418,7.5,5.2,1004.6,2,5.1,3,17,2,1
2018-03-17 02:00:00,61.0,5.9,4.6,1005.2,1,6.2,3,17,3,2
2018-03-17 03:00:00,67.0,4.8,3.6,1005.1,2,6.2,3,17,4,3
2018-03-17 04:00:00,65.0,3.8,2.5,1005.4,1,6.7,3,17,5,4
2018-03-17 05:00:00,58.89999999999418,3.1,1.0,1005.8,1,6.7,3,17,6,5
2018-03-17 06:00:00,57.29999999998836,2.6,-0.2,1006.2,1,6.2,3,17,7,6
2018-03-17 07:00:00,58.70000000001164,1.5,0.1,1006.6,1,6.7,3,17,1,7
2018-03-17 08:00:00,60.30000000001746,1.3,-1.3,1007.0,1,8.8,3,17,2,8
2018-03-17 09:00:00,67.60000000000582,0.4,-0.9,1007.0,1,7.2,3,17,3,9
2018-03-17 10:00:00,75.10000000000579,0.3,-1.0,1007.1,1,7.2,3,17,4,10
2018-03-17 11:00:00,91.60000000000582,0.5,-2.5,1007.2,1,7.2,3,17,5,11
2018-03-17 12:00:00,97.60000000000582,0.6,-2.9,1007.1,1,6.2,3,17,6,12
2018-03-17 13:00:00,105.60000000000582,0.5,-3.5,1007.0,1,7.2,3,17,7,13
2018-03-17 14:00:00,106.39999999999418,0.1,-4.0,1006.5,1,8.2,3,17,1,14
2018-03-17 15:00:00,109.69999999998257,-0.1,-4.2,1006.4,1,6.7,3,17,2,15
2018-03-17 16:00:00,106.40000000002328,-0.3,-4.3,1006.2,1,7.2,3,17,3,16
2018-03-17 17:00:00,112.29999999998836,-0.4,-4.4,1006.0,1,6.2,3,17,4,17
2018-03-17 18:00:00,115.09999999997672,-0.6,-4.3,1006.1,1,6.2,3,17,5,18
2018-03-17 19:00:00,110.29999999998836,-0.9,-3.8,1006.1,1,6.2,3,17,6,19
2018-03-17 20:00:00,102.5,-1.1,-3.1,1006.1,1,6.2,3,17,7,20
2018-03-17 21:00:00,100.59999999997672,-1.0,-3.0,1006.0,1,6.2,3,17,1,21
2018-03-17 22:00:00,99.60000000000582,-1.2,-2.8,1005.9,0,0.0,3,17,2,22
2018-03-17 23:00:00,89.5,-0.8,-2.9,1005.7,1,5.1,3,17,3,23
2018-03-18 00:00:00,101.20000000001164,-1.0,-3.0,1005.5,1,5.7,3,18,4,0
2018-03-18 01:00:00,86.90000000002328,-1.3,-2.8,1005.5,1,5.7,3,18,5,1
2018-03-18 02:00:00,81.69999999998255,-1.3,-2.7,1005.4,1,4.6,3,18,6,2
2018-03-18 03:00:00,71.5,-0.9,-2.1,1005.2,2,4.6,3,18,7,3
2018-03-18 04:00:00,66.59999999997672,-1.0,-1.8,1005.1,1,4.6,3,18,1,4
2018-03-18 05:00:00,61.29999999998836,-0.3,-1.8,1005.3,2,5.7,3,18,2,5
2018-03-18 06:00:00,60.0,0.3,-2.6,1005.9,2,7.2,3,18,3,6
2018-03-18 07:00:00,61.5,0.5,-3.1,1006.7,2,8.8,3,18,4,7
2018-03-18 08:00:00,61.70000000001164,0.5,-3.2,1007.7,2,7.7,3,18,5,8
2018-03-18 09:00:00,69.10000000000582,0.5,-3.6,1008.5,2,5.7,3,18,6,9
2018-03-18 10:00:00,76.09999999997672,0.5,-4.1,1009.0,1,7.2,3,18,7,10
2018-03-18 11:00:00,87.20000000001164,0.3,-4.2,1009.3,1,6.7,3,18,1,11
2018-03-18 12:00:00,93.5,0.2,-4.5,1009.6,1,6.2,3,18,2,12
2018-03-18 13:00:00,106.80000000001743,0.1,-4.8,1009.8,1,7.2,3,18,3,13
2018-03-18 14:00:00,104.89999999999418,-0.1,-4.8,1009.7,1,6.2,3,18,4,14
2018-03-18 15:00:00,99.90000000002328,-0.1,-5.0,1009.9,1,6.2,3,18,5,15
2018-03-18 16:00:00,99.80000000001743,-0.2,-5.0,1010.0,1,6.2,3,18,6,16
2018-03-18 17:00:00,107.60000000000582,-0.2,-4.8,1010.3,1,5.1,3,18,7,17
2018-03-18 18:00:00,114.10000000000582,-1.2,-3.0,1010.8,1,6.2,3,18,1,18
2018-03-18 19:00:00,123.79999999998836,-1.4,-2.5,1011.1,1,5.1,3,18,2,19
2018-03-18 20:00:00,121.29999999998836,-1.0,-2.9,1011.2,1,4.6,3,18,3,20
2018-03-18 21:00:00,123.10000000000582,-0.9,-2.4,1011.5,1,5.1,3,18,4,21
2018-03-18 22:00:00,129.39999999999418,-0.7,-2.4,1011.5,1,3.1,3,18,5,22
2018-03-18 23:00:00,114.10000000000582,0.4,-3.0,1011.7,1,3.1,3,18,6,23
2018-03-19 00:00:00,112.89999999999418,0.6,-2.9,1011.8,1,4.1,3,19,7,0
2018-03-19 01:00:00,96.89999999999418,0.6,-3.6,1011.6,1,3.6,3,19,1,1
2018-03-19 02:00:00,81.5,0.6,-4.4,1011.6,1,4.1,3,19,2,2
2018-03-19 03:00:00,79.20000000001164,0.6,-5.5,1011.6,1,4.6,3,19,3,3
2018-03-19 04:00:00,67.90000000002328,0.2,-5.5,1011.6,1,5.1,3,19,4,4
2018-03-19 05:00:00,64.70000000001164,0.0,-5.9,1012.0,1,6.2,3,19,5,5
2018-03-19 06:00:00,66.5,-0.1,-6.0,1012.3,1,6.2,3,19,6,6
2018-03-19 07:00:00,68.5,-0.4,-5.7,1012.9,1,5.1,3,19,7,7
2018-03-19 08:00:00,79.89999999999421,0.1,-6.1,1013.4,1,6.2,3,19,1,8
2018-03-19 09:00:00,103.0,0.4,-6.2,1014.0,1,7.7,3,19,2,9
2018-03-19 10:00:00,108.10000000000582,0.7,-6.3,1014.6,1,8.2,3,19,3,10
2018-03-19 11:00:00,106.69999999998257,0.9,-6.1,1015.4,1,7.2,3,19,4,11
2018-03-19 12:00:00,100.40000000002328,2.5,-5.9,1015.8,1,6.7,3,19,5,12
2018-03-19 13:00:00,103.60000000000582,2.4,-5.8,1015.7,1,6.7,3,19,6,13
2018-03-19 14:00:00,99.5,3.3,-6.4,1015.6,1,7.7,3,19,7,14
2018-03-19 15:00:00,101.10000000000582,3.9,-6.7,1015.9,1,8.2,3,19,1,15
2018-03-19 16:00:00,105.80000000001743,4.3,-6.1,1016.4,1,6.2,3,19,2,16
2018-03-19 17:00:00,116.10000000000582,3.8,-6.8,1017.1,1,6.2,3,19,3,17
2018-03-19 18:00:00,134.20000000001164,3.0,-7.6,1018.2,1,7.2,3,19,4,18
2018-03-19 19:00:00,143.5,2.2,-6.3,1019.5,1,5.7,3,19,5,19
2018-03-19 20:00:00,134.60000000000582,1.6,-4.2,1020.7,1,4.6,3,19,6,20
2018-03-19 21:00:00,128.5,1.1,-3.7,1021.7,1,5.1,3,19,7,21
2018-03-19 22:00:00,121.30000000001743,1.2,-2.8,1022.2,1,5.7,3,19,1,22
2018-03-19 23:00:00,122.70000000001164,1.2,-2.8,1022.7,1,4.6,3,19,2,23
2018-03-20 00:00:00,110.60000000000582,1.1,-3.0,1023.3,0,3.1,3,20,3,0
2018-03-20 01:00:00,105.10000000000582,1.2,-3.2,1023.6,0,2.1,3,20,4,1
2018-03-20 02:00:00,90.10000000000582,1.0,-3.2,1024.0,0,1.5,3,20,5,2
2018-03-20 03:00:00,86.89999999999418,2.2,-2.6,1024.2,0,2.1,3,20,6,3
2018-03-20 04:00:00,77.19999999998255,2.3,-1.1,1024.3,0,4.6,3,20,7,4
2018-03-20 05:00:00,70.60000000000579,2.3,0.7,1024.9,0,3.6,3,20,1,5
2018-03-20 06:00:00,70.70000000001164,2.5,0.9,1025.3,7,2.1,3,20,2,6
2018-03-20 07:00:00,73.30000000001745,3.7,1.3,1025.7,0,3.6,3,20,3,7
2018-03-20 08:00:00,86.5,4.2,1.5,1026.3,0,3.6,3,20,4,8
2018-03-20 09:00:00,98.0,5.4,1.4,1027.0,0,5.1,3,20,5,9
2018-03-20 10:00:00,95.5,5.6,0.0,1027.8,1,5.7,3,20,6,10
2018-03-20 11:00:00,100.10000000000582,7.5,-0.6,1028.2,1,6.7,3,20,7,11
2018-03-20 12:00:00,94.90000000002328,6.6,-0.4,1028.9,0,5.7,3,20,1,12
2018-03-20 13:00:00,91.30000000001743,7.5,-1.9,1029.4,0,5.1,3,20,2,13
2018-03-20 14:00:00,90.89999999999418,7.7,-2.2,1029.6,0,5.7,3,20,3,14
2018-03-20 15:00:00,93.89999999999418,8.0,-2.0,1029.9,0,5.7,3,20,4,15
2018-03-20 16:00:00,95.0,7.8,-2.3,1030.3,0,4.1,3,20,5,16
2018-03-20 17:00:00,97.70000000001164,7.3,-3.0,1030.9,0,4.1,3,20,6,17
2018-03-20 18:00:00,105.60000000000582,6.3,-2.5,1031.5,1,3.6,3,20,7,18
2018-03-20 19:00:00,114.79999999998836,5.7,-1.6,1032.2,0,1.5,3,20,1,19
2018-03-20 20:00:00,120.69999999998257,5.7,-1.1,1032.7,0,2.6,3,20,2,20
2018-03-20 21:00:00,117.30000000001743,4.6,-1.5,1033.2,1,1.5,3,20,3,21
2018-03-20 22:00:00,118.70000000001164,4.1,-1.6,1033.5,0,1.5,3,20,4,22
2018-03-20 23:00:00,117.89999999999418,2.8,-1.9,1033.5,0,1.0,3,20,5,23
2018-03-21 00:00:00,101.10000000000582,2.9,-0.9,1033.7,0,1.5,3,21,6,0
2018-03-21 01:00:00,92.0,2.0,-1.6,1033.6,7,1.0,3,21,7,1
2018-03-21 02:00:00,84.69999999998255,0.7,-1.9,1033.6,7,2.6,3,21,1,2
2018-03-21 03:00:00,74.79999999998836,-0.1,-2.0,1033.4,6,1.5,3,21,2,3
2018-03-21 04:00:00,68.10000000000582,-0.7,-1.9,1033.3,7,1.5,3,21,3,4
2018-03-21 05:00:00,66.69999999998254,-1.0,-2.2,1033.3,6,1.0,3,21,4,5
2018-03-21 06:00:00,60.89999999999418,0.1,-0.6,1033.2,6,2.1,3,21,5,6
2018-03-21 07:00:00,66.39999999999418,0.8,0.0,1033.4,6,2.1,3,21,6,7
2018-03-21 08:00:00,83.20000000001164,1.9,0.7,1033.4,6,2.1,3,21,7,8
2018-03-21 09:00:00,92.5,4.6,0.5,1033.1,6,2.1,3,21,1,9
2018-03-21 10:00:00,88.29999999998836,6.8,0.8,1032.8,6,4.1,3,21,2,10
2018-03-21 11:00:00,88.80000000001745,8.2,-0.1,1032.3,6,4.1,3,21,3,11
2018-03-21 12:00:00,85.10000000000579,10.1,1.2,1031.5,6,6.2,3,21,4,12
2018-03-21 13:00:00,88.89999999999418,9.2,-1.1,1031.0,6,5.7,3,21,5,13
2018-03-21 14:00:00,88.30000000001745,10.8,-0.3,1030.0,6,4.6,3,21,6,14
2018-03-21 15:00:00,84.30000000001745,10.7,-2.3,1029.4,6,5.1,3,21,7,15
2018-03-21 16:00:00,84.39999999999421,10.5,-4.3,1029.1,6,5.7,3,21,1,16
2018-03-21 17:00:00,94.70000000001164,9.6,-2.8,1028.6,6,6.2,3,21,2,17
2018-03-21 18:00:00,101.5,8.1,-0.6,1028.5,6,4.6,3,21,3,18
2018-03-21 19:00:00,106.60000000000582,7.8,0.7,1028.3,6,4.1,3,21,4,19
2018-03-21 20:00:00,104.60000000000582,7.5,0.3,1028.1,6,3.1,3,21,5,20
2018-03-21 21:00:00,103.70000000001164,6.3,0.6,1027.5,6,3.6,3,21,6,21
2018-03-21 22:00:00,97.39999999999418,5.7,1.7,1027.1,6,4.6,3,21,7,22
2018-03-21 23:00:00,99.70000000001164,5.3,1.5,1026.7,6,5.1,3,21,1,23
2018-03-22 00:00:00,90.29999999998836,5.2,1.8,1026.0,6,4.1,3,22,2,0
2018-03-22 01:00:00,81.70000000001164,4.8,1.7,1025.4,6,3.6,3,22,3,1
2018-03-22 02:00:00,72.20000000001164,4.8,2.1,1024.9,6,3.6,3,22,4,2
2018-03-22 03:00:00,69.30000000001746,4.9,2.4,1024.0,6,2.6,3,22,5,3
2018-03-22 04:00:00,59.60000000000582,4.8,2.5,1023.9,6,3.6,3,22,6,4
2018-03-22 05:00:00,56.29999999998836,4.9,2.7,1023.3,6,2.6,3,22,7,5
2018-03-22 06:00:00,56.5,5.0,2.9,1022.8,6,4.1,3,22,1,6
2018-03-22 07:00:00,58.70000000001164,5.3,3.4,1022.5,6,4.1,3,22,2,7
2018-03-22 08:00:00,65.30000000001746,6.4,3.8,1022.1,6,4.1,3,22,3,8
2018-03-22 09:00:00,76.20000000001164,7.7,4.0,1021.8,6,5.7,3,22,4,9
2018-03-22 10:00:00,80.5,9.7,4.2,1021.3,6,4.6,3,22,5,10
2018-03-22 11:00:00,76.19999999998255,10.0,4.4,1020.6,6,4.6,3,22,6,11
2018-03-22 12:00:00,78.89999999999421,9.0,4.7,1020.1,6,7.7,3,22,7,12
2018-03-22 13:00:00,83.39999999999421,9.2,3.0,1019.4,6,6.2,3,22,1,13
2018-03-22 14:00:00,82.0,9.9,1.8,1018.2,6,5.1,3,22,2,14
2018-03-22 15:00:00,85.79999999998836,10.3,1.0,1017.5,6,6.7,3,22,3,15
2018-03-22 16:00:00,86.0,10.9,1.1,1016.7,5,7.2,3,22,4,16
2018-03-22 17:00:00,86.0,8.8,1.1,1016.3,6,6.2,3,22,5,17
2018-03-22 18:00:00,87.70000000001164,8.2,0.8,1015.9,5,6.7,3,22,6,18
2018-03-22 19:00:00,96.20000000001164,7.7,0.6,1015.2,5,6.2,3,22,7,19
2018-03-22 20:00:00,97.10000000000582,7.4,0.7,1014.7,5,5.7,3,22,1,20
2018-03-22 21:00:00,91.80000000001743,7.5,1.3,1013.8,5,6.2,3,22,2,21
2018-03-22 22:00:00,89.0,7.6,1.2,1012.5,4,4.6,3,22,3,22
2018-03-22 23:00:00,87.30000000001745,7.3,1.9,1011.2,4,5.1,3,22,4,23
2018-03-23 00:00:00,77.39999999999421,7.3,2.3,1010.0,4,5.7,3,23,5,0
2018-03-23 01:00:00,77.0,7.4,2.6,1008.9,5,7.2,3,23,6,1
2018-03-23 02:00:00,70.09999999997672,7.3,2.6,1007.6,4,7.7,3,23,7,2
2018-03-23 03:00:00,64.69999999998254,7.0,3.2,1006.2,4,7.2,3,23,1,3
2018-03-23 04:00:00,61.80000000001746,6.8,3.3,1005.0,4,7.2,3,23,2,4
2018-03-23 05:00:00,57.39999999999418,6.4,4.3,1004.0,4,7.2,3,23,3,5
2018-03-23 06:00:00,56.400000000023276,6.3,5.0,1003.0,4,6.7,3,23,4,6
2018-03-23 07:00:00,54.0,6.7,5.6,1002.3,4,6.7,3,23,5,7
2018-03-23 08:00:00,65.89999999999418,7.9,6.1,1001.9,5,6.2,3,23,6,8
2018-03-23 09:00:00,80.30000000001745,10.1,6.2,1001.4,5,5.1,3,23,7,9
2018-03-23 10:00:00,80.5,11.3,3.6,1001.2,5,7.7,3,23,1,10
2018-03-23 11:00:00,87.29999999998836,12.1,3.4,1000.8,6,7.7,3,23,2,11
2018-03-23 12:00:00,83.20000000001164,12.0,2.8,1000.5,5,7.2,3,23,3,12
2018-03-23 13:00:00,79.60000000000579,11.3,3.3,999.9,6,7.2,3,23,4,13
2018-03-23 14:00:00,78.79999999998836,12.2,3.3,999.2,5,5.7,3,23,5,14
2018-03-23 15:00:00,77.09999999997672,12.1,2.0,998.6,5,4.1,3,23,6,15
2018-03-23 16:00:00,72.20000000001164,11.8,3.7,997.9,4,6.2,3,23,7,16
2018-03-23 17:00:00,74.79999999998836,10.9,3.2,997.7,4,6.2,3,23,1,17
2018-03-23 18:00:00,78.29999999998836,9.8,2.8,997.7,4,5.1,3,23,2,18
2018-03-23 19:00:00,83.29999999998836,9.1,2.4,997.6,4,5.1,3,23,3,19
2018-03-23 20:00:00,81.39999999999421,8.7,3.8,997.7,4,4.1,3,23,4,20
2018-03-23 21:00:00,87.40000000002328,8.1,4.1,997.4,4,3.6,3,23,5,21
2018-03-23 22:00:00,84.39999999999421,7.9,4.3,997.3,4,2.6,3,23,6,22
2018-03-23 23:00:00,75.20000000001164,7.6,4.3,997.1,3,2.1,3,23,7,23
2018-03-24 00:00:00,65.60000000000582,6.8,4.7,997.0,2,2.1,3,24,1,0
2018-03-24 01:00:00,61.80000000001746,6.8,5.5,997.0,2,2.6,3,24,2,1
2018-03-24 02:00:00,60.099999999976724,7.0,6.2,996.9,1,2.6,3,24,3,2
2018-03-24 03:00:00,63.0,7.2,6.4,996.8,2,2.6,3,24,4,3
2018-03-24 04:00:00,59.5,6.9,6.1,997.0,2,3.1,3,24,5,4
2018-03-24 05:00:00,54.69999999998254,6.9,6.1,997.4,2,3.1,3,24,6,5
2018-03-24 06:00:00,49.70000000001164,6.7,6.0,997.9,2,3.1,3,24,7,6
2018-03-24 07:00:00,50.10000000000582,6.6,6.0,998.8,2,2.6,3,24,1,7
2018-03-24 08:00:00,49.10000000000582,6.7,6.1,999.4,2,2.6,3,24,2,8
2018-03-24 09:00:00,54.5,7.2,6.3,1000.2,2,2.1,3,24,3,9
2018-03-24 10:00:00,61.29999999998836,7.7,6.4,1000.7,2,2.1,3,24,4,10
2018-03-24 11:00:00,68.70000000001164,7.9,6.1,1001.0,3,2.1,3,24,5,11
2018-03-24 12:00:00,72.89999999999421,8.2,5.7,1001.2,2,2.1,3,24,6,12
2018-03-24 13:00:00,73.60000000000579,9.2,5.9,1001.4,3,0.5,3,24,7,13
2018-03-24 14:00:00,77.39999999999421,9.2,5.9,1001.6,0,1.5,3,24,1,14
2018-03-24 15:00:00,68.5,9.4,5.3,1001.8,1,1.5,3,24,2,15
2018-03-24 16:00:00,64.5,9.7,5.6,1002.1,1,1.5,3,24,3,16
2018-03-24 17:00:00,69.70000000001164,9.3,6.1,1002.6,0,2.1,3,24,4,17
2018-03-24 18:00:00,70.0,9.1,6.2,1003.3,0,1.5,3,24,5,18
2018-03-24 19:00:00,71.79999999998836,8.8,6.4,1003.9,0,2.1,3,24,6,19
2018-03-24 20:00:00,73.79999999998836,8.5,6.3,1004.4,0,1.5,3,24,7,20
2018-03-24 21:00:00,72.79999999998836,8.2,6.4,1004.7,0,1.5,3,24,1,21
2018-03-24 22:00:00,68.80000000001746,7.5,6.0,1005.1,0,1.5,3,24,2,22
2018-03-24 23:00:00,63.099999999976724,7.6,6.3,1005.3,0,2.1,3,24,3,23
2018-03-25 00:00:00,57.5,7.5,6.2,1005.6,0,2.1,3,25,4,0
2018-03-25 01:00:00,56.0,7.6,6.2,1005.9,0,1.5,3,25,5,1
2018-03-25 02:00:00,55.0,7.5,6.2,1006.1,1,2.1,3,25,6,2
2018-03-25 03:00:00,55.79999999998836,7.4,6.2,1006.5,7,2.1,3,25,7,3
2018-03-25 04:00:00,48.5,7.3,6.2,1007.0,0,2.1,3,25,1,4
2018-03-25 05:00:00,49.0,7.3,6.1,1007.4,1,1.5,3,25,2,5
2018-03-25 06:00:00,50.0,7.6,6.5,1007.9,0,3.1,3,25,3,6
2018-03-25 07:00:00,51.900000000023276,7.7,6.2,1008.8,0,2.6,3,25,4,7
2018-03-25 08:00:00,52.79999999998836,7.9,6.1,1009.6,1,3.1,3,25,5,8
2018-03-25 09:00:00,55.0,8.5,6.1,1010.3,0,3.1,3,25,6,9
2018-03-25 10:00:00,57.89999999999418,9.3,5.7,1011.0,0,2.6,3,25,7,10
2018-03-25 11:00:00,68.5,10.1,5.7,1011.6,0,2.6,3,25,1,11
2018-03-25 12:00:00,63.099999999976724,10.6,5.1,1011.9,0,3.1,3,25,2,12
2018-03-25 13:00:00,65.89999999999418,11.0,4.6,1012.2,0,3.1,3,25,3,13
2018-03-25 14:00:00,61.30000000001746,11.1,4.1,1012.3,0,3.1,3,25,4,14
2018-03-25 15:00:00,62.79999999998836,11.9,4.1,1012.3,0,2.1,3,25,5,15
2018-03-25 16:00:00,68.39999999999418,12.1,3.2,1012.4,0,2.1,3,25,6,16
2018-03-25 17:00:00,69.19999999998254,11.5,3.5,1012.7,0,3.1,3,25,7,17
2018-03-25 18:00:00,71.90000000002328,10.9,3.9,1013.4,0,1.5,3,25,1,18
2018-03-25 19:00:00,66.60000000000582,10.5,3.9,1013.9,0,1.0,3,25,2,19
2018-03-25 20:00:00,64.39999999999418,9.9,3.8,1014.4,7,1.0,3,25,3,20
2018-03-25 21:00:00,63.29999999998836,8.7,3.6,1014.9,7,1.5,3,25,4,21
2018-03-25 22:00:00,63.60000000000582,7.8,3.5,1015.3,7,2.1,3,25,5,22
2018-03-25 23:00:00,57.30000000001746,6.0,3.5,1015.8,7,2.1,3,25,6,23
2018-03-26 00:00:00,48.79999999998836,5.7,3.3,1016.0,7,2.1,3,26,7,0
2018-03-26 01:00:00,48.5,6.2,2.4,1016.1,7,1.5,3,26,1,1
2018-03-26 02:00:00,47.60000000000582,6.8,1.6,1016.4,7,1.5,3,26,2,2
2018-03-26 03:00:00,43.30000000001746,6.2,1.5,1016.7,6,1.5,3,26,3,3
2018-03-26 04:00:00,41.20000000001164,6.3,1.5,1016.9,7,1.5,3,26,4,4
2018-03-26 05:00:00,42.60000000000582,6.1,1.5,1017.3,7,2.1,3,26,5,5
2018-03-26 06:00:00,45.89999999999418,5.4,1.1,1017.7,6,1.5,3,26,6,6
2018-03-26 07:00:00,47.20000000001164,5.5,1.4,1018.3,7,2.6,3,26,7,7
2018-03-26 08:00:00,51.900000000023276,6.6,2.0,1018.5,6,2.1,3,26,1,8
2018-03-26 09:00:00,57.80000000001746,8.2,2.5,1018.7,7,1.5,3,26,2,9
2018-03-26 10:00:00,58.5,10.0,1.8,1018.5,0,1.0,3,26,3,10
2018-03-26 11:00:00,59.89999999999418,11.7,1.6,1018.3,6,3.1,3,26,4,11
2018-03-26 12:00:00,62.10000000000582,12.4,1.7,1018.2,6,2.6,3,26,5,12
2018-03-26 13:00:00,62.10000000000582,11.4,-0.1,1018.2,6,2.6,3,26,6,13
2018-03-26 14:00:00,54.5,11.8,0.3,1018.1,6,4.6,3,26,7,14
2018-03-26 15:00:00,52.80000000001746,11.9,-0.9,1017.8,5,4.1,3,26,1,15
2018-03-26 16:00:00,54.10000000000582,11.8,-1.4,1017.2,6,3.1,3,26,2,16
2018-03-26 17:00:00,58.70000000001164,11.6,-1.8,1016.9,6,3.1,3,26,3,17
2018-03-26 18:00:00,64.20000000001164,11.0,-1.1,1016.7,5,2.6,3,26,4,18
2018-03-26 19:00:00,64.80000000001746,9.9,-0.9,1016.6,5,3.6,3,26,5,19
2018-03-26 20:00:00,62.30000000001746,8.9,1.2,1016.6,5,3.6,3,26,6,20
2018-03-26 21:00:00,64.69999999998254,8.1,1.4,1016.3,5,3.6,3,26,7,21
2018-03-26 22:00:00,61.30000000001746,7.7,1.7,1016.0,5,3.1,3,26,1,22
2018-03-26 23:00:00,51.5,7.2,1.9,1015.4,4,2.6,3,26,2,23
2018-03-27 00:00:00,48.10000000000582,7.1,2.0,1014.8,4,2.6,3,27,3,0
2018-03-27 01:00:00,49.70000000001164,7.7,1.7,1013.9,5,4.6,3,27,4,1
2018-03-27 02:00:00,47.900000000023276,6.8,2.5,1013.2,4,5.1,3,27,5,2
2018-03-27 03:00:00,46.0,5.9,3.8,1012.2,4,4.1,3,27,6,3
2018-03-27 04:00:00,45.19999999998254,5.4,4.0,1010.6,4,4.6,3,27,7,4
2018-03-27 05:00:00,45.900000000023276,5.3,4.0,1008.9,3,5.7,3,27,1,5
2018-03-27 06:00:00,45.0,5.3,4.6,1008.2,4,4.6,3,27,2,6
2018-03-27 07:00:00,49.30000000001746,5.7,5.3,1007.1,3,4.1,3,27,3,7
2018-03-27 08:00:00,53.30000000001746,6.4,6.1,1006.2,4,4.1,3,27,4,8
2018-03-27 09:00:00,58.099999999976724,7.5,7.1,1005.7,4,3.1,3,27,5,9
2018-03-27 10:00:00,58.60000000000582,8.6,7.9,1005.3,5,3.1,3,27,6,10
2018-03-27 11:00:00,57.39999999999418,10.4,8.9,1004.9,6,4.6,3,27,7,11
2018-03-27 12:00:00,57.39999999999418,11.8,9.7,1004.6,6,5.7,3,27,1,12
2018-03-27 13:00:00,56.10000000000582,13.1,10.5,1004.4,6,5.1,3,27,2,13
2018-03-27 14:00:00,52.5,14.6,10.8,1004.0,6,6.2,3,27,3,14
2018-03-27 15:00:00,50.60000000000582,14.6,10.0,1004.0,6,6.2,3,27,4,15
2018-03-27 16:00:00,55.5,13.5,9.2,1004.6,6,8.2,3,27,5,16
2018-03-27 17:00:00,60.10000000000582,12.5,6.0,1005.2,7,7.2,3,27,6,17
2018-03-27 18:00:00,58.79999999998836,11.4,4.2,1006.1,7,7.2,3,27,7,18
2018-03-27 19:00:00,67.30000000001746,10.6,3.7,1006.7,6,4.6,3,27,1,19
2018-03-27 20:00:00,67.39999999999418,10.0,2.6,1007.1,6,4.1,3,27,2,20
2018-03-27 21:00:00,59.29999999998836,8.6,3.0,1007.3,6,3.6,3,27,3,21
2018-03-27 22:00:00,56.89999999999418,7.8,4.9,1007.7,6,3.6,3,27,4,22
2018-03-27 23:00:00,53.60000000000582,7.1,4.8,1007.4,6,4.1,3,27,5,23
2018-03-28 00:00:00,53.0,6.0,4.1,1007.6,6,3.6,3,28,6,0
2018-03-28 01:00:00,51.0,6.3,4.3,1007.2,6,3.1,3,28,7,1
2018-03-28 02:00:00,50.70000000001164,6.3,4.2,1006.7,6,3.1,3,28,1,2
2018-03-28 03:00:00,45.29999999998836,6.2,4.6,1006.1,6,3.1,3,28,2,3
2018-03-28 04:00:00,43.60000000000582,6.0,4.9,1005.1,6,2.1,3,28,3,4
2018-03-28 05:00:00,41.60000000000582,5.9,4.6,1004.5,5,1.0,3,28,4,5
2018-03-28 06:00:00,43.69999999998254,6.2,4.8,1003.9,4,2.6,3,28,5,6
2018-03-28 07:00:00,46.10000000000582,5.7,4.2,1003.5,5,2.1,3,28,6,7
2018-03-28 08:00:00,53.69999999998254,5.3,3.5,1002.8,4,2.6,3,28,7,8
2018-03-28 09:00:00,57.30000000001746,5.0,3.1,1002.3,3,2.1,3,28,1,9
2018-03-28 10:00:00,63.60000000000582,4.9,3.3,1002.4,6,2.6,3,28,2,10
2018-03-28 11:00:00,66.39999999999418,5.0,3.7,1002.3,6,3.1,3,28,3,11
2018-03-28 12:00:00,73.30000000001745,4.9,3.4,1002.4,7,5.7,3,28,4,12
2018-03-28 13:00:00,65.0,5.9,4.2,1002.5,6,5.1,3,28,5,13
2018-03-28 14:00:00,64.69999999998254,6.8,4.6,1002.7,7,4.6,3,28,6,14
2018-03-28 15:00:00,61.5,8.5,3.6,1002.8,7,5.1,3,28,7,15
2018-03-28 16:00:00,58.5,8.9,1.2,1002.7,6,5.1,3,28,1,16
2018-03-28 17:00:00,58.30000000001746,6.0,3.2,1003.2,7,2.1,3,28,2,17
2018-03-28 18:00:00,64.5,6.6,3.8,1004.0,6,3.6,3,28,3,18
2018-03-28 19:00:00,63.400000000023276,4.8,3.2,1004.5,6,3.6,3,28,4,19
2018-03-28 20:00:00,61.19999999998254,5.5,3.5,1004.8,5,3.6,3,28,5,20
2018-03-28 21:00:00,57.29999999998836,5.1,3.1,1005.0,6,2.6,3,28,6,21
2018-03-28 22:00:00,63.20000000001164,4.0,2.5,1005.0,5,3.6,3,28,7,22
2018-03-28 23:00:00,65.0,3.3,2.3,1005.1,6,3.1,3,28,1,23
2018-03-29 00:00:00,55.0,3.2,2.3,1005.1,6,3.1,3,29,2,0
2018-03-29 01:00:00,54.60000000000582,1.7,0.9,1005.0,6,2.6,3,29,3,1
2018-03-29 02:00:00,52.60000000000582,2.5,1.9,1004.9,5,2.6,3,29,4,2
2018-03-29 03:00:00,46.70000000001164,2.3,1.4,1004.6,4,2.1,3,29,5,3
2018-03-29 04:00:00,44.29999999998836,2.0,1.0,1004.2,4,1.5,3,29,6,4
2018-03-29 05:00:00,43.599999999976724,1.6,0.4,1003.9,4,2.1,3,29,7,5
2018-03-29 06:00:00,45.10000000000582,1.8,0.6,1003.5,3,2.6,3,29,1,6
2018-03-29 07:00:00,46.5,2.9,1.4,1003.3,4,3.1,3,29,2,7
2018-03-29 08:00:00,48.30000000001746,5.6,3.6,1003.0,4,4.1,3,29,3,8
2018-03-29 09:00:00,52.39999999999418,6.8,3.5,1002.7,3,4.1,3,29,4,9
2018-03-29 10:00:00,52.099999999976724,8.6,3.6,1002.1,3,5.7,3,29,5,10
2018-03-29 11:00:00,52.20000000001164,8.5,3.6,1001.4,3,8.2,3,29,6,11
2018-03-29 12:00:00,57.599999999976724,8.4,4.2,1000.7,3,6.7,3,29,7,12
2018-03-29 13:00:00,57.30000000001746,8.6,4.5,1000.1,4,6.2,3,29,1,13
2018-03-29 14:00:00,61.900000000023276,6.3,4.5,999.7,4,9.3,3,29,2,14
2018-03-29 15:00:00,60.39999999999418,5.8,4.5,998.9,3,5.7,3,29,3,15
2018-03-29 16:00:00,63.29999999998836,6.4,5.7,997.9,3,5.1,3,29,4,16
2018-03-29 17:00:00,68.60000000000582,6.8,5.9,997.8,4,5.1,3,29,5,17
2018-03-29 18:00:00,70.39999999999421,7.1,5.2,998.1,4,5.1,3,29,6,18
2018-03-29 19:00:00,64.89999999999418,5.1,3.6,998.4,4,3.1,3,29,7,19
2018-03-29 20:00:00,62.70000000001164,5.3,3.8,998.6,3,4.1,3,29,1,20
2018-03-29 21:00:00,63.0,4.7,3.1,998.8,3,3.6,3,29,2,21
2018-03-29 22:00:00,61.60000000000582,4.3,3.1,998.8,3,3.1,3,29,3,22
2018-03-29 23:00:00,61.29999999998836,3.2,2.2,998.5,3,3.1,3,29,4,23
2018-03-30 00:00:00,54.70000000001164,4.0,3.5,998.6,3,3.1,3,30,5,0
2018-03-30 01:00:00,50.0,4.0,3.0,998.2,3,4.1,3,30,6,1
2018-03-30 02:00:00,50.89999999999418,4.6,3.7,998.3,6,2.1,3,30,7,2
2018-03-30 03:00:00,49.0,4.6,3.9,997.9,3,2.6,3,30,1,3
2018-03-30 04:00:00,46.0,4.4,3.8,997.8,2,2.6,3,30,2,4
2018-03-30 05:00:00,45.39999999999418,4.7,4.3,997.5,2,2.1,3,30,3,5
2018-03-30 06:00:00,43.5,4.9,4.3,997.4,2,1.5,3,30,4,6
2018-03-30 07:00:00,43.900000000023276,5.2,4.6,997.3,2,2.1,3,30,5,7
2018-03-30 08:00:00,45.0,7.0,6.1,996.7,2,3.1,3,30,6,8
2018-03-30 09:00:00,48.69999999998254,7.4,5.2,996.4,2,4.1,3,30,7,9
2018-03-30 10:00:00,50.19999999998254,7.7,5.1,996.1,2,4.1,3,30,1,10
2018-03-30 11:00:00,55.0,7.6,5.9,995.5,2,4.6,3,30,2,11
2018-03-30 12:00:00,59.5,7.4,6.0,994.7,2,4.1,3,30,3,12
2018-03-30 13:00:00,59.79999999998836,6.9,5.5,993.9,2,5.1,3,30,4,13
2018-03-30 14:00:00,60.89999999999418,6.3,5.0,993.2,2,5.1,3,30,5,14
2018-03-30 15:00:00,61.80000000001746,5.8,4.6,992.6,2,4.1,3,30,6,15
2018-03-30 16:00:00,66.30000000001746,5.9,4.7,991.5,1,4.6,3,30,7,16
2018-03-30 17:00:00,66.60000000000582,6.1,5.4,990.8,1,3.1,3,30,1,17
2018-03-30 18:00:00,63.60000000000582,6.4,5.8,990.5,1,3.1,3,30,2,18
2018-03-30 19:00:00,59.30000000001746,6.4,5.2,990.7,2,4.1,3,30,3,19
2018-03-30 20:00:00,59.30000000001746,5.9,4.8,990.9,3,4.1,3,30,4,20
2018-03-30 21:00:00,62.60000000000582,4.8,4.2,991.3,4,5.7,3,30,5,21
2018-03-30 22:00:00,62.5,4.6,3.8,991.8,4,5.1,3,30,6,22
2018-03-30 23:00:00,61.89999999999418,4.3,3.4,992.0,4,4.6,3,30,7,23
2018-03-31 00:00:00,54.89999999999418,3.9,3.0,992.0,4,3.6,3,31,1,0
2018-03-31 01:00:00,56.0,3.8,2.5,992.3,4,5.1,3,31,2,1
2018-03-31 02:00:00,53.30000000001746,3.9,2.5,992.6,4,5.1,3,31,3,2
2018-03-31 03:00:00,49.29999999998836,3.7,2.5,992.7,5,4.1,3,31,4,3
2018-03-31 04:00:00,50.69999999998254,3.8,2.6,993.0,5,4.1,3,31,5,4
2018-03-31 05:00:00,47.400000000023276,4.0,2.8,993.3,5,4.1,3,31,6,5
2018-03-31 06:00:00,49.20000000001164,4.2,3.1,993.7,4,2.6,3,31,7,6
2018-03-31 07:00:00,47.0,4.5,3.1,994.3,4,4.1,3,31,1,7
2018-03-31 08:00:00,49.29999999998836,4.8,3.2,994.8,4,3.1,3,31,2,8
2018-03-31 09:00:00,50.0,4.8,3.6,995.4,5,3.6,3,31,3,9
2018-03-31 10:00:00,50.10000000000582,5.0,4.2,996.2,5,2.6,3,31,4,10
2018-03-31 11:00:00,59.30000000001746,5.6,5.1,997.0,5,1.5,3,31,5,11
2018-03-31 12:00:00,61.30000000001746,7.3,5.0,997.4,7,1.0,3,31,6,12
2018-03-31 13:00:00,56.79999999998836,7.1,5.2,997.8,7,1.0,3,31,7,13
2018-03-31 14:00:00,55.60000000000582,7.4,4.3,998.2,0,2.6,3,31,1,14
2018-03-31 15:00:00,56.10000000000582,8.3,3.9,998.9,0,3.1,3,31,2,15
2018-03-31 16:00:00,58.0,8.7,3.7,999.5,7,4.6,3,31,3,16
2018-03-31 17:00:00,59.400000000023276,8.1,4.8,1000.3,6,5.1,3,31,4,17
2018-03-31 18:00:00,63.30000000001746,6.9,4.4,1001.2,7,4.1,3,31,5,18
2018-03-31 19:00:00,58.5,6.5,4.3,1002.2,7,4.6,3,31,6,19
2018-03-31 20:00:00,59.10000000000582,6.3,4.0,1003.5,7,3.6,3,31,7,20
2018-03-31 21:00:00,62.60000000000582,5.9,3.7,1004.5,7,4.6,3,31,1,21
2018-03-31 22:00:00,63.10000000000582,5.5,3.4,1005.3,7,4.6,3,31,2,22
2018-03-31 23:00:00,59.60000000000582,5.1,3.1,1006.2,7,5.1,3,31,3,23
2018-04-01 00:00:00,58.10000000000582,4.8,2.3,1007.0,7,4.1,4,1,4,0
2018-04-01 01:00:00,55.10000000000582,4.6,1.9,1007.8,7,4.6,4,1,5,1
2018-04-01 02:00:00,53.5,4.4,1.6,1008.4,7,5.1,4,1,6,2
2018-04-01 03:00:00,54.599999999976724,4.4,1.7,1008.8,7,3.1,4,1,7,3
2018-04-01 04:00:00,50.39999999999418,4.3,1.7,1009.2,7,2.6,4,1,1,4
2018-04-01 05:00:00,46.599999999976724,4.3,1.7,1009.8,7,2.6,4,1,2,5
2018-04-01 06:00:00,49.10000000000582,4.3,1.6,1010.6,7,2.6,4,1,3,6
2018-04-01 07:00:00,48.79999999998836,4.5,1.6,1011.1,7,2.1,4,1,4,7
2018-04-01 08:00:00,50.30000000001746,4.8,1.5,1012.0,7,3.1,4,1,5,8
2018-04-01 09:00:00,55.60000000000582,5.4,1.6,1012.4,7,2.1,4,1,6,9
2018-04-01 10:00:00,56.5,6.5,1.5,1012.8,7,2.6,4,1,7,10
2018-04-01 11:00:00,60.60000000000582,7.1,0.9,1013.0,7,2.6,4,1,1,11
2018-04-01 12:00:00,61.5,7.0,0.1,1013.1,6,1.5,4,1,2,12
2018-04-01 13:00:00,58.5,7.2,1.2,1013.2,6,2.6,4,1,3,13
2018-04-01 14:00:00,59.60000000000582,7.6,0.6,1012.9,6,1.5,4,1,4,14
2018-04-01 15:00:00,66.39999999999418,7.6,0.2,1012.7,0,1.0,4,1,5,15
2018-04-01 16:00:00,61.19999999998254,7.7,0.5,1012.3,2,1.0,4,1,6,16
2018-04-01 17:00:00,63.0,7.5,0.2,1011.9,1,1.0,4,1,7,17
2018-04-01 18:00:00,63.20000000001164,7.0,0.7,1011.5,2,2.6,4,1,1,18
2018-04-01 19:00:00,72.30000000001745,7.0,1.0,1011.3,3,3.1,4,1,2,19
2018-04-01 20:00:00,66.30000000001746,6.6,1.3,1011.1,3,3.1,4,1,3,20
2018-04-01 21:00:00,70.0,5.5,2.9,1010.9,4,4.6,4,1,4,21
2018-04-01 22:00:00,66.89999999999418,4.2,2.6,1010.6,3,4.6,4,1,5,22
2018-04-01 23:00:00,63.60000000000582,3.8,3.0,1009.7,2,4.1,4,1,6,23
2018-04-02 00:00:00,59.0,3.8,3.3,1008.5,2,4.6,4,2,7,0
2018-04-02 01:00:00,54.60000000000582,4.1,3.6,1007.2,2,4.1,4,2,1,1
2018-04-02 02:00:00,51.5,4.8,4.4,1005.8,2,4.6,4,2,2,2
2018-04-02 03:00:00,50.70000000001164,5.4,5.2,1004.6,3,4.1,4,2,3,3
2018-04-02 04:00:00,47.89999999999418,6.2,5.9,1003.1,3,4.6,4,2,4,4
2018-04-02 05:00:00,48.10000000000582,6.9,6.5,1002.1,3,5.7,4,2,5,5
2018-04-02 06:00:00,52.39999999999418,7.4,6.6,1001.7,4,4.6,4,2,6,6
2018-04-02 07:00:00,52.30000000001746,7.5,6.7,1001.2,3,3.1,4,2,7,7
2018-04-02 08:00:00,54.900000000023276,7.8,6.7,1000.8,4,4.6,4,2,1,8
2018-04-02 09:00:00,54.39999999999418,9.4,7.5,1000.0,3,5.1,4,2,2,9
2018-04-02 10:00:00,54.70000000001164,10.2,7.9,999.6,4,5.7,4,2,3,10
2018-04-02 11:00:00,62.0,10.2,7.9,998.5,4,5.7,4,2,4,11
2018-04-02 12:00:00,63.69999999998254,9.6,8.3,997.8,3,5.7,4,2,5,12
2018-04-02 13:00:00,65.5,9.2,8.1,997.6,4,6.2,4,2,6,13
2018-04-02 14:00:00,67.0,9.0,8.3,996.9,4,5.1,4,2,7,14
2018-04-02 15:00:00,61.29999999998836,9.7,8.2,996.2,4,4.6,4,2,1,15
2018-04-02 16:00:00,71.5,10.4,8.4,995.6,4,5.1,4,2,2,16
2018-04-02 17:00:00,64.60000000000582,10.4,8.9,995.0,4,4.6,4,2,3,17
2018-04-02 18:00:00,67.10000000000582,10.5,9.0,994.8,4,4.6,4,2,4,18
2018-04-02 19:00:00,65.19999999998254,10.2,8.6,994.7,4,4.1,4,2,5,19
2018-04-02 20:00:00,61.39999999999418,10.0,8.8,994.8,4,4.1,4,2,6,20
2018-04-02 21:00:00,64.10000000000582,10.4,9.3,994.9,4,4.1,4,2,7,21
2018-04-02 22:00:00,63.39999999999418,10.4,9.2,994.8,4,2.6,4,2,1,22
2018-04-02 23:00:00,63.400000000023276,10.2,8.9,994.9,4,4.6,4,2,2,23
2018-04-03 00:00:00,56.39999999999418,9.8,9.1,994.7,4,3.6,4,3,3,0
2018-04-03 01:00:00,52.599999999976724,10.0,9.3,994.2,4,4.1,4,3,4,1
2018-04-03 02:00:00,48.60000000000582,10.0,9.4,993.9,4,3.6,4,3,5,2
2018-04-03 03:00:00,47.29999999998836,10.0,9.5,993.4,4,4.1,4,3,6,3
2018-04-03 04:00:00,46.5,10.2,9.6,993.3,4,4.6,4,3,7,4
2018-04-03 05:00:00,44.599999999976724,10.2,9.4,993.1,4,3.6,4,3,1,5
2018-04-03 06:00:00,46.0,10.4,9.4,993.2,4,3.6,4,3,2,6
2018-04-03 07:00:00,47.89999999999418,10.4,9.5,993.4,4,4.1,4,3,3,7
2018-04-03 08:00:00,51.60000000000582,11.1,9.8,993.4,4,5.7,4,3,4,8
2018-04-03 09:00:00,52.29999999998836,12.0,10.1,993.6,4,5.1,4,3,5,9
2018-04-03 10:00:00,58.70000000001164,12.1,9.7,994.0,4,5.7,4,3,6,10
2018-04-03 11:00:00,55.70000000001164,12.8,9.7,994.2,4,5.7,4,3,7,11
2018-04-03 12:00:00,58.5,12.9,8.4,994.3,4,7.2,4,3,1,12
2018-04-03 13:00:00,60.099999999976724,11.7,8.3,994.4,5,7.7,4,3,2,13
2018-04-03 14:00:00,59.60000000000582,13.0,8.3,994.4,5,7.2,4,3,3,14
2018-04-03 15:00:00,58.89999999999418,12.8,7.0,994.2,5,7.7,4,3,4,15
2018-04-03 16:00:00,61.89999999999418,12.5,6.4,994.2,5,7.2,4,3,5,16
2018-04-03 17:00:00,62.79999999998836,12.0,7.3,994.4,5,5.7,4,3,6,17
2018-04-03 18:00:00,60.20000000001164,11.7,7.4,994.7,5,7.2,4,3,7,18
2018-04-03 19:00:00,62.60000000000582,10.9,7.2,995.1,5,6.2,4,3,1,19
2018-04-03 20:00:00,63.19999999998254,10.0,7.0,995.4,4,4.6,4,3,2,20
2018-04-03 21:00:00,63.80000000001746,9.6,7.1,996.1,4,4.1,4,3,3,21
2018-04-03 22:00:00,62.900000000023276,9.5,7.3,995.8,4,3.6,4,3,4,22
2018-04-03 23:00:00,63.39999999999418,7.3,5.7,995.9,3,2.6,4,3,5,23
2018-04-04 00:00:00,49.0,7.2,6.3,995.4,3,2.6,4,4,6,0
2018-04-04 01:00:00,51.5,6.9,6.0,995.2,3,3.1,4,4,7,1
2018-04-04 02:00:00,48.89999999999418,8.2,7.0,995.0,3,4.1,4,4,1,2
2018-04-04 03:00:00,47.29999999998836,8.7,6.9,994.9,4,5.7,4,4,2,3
2018-04-04 04:00:00,43.80000000001746,8.5,7.5,994.0,3,4.6,4,4,3,4
2018-04-04 05:00:00,45.5,8.8,7.4,993.7,3,5.7,4,4,4,5
2018-04-04 06:00:00,46.10000000000582,8.2,6.7,993.2,3,4.6,4,4,5,6
2018-04-04 07:00:00,53.29999999998836,9.6,7.1,992.9,4,6.2,4,4,6,7
2018-04-04 08:00:00,52.10000000000582,11.1,6.9,992.5,4,8.2,4,4,7,8
2018-04-04 09:00:00,57.80000000001746,11.2,6.9,992.8,4,9.3,4,4,1,9
2018-04-04 10:00:00,60.69999999998254,11.2,6.5,992.6,4,9.8,4,4,2,10
2018-04-04 11:00:00,56.0,11.5,6.2,992.5,4,9.3,4,4,3,11
2018-04-04 12:00:00,60.70000000001164,10.8,7.2,992.6,4,9.3,4,4,4,12
2018-04-04 13:00:00,58.70000000001164,10.0,7.9,992.7,4,8.8,4,4,5,13
2018-04-04 14:00:00,56.80000000001746,10.8,7.8,992.6,4,7.7,4,4,6,14
2018-04-04 15:00:00,56.5,10.9,7.3,992.5,4,9.3,4,4,7,15
2018-04-04 16:00:00,59.0,10.8,7.9,992.5,4,8.8,4,4,1,16
2018-04-04 17:00:00,55.39999999999418,10.6,8.6,993.0,5,7.2,4,4,2,17
2018-04-04 18:00:00,66.89999999999418,10.4,7.9,993.7,5,6.7,4,4,3,18
2018-04-04 19:00:00,66.60000000000582,10.0,7.9,994.7,5,6.2,4,4,4,19
2018-04-04 20:00:00,62.79999999998836,9.9,7.7,996.0,5,5.7,4,4,5,20
2018-04-04 21:00:00,67.0,9.8,5.7,997.5,6,8.2,4,4,6,21
2018-04-04 22:00:00,62.80000000001746,8.5,4.5,999.0,6,7.2,4,4,7,22
2018-04-04 23:00:00,58.5,7.2,2.9,1000.6,6,7.2,4,4,1,23
2018-04-05 00:00:00,53.10000000000582,6.9,2.5,1001.6,6,6.7,4,5,2,0
2018-04-05 01:00:00,49.70000000001164,6.7,2.8,1003.1,6,5.7,4,5,3,1
2018-04-05 02:00:00,49.39999999999418,6.4,1.8,1004.7,7,6.2,4,5,4,2
2018-04-05 03:00:00,46.60000000000582,5.3,1.2,1006.8,7,5.7,4,5,5,3
2018-04-05 04:00:00,47.0,5.2,1.9,1008.4,7,4.6,4,5,6,4
2018-04-05 05:00:00,45.70000000001164,5.0,0.7,1010.0,7,4.6,4,5,7,5
2018-04-05 06:00:00,48.89999999999418,4.6,0.9,1011.7,7,4.1,4,5,1,6
2018-04-05 07:00:00,49.80000000001746,5.3,0.8,1013.1,7,3.1,4,5,2,7
2018-04-05 08:00:00,55.60000000000582,6.3,0.0,1014.5,7,4.1,4,5,3,8
2018-04-05 09:00:00,60.39999999999418,6.9,-1.1,1015.5,7,3.6,4,5,4,9
2018-04-05 10:00:00,61.900000000023276,8.5,-0.7,1016.6,7,2.6,4,5,5,10
2018-04-05 11:00:00,55.20000000001164,9.3,-0.3,1017.2,5,3.1,4,5,6,11
2018-04-05 12:00:00,53.5,9.9,-3.3,1017.7,6,2.1,4,5,7,12
2018-04-05 13:00:00,52.30000000001746,11.0,-2.0,1018.139663562328,5,2.1,4,5,1,13
2018-04-05 14:00:00,52.20000000001164,12.0,-3.0,1018.5104884608968,4,3.6,4,5,2,14
2018-04-05 15:00:00,52.30000000001746,13.0,-2.0,1018.812474695706,5,4.1,4,5,3,15
2018-04-05 16:00:00,54.69999999998254,12.0,-1.0,1019.045622266756,5,4.1,4,5,4,16
2018-04-05 17:00:00,59.29999999998836,11.0,2.0,1019.2099311740463,4,5.7,4,5,5,17
2018-04-05 18:00:00,63.80000000001746,9.0,1.0,1019.3008545359337,4,5.7,4,5,6,18
2018-04-05 19:00:00,69.10000000000582,8.0,0.0,1019.2911110625588,4,5.1,4,5,7,19
2018-04-05 20:00:00,63.89999999999418,7.0,0.0,1019.1761538722777,4,4.6,4,5,1,20
2018-04-05 21:00:00,65.39999999999418,7.0,0.0,1018.9559829650913,3,4.6,4,5,2,21
2018-04-05 22:00:00,66.90000000002328,6.0,1.0,1018.6305983409984,3,3.6,4,5,3,22
2018-04-05 23:00:00,64.60000000000582,5.0,1.7,1018.2,3,0.5,4,5,4,23
2018-04-06 00:00:00,53.30000000001746,4.0,1.7,1017.7,3,3.1,4,6,5,0
2018-04-06 01:00:00,59.20000000001164,4.9,2.0,1017.2,3,4.1,4,6,6,1
2018-04-06 02:00:00,50.79999999998836,5.3,2.5,1016.1,3,5.1,4,6,7,2
2018-04-06 03:00:00,50.10000000000582,5.2,2.7,1015.5,3,5.1,4,6,1,3
2018-04-06 04:00:00,51.10000000000582,5.1,2.6,1014.7,3,4.6,4,6,2,4
2018-04-06 05:00:00,49.599999999976724,4.9,2.3,1014.2,2,4.6,4,6,3,5
2018-04-06 06:00:00,50.89999999999418,5.9,3.0,1013.8,3,6.2,4,6,4,6
2018-04-06 07:00:00,54.80000000001746,6.8,3.7,1013.5,2,4.6,4,6,5,7
2018-04-06 08:00:00,58.0,7.8,3.7,1012.7,3,6.2,4,6,6,8
2018-04-06 09:00:00,61.69999999998254,9.9,4.7,1012.1,3,5.7,4,6,7,9
2018-04-06 10:00:00,65.29999999998836,11.4,4.0,1011.6,3,6.7,4,6,1,10
2018-04-06 11:00:00,63.10000000000582,12.4,3.4,1010.7,3,8.2,4,6,2,11
2018-04-06 12:00:00,62.10000000000582,14.6,4.7,1009.4,3,7.2,4,6,3,12
2018-04-06 13:00:00,55.79999999998836,15.5,4.6,1008.4,3,9.3,4,6,4,13
2018-04-06 14:00:00,53.69999999998254,16.1,4.5,1007.8,3,8.2,4,6,5,14
2018-04-06 15:00:00,52.29999999998836,16.6,5.2,1007.4,4,8.2,4,6,6,15
2018-04-06 16:00:00,54.70000000001164,16.0,5.5,1007.2,3,5.7,4,6,7,16
2018-04-06 17:00:00,56.69999999998254,15.4,5.7,1007.0,3,5.1,4,6,1,17
2018-04-06 18:00:00,56.30000000001746,15.0,5.6,1007.0,4,3.6,4,6,2,18
2018-04-06 19:00:00,57.89999999999418,13.6,5.5,1007.1,4,3.1,4,6,3,19
2018-04-06 20:00:00,61.20000000001164,13.5,5.8,1007.4,4,2.6,4,6,4,20
2018-04-06 21:00:00,63.5,11.3,5.6,1007.4,3,1.5,4,6,5,21
2018-04-06 22:00:00,60.19999999998254,9.8,5.2,1007.4,3,2.1,4,6,6,22
2018-04-06 23:00:00,53.80000000001746,9.2,5.9,1007.0,3,2.6,4,6,7,23
2018-04-07 00:00:00,47.0,9.4,5.9,1006.6,2,1.5,4,7,1,0
2018-04-07 01:00:00,44.69999999998254,9.9,6.3,1006.3,1,2.1,4,7,2,1
2018-04-07 02:00:00,46.0,9.8,6.6,1005.7,1,1.5,4,7,3,2
2018-04-07 03:00:00,44.89999999999418,9.2,6.5,1005.2,1,1.5,4,7,4,3
2018-04-07 04:00:00,40.400000000023276,8.9,6.5,1005.1,1,1.0,4,7,5,4
2018-04-07 05:00:00,40.39999999999418,9.7,6.5,1004.6,1,2.1,4,7,6,5
2018-04-07 06:00:00,39.70000000001164,10.1,6.6,1004.4,1,2.6,4,7,7,6
2018-04-07 07:00:00,43.60000000000582,10.5,6.8,1004.2,2,3.6,4,7,1,7
2018-04-07 08:00:00,42.900000000023276,11.6,7.3,1003.9,2,2.6,4,7,2,8
2018-04-07 09:00:00,44.89999999999418,13.1,8.8,1004.2,4,3.6,4,7,3,9
2018-04-07 10:00:00,47.30000000001746,14.9,10.2,1004.1,3,5.7,4,7,4,10
2018-04-07 11:00:00,48.69999999998254,17.0,10.0,1004.2,4,7.7,4,7,5,11
2018-04-07 12:00:00,54.599999999976724,16.1,9.7,1004.2,4,7.2,4,7,6,12
2018-04-07 13:00:00,54.60000000000582,15.4,10.0,1004.4,4,6.7,4,7,7,13
2018-04-07 14:00:00,56.10000000000582,14.9,10.2,1004.4,4,7.2,4,7,1,14
2018-04-07 15:00:00,56.60000000000582,15.5,10.3,1004.5,4,5.1,4,7,2,15
2018-04-07 16:00:00,55.89999999999418,15.6,9.4,1005.0,4,5.1,4,7,3,16
2018-04-07 17:00:00,55.5,14.8,8.9,1005.2,4,4.6,4,7,4,17
2018-04-07 18:00:00,57.20000000001164,13.3,8.9,1006.2,4,6.2,4,7,5,18
2018-04-07 19:00:00,58.60000000000582,12.2,8.8,1006.9,4,4.6,4,7,6,19
2018-04-07 20:00:00,63.30000000001746,11.8,8.6,1007.7,4,4.1,4,7,7,20
2018-04-07 21:00:00,60.39999999999418,11.1,8.2,1007.8,4,4.6,4,7,1,21
2018-04-07 22:00:00,58.10000000000582,10.7,8.3,1007.8,5,2.6,4,7,2,22
2018-04-07 23:00:00,56.70000000001164,10.0,8.3,1008.1,5,2.6,4,7,3,23
2018-04-08 00:00:00,50.20000000001164,9.7,8.4,1007.9,4,2.1,4,8,4,0
2018-04-08 01:00:00,46.79999999998836,9.6,8.2,1007.6,4,2.1,4,8,5,1
2018-04-08 02:00:00,45.70000000001164,9.4,8.2,1007.1,4,2.1,4,8,6,2
2018-04-08 03:00:00,45.29999999998836,9.3,8.1,1007.2,5,1.0,4,8,7,3
2018-04-08 04:00:00,40.79999999998836,9.1,8.4,1007.4,3,2.6,4,8,1,4
2018-04-08 05:00:00,38.19999999998254,9.2,8.7,1007.6,4,2.6,4,8,2,5
2018-04-08 06:00:00,41.0,9.3,8.8,1007.4,4,2.1,4,8,3,6
2018-04-08 07:00:00,40.900000000023276,9.4,8.8,1007.5,5,2.1,4,8,4,7
2018-04-08 08:00:00,46.79999999998836,9.6,8.8,1007.8,4,1.0,4,8,5,8
2018-04-08 09:00:00,46.70000000001164,9.9,9.2,1007.7,2,1.0,4,8,6,9
2018-04-08 10:00:00,53.80000000001746,10.1,9.3,1007.7,2,1.0,4,8,7,10
2018-04-08 11:00:00,58.70000000001164,10.2,9.5,1007.9,6,1.0,4,8,1,11
2018-04-08 12:00:00,57.89999999999418,10.2,9.6,1007.6,7,1.5,4,8,2,12
2018-04-08 13:00:00,58.30000000001746,10.6,9.6,1007.7,7,1.0,4,8,3,13
2018-04-08 14:00:00,58.69999999998254,11.2,10.1,1007.5,0,1.5,4,8,4,14
2018-04-08 15:00:00,57.19999999998254,10.9,9.9,1007.9,1,2.1,4,8,5,15
2018-04-08 16:00:00,58.60000000000582,11.1,10.1,1008.1,1,2.6,4,8,6,16
2018-04-08 17:00:00,66.19999999998254,11.1,10.0,1008.1,0,2.6,4,8,7,17
2018-04-08 18:00:00,62.89999999999418,10.9,10.0,1008.5,1,2.1,4,8,1,18
2018-04-08 19:00:00,61.5,10.8,9.7,1009.3,0,2.1,4,8,2,19
2018-04-08 20:00:00,64.20000000001164,10.5,9.7,1009.7,0,2.6,4,8,3,20
2018-04-08 21:00:00,65.39999999999418,10.0,9.2,1010.1,1,2.1,4,8,4,21
2018-04-08 22:00:00,60.79999999998836,9.7,9.1,1010.2,1,2.1,4,8,5,22
2018-04-08 23:00:00,57.20000000001164,9.5,8.9,1010.1,1,2.1,4,8,6,23
2018-04-09 00:00:00,52.60000000000582,9.3,8.6,1010.1,1,1.5,4,9,7,0
2018-04-09 01:00:00,49.60000000000582,9.1,8.4,1010.2,0,1.5,4,9,1,1
2018-04-09 02:00:00,50.89999999999418,9.0,8.3,1009.8,0,2.6,4,9,2,2
2018-04-09 03:00:00,45.0,8.7,8.1,1009.7,1,2.6,4,9,3,3
2018-04-09 04:00:00,44.099999999976724,8.7,8.1,1009.6,1,2.6,4,9,4,4
2018-04-09 05:00:00,43.0,8.6,8.0,1009.4,0,2.1,4,9,5,5
2018-04-09 06:00:00,42.099999999976724,8.4,8.0,1009.4,1,2.6,4,9,6,6
2018-04-09 07:00:00,51.10000000000582,8.3,7.7,1009.4,1,3.1,4,9,7,7
2018-04-09 08:00:00,61.10000000000582,8.4,7.9,1009.1,1,2.6,4,9,1,8
2018-04-09 09:00:00,67.70000000001164,8.4,7.8,1008.8,1,3.1,4,9,2,9
2018-04-09 10:00:00,69.40000000002328,8.5,8.0,1008.4,1,3.1,4,9,3,10
2018-04-09 11:00:00,64.60000000000582,8.5,8.0,1008.1,1,3.1,4,9,4,11
2018-04-09 12:00:00,67.5,9.0,8.5,1007.3,1,3.1,4,9,5,12
2018-04-09 13:00:00,57.400000000023276,9.4,8.7,1006.7,2,3.1,4,9,6,13
2018-04-09 14:00:00,61.60000000000582,9.4,8.9,1005.9,2,3.6,4,9,7,14
2018-04-09 15:00:00,60.80000000001746,9.6,9.3,1005.2,2,4.1,4,9,1,15
2018-04-09 16:00:00,60.89999999999418,9.5,9.1,1004.4,2,4.1,4,9,2,16
2018-04-09 17:00:00,59.0,9.1,8.7,1003.9,2,4.1,4,9,3,17
2018-04-09 18:00:00,64.10000000000582,9.0,8.6,1003.5,2,4.1,4,9,4,18
2018-04-09 19:00:00,67.29999999998836,8.9,8.6,1002.9,2,3.6,4,9,5,19
2018-04-09 20:00:00,65.5,8.7,8.4,1002.6,2,4.6,4,9,6,20
2018-04-09 21:00:00,62.10000000000582,8.7,8.5,1002.2,2,3.1,4,9,7,21
2018-04-09 22:00:00,59.30000000001746,8.9,8.6,1001.6,2,2.6,4,9,1,22
2018-04-09 23:00:00,60.10000000000582,8.7,8.5,1001.4,2,3.1,4,9,2,23
2018-04-10 00:00:00,50.89999999999418,8.6,8.3,1000.9,2,3.6,4,10,3,0
2018-04-10 01:00:00,48.20000000001164,8.6,8.4,1000.4,1,2.6,4,10,4,1
2018-04-10 02:00:00,49.39999999999418,8.5,8.3,999.9,1,2.1,4,10,5,2
2018-04-10 03:00:00,48.5,8.5,8.2,999.4,1,2.6,4,10,6,3
2018-04-10 04:00:00,47.20000000001164,8.5,8.3,999.0,1,2.1,4,10,7,4
2018-04-10 05:00:00,49.0,8.7,8.4,998.8,1,2.6,4,10,1,5
2018-04-10 06:00:00,49.400000000023276,8.7,8.5,998.9,1,2.1,4,10,2,6
2018-04-10 07:00:00,54.0,8.9,8.3,999.3,1,2.6,4,10,3,7
2018-04-10 08:00:00,59.39999999999418,9.1,8.0,999.8,1,2.6,4,10,4,8
2018-04-10 09:00:00,66.0,8.9,7.8,1000.5,2,2.6,4,10,5,9
2018-04-10 10:00:00,61.60000000000582,9.3,8.0,1000.9,2,2.6,4,10,6,10
2018-04-10 11:00:00,61.79999999998836,10.1,8.7,1001.6,1,2.6,4,10,7,11
2018-04-10 12:00:00,60.5,11.4,9.1,1002.0,1,3.1,4,10,1,12
2018-04-10 13:00:00,56.70000000001164,12.7,9.6,1001.9,1,2.6,4,10,2,13
2018-04-10 14:00:00,57.60000000000582,13.4,9.7,1002.3,1,3.6,4,10,3,14
2018-04-10 15:00:00,59.10000000000582,13.7,10.0,1002.4,1,3.1,4,10,4,15
2018-04-10 16:00:00,63.5,13.6,9.9,1002.9,1,4.1,4,10,5,16
2018-04-10 17:00:00,60.60000000000582,13.7,9.7,1003.3,1,5.1,4,10,6,17
2018-04-10 18:00:00,62.10000000000582,13.0,10.2,1003.9,1,3.6,4,10,7,18
2018-04-10 19:00:00,57.79999999998836,12.6,10.3,1004.5,1,3.1,4,10,1,19
2018-04-10 20:00:00,57.89999999999418,12.3,10.4,1005.1,1,3.1,4,10,2,20
2018-04-10 21:00:00,58.20000000001164,12.0,10.5,1005.5,1,2.6,4,10,3,21
2018-04-10 22:00:00,57.0,11.9,10.5,1005.9,1,3.1,4,10,4,22
2018-04-10 23:00:00,58.39999999999418,11.6,10.4,1006.3,1,2.6,4,10,5,23
2018-04-11 00:00:00,51.39999999999418,11.2,10.2,1005.9,0,2.1,4,11,6,0
2018-04-11 01:00:00,44.69999999998254,11.0,9.9,1005.8,0,2.6,4,11,7,1
2018-04-11 02:00:00,44.900000000023276,10.4,9.7,1005.8,0,2.6,4,11,1,2
2018-04-11 03:00:00,40.099999999976724,10.1,9.6,1006.3,1,2.1,4,11,2,3
2018-04-11 04:00:00,38.10000000000582,9.9,9.4,1006.4,1,2.1,4,11,3,4
2018-04-11 05:00:00,42.5,9.1,8.6,1006.1,0,2.6,4,11,4,5
2018-04-11 06:00:00,43.599999999976724,8.7,8.3,1006.6,0,3.1,4,11,5,6
2018-04-11 07:00:00,45.60000000000582,8.2,7.8,1006.8,0,3.1,4,11,6,7
2018-04-11 08:00:00,56.30000000001746,7.4,6.7,1007.2,1,4.1,4,11,7,8
2018-04-11 09:00:00,60.89999999999418,7.5,6.6,1007.8,1,4.1,4,11,1,9
2018-04-11 10:00:00,58.60000000000582,7.5,6.4,1008.1,1,3.1,4,11,2,10
2018-04-11 11:00:00,61.79999999998836,8.003683068586323,6.663065587568612,1008.1795467169077,1,3.0989860174247847,4,11,3,11
2018-04-11 12:00:00,60.0,8.8,7.2,1008.1,1,3.6,4,11,4,12
2018-04-11 13:00:00,59.70000000001164,9.5,7.6,1007.9,1,3.6,4,11,5,13
2018-04-11 14:00:00,57.400000000023276,9.9,7.5,1007.6,1,2.6,4,11,6,14
2018-04-11 15:00:00,54.79999999998836,10.1,7.6,1007.2,1,3.1,4,11,7,15
2018-04-11 16:00:00,64.70000000001164,9.9,7.6,1007.0,1,2.6,4,11,1,16
2018-04-11 17:00:00,68.30000000001746,9.3,7.5,1006.9,1,3.6,4,11,2,17
2018-04-11 18:00:00,66.89999999999418,9.2,7.8,1006.5,0,2.6,4,11,3,18
2018-04-11 19:00:00,63.599999999976724,9.2,7.9,1006.9,1,2.1,4,11,4,19
2018-04-11 20:00:00,59.79999999998836,9.1,7.7,1007.2,1,3.1,4,11,5,20
2018-04-11 21:00:00,59.39999999999418,9.0,8.3,1006.7,0,2.1,4,11,6,21
2018-04-11 22:00:00,58.599999999976724,8.9,8.5,1006.6,0,1.0,4,11,7,22
2018-04-11 23:00:00,59.900000000023276,8.9,8.7,1006.5,0,2.1,4,11,1,23
2018-04-12 00:00:00,56.29999999998836,8.8,8.7,1006.0,0,2.6,4,12,2,0
2018-04-12 01:00:00,51.0,8.7,8.7,1005.7,0,2.1,4,12,3,1
2018-04-12 02:00:00,48.60000000000582,8.7,8.6,1005.2,0,2.1,4,12,4,2
2018-04-12 03:00:00,42.79999999998836,8.0,8.0,1004.9,0,2.6,4,12,5,3
2018-04-12 04:00:00,41.39999999999418,7.4,7.4,1004.8,0,2.1,4,12,6,4
2018-04-12 05:00:00,42.29999999998836,7.2,7.1,1004.6,0,2.6,4,12,7,5
2018-04-12 06:00:00,45.0,6.9,6.7,1004.5,0,3.1,4,12,1,6
2018-04-12 07:00:00,50.10000000000582,6.9,6.6,1004.5,0,3.1,4,12,2,7
2018-04-12 08:00:00,58.30000000001746,7.2,6.7,1004.5,0,2.6,4,12,3,8
2018-04-12 09:00:00,62.20000000001164,7.4,6.9,1004.5,0,3.1,4,12,4,9
2018-04-12 10:00:00,60.60000000000582,7.7,6.9,1004.2,0,3.6,4,12,5,10
2018-04-12 11:00:00,66.30000000001746,7.9,7.3,1004.1,0,2.6,4,12,6,11
2018-04-12 12:00:00,63.5,9.3,8.0,1003.8,1,3.1,4,12,7,12
2018-04-12 13:00:00,63.0,9.8,8.2,1003.4,0,3.1,4,12,1,13
2018-04-12 14:00:00,58.5,10.0,8.5,1003.2,0,3.1,4,12,2,14
2018-04-12 15:00:00,63.79999999998836,9.7,8.2,1003.0,0,3.1,4,12,3,15
2018-04-12 16:00:00,69.39999999999418,9.6,8.1,1002.7,0,3.1,4,12,4,16
2018-04-12 17:00:00,69.89999999999418,8.7,7.7,1002.6,0,3.6,4,12,5,17
2018-04-12 18:00:00,71.39999999999421,8.2,7.2,1002.7,0,3.6,4,12,6,18
2018-04-12 19:00:00,72.0,7.8,6.5,1003.3,0,3.6,4,12,7,19
2018-04-12 20:00:00,70.0,7.1,6.1,1003.4,0,2.1,4,12,1,20
2018-04-12 21:00:00,70.89999999999421,6.7,5.8,1003.3,0,2.1,4,12,2,21
2018-04-12 22:00:00,64.0,6.9,5.9,1003.2,0,2.1,4,12,3,22
2018-04-12 23:00:00,65.80000000001746,6.7,6.0,1003.3,0,2.1,4,12,4,23
2018-04-13 00:00:00,57.39999999999418,6.6,5.8,1003.3,0,2.6,4,13,5,0
2018-04-13 01:00:00,57.39999999999418,6.5,5.9,1003.2,0,2.1,4,13,6,1
2018-04-13 02:00:00,54.69999999998254,6.4,5.9,1003.5,0,2.1,4,13,7,2
2018-04-13 03:00:00,47.900000000023276,6.5,6.0,1003.3,7,2.1,4,13,1,3
2018-04-13 04:00:00,47.29999999998836,6.5,5.9,1003.5,7,1.5,4,13,2,4
2018-04-13 05:00:00,48.0,6.7,6.0,1003.8,7,1.0,4,13,3,5
2018-04-13 06:00:00,48.0,6.9,5.7,1004.5,7,1.5,4,13,4,6
2018-04-13 07:00:00,53.89999999999418,7.2,5.8,1005.2,6,2.1,4,13,5,7
2018-04-13 08:00:00,61.5,7.5,6.0,1005.6,6,2.6,4,13,6,8
2018-04-13 09:00:00,67.20000000001164,8.1,6.0,1006.4,6,2.1,4,13,7,9
2018-04-13 10:00:00,70.89999999999421,8.6,6.2,1007.0,5,3.1,4,13,1,10
2018-04-13 11:00:00,64.20000000001164,9.4,7.0,1007.3,5,3.6,4,13,2,11
2018-04-13 12:00:00,65.20000000001164,9.7,7.2,1008.0,5,3.6,4,13,3,12
2018-04-13 13:00:00,64.39999999999418,10.6,7.6,1008.3,5,4.1,4,13,4,13
2018-04-13 14:00:00,61.39999999999418,11.2,7.4,1008.9,5,3.1,4,13,5,14
2018-04-13 15:00:00,61.5,11.3,7.1,1009.8,4,2.6,4,13,6,15
2018-04-13 16:00:00,62.39999999999418,11.5,6.6,1010.4,4,2.6,4,13,7,16
2018-04-13 17:00:00,67.79999999998836,12.0,7.2,1010.4,5,3.6,4,13,1,17
2018-04-13 18:00:00,68.0,11.8,7.7,1010.6,5,3.6,4,13,2,18
2018-04-13 19:00:00,64.30000000001746,11.6,7.8,1011.3,5,2.1,4,13,3,19
2018-04-13 20:00:00,69.10000000000582,11.5,8.0,1012.5,5,3.1,4,13,4,20
2018-04-13 21:00:00,67.29999999998836,10.6,8.0,1013.2,5,2.6,4,13,5,21
2018-04-13 22:00:00,63.0,9.7,7.4,1014.0,4,2.6,4,13,6,22
2018-04-13 23:00:00,62.400000000023276,8.9,6.9,1014.3,4,2.6,4,13,7,23
2018-04-14 00:00:00,52.79999999998836,8.8,7.3,1014.9,4,2.6,4,14,1,0
2018-04-14 01:00:00,55.5,8.8,7.2,1015.3,5,2.6,4,14,2,1
2018-04-14 02:00:00,53.39999999999418,8.4,7.0,1015.6,4,1.5,4,14,3,2
2018-04-14 03:00:00,53.0,8.4,7.0,1015.8,4,1.5,4,14,4,3
2018-04-14 04:00:00,48.39999999999418,8.4,7.0,1015.7,5,1.0,4,14,5,4
2018-04-14 05:00:00,47.0,8.4,7.0,1016.0,6,1.0,4,14,6,5
2018-04-14 06:00:00,43.0,8.6,7.2,1016.5,4,1.5,4,14,7,6
2018-04-14 07:00:00,43.39999999999418,9.3,7.6,1017.1,5,2.6,4,14,1,7
2018-04-14 08:00:00,43.5,10.8,8.2,1017.3,5,1.5,4,14,2,8
2018-04-14 09:00:00,47.30000000001746,13.1,9.1,1017.5,4,1.0,4,14,3,9
2018-04-14 10:00:00,52.20000000001164,15.0,8.7,1017.4,3,2.1,4,14,4,10
2018-04-14 11:00:00,51.5,15.6,7.5,1017.3,4,1.5,4,14,5,11
2018-04-14 12:00:00,54.60000000000582,16.9,7.7,1017.1,4,2.6,4,14,6,12
2018-04-14 13:00:00,56.89999999999418,17.7,7.6,1016.8,3,2.6,4,14,7,13
2018-04-14 14:00:00,55.400000000023276,18.2,7.7,1016.2,3,3.1,4,14,1,14
2018-04-14 15:00:00,54.70000000001164,19.2,8.1,1015.3,3,2.1,4,14,2,15
2018-04-14 16:00:00,57.10000000000582,18.0,8.0,1014.9,4,2.1,4,14,3,16
2018-04-14 17:00:00,55.29999999998836,17.2,7.9,1014.8,3,3.6,4,14,4,17
2018-04-14 18:00:00,56.20000000001164,16.7,7.7,1014.8,4,4.6,4,14,5,18
2018-04-14 19:00:00,61.10000000000582,15.5,7.3,1015.0,4,3.6,4,14,6,19
2018-04-14 20:00:00,57.10000000000582,14.7,6.8,1015.4,3,3.6,4,14,7,20
2018-04-14 21:00:00,59.0,13.6,8.0,1015.3,3,3.1,4,14,1,21
2018-04-14 22:00:00,58.0,12.2,8.4,1014.9,3,3.1,4,14,2,22
2018-04-14 23:00:00,55.0,11.8,9.3,1014.5,2,2.6,4,14,3,23
2018-04-15 00:00:00,48.79999999998836,10.7,9.0,1014.1,2,2.6,4,15,4,0
2018-04-15 01:00:00,47.5,10.7,9.1,1013.3,2,3.1,4,15,5,1
2018-04-15 02:00:00,46.29999999998836,10.0,8.6,1012.8,2,3.1,4,15,6,2
2018-04-15 03:00:00,42.79999999998836,9.2,7.6,1012.3,2,3.1,4,15,7,3
2018-04-15 04:00:00,42.60000000000582,10.5,8.8,1011.9,3,2.1,4,15,1,4
2018-04-15 05:00:00,40.69999999998254,9.0,7.2,1011.3,2,2.6,4,15,2,5
2018-04-15 06:00:00,41.39999999999418,10.0,9.1,1011.2,2,2.1,4,15,3,6
2018-04-15 07:00:00,44.19999999998254,11.0,9.7,1010.7,3,3.1,4,15,4,7
2018-04-15 08:00:00,46.89999999999418,11.5,9.8,1010.3,3,3.6,4,15,5,8
2018-04-15 09:00:00,53.39999999999418,11.8,9.8,1010.1,3,3.6,4,15,6,9
2018-04-15 10:00:00,54.10000000000582,12.5,9.4,1009.9,4,4.6,4,15,7,10
2018-04-15 11:00:00,54.10000000000582,13.6,9.6,1009.3,4,3.6,4,15,1,11
2018-04-15 12:00:00,56.79999999998836,13.9,8.6,1008.9,4,4.6,4,15,2,12
2018-04-15 13:00:00,58.60000000000582,14.1,8.8,1008.4,4,4.6,4,15,3,13
2018-04-15 14:00:00,55.10000000000582,13.9,8.0,1007.7,4,5.7,4,15,4,14
2018-04-15 15:00:00,54.0,12.6,8.3,1007.6,4,7.7,4,15,5,15
2018-04-15 16:00:00,57.60000000000582,11.6,9.5,1007.2,4,4.6,4,15,6,16
2018-04-15 17:00:00,57.19999999998254,11.9,9.8,1007.1,4,5.1,4,15,7,17
2018-04-15 18:00:00,59.400000000023276,12.1,9.7,1006.9,4,4.1,4,15,1,18
2018-04-15 19:00:00,63.20000000001164,11.7,9.7,1007.3,4,3.6,4,15,2,19
2018-04-15 20:00:00,61.400000000023276,11.1,9.2,1007.8,4,4.1,4,15,3,20
2018-04-15 21:00:00,55.400000000023276,10.6,8.2,1008.0,4,4.6,4,15,4,21
2018-04-15 22:00:00,55.30000000001746,10.8,8.5,1008.2,4,4.1,4,15,5,22
2018-04-15 23:00:00,53.89999999999418,10.4,8.6,1008.5,4,4.1,4,15,6,23
2018-04-16 00:00:00,46.39999999999418,10.6,7.5,1008.9,5,5.1,4,16,7,0
2018-04-16 01:00:00,42.0,10.0,7.3,1009.1,4,4.6,4,16,1,1
2018-04-16 02:00:00,44.70000000001164,9.3,7.3,1009.5,5,4.1,4,16,2,2
2018-04-16 03:00:00,44.400000000023276,8.8,7.0,1009.9,5,3.1,4,16,3,3
2018-04-16 04:00:00,43.10000000000582,8.6,7.2,1010.3,5,3.6,4,16,4,4
2018-04-16 05:00:00,41.70000000001164,8.4,6.7,1010.9,5,3.1,4,16,5,5
2018-04-16 06:00:00,44.5,8.4,6.9,1011.6,5,4.1,4,16,6,6
2018-04-16 07:00:00,47.10000000000582,9.3,7.4,1012.4,5,4.6,4,16,7,7
2018-04-16 08:00:00,54.10000000000582,11.1,7.5,1013.2,5,5.1,4,16,1,8
2018-04-16 09:00:00,58.29999999998836,12.3,6.2,1013.8,5,6.2,4,16,2,9
2018-04-16 10:00:00,60.0,12.6,5.6,1014.0,5,4.6,4,16,3,10
2018-04-16 11:00:00,61.60000000000582,12.9,5.1,1014.5,5,5.7,4,16,4,11
2018-04-16 12:00:00,63.69999999998254,13.5,5.2,1014.7,5,6.2,4,16,5,12
2018-04-16 13:00:00,67.69999999998254,13.8,5.2,1014.9,5,6.7,4,16,6,13
2018-04-16 14:00:00,63.80000000001746,14.9,6.1,1015.1,5,6.7,4,16,7,14
2018-04-16 15:00:00,57.0,15.1,3.7,1015.1,5,7.7,4,16,1,15
2018-04-16 16:00:00,61.69999999998254,14.9,3.0,1015.5,5,7.7,4,16,2,16
2018-04-16 17:00:00,60.10000000000582,13.5,3.1,1015.9,5,7.7,4,16,3,17
2018-04-16 18:00:00,64.5,13.1,2.5,1016.3,5,7.2,4,16,4,18
2018-04-16 19:00:00,67.5,12.6,2.9,1016.9,5,4.6,4,16,5,19
2018-04-16 20:00:00,65.20000000001164,11.4,3.3,1017.2,4,3.6,4,16,6,20
2018-04-16 21:00:00,63.400000000023276,10.6,4.0,1017.1,4,3.6,4,16,7,21
2018-04-16 22:00:00,62.29999999998836,10.5,4.4,1017.4,4,4.1,4,16,1,22
2018-04-16 23:00:00,56.400000000023276,10.0,4.5,1017.5,4,4.1,4,16,2,23
2018-04-17 00:00:00,46.29999999998836,10.2,4.5,1017.4,3,5.1,4,17,3,0
2018-04-17 01:00:00,48.19999999998254,10.2,5.2,1017.6,4,5.1,4,17,4,1
2018-04-17 02:00:00,47.10000000000582,10.6,5.8,1017.6,4,4.1,4,17,5,2
2018-04-17 03:00:00,45.5,10.4,5.7,1017.3,4,4.1,4,17,6,3
2018-04-17 04:00:00,48.70000000001164,10.8,5.1,1017.3,4,4.1,4,17,7,4
2018-04-17 05:00:00,45.5,10.4,4.9,1017.4,4,4.1,4,17,1,5
2018-04-17 06:00:00,46.099999999976724,11.1,5.2,1017.8,4,5.1,4,17,2,6
2018-04-17 07:00:00,48.0,11.4,5.4,1018.7,4,5.1,4,17,3,7
2018-04-17 08:00:00,60.39999999999418,12.7,5.1,1019.0,4,6.7,4,17,4,8
2018-04-17 09:00:00,62.39999999999418,13.9,5.3,1019.3,4,6.2,4,17,5,9
2018-04-17 10:00:00,59.0,15.8,5.4,1019.2,4,7.2,4,17,6,10
2018-04-17 11:00:00,61.30000000001746,16.9,6.2,1019.5,4,7.7,4,17,7,11
2018-04-17 12:00:00,64.10000000000582,17.8,7.9,1019.6,5,9.3,4,17,1,12
2018-04-17 13:00:00,56.89999999999418,17.7,7.9,1020.1,5,9.8,4,17,2,13
2018-04-17 14:00:00,56.79999999998836,17.3,8.2,1020.5,4,8.2,4,17,3,14
2018-04-17 15:00:00,56.70000000001164,17.3,8.9,1020.9,4,9.3,4,17,4,15
2018-04-17 16:00:00,55.79999999998836,17.3,9.4,1021.2,5,7.2,4,17,5,16
2018-04-17 17:00:00,57.39999999999418,17.3,9.5,1021.5,5,7.7,4,17,6,17
2018-04-17 18:00:00,62.30000000001746,17.1,9.7,1021.9,4,6.2,4,17,7,18
2018-04-17 19:00:00,64.10000000000582,16.5,9.8,1022.9,5,7.7,4,17,1,19
2018-04-17 20:00:00,60.60000000000582,16.0,10.2,1023.6,5,5.7,4,17,2,20
2018-04-17 21:00:00,57.39999999999418,16.0,10.3,1023.6,4,4.6,4,17,3,21
2018-04-17 22:00:00,54.19999999998254,15.0,9.4,1024.0,4,3.6,4,17,4,22
2018-04-17 23:00:00,49.89999999999418,13.7,9.3,1024.6,4,3.1,4,17,5,23
2018-04-18 00:00:00,44.400000000023276,13.4,9.4,1025.2,5,3.1,4,18,6,0
2018-04-18 01:00:00,44.79999999998836,11.9,8.6,1025.4,4,1.5,4,18,7,1
2018-04-18 02:00:00,44.20000000001164,12.1,9.2,1025.7,3,1.5,4,18,1,2
2018-04-18 03:00:00,41.0,10.5,8.2,1026.0,3,2.1,4,18,2,3
2018-04-18 04:00:00,39.69999999998254,10.8,8.8,1026.2,4,1.5,4,18,3,4
2018-04-18 05:00:00,38.10000000000582,10.8,8.9,1026.9,4,2.1,4,18,4,5
2018-04-18 06:00:00,41.70000000001164,11.6,9.6,1027.4,4,2.1,4,18,5,6
2018-04-18 07:00:00,44.19999999998254,13.3,10.6,1028.0,4,3.1,4,18,6,7
2018-04-18 08:00:00,51.10000000000582,15.8,11.7,1028.2,3,1.5,4,18,7,8
2018-04-18 09:00:00,51.89999999999418,17.8,12.2,1028.5,5,2.6,4,18,1,9
2018-04-18 10:00:00,54.39999999999418,19.3,12.1,1028.4,3,3.1,4,18,2,10
2018-04-18 11:00:00,53.80000000001746,20.7,12.1,1028.0,4,4.1,4,18,3,11
2018-04-18 12:00:00,54.30000000001746,22.2,12.7,1027.4,4,2.6,4,18,4,12
2018-04-18 13:00:00,47.0,23.1,11.9,1026.9,3,5.1,4,18,5,13
2018-04-18 14:00:00,46.70000000001164,24.1,9.4,1026.4,3,5.7,4,18,6,14
2018-04-18 15:00:00,46.0,24.3,7.1,1026.0,3,7.2,4,18,7,15
2018-04-18 16:00:00,49.89999999999418,23.9,6.5,1025.5,3,7.2,4,18,1,16
2018-04-18 17:00:00,50.0,23.3,6.4,1025.3,3,6.7,4,18,2,17
2018-04-18 18:00:00,53.19999999998254,22.1,8.6,1025.1,3,5.7,4,18,3,18
2018-04-18 19:00:00,53.099999999976724,21.0,8.0,1024.9,3,5.7,4,18,4,19
2018-04-18 20:00:00,55.20000000001164,19.0,9.2,1024.9,2,5.1,4,18,5,20
2018-04-18 21:00:00,55.20000000001164,17.5,10.1,1024.8,2,3.6,4,18,6,21
2018-04-18 22:00:00,52.89999999999418,16.6,10.3,1024.7,2,3.1,4,18,7,22
2018-04-18 23:00:00,45.60000000000582,14.8,9.9,1024.9,2,2.6,4,18,1,23
2018-04-19 00:00:00,37.29999999998836,15.1,10.0,1024.7,1,2.1,4,19,2,0
2018-04-19 01:00:00,36.10000000000582,13.4,9.3,1024.4,1,1.0,4,19,3,1
2018-04-19 02:00:00,36.60000000000582,12.1,8.4,1024.0,2,1.0,4,19,4,2
2018-04-19 03:00:00,34.79999999998836,12.4,9.0,1023.8,2,1.0,4,19,5,3
2018-04-19 04:00:00,33.29999999998836,11.6,8.6,1023.6,1,1.0,4,19,6,4
2018-04-19 05:00:00,33.70000000001164,11.8,8.8,1023.4,1,1.0,4,19,7,5
2018-04-19 06:00:00,34.5,12.6,9.1,1023.7,0,1.0,4,19,1,6
2018-04-19 07:00:00,39.70000000001164,15.5,10.3,1024.0,0,0.5,4,19,2,7
2018-04-19 08:00:00,49.60000000000582,18.9,11.9,1023.9,2,1.0,4,19,3,8
2018-04-19 09:00:00,54.19999999998254,21.7,10.8,1023.7,2,1.5,4,19,4,9
2018-04-19 10:00:00,50.39999999999418,23.8,10.8,1023.6,2,1.0,4,19,5,10
2018-04-19 11:00:00,50.20000000001164,26.0,11.3,1023.5,2,1.5,4,19,6,11
2018-04-19 12:00:00,44.89999999999418,26.9,10.6,1023.2,3,2.1,4,19,7,12
2018-04-19 13:00:00,45.5,27.5,7.8,1022.8,4,2.6,4,19,1,13
2018-04-19 14:00:00,41.599999999976724,27.9,6.6,1022.5,4,3.6,4,19,2,14
2018-04-19 15:00:00,45.10000000000582,27.7,7.4,1022.1,4,3.1,4,19,3,15
2018-04-19 16:00:00,45.80000000001746,27.6,6.8,1021.9,3,1.5,4,19,4,16
2018-04-19 17:00:00,46.20000000001164,27.3,8.3,1021.8,4,2.1,4,19,5,17
2018-04-19 18:00:00,50.89999999999418,25.9,8.1,1021.8,5,4.6,4,19,6,18
2018-04-19 19:00:00,52.79999999998836,23.7,7.5,1022.2,5,4.1,4,19,7,19
2018-04-19 20:00:00,52.89999999999418,22.2,8.1,1023.0,4,2.6,4,19,1,20
2018-04-19 21:00:00,52.19999999998254,20.4,9.9,1023.3,4,3.6,4,19,2,21
2018-04-19 22:00:00,47.5,19.6,9.8,1023.0,5,3.6,4,19,3,22
2018-04-19 23:00:00,46.79999999998836,16.4,9.4,1023.1,5,2.1,4,19,4,23
2018-04-20 00:00:00,37.60000000000582,15.7,9.8,1023.1,5,2.1,4,20,5,0
2018-04-20 01:00:00,34.599999999976724,15.6,10.0,1022.7,6,0.5,4,20,6,1
2018-04-20 02:00:00,34.89999999999418,14.2,10.1,1022.7,6,1.0,4,20,7,2
2018-04-20 03:00:00,37.0,13.0,9.5,1022.7,5,1.5,4,20,1,3
2018-04-20 04:00:00,35.5,13.2,10.0,1022.3,0,0.5,4,20,2,4
2018-04-20 05:00:00,34.0,12.6,10.1,1022.8,6,3.1,4,20,3,5
2018-04-20 06:00:00,36.10000000000582,13.3,10.4,1023.2,6,2.6,4,20,4,6
2018-04-20 07:00:00,40.30000000001746,14.4,11.3,1023.5,6,2.1,4,20,5,7
2018-04-20 08:00:00,47.60000000000582,16.4,11.7,1023.5,7,2.1,4,20,6,8
2018-04-20 09:00:00,54.10000000000582,18.8,12.5,1023.7,6,2.1,4,20,7,9
2018-04-20 10:00:00,51.30000000001746,21.2,12.7,1023.8,7,1.0,4,20,1,10
2018-04-20 11:00:00,51.39999999999418,23.1,13.1,1023.7,6,2.6,4,20,2,11
2018-04-20 12:00:00,52.0,24.0,12.6,1023.5,6,2.6,4,20,3,12
2018-04-20 13:00:00,50.39999999999418,24.8,11.0,1023.1,7,3.1,4,20,4,13
2018-04-20 14:00:00,47.0,25.0,10.6,1023.1,6,3.1,4,20,5,14
2018-04-20 15:00:00,47.0,25.5,10.5,1022.7,7,2.6,4,20,6,15
2018-04-20 16:00:00,47.29999999998836,25.5,10.5,1022.3,6,1.5,4,20,7,16
2018-04-20 17:00:00,49.79999999998836,25.2,11.3,1022.1,6,3.1,4,20,1,17
2018-04-20 18:00:00,51.80000000001746,24.1,9.4,1022.2,7,2.6,4,20,2,18
2018-04-20 19:00:00,58.5,22.0,10.2,1022.5,0,3.1,4,20,3,19
2018-04-20 20:00:00,55.89999999999418,20.2,10.8,1023.0,0,2.6,4,20,4,20
2018-04-20 21:00:00,53.900000000023276,18.7,10.8,1023.3,1,2.6,4,20,5,21
2018-04-20 22:00:00,48.5,18.3,9.9,1023.2,1,2.6,4,20,6,22
2018-04-20 23:00:00,42.79999999998836,15.0,11.0,1023.4,2,3.1,4,20,7,23
2018-04-21 00:00:00,39.39999999999418,13.6,10.2,1023.3,2,2.6,4,21,1,0
2018-04-21 01:00:00,37.5,13.5,10.0,1022.9,2,3.1,4,21,2,1
2018-04-21 02:00:00,35.30000000001746,13.4,9.3,1022.8,1,2.1,4,21,3,2
2018-04-21 03:00:00,33.70000000001164,12.9,9.2,1022.6,1,2.1,4,21,4,3
2018-04-21 04:00:00,34.39999999999418,12.5,9.1,1022.2,1,2.6,4,21,5,4
2018-04-21 05:00:00,33.80000000001746,12.1,9.1,1022.2,1,2.6,4,21,6,5
2018-04-21 06:00:00,33.80000000001746,12.2,9.4,1022.5,2,2.1,4,21,7,6
2018-04-21 07:00:00,38.69999999998254,13.8,10.1,1022.3,2,3.6,4,21,1,7
2018-04-21 08:00:00,43.39999999999418,16.1,11.3,1022.0,2,3.1,4,21,2,8
2018-04-21 09:00:00,48.39999999999418,17.9,11.1,1022.0,3,2.6,4,21,3,9
2018-04-21 10:00:00,47.60000000000582,20.0,12.1,1021.3,3,2.6,4,21,4,10
2018-04-21 11:00:00,47.20000000001164,21.9,10.9,1020.7,3,3.1,4,21,5,11
2018-04-21 12:00:00,51.29999999998836,23.0,11.2,1020.0,4,3.6,4,21,6,12
2018-04-21 13:00:00,48.099999999976724,22.6,12.1,1019.7,4,2.1,4,21,7,13
2018-04-21 14:00:00,47.10000000000582,21.8,11.6,1019.2,5,4.6,4,21,1,14
2018-04-21 15:00:00,47.70000000001164,21.6,12.1,1018.4,3,1.0,4,21,2,15
2018-04-21 16:00:00,48.0,20.2,14.9,1017.7,2,2.1,4,21,3,16
2018-04-21 17:00:00,51.19999999998254,22.3,14.3,1016.4,2,3.6,4,21,4,17
2018-04-21 18:00:00,58.10000000000582,19.4,13.1,1016.0,2,4.1,4,21,5,18
2018-04-21 19:00:00,61.89999999999418,18.5,12.6,1015.2,2,5.1,4,21,6,19
2018-04-21 20:00:00,60.099999999976724,19.0,12.9,1015.2,3,5.1,4,21,7,20
2018-04-21 21:00:00,56.39999999999418,17.7,12.6,1015.8,4,3.6,4,21,1,21
2018-04-21 22:00:00,54.79999999998836,17.6,12.7,1014.5,3,4.1,4,21,2,22
2018-04-21 23:00:00,47.89999999999418,16.6,12.9,1015.7,4,4.6,4,21,3,23
2018-04-22 00:00:00,42.29999999998836,14.8,13.9,1015.6,1,1.0,4,22,4,0
2018-04-22 01:00:00,37.39999999999418,14.4,13.7,1013.5,1,2.1,4,22,5,1
2018-04-22 02:00:00,34.30000000001746,13.4,12.6,1012.7,2,1.0,4,22,6,2
2018-04-22 03:00:00,32.20000000001164,15.0,13.5,1012.6,1,3.6,4,22,7,3
2018-04-22 04:00:00,31.0,13.0,11.6,1011.3,2,2.1,4,22,1,4
2018-04-22 05:00:00,30.699999999982534,12.4,11.7,1010.6,2,2.6,4,22,2,5
2018-04-22 06:00:00,31.199999999982534,14.0,13.3,1010.2,3,2.1,4,22,3,6
2018-04-22 07:00:00,36.5,15.2,12.8,1009.8,4,3.6,4,22,4,7
2018-04-22 08:00:00,45.0,16.5,13.4,1009.7,5,4.1,4,22,5,8
2018-04-22 09:00:00,48.0,18.6,13.9,1009.9,5,4.6,4,22,6,9
2018-04-22 10:00:00,46.0,19.9,13.0,1009.5,5,5.1,4,22,7,10
2018-04-22 11:00:00,47.39999999999418,21.2,12.5,1009.2,5,5.7,4,22,1,11
2018-04-22 12:00:00,56.80000000001746,22.2,11.6,1008.8,5,6.7,4,22,2,12
2018-04-22 13:00:00,54.60000000000582,23.0,12.2,1008.4,6,6.7,4,22,3,13
2018-04-22 14:00:00,48.79999999998836,23.4,11.2,1008.2,5,5.7,4,22,4,14
2018-04-22 15:00:00,52.10000000000582,21.6,10.8,1008.3,6,7.2,4,22,5,15
2018-04-22 16:00:00,53.19999999998254,20.9,10.5,1008.3,6,6.7,4,22,6,16
2018-04-22 17:00:00,55.20000000001164,19.2,7.8,1009.0,6,6.2,4,22,7,17
2018-04-22 18:00:00,58.69999999998254,18.2,8.1,1009.4,6,6.7,4,22,1,18
2018-04-22 19:00:00,61.5,16.4,8.4,1010.4,6,5.1,4,22,2,19
2018-04-22 20:00:00,64.29999999998836,15.2,9.4,1011.1,6,4.6,4,22,3,20
2018-04-22 21:00:00,58.5,13.7,8.9,1011.9,6,7.2,4,22,4,21
2018-04-22 22:00:00,54.5,12.6,8.4,1012.5,6,6.7,4,22,5,22
2018-04-22 23:00:00,53.10000000000582,11.0,5.6,1013.4,6,5.7,4,22,6,23
2018-04-23 00:00:00,44.400000000023276,9.6,5.6,1014.0,6,5.1,4,23,7,0
2018-04-23 01:00:00,42.0,8.7,6.3,1014.2,6,5.1,4,23,1,1
2018-04-23 02:00:00,37.69999999998254,8.7,6.3,1014.4,6,4.1,4,23,2,2
2018-04-23 03:00:00,35.5,8.2,6.0,1014.5,5,3.6,4,23,3,3
2018-04-23 04:00:00,34.19999999998254,7.9,6.0,1014.7,6,4.1,4,23,4,4
2018-04-23 05:00:00,34.69999999998254,8.1,6.2,1015.0,5,3.6,4,23,5,5
2018-04-23 06:00:00,36.5,8.8,6.7,1015.8,5,3.1,4,23,6,6
2018-04-23 07:00:00,47.30000000001746,10.5,7.5,1016.4,6,4.6,4,23,7,7
2018-04-23 08:00:00,54.79999999998836,11.8,7.3,1016.4,6,4.6,4,23,1,8
2018-04-23 09:00:00,58.69999999998254,12.2,7.0,1017.0,6,6.2,4,23,2,9
2018-04-23 10:00:00,55.39999999999418,13.7,6.2,1017.0,6,6.7,4,23,3,10
2018-04-23 11:00:00,54.5,13.3,6.2,1017.3,6,7.7,4,23,4,11
2018-04-23 12:00:00,56.70000000001164,14.7,5.8,1017.5,6,7.2,4,23,5,12
2018-04-23 13:00:00,54.79999999998836,14.3,5.7,1017.5,6,8.2,4,23,6,13
2018-04-23 14:00:00,52.20000000001164,16.6,7.0,1016.9,5,8.2,4,23,7,14
2018-04-23 15:00:00,54.10000000000582,15.8,6.2,1016.4,6,7.2,4,23,1,15
2018-04-23 16:00:00,56.099999999976724,16.1,6.5,1016.1,6,7.7,4,23,2,16
2018-04-23 17:00:00,61.10000000000582,15.3,6.2,1015.7,6,6.7,4,23,3,17
2018-04-23 18:00:00,65.70000000001164,14.9,6.8,1015.6,5,7.7,4,23,4,18
2018-04-23 19:00:00,71.79999999998836,14.0,7.1,1015.9,5,6.7,4,23,5,19
2018-04-23 20:00:00,67.19999999998254,13.6,7.3,1016.0,5,6.7,4,23,6,20
2018-04-23 21:00:00,61.89999999999418,12.8,7.1,1016.1,5,6.7,4,23,7,21
2018-04-23 22:00:00,58.0,12.4,7.1,1015.9,5,6.2,4,23,1,22
2018-04-23 23:00:00,52.20000000001164,12.0,7.3,1016.0,5,5.7,4,23,2,23
2018-04-24 00:00:00,47.60000000000582,11.9,7.4,1015.4,5,5.7,4,24,3,0
2018-04-24 01:00:00,44.30000000001746,11.8,8.1,1015.3,5,5.7,4,24,4,1
2018-04-24 02:00:00,41.89999999999418,11.8,8.6,1015.2,5,5.7,4,24,5,2
2018-04-24 03:00:00,37.69999999998254,11.7,8.7,1015.4,5,5.7,4,24,6,3
2018-04-24 04:00:00,36.60000000000582,11.3,8.6,1015.3,5,4.6,4,24,7,4
2018-04-24 05:00:00,36.60000000000582,11.4,8.6,1015.2,6,4.6,4,24,1,5
2018-04-24 06:00:00,37.10000000000582,11.8,8.7,1015.1,5,4.6,4,24,2,6
2018-04-24 07:00:00,47.60000000000582,12.2,8.8,1016.1,6,4.6,4,24,3,7
2018-04-24 08:00:00,55.0,12.8,8.8,1016.2,6,5.7,4,24,4,8
2018-04-24 09:00:00,54.69999999998254,13.0,8.0,1016.3,6,5.7,4,24,5,9
2018-04-24 10:00:00,56.5,13.7,8.3,1016.1,5,3.6,4,24,6,10
2018-04-24 11:00:00,60.89999999999418,14.4,7.9,1015.7,5,4.1,4,24,7,11
2018-04-24 12:00:00,60.79999999998836,15.7,7.9,1014.7,5,5.7,4,24,1,12
2018-04-24 13:00:00,64.89999999999418,16.9,8.2,1013.5,5,7.2,4,24,2,13
2018-04-24 14:00:00,62.0,16.7,5.3,1012.6,5,7.2,4,24,3,14
2018-04-24 15:00:00,57.60000000000582,14.8,10.4,1012.1,5,9.3,4,24,4,15
2018-04-24 16:00:00,60.5,13.9,10.6,1011.3,5,9.3,4,24,5,16
2018-04-24 17:00:00,63.10000000000582,13.8,10.8,1010.5,5,9.3,4,24,6,17
2018-04-24 18:00:00,73.69999999998255,13.9,10.8,1009.7,5,8.8,4,24,7,18
2018-04-24 19:00:00,77.10000000000579,13.3,10.5,1009.2,5,8.8,4,24,1,19
2018-04-24 20:00:00,69.59999999997672,13.1,10.4,1008.8,5,7.2,4,24,2,20
2018-04-24 21:00:00,66.10000000000582,12.9,10.7,1008.6,5,8.2,4,24,3,21
2018-04-24 22:00:00,61.60000000000582,12.3,10.8,1008.3,5,7.2,4,24,4,22
2018-04-24 23:00:00,53.19999999998254,12.0,11.0,1008.4,5,7.2,4,24,5,23
2018-04-25 00:00:00,45.39999999999418,11.3,8.3,1009.2,6,7.7,4,25,6,0
2018-04-25 01:00:00,41.89999999999418,10.8,7.3,1009.7,6,6.7,4,25,7,1
2018-04-25 02:00:00,42.30000000001746,9.9,6.8,1010.2,6,4.6,4,25,1,2
2018-04-25 03:00:00,37.10000000000582,8.9,6.4,1010.6,6,5.1,4,25,2,3
2018-04-25 04:00:00,35.0,8.8,7.0,1011.0,6,4.6,4,25,3,4
2018-04-25 05:00:00,37.0,7.9,6.5,1011.4,5,4.6,4,25,4,5
2018-04-25 06:00:00,45.20000000001164,8.4,6.7,1011.8,5,5.1,4,25,5,6
2018-04-25 07:00:00,54.80000000001746,10.0,7.1,1012.1,6,5.7,4,25,6,7
2018-04-25 08:00:00,54.400000000023276,11.8,7.3,1012.5,6,7.7,4,25,7,8
2018-04-25 09:00:00,55.70000000001164,12.1,4.7,1012.9,6,6.2,4,25,1,9
2018-04-25 10:00:00,57.5,13.5,4.1,1013.0,6,7.7,4,25,2,10
2018-04-25 11:00:00,57.19999999998254,13.0,5.9,1013.1,6,7.2,4,25,3,11
2018-04-25 12:00:00,63.10000000000582,12.8,7.9,1012.7,6,4.1,4,25,4,12
2018-04-25 13:00:00,67.59999999997672,13.6,4.6,1012.3,6,5.1,4,25,5,13
2018-04-25 14:00:00,62.70000000001164,14.7,5.6,1012.1,6,8.2,4,25,6,14
2018-04-25 15:00:00,63.19999999998254,13.8,3.9,1011.9,6,9.8,4,25,7,15
2018-04-25 16:00:00,60.5,13.5,5.1,1011.8,5,8.2,4,25,1,16
2018-04-25 17:00:00,67.20000000001164,13.6,6.0,1011.6,5,7.7,4,25,2,17
2018-04-25 18:00:00,74.70000000001164,13.6,6.1,1011.7,5,6.7,4,25,3,18
2018-04-25 19:00:00,77.30000000001745,12.1,2.6,1012.3,6,8.2,4,25,4,19
2018-04-25 20:00:00,72.70000000001164,10.5,2.5,1012.9,6,8.8,4,25,5,20
2018-04-25 21:00:00,67.40000000002328,9.4,3.7,1013.7,6,5.7,4,25,6,21
2018-04-25 22:00:00,64.39999999999418,8.7,4.2,1014.1,6,4.6,4,25,7,22
2018-04-25 23:00:00,57.69999999998254,8.6,4.6,1014.5,6,5.7,4,25,1,23
2018-04-26 00:00:00,45.79999999998836,8.3,4.7,1014.7,6,5.7,4,26,2,0
2018-04-26 01:00:00,41.60000000000582,7.8,4.6,1014.9,5,5.1,4,26,3,1
2018-04-26 02:00:00,40.0,7.2,4.5,1015.1,5,4.6,4,26,4,2
2018-04-26 03:00:00,36.80000000001746,7.2,4.8,1015.2,5,6.2,4,26,5,3
2018-04-26 04:00:00,36.60000000000582,6.8,4.7,1015.5,5,5.1,4,26,6,4
2018-04-26 05:00:00,38.60000000000582,6.7,4.6,1015.7,5,4.6,4,26,7,5
2018-04-26 06:00:00,42.29999999998836,7.3,4.9,1016.2,5,5.1,4,26,1,6
2018-04-26 07:00:00,50.79999999998836,8.8,5.1,1016.6,5,5.7,4,26,2,7
2018-04-26 08:00:00,57.79999999998836,10.4,5.5,1016.9,6,7.2,4,26,3,8
2018-04-26 09:00:00,60.19999999998254,10.8,4.4,1016.8,6,6.7,4,26,4,9
2018-04-26 10:00:00,56.5,12.8,4.0,1016.7,6,8.2,4,26,5,10
2018-04-26 11:00:00,59.60000000000582,12.0,7.8,1016.9,5,7.2,4,26,6,11
2018-04-26 12:00:00,58.29999999998836,13.0,3.2,1016.5,5,8.2,4,26,7,12
2018-04-26 13:00:00,59.20000000001164,14.1,4.3,1016.2,6,6.2,4,26,1,13
2018-04-26 14:00:00,58.70000000001164,15.4,3.0,1016.0,6,8.2,4,26,2,14
2018-04-26 15:00:00,54.5,14.1,1.3,1015.6,6,5.7,4,26,3,15
2018-04-26 16:00:00,58.19999999998254,15.5,0.0,1015.3,6,7.2,4,26,4,16
2018-04-26 17:00:00,60.69999999998254,14.6,1.9,1015.3,6,6.2,4,26,5,17
2018-04-26 18:00:00,70.29999999998836,13.5,0.9,1015.2,6,5.7,4,26,6,18
2018-04-26 19:00:00,75.80000000001745,11.9,5.6,1015.3,5,6.7,4,26,7,19
2018-04-26 20:00:00,71.10000000000579,10.6,6.2,1015.6,5,5.1,4,26,1,20
2018-04-26 21:00:00,68.60000000000582,10.1,5.7,1015.5,5,5.1,4,26,2,21
2018-04-26 22:00:00,63.79999999998836,9.6,5.7,1015.3,5,3.6,4,26,3,22
2018-04-26 23:00:00,57.39999999999418,9.3,6.2,1014.9,5,3.1,4,26,4,23
2018-04-27 00:00:00,51.19999999998254,9.0,6.2,1014.3,5,2.6,4,27,5,0
2018-04-27 01:00:00,44.5,8.1,6.2,1013.7,4,3.6,4,27,6,1
2018-04-27 02:00:00,41.5,8.0,6.2,1013.1,4,2.1,4,27,7,2
2018-04-27 03:00:00,38.69999999998254,8.0,6.4,1012.6,4,2.1,4,27,1,3
2018-04-27 04:00:00,38.39999999999418,7.6,6.4,1011.5,3,1.5,4,27,2,4
2018-04-27 05:00:00,40.5,7.9,6.9,1011.0,3,2.1,4,27,3,5
2018-04-27 06:00:00,44.10000000000582,7.5,6.0,1010.8,4,4.1,4,27,4,6
2018-04-27 07:00:00,53.400000000023276,7.4,6.6,1009.8,2,2.1,4,27,5,7
2018-04-27 08:00:00,61.400000000023276,7.9,6.3,1009.1,2,4.6,4,27,6,8
2018-04-27 09:00:00,65.0,8.7,6.4,1008.4,2,4.1,4,27,7,9
2018-04-27 10:00:00,66.0,8.9,6.5,1007.4,2,4.1,4,27,1,10
2018-04-27 11:00:00,66.70000000001164,10.4,7.6,1006.1,2,5.7,4,27,2,11
2018-04-27 12:00:00,72.5,12.2,8.5,1005.2,2,5.1,4,27,3,12
2018-04-27 13:00:00,74.0,12.0,8.4,1004.8,3,5.1,4,27,4,13
2018-04-27 14:00:00,70.0,10.7,8.5,1005.1,4,5.1,4,27,5,14
2018-04-27 15:00:00,67.20000000001164,10.3,8.3,1004.5,3,2.1,4,27,6,15
2018-04-27 16:00:00,63.29999999998836,11.1,8.9,1004.1,2,3.1,4,27,7,16
2018-04-27 17:00:00,67.59999999997672,11.5,9.1,1003.9,3,4.6,4,27,1,17
2018-04-27 18:00:00,78.60000000000579,11.0,9.1,1004.1,3,4.6,4,27,2,18
2018-04-27 19:00:00,81.79999999998836,10.5,9.5,1004.3,2,2.6,4,27,3,19
2018-04-27 20:00:00,72.29999999998836,10.2,9.6,1004.6,2,2.1,4,27,4,20
2018-04-27 21:00:00,66.5,10.3,9.8,1004.7,3,1.0,4,27,5,21
2018-04-27 22:00:00,62.0,10.4,9.9,1004.7,1,1.5,4,27,6,22
2018-04-27 23:00:00,59.80000000001746,10.5,10.0,1004.6,0,1.5,4,27,7,23
2018-04-28 00:00:00,53.79999999998836,10.3,9.9,1004.7,0,2.1,4,28,1,0
2018-04-28 01:00:00,48.400000000023276,10.1,9.7,1004.8,0,1.5,4,28,2,1
2018-04-28 02:00:00,45.10000000000582,9.4,8.3,1005.2,0,3.6,4,28,3,2
2018-04-28 03:00:00,40.5,8.6,7.9,1005.7,0,2.6,4,28,4,3
2018-04-28 04:00:00,39.5,8.4,7.3,1006.0,0,4.1,4,28,5,4
2018-04-28 05:00:00,40.89999999999418,8.4,7.2,1006.6,0,3.1,4,28,6,5
2018-04-28 06:00:00,41.89999999999418,8.3,7.0,1007.6,0,3.1,4,28,7,6
2018-04-28 07:00:00,45.20000000001164,7.9,7.0,1008.6,0,3.1,4,28,1,7
2018-04-28 08:00:00,56.69999999998254,7.9,7.1,1009.0,0,2.1,4,28,2,8
2018-04-28 09:00:00,61.20000000001164,8.1,7.1,1009.5,0,3.6,4,28,3,9
2018-04-28 10:00:00,64.5,8.4,7.0,1010.3,0,2.6,4,28,4,10
2018-04-28 11:00:00,74.29999999998836,8.5,6.7,1010.7,0,2.1,4,28,5,11
2018-04-28 12:00:00,82.5,8.4,6.9,1011.0,0,3.1,4,28,6,12
2018-04-28 13:00:00,75.0,8.7,6.6,1011.2,0,3.1,4,28,7,13
2018-04-28 14:00:00,69.89999999999418,9.0,7.0,1011.5,0,2.1,4,28,1,14
2018-04-28 15:00:00,67.59999999997672,8.8,7.1,1011.4,0,2.6,4,28,2,15
2018-04-28 16:00:00,65.30000000001746,8.8,6.8,1011.4,0,3.6,4,28,3,16
2018-04-28 17:00:00,69.59999999997672,9.0,6.6,1011.6,0,3.6,4,28,4,17
2018-04-28 18:00:00,78.40000000002328,8.6,6.2,1012.1,0,3.6,4,28,5,18
2018-04-28 19:00:00,82.89999999999421,8.3,6.4,1012.4,0,3.1,4,28,6,19
2018-04-28 20:00:00,81.79999999998836,8.2,6.1,1012.8,0,3.1,4,28,7,20
2018-04-28 21:00:00,79.70000000001164,8.1,6.0,1012.8,0,2.6,4,28,1,21
2018-04-28 22:00:00,70.20000000001164,7.7,5.7,1012.5,0,2.1,4,28,2,22
2018-04-28 23:00:00,65.19999999998254,7.5,5.8,1013.0,0,2.1,4,28,3,23
2018-04-29 00:00:00,55.39999999999418,7.4,5.6,1012.8,0,2.1,4,29,4,0
2018-04-29 01:00:00,54.60000000000582,7.2,5.6,1012.5,0,2.6,4,29,5,1
2018-04-29 02:00:00,52.39999999999418,6.9,5.5,1012.1,0,3.1,4,29,6,2
2018-04-29 03:00:00,46.89999999999418,6.8,5.6,1012.1,0,2.6,4,29,7,3
2018-04-29 04:00:00,50.099999999976724,6.8,5.1,1012.0,0,2.6,4,29,1,4
2018-04-29 05:00:00,48.20000000001164,6.7,4.9,1012.0,0,2.6,4,29,2,5
2018-04-29 06:00:00,46.60000000000582,6.9,5.0,1012.1,1,3.1,4,29,3,6
2018-04-29 07:00:00,52.5,7.4,5.1,1011.9,1,3.1,4,29,4,7
2018-04-29 08:00:00,62.5,7.5,5.2,1012.2,0,3.1,4,29,5,8
2018-04-29 09:00:00,71.29999999998836,7.7,4.9,1012.0,1,4.6,4,29,6,9
2018-04-29 10:00:00,68.90000000002328,7.6,5.4,1011.6,0,4.6,4,29,7,10
2018-04-29 11:00:00,71.39999999999421,7.7,5.1,1011.4,0,5.1,4,29,1,11
2018-04-29 12:00:00,87.10000000000582,7.6,4.8,1011.0,0,5.1,4,29,2,12
2018-04-29 13:00:00,85.10000000000579,7.9,4.4,1010.6,0,5.7,4,29,3,13
2018-04-29 14:00:00,78.5,7.7,4.4,1010.5,0,5.7,4,29,4,14
2018-04-29 15:00:00,76.0,7.4,4.7,1010.5,0,5.1,4,29,5,15
2018-04-29 16:00:00,77.10000000000579,7.5,4.4,1009.8,0,5.7,4,29,6,16
2018-04-29 17:00:00,85.79999999998836,7.4,3.7,1010.0,0,6.7,4,29,7,17
2018-04-29 18:00:00,95.10000000000582,7.1,3.9,1009.9,0,6.2,4,29,1,18
2018-04-29 19:00:00,100.10000000000582,7.1,4.1,1009.9,0,6.2,4,29,2,19
2018-04-29 20:00:00,98.5,6.6,3.6,1009.6,0,5.1,4,29,3,20
2018-04-29 21:00:00,86.80000000001745,6.8,3.0,1009.5,1,6.7,4,29,4,21
2018-04-29 22:00:00,77.5,6.8,3.0,1008.4,0,7.2,4,29,5,22
2018-04-29 23:00:00,74.29999999998836,6.9,2.7,1008.1,0,5.7,4,29,6,23
2018-04-30 00:00:00,59.89999999999418,6.9,2.7,1007.8,0,5.7,4,30,7,0
2018-04-30 01:00:00,59.0,6.8,2.7,1007.6,0,6.7,4,30,1,1
2018-04-30 02:00:00,54.69999999998254,6.5,2.9,1007.3,0,6.2,4,30,2,2
2018-04-30 03:00:00,50.89999999999418,5.9,3.1,1006.5,0,6.7,4,30,3,3
2018-04-30 04:00:00,52.10000000000582,5.5,2.4,1005.7,0,6.7,4,30,4,4
2018-04-30 05:00:00,50.5,5.6,3.0,1004.9,0,5.7,4,30,5,5
2018-04-30 06:00:00,56.5,5.8,2.7,1004.7,0,7.2,4,30,6,6
2018-04-30 07:00:00,66.5,5.7,3.0,1004.8,0,7.7,4,30,7,7
2018-04-30 08:00:00,78.39999999999421,5.9,2.9,1005.1,0,6.7,4,30,1,8
2018-04-30 09:00:00,79.10000000000579,6.0,3.0,1004.9,0,7.2,4,30,2,9
2018-04-30 10:00:00,81.10000000000579,6.3,3.4,1005.0,0,6.2,4,30,3,10
2018-04-30 11:00:00,82.89999999999421,7.5,1.8,1005.2,0,6.7,4,30,4,11
2018-04-30 12:00:00,82.89999999999421,7.6,1.2,1005.6,0,6.7,4,30,5,12
2018-04-30 13:00:00,84.30000000001745,8.2,1.6,1006.1,0,5.1,4,30,6,13
2018-04-30 14:00:00,84.39999999999421,8.9,1.7,1006.1,0,5.1,4,30,7,14
2018-04-30 15:00:00,80.20000000001164,9.3,1.7,1006.2,7,5.7,4,30,1,15
2018-04-30 16:00:00,80.79999999998836,9.5,2.0,1006.5,7,4.1,4,30,2,16
2018-04-30 17:00:00,80.40000000002328,9.3,0.6,1007.0,7,5.7,4,30,3,17
2018-04-30 18:00:00,93.09999999997672,9.1,0.4,1007.3,7,4.1,4,30,4,18
2018-04-30 19:00:00,96.5,8.9,0.5,1007.8,7,4.1,4,30,5,19
2018-04-30 20:00:00,90.70000000001164,8.3,0.1,1008.2,7,3.1,4,30,6,20
2018-04-30 21:00:00,82.89999999999421,7.6,0.5,1008.6,6,2.1,4,30,7,21
2018-04-30 22:00:00,78.89999999999421,7.2,-0.1,1008.7,6,2.1,4,30,1,22
2018-04-30 23:00:00,76.5,6.3,0.6,1009.0,6,3.1,4,30,2,23
2018-05-01 00:00:00,64.69999999998254,5.1,1.1,1009.2,6,3.1,5,1,3,0
2018-05-01 01:00:00,55.79999999998836,4.8,1.7,1009.3,6,4.1,5,1,4,1
2018-05-01 02:00:00,55.400000000023276,3.2,0.9,1009.5,6,4.1,5,1,5,2
2018-05-01 03:00:00,52.60000000000582,3.4,0.6,1009.7,6,3.1,5,1,6,3
2018-05-01 04:00:00,51.20000000001164,2.9,0.3,1009.7,6,4.1,5,1,7,4
2018-05-01 05:00:00,47.80000000001746,2.5,-0.1,1009.9,6,3.1,5,1,1,5
2018-05-01 06:00:00,55.69999999998254,3.7,0.5,1010.4,6,3.1,5,1,2,6
2018-05-01 07:00:00,59.0,5.8,0.9,1010.7,6,3.1,5,1,3,7
2018-05-01 08:00:00,66.89999999999418,8.3,2.0,1010.9,6,3.1,5,1,4,8
2018-05-01 09:00:00,66.79999999998836,10.6,2.1,1010.8,5,3.6,5,1,5,9
2018-05-01 10:00:00,66.90000000002328,12.0,2.6,1010.7,5,3.1,5,1,6,10
2018-05-01 11:00:00,66.5,14.2,4.6,1010.5,6,3.6,5,1,7,11
2018-05-01 12:00:00,67.90000000002328,13.6,0.9,1010.2,5,5.7,5,1,1,12
2018-05-01 13:00:00,72.29999999998836,14.4,3.0,1009.9,5,5.1,5,1,2,13
2018-05-01 14:00:00,69.60000000000582,12.3,3.3,1009.9,4,8.8,5,1,3,14
2018-05-01 15:00:00,71.30000000001745,13.3,4.4,1009.6,5,8.2,5,1,4,15
2018-05-01 16:00:00,72.19999999998255,12.1,7.7,1009.2,5,4.6,5,1,5,16
2018-05-01 17:00:00,79.29999999998836,11.9,4.0,1009.0,5,8.8,5,1,6,17
2018-05-01 18:00:00,80.79999999998836,10.4,4.8,1009.0,5,6.2,5,1,7,18
2018-05-01 19:00:00,91.90000000002328,10.4,3.1,1009.1,5,8.8,5,1,1,19
2018-05-01 20:00:00,89.40000000002328,9.6,4.2,1009.1,4,5.1,5,1,2,20
2018-05-01 21:00:00,85.39999999999421,9.1,4.0,1008.8,4,5.1,5,1,3,21
2018-05-01 22:00:00,77.60000000000579,9.2,4.1,1008.3,4,5.1,5,1,4,22
2018-05-01 23:00:00,72.0,9.3,4.0,1007.9,4,5.1,5,1,5,23
2018-05-02 00:00:00,62.30000000001746,9.2,4.1,1007.2,4,4.6,5,2,6,0
2018-05-02 01:00:00,59.5,9.6,5.4,1006.6,4,5.7,5,2,7,1
2018-05-02 02:00:00,57.19999999998254,9.8,5.6,1006.0,5,7.7,5,2,1,2
2018-05-02 03:00:00,51.70000000001164,9.8,5.5,1005.4,4,6.7,5,2,2,3
2018-05-02 04:00:00,50.39999999999418,9.2,6.4,1004.5,4,7.7,5,2,3,4
2018-05-02 05:00:00,47.69999999998254,9.2,6.4,1004.1,4,6.7,5,2,4,5
2018-05-02 06:00:00,50.39999999999418,9.5,6.4,1003.9,4,6.7,5,2,5,6
2018-05-02 07:00:00,60.10000000000582,9.4,7.0,1003.8,4,7.2,5,2,6,7
2018-05-02 08:00:00,76.0,9.2,7.7,1003.4,4,6.7,5,2,7,8
2018-05-02 09:00:00,79.39999999999421,9.7,8.1,1003.1,4,7.7,5,2,1,9
2018-05-02 10:00:00,77.0,9.8,8.6,1002.9,4,7.7,5,2,2,10
2018-05-02 11:00:00,76.69999999998255,10.1,9.1,1002.7,4,6.7,5,2,3,11
2018-05-02 12:00:00,77.70000000001164,10.5,9.7,1002.9,4,6.2,5,2,4,12
2018-05-02 13:00:00,72.79999999998836,13.4,10.0,1003.5,6,6.2,5,2,5,13
2018-05-02 14:00:00,77.10000000000579,10.0,7.0,1005.0,6,8.2,5,2,6,14
2018-05-02 15:00:00,72.29999999998836,12.6,7.5,1005.8,7,6.7,5,2,7,15
2018-05-02 16:00:00,70.20000000001164,12.5,7.3,1007.1,7,4.1,5,2,1,16
2018-05-02 17:00:00,72.39999999999421,12.6,5.4,1008.4,7,5.7,5,2,2,17
2018-05-02 18:00:00,81.60000000000579,12.2,4.9,1009.6,7,4.6,5,2,3,18
2018-05-02 19:00:00,73.5,11.2,3.3,1010.9,7,3.6,5,2,4,19
2018-05-02 20:00:00,76.89999999999421,10.1,3.9,1011.9,6,2.1,5,2,5,20
2018-05-02 21:00:00,75.29999999998836,9.7,3.8,1012.8,6,2.6,5,2,6,21
2018-05-02 22:00:00,76.19999999998255,9.3,2.7,1013.5,6,3.6,5,2,7,22
2018-05-02 23:00:00,67.69999999998254,7.2,2.6,1014.1,6,2.6,5,2,1,23
2018-05-03 00:00:00,53.89999999999418,5.6,2.5,1014.9,6,2.6,5,3,2,0
2018-05-03 01:00:00,52.80000000001746,6.4,4.5,1015.4,6,2.6,5,3,3,1
2018-05-03 02:00:00,53.29999999998836,5.2,4.0,1015.9,6,2.1,5,3,4,2
2018-05-03 03:00:00,50.39999999999418,4.8,3.9,1016.6,5,0.5,5,3,5,3
2018-05-03 04:00:00,50.10000000000582,4.6,3.8,1016.8,5,1.5,5,3,6,4
2018-05-03 05:00:00,47.29999999998836,4.2,3.7,1017.5,4,1.0,5,3,7,5
2018-05-03 06:00:00,50.0,5.6,5.2,1018.3,6,0.5,5,3,1,6
2018-05-03 07:00:00,58.60000000000582,7.0,5.2,1019.1,6,2.1,5,3,2,7
2018-05-03 08:00:00,66.39999999999418,9.1,5.8,1019.5,6,1.0,5,3,3,8
2018-05-03 09:00:00,68.5,10.6,5.5,1019.7,6,1.0,5,3,4,9
2018-05-03 10:00:00,72.39999999999421,13.4,6.2,1019.9,5,2.1,5,3,5,10
2018-05-03 11:00:00,70.19999999998254,14.0,4.4,1019.9,5,1.5,5,3,6,11
2018-05-03 12:00:00,62.0,14.8,2.7,1020.1,7,1.0,5,3,7,12
2018-05-03 13:00:00,62.30000000001746,16.2,3.2,1019.9,5,3.1,5,3,1,13
2018-05-03 14:00:00,59.79999999998836,15.5,3.7,1019.5,6,4.6,5,3,2,14
2018-05-03 15:00:00,60.19999999998254,16.6,3.3,1019.0,6,4.1,5,3,3,15
2018-05-03 16:00:00,58.60000000000582,17.3,4.1,1018.9,6,4.1,5,3,4,16
2018-05-03 17:00:00,62.80000000001746,17.3,4.4,1019.0,6,3.1,5,3,5,17
2018-05-03 18:00:00,71.89999999999421,15.0,5.0,1019.371908048772,6,4.6,5,3,6,18
2018-05-03 19:00:00,84.70000000001164,15.3,4.0,1020.0,6,4.1,5,3,7,19
2018-05-03 20:00:00,69.5,14.9,4.8,1020.8,6,2.1,5,3,1,20
2018-05-03 21:00:00,75.39999999999421,13.4,5.5,1021.4,5,4.1,5,3,2,21
2018-05-03 22:00:00,73.69999999998255,12.6,5.5,1021.4,5,3.6,5,3,3,22
2018-05-03 23:00:00,68.60000000000582,11.5,5.5,1021.6,5,2.6,5,3,4,23
2018-05-04 00:00:00,52.10000000000582,11.4,6.1,1021.8,5,2.1,5,4,5,0
2018-05-04 01:00:00,52.39999999999418,11.0,6.4,1021.9,5,2.1,5,4,6,1
2018-05-04 02:00:00,51.89999999999418,10.8,6.7,1022.1,4,2.1,5,4,7,2
2018-05-04 03:00:00,45.89999999999418,10.4,6.7,1022.2,6,1.0,5,4,1,3
2018-05-04 04:00:00,40.60000000000582,9.3,6.2,1022.0,6,1.0,5,4,2,4
2018-05-04 05:00:00,40.10000000000582,8.4,6.2,1022.5,6,0.5,5,4,3,5
2018-05-04 06:00:00,44.5,10.3,7.3,1022.9,3,1.0,5,4,4,6
2018-05-04 07:00:00,52.79999999998836,11.9,7.1,1023.2,4,1.5,5,4,5,7
2018-05-04 08:00:00,55.70000000001164,13.3,6.8,1023.4,5,2.1,5,4,6,8
2018-05-04 09:00:00,58.099999999976724,15.3,8.6,1023.6,6,2.1,5,4,7,9
2018-05-04 10:00:00,56.60000000000582,15.9,7.4,1023.7,4,2.6,5,4,1,10
2018-05-04 11:00:00,56.29999999998836,16.9,8.1,1023.6,5,2.6,5,4,2,11
2018-05-04 12:00:00,55.80000000001746,18.8,9.2,1023.6,5,2.6,5,4,3,12
2018-05-04 13:00:00,59.30000000001746,17.4,7.4,1023.6,6,2.1,5,4,4,13
2018-05-04 14:00:00,59.0,18.8,8.0,1023.6,0,1.5,5,4,5,14
2018-05-04 15:00:00,55.29999999998836,18.4,9.4,1023.4,7,3.6,5,4,6,15
2018-05-04 16:00:00,55.10000000000582,19.7,9.0,1023.3,7,2.1,5,4,7,16
2018-05-04 17:00:00,57.19999999998254,19.0,8.8,1023.2,0,2.1,5,4,1,17
2018-05-04 18:00:00,69.69999999998254,19.8,8.9,1023.4,0,1.5,5,4,2,18
2018-05-04 19:00:00,64.10000000000582,18.2,9.2,1023.8,7,2.1,5,4,3,19
2018-05-04 20:00:00,65.89999999999418,17.6,9.7,1024.0,0,2.1,5,4,4,20
2018-05-04 21:00:00,66.09999999997672,15.0,7.8,1024.7,3,5.1,5,4,5,21
2018-05-04 22:00:00,58.39999999999418,13.2,6.5,1025.3,4,3.6,5,4,6,22
2018-05-04 23:00:00,54.79999999998836,11.8,5.5,1025.7,4,2.6,5,4,7,23
2018-05-05 00:00:00,47.19999999998254,11.5,5.3,1026.2,1,1.0,5,5,1,0
2018-05-05 01:00:00,45.69999999998254,10.6,5.8,1025.9,1,1.0,5,5,2,1
2018-05-05 02:00:00,49.0,9.6,5.1,1025.6,1,0.5,5,5,3,2
2018-05-05 03:00:00,46.5,8.6,5.8,1025.7,1,0.5,5,5,4,3
2018-05-05 04:00:00,44.0,9.1,6.3,1025.6,2,0.5,5,5,5,4
2018-05-05 05:00:00,42.70000000001164,9.3,6.5,1025.8,0,1.0,5,5,6,5
2018-05-05 06:00:00,42.400000000023276,11.1,7.9,1026.1,1,1.0,5,5,7,6
2018-05-05 07:00:00,44.10000000000582,13.6,7.8,1026.6,1,1.0,5,5,1,7
2018-05-05 08:00:00,55.60000000000582,15.7,6.7,1026.4,2,3.1,5,5,2,8
2018-05-05 09:00:00,50.900000000023276,17.4,5.1,1026.4,2,3.1,5,5,3,9
2018-05-05 10:00:00,55.20000000001164,18.8,5.0,1026.1,2,3.1,5,5,4,10
2018-05-05 11:00:00,54.20000000001164,20.0,4.7,1025.6,2,2.6,5,5,5,11
2018-05-05 12:00:00,56.10000000000582,21.1,3.9,1025.2,3,2.6,5,5,6,12
2018-05-05 13:00:00,53.599999999976724,22.0,6.0,1024.9,2,3.1,5,5,7,13
2018-05-05 14:00:00,54.5,21.9,4.8,1024.4,2,3.1,5,5,1,14
2018-05-05 15:00:00,51.20000000001164,22.4,6.0,1024.0,2,2.6,5,5,2,15
2018-05-05 16:00:00,53.20000000001164,22.1,6.0,1023.7,2,3.6,5,5,3,16
2018-05-05 17:00:00,56.20000000001164,21.4,6.9,1023.6,2,3.6,5,5,4,17
2018-05-05 18:00:00,65.0,19.9,6.6,1023.8,2,4.6,5,5,5,18
2018-05-05 19:00:00,64.30000000001746,17.3,6.0,1023.9,2,4.6,5,5,6,19
2018-05-05 20:00:00,66.20000000001164,14.7,5.4,1024.4,2,3.1,5,5,7,20
2018-05-05 21:00:00,58.20000000001164,13.7,5.4,1024.8,2,3.6,5,5,1,21
2018-05-05 22:00:00,55.89999999999418,12.6,5.0,1024.8,2,3.1,5,5,2,22
2018-05-05 23:00:00,52.5,12.0,5.0,1025.1,1,1.0,5,5,3,23
2018-05-06 00:00:00,49.5,12.1,4.9,1024.9,1,1.0,5,6,4,0
2018-05-06 01:00:00,44.5,11.7,4.4,1024.9,1,0.5,5,6,5,1
2018-05-06 02:00:00,46.60000000000582,9.8,5.3,1024.7,0,1.5,5,6,6,2
2018-05-06 03:00:00,44.39999999999418,9.8,5.9,1024.5,0,1.0,5,6,7,3
2018-05-06 04:00:00,40.80000000001746,9.4,5.0,1024.0,0,2.1,5,6,1,4
2018-05-06 05:00:00,38.400000000023276,9.3,5.2,1023.8,1,1.5,5,6,2,5
2018-05-06 06:00:00,38.10000000000582,10.7,6.0,1024.0,7,1.0,5,6,3,6
2018-05-06 07:00:00,40.79999999998836,13.8,7.5,1024.1,0,1.0,5,6,4,7
2018-05-06 08:00:00,47.30000000001746,16.7,8.8,1024.0,2,1.5,5,6,5,8
2018-05-06 09:00:00,48.29999999998836,19.1,8.8,1023.7,2,2.1,5,6,6,9
2018-05-06 10:00:00,48.79999999998836,21.0,7.8,1023.3,2,2.6,5,6,7,10
2018-05-06 11:00:00,48.30000000001746,22.4,7.6,1022.8,2,4.1,5,6,1,11
2018-05-06 12:00:00,58.29999999998836,23.1,7.3,1022.1,2,3.6,5,6,2,12
2018-05-06 13:00:00,55.900000000023276,24.3,8.3,1021.6,2,3.1,5,6,3,13
2018-05-06 14:00:00,53.099999999976724,24.8,7.7,1020.9,3,3.6,5,6,4,14
2018-05-06 15:00:00,52.60000000000582,25.6,8.7,1020.2,5,1.5,5,6,5,15
2018-05-06 16:00:00,50.30000000001746,25.5,9.9,1019.7,2,2.6,5,6,6,16
2018-05-06 17:00:00,60.89999999999418,25.0,8.9,1019.1,1,3.1,5,6,7,17
2018-05-06 18:00:00,61.79999999998836,23.4,10.3,1019.1,3,3.6,5,6,1,18
2018-05-06 19:00:00,67.80000000001746,21.5,8.7,1019.5,2,4.1,5,6,2,19
2018-05-06 20:00:00,63.19999999998254,19.6,8.5,1019.9,2,4.1,5,6,3,20
2018-05-06 21:00:00,60.89999999999418,16.9,6.4,1020.2,2,2.6,5,6,4,21
2018-05-06 22:00:00,61.19999999998254,15.9,6.3,1020.4,2,2.6,5,6,5,22
2018-05-06 23:00:00,56.80000000001746,15.5,6.2,1020.3,2,1.5,5,6,6,23
2018-05-07 00:00:00,46.70000000001164,14.8,5.9,1020.3,1,2.1,5,7,7,0
2018-05-07 01:00:00,41.5,14.2,6.1,1019.9,1,1.5,5,7,1,1
2018-05-07 02:00:00,42.69999999998254,12.9,6.1,1019.7,1,0.5,5,7,2,2
2018-05-07 03:00:00,36.70000000001164,12.6,7.4,1019.5,0,1.0,5,7,3,3
2018-05-07 04:00:00,33.89999999999418,11.8,7.2,1019.3,0,0.5,5,7,4,4
2018-05-07 05:00:00,33.5,11.1,7.2,1019.4,1,0.5,5,7,5,5
2018-05-07 06:00:00,33.19999999998254,14.0,8.6,1019.5,1,1.0,5,7,6,6
2018-05-07 07:00:00,40.19999999998254,15.8,9.6,1019.4,7,1.0,5,7,7,7
2018-05-07 08:00:00,43.60000000000582,18.2,9.8,1019.3,2,1.0,5,7,1,8
2018-05-07 09:00:00,47.19999999998254,21.4,8.4,1019.1,2,1.5,5,7,2,9
2018-05-07 10:00:00,46.900000000023276,23.0,7.1,1018.6,1,2.1,5,7,3,10
2018-05-07 11:00:00,47.89999999999418,24.7,8.8,1018.0,2,2.6,5,7,4,11
2018-05-07 12:00:00,53.20000000001164,26.1,8.8,1017.4,2,2.6,5,7,5,12
2018-05-07 13:00:00,54.900000000023276,27.0,9.2,1016.7,1,2.6,5,7,6,13
2018-05-07 14:00:00,49.89999999999418,27.5,7.8,1016.0,2,3.6,5,7,7,14
2018-05-07 15:00:00,53.60000000000582,27.9,6.1,1015.4,2,2.6,5,7,1,15
2018-05-07 16:00:00,53.5,27.5,9.0,1015.0,2,3.1,5,7,2,16
2018-05-07 17:00:00,57.39999999999418,26.2,9.0,1014.6,2,4.6,5,7,3,17
2018-05-07 18:00:00,59.69999999998254,24.5,7.8,1014.3,2,4.6,5,7,4,18
2018-05-07 19:00:00,65.40000000002328,22.2,8.2,1014.2,2,4.1,5,7,5,19
2018-05-07 20:00:00,61.39999999999418,19.7,8.5,1014.4,2,3.6,5,7,6,20
2018-05-07 21:00:00,57.30000000001746,18.9,9.4,1014.6,2,2.1,5,7,7,21
2018-05-07 22:00:00,53.70000000001164,18.4,10.1,1014.4,2,2.1,5,7,1,22
2018-05-07 23:00:00,51.0,17.1,10.6,1014.3,2,2.1,5,7,2,23
2018-05-08 00:00:00,45.89999999999418,16.1,11.0,1013.8,2,2.1,5,8,3,0
2018-05-08 01:00:00,38.79999999998836,15.4,11.4,1013.1,3,1.0,5,8,4,1
2018-05-08 02:00:00,40.89999999999418,14.5,11.5,1012.4,3,1.5,5,8,5,2
2018-05-08 03:00:00,37.39999999999418,13.8,10.8,1012.0,0,0.5,5,8,6,3
2018-05-08 04:00:00,38.30000000001746,12.9,10.4,1011.6,1,1.0,5,8,7,4
2018-05-08 05:00:00,35.10000000000582,12.3,9.8,1011.3,0,1.0,5,8,1,5
2018-05-08 06:00:00,39.79999999998836,14.9,11.3,1011.1,0,0.5,5,8,2,6
2018-05-08 07:00:00,49.29999999998836,16.6,12.4,1011.0,4,1.0,5,8,3,7
2018-05-08 08:00:00,50.20000000001164,19.1,11.7,1010.5,3,1.5,5,8,4,8
2018-05-08 09:00:00,49.69999999998254,21.0,11.0,1010.3,5,3.1,5,8,5,9
2018-05-08 10:00:00,49.30000000001746,22.5,12.0,1009.5,6,2.1,5,8,6,10
2018-05-08 11:00:00,52.20000000001164,24.6,11.8,1008.8,6,3.1,5,8,7,11
2018-05-08 12:00:00,49.39999999999418,25.8,12.1,1008.3,5,5.1,5,8,1,12
2018-05-08 13:00:00,49.400000000023276,24.8,11.0,1007.9,6,6.2,5,8,2,13
2018-05-08 14:00:00,47.0,24.8,13.2,1007.8,6,5.1,5,8,3,14
2018-05-08 15:00:00,45.89999999999418,24.2,11.8,1007.6,6,5.7,5,8,4,15
2018-05-08 16:00:00,49.20000000001164,24.5,8.0,1007.7,6,6.7,5,8,5,16
2018-05-08 17:00:00,54.19999999998254,22.5,8.9,1008.1,6,6.7,5,8,6,17
2018-05-08 18:00:00,62.599999999976724,19.9,11.4,1008.9,6,6.7,5,8,7,18
2018-05-08 19:00:00,62.69999999998254,16.9,10.8,1009.5,6,6.2,5,8,1,19
2018-05-08 20:00:00,64.19999999998254,16.0,10.8,1009.9,6,5.1,5,8,2,20
2018-05-08 21:00:00,61.69999999998254,14.7,9.4,1010.4,6,4.6,5,8,3,21
2018-05-08 22:00:00,53.0,14.0,7.4,1010.8,6,4.1,5,8,4,22
2018-05-08 23:00:00,49.0,12.8,7.8,1011.1,6,3.6,5,8,5,23
2018-05-09 00:00:00,43.60000000000582,11.2,7.8,1011.0,6,2.6,5,9,6,0
2018-05-09 01:00:00,39.19999999998254,10.9,8.1,1010.5,6,2.1,5,9,7,1
2018-05-09 02:00:00,41.0,9.2,7.4,1010.6,6,2.1,5,9,1,2
2018-05-09 03:00:00,34.79999999998836,9.7,7.9,1010.5,6,2.6,5,9,2,3
2018-05-09 04:00:00,32.400000000023276,9.0,7.5,1010.6,6,1.5,5,9,3,4
2018-05-09 05:00:00,32.79999999998836,9.3,7.9,1011.0,6,2.1,5,9,4,5
2018-05-09 06:00:00,37.80000000001746,10.2,8.3,1010.8,6,1.0,5,9,5,6
2018-05-09 07:00:00,46.79999999998836,12.2,8.8,1010.8,6,1.5,5,9,6,7
2018-05-09 08:00:00,46.89999999999418,14.3,9.4,1010.4,7,1.0,5,9,7,8
2018-05-09 09:00:00,48.70000000001164,16.0,8.5,1010.0,5,2.6,5,9,1,9
2018-05-09 10:00:00,52.80000000001746,16.9,9.3,1009.8,5,3.1,5,9,2,10
2018-05-09 11:00:00,51.099999999976724,18.4,7.8,1009.3,5,3.1,5,9,3,11
2018-05-09 12:00:00,53.0,18.8,7.5,1008.8,6,3.6,5,9,4,12
2018-05-09 13:00:00,54.39999999999418,19.6,7.4,1008.1,5,3.1,5,9,5,13
2018-05-09 14:00:00,52.39999999999418,20.2,5.7,1007.6,6,5.1,5,9,6,14
2018-05-09 15:00:00,46.89999999999418,20.1,5.3,1007.1,5,4.1,5,9,7,15
2018-05-09 16:00:00,53.5,19.7,6.3,1006.7,6,4.6,5,9,1,16
2018-05-09 17:00:00,57.5,18.3,7.1,1007.0,6,6.2,5,9,2,17
2018-05-09 18:00:00,65.89999999999418,16.6,7.2,1007.2,6,7.2,5,9,3,18
2018-05-09 19:00:00,64.69999999998254,16.0,7.3,1007.5,6,5.1,5,9,4,19
2018-05-09 20:00:00,64.80000000001746,14.9,7.5,1008.0,6,5.7,5,9,5,20
2018-05-09 21:00:00,59.70000000001164,13.9,8.3,1008.4,6,5.1,5,9,6,21
2018-05-09 22:00:00,54.39999999999418,13.2,8.2,1008.7,6,4.1,5,9,7,22
2018-05-09 23:00:00,51.20000000001164,12.6,8.0,1008.8,5,5.7,5,9,1,23
2018-05-10 00:00:00,43.79999999998836,11.8,7.7,1008.5,5,4.1,5,10,2,0
2018-05-10 01:00:00,42.60000000000582,11.7,8.9,1008.6,5,4.6,5,10,3,1
2018-05-10 02:00:00,43.0,11.0,9.4,1009.0,5,4.6,5,10,4,2
2018-05-10 03:00:00,37.70000000001164,10.8,9.7,1009.2,6,4.6,5,10,5,3
2018-05-10 04:00:00,35.39999999999418,10.7,9.9,1009.8,6,4.6,5,10,6,4
2018-05-10 05:00:00,35.20000000001164,10.1,7.7,1010.9,7,4.1,5,10,7,5
2018-05-10 06:00:00,38.29999999998836,10.0,7.3,1011.8,6,4.6,5,10,1,6
2018-05-10 07:00:00,44.60000000000582,10.8,7.1,1012.8,6,4.6,5,10,2,7
2018-05-10 08:00:00,47.5,11.7,5.7,1013.7,6,5.7,5,10,3,8
2018-05-10 09:00:00,52.0,13.1,5.2,1014.4,7,5.1,5,10,4,9
2018-05-10 10:00:00,53.29999999998836,13.9,3.9,1015.1,7,5.1,5,10,5,10
2018-05-10 11:00:00,55.0,14.9,2.5,1015.6,6,6.2,5,10,6,11
2018-05-10 12:00:00,55.60000000000582,14.7,2.5,1016.2,6,5.1,5,10,7,12
2018-05-10 13:00:00,50.89999999999418,15.8,2.8,1016.7,6,4.6,5,10,1,13
2018-05-10 14:00:00,47.89999999999418,16.2,3.0,1017.2,6,5.1,5,10,2,14
2018-05-10 15:00:00,50.29999999998836,17.3,1.1,1017.5,6,5.7,5,10,3,15
2018-05-10 16:00:00,52.10000000000582,16.4,0.9,1017.8,7,2.1,5,10,4,16
2018-05-10 17:00:00,57.79999999998836,16.4,1.2,1018.0,7,2.6,5,10,5,17
2018-05-10 18:00:00,66.40000000002328,16.8,0.1,1018.2,6,2.6,5,10,6,18
2018-05-10 19:00:00,66.19999999998254,14.7,1.2,1018.7,6,3.1,5,10,7,19
2018-05-10 20:00:00,62.79999999998836,14.7,2.0,1019.4,6,3.1,5,10,1,20
2018-05-10 21:00:00,60.900000000023276,13.2,2.6,1019.8,6,3.1,5,10,2,21
2018-05-10 22:00:00,55.30000000001746,12.2,3.1,1019.7,5,3.6,5,10,3,22
2018-05-10 23:00:00,51.79999999998836,10.5,4.5,1020.0,5,2.1,5,10,4,23
2018-05-11 00:00:00,45.79999999998836,8.5,4.4,1019.5,5,1.0,5,11,5,0
2018-05-11 01:00:00,41.39999999999418,8.6,6.5,1019.3,4,2.6,5,11,6,1
2018-05-11 02:00:00,43.0,7.7,5.6,1018.7,3,1.5,5,11,7,2
2018-05-11 03:00:00,38.0,6.9,5.0,1018.1,3,2.6,5,11,1,3
2018-05-11 04:00:00,38.39999999999418,7.0,5.2,1017.8,3,2.6,5,11,2,4
2018-05-11 05:00:00,37.60000000000582,7.6,6.0,1017.9,3,3.1,5,11,3,5
2018-05-11 06:00:00,45.0,8.4,6.6,1017.8,3,4.6,5,11,4,6
2018-05-11 07:00:00,47.89999999999418,10.1,7.0,1017.7,4,5.1,5,11,5,7
2018-05-11 08:00:00,51.10000000000582,12.6,5.8,1017.1,3,5.7,5,11,6,8
2018-05-11 09:00:00,52.19999999998254,15.0,6.5,1016.6,4,6.2,5,11,7,9
2018-05-11 10:00:00,54.20000000001164,15.8,5.6,1016.2,3,6.7,5,11,1,10
2018-05-11 11:00:00,51.70000000001164,16.3,3.9,1015.9,4,8.2,5,11,2,11
2018-05-11 12:00:00,54.89999999999418,17.3,4.7,1015.1,4,7.7,5,11,3,12
2018-05-11 13:00:00,57.0,16.8,4.2,1014.8,4,7.7,5,11,4,13
2018-05-11 14:00:00,59.89999999999418,16.8,4.0,1014.4,4,6.7,5,11,5,14
2018-05-11 15:00:00,55.60000000000582,16.4,3.5,1014.2,3,6.7,5,11,6,15
2018-05-11 16:00:00,53.10000000000582,15.9,4.2,1013.7,4,5.7,5,11,7,16
2018-05-11 17:00:00,58.19999999998254,15.9,4.5,1013.3,3,5.7,5,11,1,17
2018-05-11 18:00:00,66.29999999998836,15.6,6.1,1012.8,3,6.2,5,11,2,18
2018-05-11 19:00:00,62.89999999999418,15.3,6.1,1012.4,3,5.7,5,11,3,19
2018-05-11 20:00:00,59.89999999999418,15.2,6.2,1012.2,3,5.7,5,11,4,20
2018-05-11 21:00:00,54.0,15.2,6.2,1012.1,3,5.1,5,11,5,21
2018-05-11 22:00:00,53.89999999999418,14.5,6.8,1012.6,4,4.1,5,11,6,22
2018-05-11 23:00:00,49.89999999999418,13.5,8.2,1012.5,4,3.6,5,11,7,23
2018-05-12 00:00:00,43.79999999998836,12.8,9.0,1012.5,4,2.6,5,12,1,0
2018-05-12 01:00:00,40.89999999999418,12.5,9.1,1012.5,5,2.6,5,12,2,1
2018-05-12 02:00:00,42.60000000000582,11.9,9.0,1012.4,5,3.1,5,12,3,2
2018-05-12 03:00:00,41.39999999999418,11.5,9.3,1012.3,5,2.1,5,12,4,3
2018-05-12 04:00:00,36.79999999998836,10.4,8.7,1012.5,4,1.5,5,12,5,4
2018-05-12 05:00:00,34.79999999998836,10.9,9.6,1012.8,5,3.1,5,12,6,5
2018-05-12 06:00:00,34.900000000023276,11.2,9.6,1012.8,4,3.1,5,12,7,6
2018-05-12 07:00:00,38.80000000001746,12.4,9.9,1012.7,4,2.6,5,12,1,7
2018-05-12 08:00:00,46.0,12.8,9.6,1013.1,5,3.1,5,12,2,8
2018-05-12 09:00:00,47.5,13.1,9.3,1013.3,5,3.1,5,12,3,9
2018-05-12 10:00:00,50.80000000001746,13.6,8.7,1013.0,4,1.5,5,12,4,10
2018-05-12 11:00:00,60.20000000001164,14.2,8.2,1013.3,4,2.1,5,12,5,11
2018-05-12 12:00:00,61.0,14.1,7.6,1013.1,4,2.1,5,12,6,12
2018-05-12 13:00:00,55.29999999998836,12.8,9.7,1012.8,3,2.6,5,12,7,13
2018-05-12 14:00:00,60.099999999976724,12.6,10.1,1012.7,4,2.1,5,12,1,14
2018-05-12 15:00:00,55.80000000001746,12.0,10.5,1012.9,3,2.1,5,12,2,15
2018-05-12 16:00:00,55.29999999998836,12.1,10.3,1012.2,3,1.0,5,12,3,16
2018-05-12 17:00:00,63.30000000001746,11.3,9.6,1012.5,5,3.6,5,12,4,17
2018-05-12 18:00:00,68.70000000001164,11.2,9.8,1012.3,6,2.6,5,12,5,18
2018-05-12 19:00:00,64.79999999998836,11.0,10.0,1012.5,6,2.1,5,12,6,19
2018-05-12 20:00:00,63.19999999998254,10.8,9.7,1013.1,6,1.5,5,12,7,20
2018-05-12 21:00:00,60.70000000001164,10.7,9.4,1012.6,0,1.5,5,12,1,21
2018-05-12 22:00:00,57.099999999976724,10.2,8.9,1012.2,0,1.0,5,12,2,22
2018-05-12 23:00:00,50.69999999998254,10.4,9.6,1012.8,6,3.1,5,12,3,23
2018-05-13 00:00:00,45.70000000001164,10.2,9.5,1012.7,6,3.1,5,13,4,0
2018-05-13 01:00:00,44.70000000001164,10.2,9.4,1012.6,6,1.5,5,13,5,1
2018-05-13 02:00:00,45.10000000000582,9.8,9.0,1012.4,6,1.5,5,13,6,2
2018-05-13 03:00:00,39.0,9.0,8.6,1012.8,5,2.6,5,13,7,3
2018-05-13 04:00:00,36.5,9.0,8.0,1012.9,6,2.6,5,13,1,4
2018-05-13 05:00:00,35.10000000000582,8.5,7.8,1013.2,6,2.1,5,13,2,5
2018-05-13 06:00:00,35.10000000000582,9.2,8.3,1013.5,6,1.5,5,13,3,6
2018-05-13 07:00:00,38.20000000001164,10.1,7.8,1014.1,6,1.5,5,13,4,7
2018-05-13 08:00:00,44.39999999999418,11.6,7.3,1014.4,6,2.6,5,13,5,8
2018-05-13 09:00:00,48.79999999998836,12.5,7.0,1014.6,6,2.1,5,13,6,9
2018-05-13 10:00:00,48.0,14.1,6.9,1015.0,6,2.1,5,13,7,10
2018-05-13 11:00:00,52.20000000001164,14.6,5.5,1015.3,6,2.6,5,13,1,11
2018-05-13 12:00:00,62.0,15.4,6.1,1015.7,6,2.6,5,13,2,12
2018-05-13 13:00:00,56.29999999998836,16.1,5.3,1015.8,6,2.6,5,13,3,13
2018-05-13 14:00:00,57.29999999998836,17.0,4.6,1016.0,7,2.6,5,13,4,14
2018-05-13 15:00:00,52.20000000001164,17.6,5.3,1015.7,7,2.6,5,13,5,15
2018-05-13 16:00:00,53.89999999999418,17.3,5.6,1016.0,0,2.6,5,13,6,16
2018-05-13 17:00:00,57.10000000000582,16.9,5.4,1016.2,0,3.6,5,13,7,17
2018-05-13 18:00:00,65.30000000001746,17.1,6.0,1016.1,0,3.1,5,13,1,18
2018-05-13 19:00:00,67.90000000002328,16.6,6.1,1016.4,0,1.5,5,13,2,19
2018-05-13 20:00:00,64.0,15.4,5.8,1017.0,0,1.5,5,13,3,20
2018-05-13 21:00:00,63.80000000001746,14.0,6.2,1017.8,7,1.5,5,13,4,21
2018-05-13 22:00:00,61.10000000000582,12.4,7.3,1018.0,7,2.1,5,13,5,22
2018-05-13 23:00:00,57.30000000001746,11.4,6.8,1018.3,7,2.1,5,13,6,23
2018-05-14 00:00:00,46.69999999998254,10.5,6.5,1018.8,7,2.6,5,14,7,0
2018-05-14 01:00:00,41.89999999999418,10.1,6.3,1018.9,6,2.6,5,14,1,1
2018-05-14 02:00:00,41.5,9.0,5.6,1019.1,7,2.6,5,14,2,2
2018-05-14 03:00:00,38.400000000023276,9.3,5.3,1019.3,0,2.6,5,14,3,3
2018-05-14 04:00:00,38.60000000000582,9.3,4.8,1019.5,0,2.1,5,14,4,4
2018-05-14 05:00:00,37.19999999998254,8.6,4.4,1019.7,7,2.1,5,14,5,5
2018-05-14 06:00:00,35.60000000000582,10.4,3.8,1020.0,7,3.1,5,14,6,6
2018-05-14 07:00:00,42.19999999998254,12.0,3.4,1020.5,0,4.1,5,14,7,7
2018-05-14 08:00:00,49.60000000000582,14.1,3.4,1020.5,0,4.1,5,14,1,8
2018-05-14 09:00:00,48.89999999999418,16.1,1.6,1020.7,0,5.1,5,14,2,9
2018-05-14 10:00:00,49.10000000000582,17.2,1.3,1020.6,0,5.7,5,14,3,10
2018-05-14 11:00:00,49.89999999999418,18.0,1.7,1020.5,0,5.7,5,14,4,11
2018-05-14 12:00:00,53.69999999998254,19.1,1.6,1020.2,0,4.6,5,14,5,12
2018-05-14 13:00:00,53.69999999998254,20.1,1.9,1020.1,0,4.6,5,14,6,13
2018-05-14 14:00:00,54.89999999999418,20.3,1.7,1020.1,0,4.6,5,14,7,14
2018-05-14 15:00:00,50.900000000023276,20.2,4.9,1020.1,0,5.1,5,14,1,15
2018-05-14 16:00:00,57.80000000001746,20.3,6.7,1019.9,0,4.6,5,14,2,16
2018-05-14 17:00:00,58.70000000001164,19.5,7.0,1019.9,1,4.6,5,14,3,17
2018-05-14 18:00:00,62.39999999999418,18.9,7.6,1020.0,0,3.6,5,14,4,18
2018-05-14 19:00:00,67.10000000000582,18.0,8.0,1020.2,1,3.1,5,14,5,19
2018-05-14 20:00:00,63.5,16.6,6.9,1020.7,1,3.1,5,14,6,20
2018-05-14 21:00:00,62.10000000000582,15.1,3.9,1021.2,1,3.1,5,14,7,21
2018-05-14 22:00:00,62.099999999976724,14.2,3.1,1021.6,0,2.6,5,14,1,22
2018-05-14 23:00:00,57.20000000001164,13.3,3.3,1021.5,0,2.1,5,14,2,23
2018-05-15 00:00:00,45.39999999999418,12.2,3.5,1021.3,7,1.5,5,15,3,0
2018-05-15 01:00:00,40.20000000001164,11.8,4.1,1021.4,7,1.5,5,15,4,1
2018-05-15 02:00:00,39.30000000001746,11.4,3.7,1021.1,7,2.1,5,15,5,2
2018-05-15 03:00:00,36.89999999999418,10.4,4.2,1020.9,7,1.5,5,15,6,3
2018-05-15 04:00:00,38.5,10.3,4.2,1020.5,7,2.1,5,15,7,4
2018-05-15 05:00:00,38.60000000000582,10.3,4.0,1020.7,7,2.1,5,15,1,5
2018-05-15 06:00:00,45.099999999976724,11.5,4.8,1020.8,7,2.1,5,15,2,6
2018-05-15 07:00:00,46.099999999976724,14.0,5.2,1020.7,0,3.1,5,15,3,7
2018-05-15 08:00:00,47.0,15.6,4.3,1020.8,0,3.1,5,15,4,8
2018-05-15 09:00:00,52.0,17.2,4.1,1020.7,0,4.6,5,15,5,9
2018-05-15 10:00:00,51.599999999976724,18.6,5.9,1020.6,0,4.6,5,15,6,10
2018-05-15 11:00:00,51.70000000001164,19.9,6.7,1020.4,0,4.1,5,15,7,11
2018-05-15 12:00:00,52.19999999998254,21.1,7.2,1020.0,0,3.6,5,15,1,12
2018-05-15 13:00:00,52.80000000001746,22.7,8.7,1019.6,7,4.1,5,15,2,13
2018-05-15 14:00:00,49.70000000001164,22.7,8.7,1019.4,0,5.1,5,15,3,14
2018-05-15 15:00:00,49.5,22.7,9.1,1019.2,0,5.1,5,15,4,15
2018-05-15 16:00:00,50.5,23.0,9.9,1018.8,0,4.6,5,15,5,16
2018-05-15 17:00:00,60.0,22.5,9.8,1018.8,0,4.6,5,15,6,17
2018-05-15 18:00:00,59.19999999998254,21.7,10.2,1018.9,1,3.6,5,15,7,18
2018-05-15 19:00:00,62.10000000000582,20.0,7.8,1019.4,0,4.1,5,15,1,19
2018-05-15 20:00:00,61.70000000001164,18.0,2.2,1020.1,1,2.6,5,15,2,20
2018-05-15 21:00:00,59.20000000001164,16.5,-0.1,1020.6,0,2.6,5,15,3,21
2018-05-15 22:00:00,58.80000000001746,15.5,2.8,1020.8,0,1.5,5,15,4,22
2018-05-15 23:00:00,53.5,14.7,4.1,1021.3,0,1.5,5,15,5,23
2018-05-16 00:00:00,46.0,13.7,3.5,1021.4,0,2.1,5,16,6,0
2018-05-16 01:00:00,39.89999999999418,13.0,3.8,1021.7,0,3.1,5,16,7,1
2018-05-16 02:00:00,39.39999999999418,12.3,3.9,1021.6,0,1.5,5,16,1,2
2018-05-16 03:00:00,37.79999999998836,11.9,3.5,1021.8,0,1.5,5,16,2,3
2018-05-16 04:00:00,35.20000000001164,11.9,2.7,1022.0,0,2.1,5,16,3,4
2018-05-16 05:00:00,37.099999999976724,12.2,3.3,1022.6,1,2.6,5,16,4,5
2018-05-16 06:00:00,41.0,13.4,3.5,1023.2,1,5.1,5,16,5,6
2018-05-16 07:00:00,45.60000000000582,14.3,8.3,1023.7,1,3.6,5,16,6,7
2018-05-16 08:00:00,48.19999999998254,14.2,9.1,1024.2,1,4.6,5,16,7,8
2018-05-16 09:00:00,49.89999999999418,14.6,9.5,1024.6,1,6.2,5,16,1,9
2018-05-16 10:00:00,50.80000000001746,14.2,9.5,1025.0,0,5.7,5,16,2,10
2018-05-16 11:00:00,55.69999999998254,15.5,9.1,1025.3,0,6.7,5,16,3,11
2018-05-16 12:00:00,59.69999999998254,14.4,8.4,1025.9,1,5.1,5,16,4,12
2018-05-16 13:00:00,59.29999999998836,13.8,8.1,1026.0,0,5.7,5,16,5,13
2018-05-16 14:00:00,55.69999999998254,13.4,8.1,1026.5,0,6.2,5,16,6,14
2018-05-16 15:00:00,55.60000000000582,13.1,7.7,1026.6,1,6.2,5,16,7,15
2018-05-16 16:00:00,59.0,13.5,6.9,1026.5,1,6.2,5,16,1,16
2018-05-16 17:00:00,60.5,13.5,5.7,1026.6,0,5.7,5,16,2,17
2018-05-16 18:00:00,70.29999999998836,12.4,5.2,1026.9,0,6.2,5,16,3,18
2018-05-16 19:00:00,67.70000000001164,11.5,5.1,1027.1,0,5.7,5,16,4,19
2018-05-16 20:00:00,64.19999999998254,10.4,4.9,1027.5,0,4.6,5,16,5,20
2018-05-16 21:00:00,65.60000000000582,9.7,5.1,1028.2,1,3.1,5,16,6,21
2018-05-16 22:00:00,62.79999999998836,9.4,4.7,1028.6,1,4.6,5,16,7,22
2018-05-16 23:00:00,56.89999999999418,8.8,4.2,1028.7,1,4.1,5,16,1,23
2018-05-17 00:00:00,52.5,8.3,4.2,1028.5,1,3.6,5,17,2,0
2018-05-17 01:00:00,49.29999999998836,7.8,4.2,1028.4,1,2.6,5,17,3,1
2018-05-17 02:00:00,46.60000000000582,7.8,4.3,1028.1,1,4.1,5,17,4,2
2018-05-17 03:00:00,42.19999999998254,7.7,4.5,1027.7,1,3.1,5,17,5,3
2018-05-17 04:00:00,38.89999999999418,7.1,4.6,1027.7,0,2.6,5,17,6,4
2018-05-17 05:00:00,38.80000000001746,6.9,4.3,1027.8,1,3.1,5,17,7,5
2018-05-17 06:00:00,40.29999999998836,7.8,4.5,1027.8,1,3.6,5,17,1,6
2018-05-17 07:00:00,49.29999999998836,9.1,4.7,1028.2,1,4.6,5,17,2,7
2018-05-17 08:00:00,49.20000000001164,10.5,4.2,1028.2,1,5.1,5,17,3,8
2018-05-17 09:00:00,52.89999999999418,12.1,4.3,1028.2,1,4.6,5,17,4,9
2018-05-17 10:00:00,51.0,13.4,3.1,1027.9,1,4.1,5,17,5,10
2018-05-17 11:00:00,49.60000000000582,13.9,2.2,1027.9,1,4.1,5,17,6,11
2018-05-17 12:00:00,49.60000000000582,14.8,2.9,1027.6,1,4.1,5,17,7,12
2018-05-17 13:00:00,50.19999999998254,15.9,2.6,1027.0,1,4.1,5,17,1,13
2018-05-17 14:00:00,46.60000000000582,16.9,3.8,1026.5,1,3.6,5,17,2,14
2018-05-17 15:00:00,51.29999999998836,17.4,1.8,1026.3,1,3.6,5,17,3,15
2018-05-17 16:00:00,50.79999999998836,17.1,3.7,1026.1,0,4.1,5,17,4,16
2018-05-17 17:00:00,57.599999999976724,16.5,4.2,1025.9,0,4.1,5,17,5,17
2018-05-17 18:00:00,60.20000000001164,16.0,4.8,1026.1,0,4.1,5,17,6,18
2018-05-17 19:00:00,61.30000000001746,14.2,4.5,1026.4,0,4.1,5,17,7,19
2018-05-17 20:00:00,67.20000000001164,12.3,4.5,1026.7,1,4.1,5,17,1,20
2018-05-17 21:00:00,68.30000000001746,11.4,3.9,1027.1,1,4.1,5,17,2,21
2018-05-17 22:00:00,61.80000000001746,10.4,3.9,1027.1,1,3.1,5,17,3,22
2018-05-17 23:00:00,53.79999999998836,9.3,3.9,1027.1,1,3.1,5,17,4,23
2018-05-18 00:00:00,50.20000000001164,8.5,3.9,1027.1,1,2.6,5,18,5,0
2018-05-18 01:00:00,45.20000000001164,7.6,3.8,1026.9,1,1.0,5,18,6,1
2018-05-18 02:00:00,45.400000000023276,6.9,3.9,1026.8,0,2.6,5,18,7,2
2018-05-18 03:00:00,42.20000000001164,6.0,3.7,1026.8,0,1.0,5,18,1,3
2018-05-18 04:00:00,38.900000000023276,5.6,3.7,1026.7,0,1.5,5,18,2,4
2018-05-18 05:00:00,38.0,5.5,3.6,1026.7,0,2.1,5,18,3,5
2018-05-18 06:00:00,40.19999999998254,7.0,4.2,1026.9,0,1.5,5,18,4,6
2018-05-18 07:00:00,44.69999999998254,9.2,4.5,1027.0,1,2.1,5,18,5,7
2018-05-18 08:00:00,48.0,10.6,4.7,1027.0,0,1.5,5,18,6,8
2018-05-18 09:00:00,49.79999999998836,12.2,5.0,1026.7,0,2.1,5,18,7,9
2018-05-18 10:00:00,49.10000000000582,12.5,3.6,1026.5,1,2.6,5,18,1,10
2018-05-18 11:00:00,52.29999999998836,14.0,4.0,1026.0,1,2.1,5,18,2,11
2018-05-18 12:00:00,49.89999999999418,15.4,3.1,1025.5,1,1.5,5,18,3,12
2018-05-18 13:00:00,50.19999999998254,16.6,1.4,1025.0,0,2.1,5,18,4,13
2018-05-18 14:00:00,53.30000000001746,17.5,1.4,1024.7,0,1.5,5,18,5,14
2018-05-18 15:00:00,49.0,17.7,2.3,1024.3,7,2.6,5,18,6,15
2018-05-18 16:00:00,51.19999999998254,17.7,2.4,1024.2,0,2.6,5,18,7,16
2018-05-18 17:00:00,53.20000000001164,17.6,2.1,1024.0,0,2.1,5,18,1,17
2018-05-18 18:00:00,60.599999999976724,17.5,2.7,1024.0,7,2.1,5,18,2,18
2018-05-18 19:00:00,62.60000000000582,16.4,3.9,1024.1,0,2.1,5,18,3,19
2018-05-18 20:00:00,66.0,15.1,4.3,1024.2,1,2.6,5,18,4,20
2018-05-18 21:00:00,57.5,14.4,4.4,1024.5,1,2.1,5,18,5,21
2018-05-18 22:00:00,51.79999999998836,13.1,4.4,1024.5,1,2.1,5,18,6,22
2018-05-18 23:00:00,52.89999999999418,10.8,7.0,1024.6,3,2.6,5,18,7,23
2018-05-19 00:00:00,47.10000000000582,9.4,6.6,1024.5,3,1.5,5,19,1,0
2018-05-19 01:00:00,43.599999999976724,9.9,7.6,1024.6,4,1.0,5,19,2,1
2018-05-19 02:00:00,44.400000000023276,9.3,7.4,1024.5,7,0.5,5,19,3,2
2018-05-19 03:00:00,39.80000000001746,8.5,6.7,1024.3,7,1.0,5,19,4,3
2018-05-19 04:00:00,37.69999999998254,7.8,6.2,1024.2,0,1.0,5,19,5,4
2018-05-19 05:00:00,38.10000000000582,7.7,6.0,1024.4,0,1.0,5,19,6,5
2018-05-19 06:00:00,36.69999999998254,9.5,7.0,1024.4,1,1.0,5,19,7,6
2018-05-19 07:00:00,36.60000000000582,12.8,8.8,1024.6,2,1.5,5,19,1,7
2018-05-19 08:00:00,37.79999999998836,14.4,7.7,1024.8,1,1.0,5,19,2,8
2018-05-19 09:00:00,43.79999999998836,15.7,6.4,1024.8,1,2.1,5,19,3,9
2018-05-19 10:00:00,45.89999999999418,17.4,6.9,1024.7,1,1.5,5,19,4,10
2018-05-19 11:00:00,45.80000000001746,17.9,5.2,1024.5,0,3.1,5,19,5,11
2018-05-19 12:00:00,48.70000000001164,19.2,4.5,1024.0,1,1.5,5,19,6,12
2018-05-19 13:00:00,50.5,20.2,3.9,1023.6,2,3.6,5,19,7,13
2018-05-19 14:00:00,48.89999999999418,21.0,5.4,1023.0,4,2.1,5,19,1,14
2018-05-19 15:00:00,46.10000000000582,21.0,3.7,1022.7,0,2.1,5,19,2,15
2018-05-19 16:00:00,51.69999999998254,21.6,4.6,1022.3,3,2.1,5,19,3,16
2018-05-19 17:00:00,57.70000000001164,21.6,3.4,1022.1,1,2.1,5,19,4,17
2018-05-19 18:00:00,54.60000000000582,20.9,3.6,1021.7,1,3.1,5,19,5,18
2018-05-19 19:00:00,55.29999999998836,18.4,7.5,1022.0,2,5.7,5,19,6,19
2018-05-19 20:00:00,54.60000000000582,15.7,7.6,1022.7,2,4.1,5,19,7,20
2018-05-19 21:00:00,58.60000000000582,14.4,7.4,1023.4,2,4.6,5,19,1,21
2018-05-19 22:00:00,55.60000000000582,13.3,8.2,1023.7,3,3.1,5,19,2,22
2018-05-19 23:00:00,51.5,12.4,9.3,1023.7,3,3.1,5,19,3,23
2018-05-20 00:00:00,47.89999999999418,11.7,8.8,1023.7,3,3.6,5,20,4,0
2018-05-20 01:00:00,42.5,10.4,8.1,1023.7,3,2.6,5,20,5,1
2018-05-20 02:00:00,40.30000000001746,10.0,8.1,1023.5,3,2.6,5,20,6,2
2018-05-20 03:00:00,37.60000000000582,9.0,7.3,1023.2,4,1.5,5,20,7,3
2018-05-20 04:00:00,32.89999999999418,9.3,8.0,1023.1,6,1.0,5,20,1,4
2018-05-20 05:00:00,32.79999999998836,9.1,8.1,1023.3,0,0.5,5,20,2,5
2018-05-20 06:00:00,32.89999999999418,11.2,8.8,1023.4,7,1.0,5,20,3,6
2018-05-20 07:00:00,34.69999999998254,13.6,9.6,1023.6,2,1.5,5,20,4,7
2018-05-20 08:00:00,37.89999999999418,15.4,9.0,1023.5,2,1.5,5,20,5,8
2018-05-20 09:00:00,43.10000000000582,16.6,8.4,1023.3,3,1.5,5,20,6,9
2018-05-20 10:00:00,40.39999999999418,18.3,8.9,1023.1,2,1.5,5,20,7,10
2018-05-20 11:00:00,42.39999999999418,18.5,7.9,1022.9,2,2.6,5,20,1,11
2018-05-20 12:00:00,47.70000000001164,20.1,9.2,1022.4,2,2.6,5,20,2,12
2018-05-20 13:00:00,49.10000000000582,20.4,8.7,1021.8,2,3.1,5,20,3,13
2018-05-20 14:00:00,46.30000000001746,21.4,8.1,1021.3,3,3.1,5,20,4,14
2018-05-20 15:00:00,46.39999999999418,21.5,8.3,1020.6,3,3.1,5,20,5,15
2018-05-20 16:00:00,45.10000000000582,21.2,8.4,1019.9,2,3.1,5,20,6,16
2018-05-20 17:00:00,50.20000000001164,20.9,7.1,1019.6,2,3.1,5,20,7,17
2018-05-20 18:00:00,60.79999999998836,20.0,6.6,1019.5,2,2.6,5,20,1,18
2018-05-20 19:00:00,59.79999999998836,18.1,7.4,1019.5,2,4.6,5,20,2,19
2018-05-20 20:00:00,57.5,15.9,8.6,1020.1,2,5.1,5,20,3,20
2018-05-20 21:00:00,58.89999999999418,14.1,9.2,1020.4,2,5.1,5,20,4,21
2018-05-20 22:00:00,55.80000000001746,12.9,7.7,1020.3,2,4.1,5,20,5,22
2018-05-20 23:00:00,53.19999999998254,11.7,7.3,1020.1,2,2.1,5,20,6,23
2018-05-21 00:00:00,45.89999999999418,10.1,6.8,1020.1,2,2.6,5,21,7,0
2018-05-21 01:00:00,42.29999999998836,10.0,8.1,1019.6,2,2.6,5,21,1,1
2018-05-21 02:00:00,41.0,10.1,8.5,1018.9,1,1.0,5,21,2,2
2018-05-21 03:00:00,35.39999999999418,9.8,8.0,1018.5,1,1.0,5,21,3,3
2018-05-21 04:00:00,34.0,9.6,7.9,1018.2,1,1.5,5,21,4,4
2018-05-21 05:00:00,32.70000000001164,9.5,7.5,1017.9,0,1.5,5,21,5,5
2018-05-21 06:00:00,32.39999999999418,11.1,8.2,1017.8,1,1.5,5,21,6,6
2018-05-21 07:00:00,34.30000000001746,13.0,9.5,1017.8,1,1.5,5,21,7,7
2018-05-21 08:00:00,39.10000000000582,16.4,10.0,1017.4,1,2.1,5,21,1,8
2018-05-21 09:00:00,45.69999999998254,19.1,10.4,1016.9,1,2.1,5,21,2,9
2018-05-21 10:00:00,48.60000000000582,20.9,10.3,1016.5,0,2.6,5,21,3,10
2018-05-21 11:00:00,50.60000000000582,22.7,10.3,1015.8,0,2.1,5,21,4,11
2018-05-21 12:00:00,56.29999999998836,22.0,8.9,1015.4,1,2.6,5,21,5,12
2018-05-21 13:00:00,54.70000000001164,21.8,9.6,1015.2,1,3.1,5,21,6,13
2018-05-21 14:00:00,51.69999999998254,22.1,9.5,1014.9,1,4.1,5,21,7,14
2018-05-21 15:00:00,52.69999999998254,21.5,11.8,1014.5,1,3.1,5,21,1,15
2018-05-21 16:00:00,48.80000000001746,21.8,9.1,1014.2,1,3.1,5,21,2,16
2018-05-21 17:00:00,57.29999999998836,22.4,9.8,1014.0,0,3.1,5,21,3,17
2018-05-21 18:00:00,56.599999999976724,21.8,6.8,1014.0,1,3.6,5,21,4,18
2018-05-21 19:00:00,65.59999999997672,21.1,10.5,1014.1,0,3.6,5,21,5,19
2018-05-21 20:00:00,62.0,20.1,10.2,1014.3,0,2.1,5,21,6,20
2018-05-21 21:00:00,56.599999999976724,19.3,10.6,1014.5,0,2.6,5,21,7,21
2018-05-21 22:00:00,53.39999999999418,18.3,10.6,1014.5,0,2.6,5,21,1,22
2018-05-21 23:00:00,50.099999999976724,16.6,10.4,1014.7,0,2.6,5,21,2,23
2018-05-22 00:00:00,43.79999999998836,15.3,9.9,1014.6,0,2.6,5,22,3,0
2018-05-22 01:00:00,42.0,14.2,9.6,1014.6,0,2.1,5,22,4,1
2018-05-22 02:00:00,39.099999999976724,13.4,9.7,1014.4,0,3.1,5,22,5,2
2018-05-22 03:00:00,34.29999999998836,13.1,9.5,1014.7,0,3.1,5,22,6,3
2018-05-22 04:00:00,31.89999999999418,12.7,8.8,1014.7,0,3.6,5,22,7,4
2018-05-22 05:00:00,31.60000000000582,12.2,8.4,1015.2,0,3.1,5,22,1,5
2018-05-22 06:00:00,30.799999999988362,13.3,8.6,1015.8,1,2.6,5,22,2,6
2018-05-22 07:00:00,38.19999999998254,14.9,8.3,1016.2,0,4.1,5,22,3,7
2018-05-22 08:00:00,41.70000000001164,16.3,8.1,1016.3,1,3.6,5,22,4,8
2018-05-22 09:00:00,45.60000000000582,18.0,8.8,1016.2,0,4.1,5,22,5,9
2018-05-22 10:00:00,49.79999999998836,18.8,9.1,1016.3,0,4.1,5,22,6,10
2018-05-22 11:00:00,50.69999999998254,20.3,9.9,1016.3,1,5.1,5,22,7,11
2018-05-22 12:00:00,50.39999999999418,21.2,11.8,1016.4,0,5.1,5,22,1,12
2018-05-22 13:00:00,49.10000000000582,21.6,11.1,1016.5,0,5.1,5,22,2,13
2018-05-22 14:00:00,49.79999999998836,22.7,10.1,1016.6,0,5.1,5,22,3,14
2018-05-22 15:00:00,47.5,22.8,10.7,1016.5,0,5.1,5,22,4,15
2018-05-22 16:00:00,47.39999999999418,22.2,9.5,1016.9,0,5.1,5,22,5,16
2018-05-22 17:00:00,51.89999999999418,21.2,9.2,1017.2,1,5.7,5,22,6,17
2018-05-22 18:00:00,61.60000000000582,19.4,8.6,1017.9,1,6.7,5,22,7,18
2018-05-22 19:00:00,64.40000000002328,17.7,8.8,1018.8,1,6.2,5,22,1,19
2018-05-22 20:00:00,61.10000000000582,15.5,8.3,1019.6,0,4.1,5,22,2,20
2018-05-22 21:00:00,54.89999999999418,13.6,8.6,1020.6,1,5.1,5,22,3,21
2018-05-22 22:00:00,54.39999999999418,12.1,8.5,1021.2,1,4.1,5,22,4,22
2018-05-22 23:00:00,50.20000000001164,11.3,8.4,1021.5,1,3.6,5,22,5,23
2018-05-23 00:00:00,46.19999999998254,11.3,8.4,1021.8,0,2.6,5,23,6,0
2018-05-23 01:00:00,44.0,11.0,8.1,1022.0,1,4.6,5,23,7,1
2018-05-23 02:00:00,43.79999999998836,10.9,8.0,1022.4,1,3.6,5,23,1,2
2018-05-23 03:00:00,36.79999999998836,10.6,7.6,1022.4,1,3.6,5,23,2,3
2018-05-23 04:00:00,36.89999999999418,10.6,7.7,1022.4,1,3.1,5,23,3,4
2018-05-23 05:00:00,33.89999999999418,10.7,7.8,1022.8,0,4.1,5,23,4,5
2018-05-23 06:00:00,35.70000000001164,10.8,7.8,1023.5,0,4.1,5,23,5,6
2018-05-23 07:00:00,39.29999999998836,11.1,7.8,1023.9,0,4.1,5,23,6,7
2018-05-23 08:00:00,44.5,11.8,8.2,1024.2,0,3.6,5,23,7,8
2018-05-23 09:00:00,52.20000000001164,12.5,8.1,1024.3,1,4.1,5,23,1,9
2018-05-23 10:00:00,51.19999999998254,14.6,8.9,1024.2,0,4.6,5,23,2,10
2018-05-23 11:00:00,47.69999999998254,15.7,9.3,1024.1,1,4.6,5,23,3,11
2018-05-23 12:00:00,50.599999999976724,16.6,9.5,1023.6,1,5.1,5,23,4,12
2018-05-23 13:00:00,55.20000000001164,17.5,9.5,1023.3,1,5.1,5,23,5,13
2018-05-23 14:00:00,50.29999999998836,17.5,9.3,1022.9,1,4.6,5,23,6,14
2018-05-23 15:00:00,49.10000000000582,18.7,10.0,1022.6,1,5.1,5,23,7,15
2018-05-23 16:00:00,47.39999999999418,18.2,10.7,1022.3,0,4.6,5,23,1,16
2018-05-23 17:00:00,51.70000000001164,17.1,10.2,1022.2,0,4.6,5,23,2,17
2018-05-23 18:00:00,57.60000000000582,16.6,10.4,1022.3,1,4.1,5,23,3,18
2018-05-23 19:00:00,59.19999999998254,14.9,9.6,1022.6,0,4.1,5,23,4,19
2018-05-23 20:00:00,59.60000000000582,13.4,9.2,1022.8,0,3.6,5,23,5,20
2018-05-23 21:00:00,53.10000000000582,12.6,8.9,1023.2,0,3.6,5,23,6,21
2018-05-23 22:00:00,55.19999999998254,11.8,8.7,1023.0,0,3.1,5,23,7,22
2018-05-23 23:00:00,52.10000000000582,11.6,8.6,1022.9,0,3.6,5,23,1,23
2018-05-24 00:00:00,44.79999999998836,11.7,8.6,1022.8,1,5.1,5,24,2,0
2018-05-24 01:00:00,42.60000000000582,10.9,9.6,1022.3,1,3.6,5,24,3,1
2018-05-24 02:00:00,41.10000000000582,10.9,9.8,1021.9,1,2.6,5,24,4,2
2018-05-24 03:00:00,35.10000000000582,10.7,10.1,1021.8,1,3.1,5,24,5,3
2018-05-24 04:00:00,34.79999999998836,10.7,10.1,1021.4,1,4.1,5,24,6,4
2018-05-24 05:00:00,32.19999999998254,10.6,9.9,1021.3,0,4.1,5,24,7,5
2018-05-24 06:00:00,33.79999999998836,10.7,10.0,1021.4,1,3.6,5,24,1,6
2018-05-24 07:00:00,41.89999999999418,11.0,10.2,1021.3,0,2.6,5,24,2,7
2018-05-24 08:00:00,44.89999999999418,11.4,10.5,1021.4,0,2.6,5,24,3,8
2018-05-24 09:00:00,48.79999999998836,11.6,10.8,1021.2,0,3.1,5,24,4,9
2018-05-24 10:00:00,51.20000000001164,13.6,12.3,1020.9,0,4.1,5,24,5,10
2018-05-24 11:00:00,50.19999999998254,16.0,12.8,1020.6,1,3.1,5,24,6,11
2018-05-24 12:00:00,50.69999999998254,17.5,13.2,1020.1,1,3.1,5,24,7,12
2018-05-24 13:00:00,50.39999999999418,17.0,12.5,1019.7,0,2.6,5,24,1,13
2018-05-24 14:00:00,44.89999999999418,16.8,13.2,1019.2,6,2.6,5,24,2,14
2018-05-24 15:00:00,44.60000000000582,18.3,14.6,1018.3,6,5.7,5,24,3,15
2018-05-24 16:00:00,48.10000000000582,18.1,13.9,1018.3,5,3.6,5,24,4,16
2018-05-24 17:00:00,51.20000000001164,17.0,14.3,1018.2,5,3.6,5,24,5,17
2018-05-24 18:00:00,56.19999999998254,16.7,14.7,1018.2,6,3.1,5,24,6,18
2018-05-24 19:00:00,59.60000000000582,16.5,13.9,1018.1,6,2.6,5,24,7,19
2018-05-24 20:00:00,53.70000000001164,16.2,14.2,1018.4,7,1.5,5,24,1,20
2018-05-24 21:00:00,54.60000000000582,16.1,14.5,1018.3,7,1.5,5,24,2,21
2018-05-24 22:00:00,53.20000000001164,16.6,11.9,1018.4,0,2.6,5,24,3,22
2018-05-24 23:00:00,52.0,14.7,11.5,1018.3,0,3.6,5,24,4,23
2018-05-25 00:00:00,45.5,14.0,11.4,1018.1,0,2.6,5,25,5,0
2018-05-25 01:00:00,41.10000000000582,13.9,11.5,1017.9,0,1.5,5,25,6,1
2018-05-25 02:00:00,42.80000000001746,13.6,11.5,1017.6,0,1.5,5,25,7,2
2018-05-25 03:00:00,36.70000000001164,13.1,11.7,1017.7,0,1.5,5,25,1,3
2018-05-25 04:00:00,33.39999999999418,13.0,12.0,1017.5,0,1.5,5,25,2,4
2018-05-25 05:00:00,35.0,12.9,12.1,1017.5,7,2.1,5,25,3,5
2018-05-25 06:00:00,38.0,13.3,12.2,1017.5,7,1.5,5,25,4,6
2018-05-25 07:00:00,42.0,13.6,12.0,1017.8,7,2.1,5,25,5,7
2018-05-25 08:00:00,44.0,14.1,11.8,1017.9,7,1.5,5,25,6,8
2018-05-25 09:00:00,48.39999999999418,14.5,11.9,1017.9,6,1.0,5,25,7,9
2018-05-25 10:00:00,45.39999999999418,15.0,12.1,1018.0,6,1.5,5,25,1,10
2018-05-25 11:00:00,49.70000000001164,15.6,12.2,1018.0,6,1.5,5,25,2,11
2018-05-25 12:00:00,51.80000000001746,16.4,13.0,1018.1,6,2.1,5,25,3,12
2018-05-25 13:00:00,52.60000000000582,17.2,12.7,1018.3,4,2.1,5,25,4,13
2018-05-25 14:00:00,52.39999999999418,17.1,13.2,1018.4,4,2.6,5,25,5,14
2018-05-25 15:00:00,50.20000000001164,17.1,13.1,1018.6,4,2.6,5,25,6,15
2018-05-25 16:00:00,50.10000000000582,17.2,13.3,1018.4,7,2.6,5,25,7,16
2018-05-25 17:00:00,51.10000000000582,17.4,13.6,1018.2,6,2.1,5,25,1,17
2018-05-25 18:00:00,52.69999999998254,18.6,13.1,1018.3,7,1.5,5,25,2,18
2018-05-25 19:00:00,56.0,18.1,13.4,1018.6,7,1.5,5,25,3,19
2018-05-25 20:00:00,55.29999999998836,17.7,13.6,1018.8,7,1.5,5,25,4,20
2018-05-25 21:00:00,55.10000000000582,16.5,13.6,1019.3,7,1.5,5,25,5,21
2018-05-25 22:00:00,49.29999999998836,16.3,14.0,1019.5,1,1.5,5,25,6,22
2018-05-25 23:00:00,47.80000000001746,16.0,14.0,1019.7,0,1.0,5,25,7,23
2018-05-26 00:00:00,43.0,15.3,13.7,1019.9,1,2.6,5,26,1,0
2018-05-26 01:00:00,42.89999999999418,14.9,13.6,1019.8,0,1.5,5,26,2,1
2018-05-26 02:00:00,44.5,15.4,14.0,1019.7,0,1.5,5,26,3,2
2018-05-26 03:00:00,41.89999999999418,15.2,14.1,1019.7,1,2.1,5,26,4,3
2018-05-26 04:00:00,37.0,15.3,14.2,1019.4,1,2.1,5,26,5,4
2018-05-26 05:00:00,35.39999999999418,15.1,13.9,1019.4,0,2.1,5,26,6,5
2018-05-26 06:00:00,35.099999999976724,15.4,13.8,1019.8,1,3.6,5,26,7,6
2018-05-26 07:00:00,34.0,15.6,13.9,1020.0,1,3.1,5,26,1,7
2018-05-26 08:00:00,36.39999999999418,15.4,14.4,1019.5,0,3.1,5,26,2,8
2018-05-26 09:00:00,41.20000000001164,17.3,14.5,1019.4,1,4.6,5,26,3,9
2018-05-26 10:00:00,37.20000000001164,19.5,14.9,1019.2,1,5.1,5,26,4,10
2018-05-26 11:00:00,47.29999999998836,22.8,16.2,1018.9,1,4.6,5,26,5,11
2018-05-26 12:00:00,48.599999999976724,24.3,16.2,1018.7,1,5.7,5,26,6,12
2018-05-26 13:00:00,49.900000000023276,25.7,16.0,1018.2,2,6.2,5,26,7,13
2018-05-26 14:00:00,42.79999999998836,26.2,15.3,1017.8,2,7.2,5,26,1,14
2018-05-26 15:00:00,42.10000000000582,26.2,15.5,1017.5,2,5.7,5,26,2,15
2018-05-26 16:00:00,42.70000000001164,26.0,15.0,1017.0598870814148,2,6.7,5,26,3,16
2018-05-26 17:00:00,45.5,25.3,14.5,1016.8,1,6.7,5,26,4,17
2018-05-26 18:00:00,51.70000000001164,24.6,15.0,1017.0,2,5.7,5,26,5,18
2018-05-26 19:00:00,51.60000000000582,23.4,14.9,1017.2,1,5.1,5,26,6,19
2018-05-26 20:00:00,51.70000000001164,22.2,15.4,1017.5,1,5.7,5,26,7,20
2018-05-26 21:00:00,52.5,21.3,15.2,1018.1,1,5.1,5,26,1,21
2018-05-26 22:00:00,50.20000000001164,20.3,14.3,1017.6,1,4.6,5,26,2,22
2018-05-26 23:00:00,44.70000000001164,17.4,16.0,1017.4,1,5.1,5,26,3,23
2018-05-27 00:00:00,41.89999999999418,17.0,16.0,1018.7,2,3.6,5,27,4,0
2018-05-27 01:00:00,39.20000000001164,16.7,15.8,1015.4,1,4.6,5,27,5,1
2018-05-27 02:00:00,38.70000000001164,16.0,14.7,1016.1,1,4.1,5,27,6,2
2018-05-27 03:00:00,35.60000000000582,15.2,14.2,1016.0,1,3.1,5,27,7,3
2018-05-27 04:00:00,32.79999999998836,15.5,14.4,1015.9,1,1.5,5,27,1,4
2018-05-27 05:00:00,29.799999999988362,15.5,13.8,1015.5,1,3.1,5,27,2,5
2018-05-27 06:00:00,31.39999999999418,16.9,14.1,1015.8,2,3.6,5,27,3,6
2018-05-27 07:00:00,31.89999999999418,16.8,13.9,1015.8,1,2.1,5,27,4,7
2018-05-27 08:00:00,39.89999999999418,17.8,14.4,1015.7,1,1.0,5,27,5,8
2018-05-27 09:00:00,39.10000000000582,20.5,15.8,1015.6,1,1.5,5,27,6,9
2018-05-27 10:00:00,42.20000000001164,21.9,16.4,1015.6,2,2.6,5,27,7,10
2018-05-27 11:00:00,42.89999999999418,22.9,16.6,1015.8,3,2.6,5,27,1,11
2018-05-27 12:00:00,46.60000000000582,22.9,16.9,1015.4,3,1.5,5,27,2,12
2018-05-27 13:00:00,49.30000000001746,24.5,17.6,1015.2,2,2.1,5,27,3,13
2018-05-27 14:00:00,44.10000000000582,25.9,17.2,1014.8,3,2.6,5,27,4,14
2018-05-27 15:00:00,48.20000000001164,25.4,16.8,1014.7,4,2.1,5,27,5,15
2018-05-27 16:00:00,45.60000000000582,26.9,15.9,1014.4,4,4.6,5,27,6,16
2018-05-27 17:00:00,47.29999999998836,25.8,15.1,1014.4,4,4.1,5,27,7,17
2018-05-27 18:00:00,51.0,25.2,13.0,1014.6,4,4.6,5,27,1,18
2018-05-27 19:00:00,52.39999999999418,24.1,15.2,1014.7,5,4.6,5,27,2,19
2018-05-27 20:00:00,55.39999999999418,22.4,15.3,1015.7,4,3.6,5,27,3,20
2018-05-27 21:00:00,52.20000000001164,21.5,14.6,1016.3,4,2.6,5,27,4,21
2018-05-27 22:00:00,47.0,20.1,14.5,1016.3,6,3.6,5,27,5,22
2018-05-27 23:00:00,46.89999999999418,19.5,14.7,1016.2,4,3.1,5,27,6,23
2018-05-28 00:00:00,41.20000000001164,18.2,14.1,1016.3,1,1.0,5,28,7,0
2018-05-28 01:00:00,39.20000000001164,17.5,14.5,1016.3,6,1.5,5,28,1,1
2018-05-28 02:00:00,38.5,17.0,14.8,1016.9,6,1.0,5,28,2,2
2018-05-28 03:00:00,34.29999999998836,16.2,14.9,1017.2,7,1.5,5,28,3,3
2018-05-28 04:00:00,32.5,16.3,15.5,1016.9,0,2.1,5,28,4,4
2018-05-28 05:00:00,32.0,16.0,15.3,1017.7,1,0.5,5,28,5,5
2018-05-28 06:00:00,32.099999999976724,16.5,15.3,1018.1,0,2.1,5,28,6,6
2018-05-28 07:00:00,32.60000000000582,16.2,15.2,1018.7,0,2.1,5,28,7,7
2018-05-28 08:00:00,36.0,16.5,15.2,1018.8,0,3.1,5,28,1,8
2018-05-28 09:00:00,36.0,16.7,14.7,1019.1,0,3.1,5,28,2,9
2018-05-28 10:00:00,44.60000000000582,18.1,14.7,1019.5,0,3.1,5,28,3,10
2018-05-28 11:00:00,44.0,20.1,16.0,1019.6,1,3.1,5,28,4,11
2018-05-28 12:00:00,49.10000000000582,20.7,15.5,1019.4,0,3.1,5,28,5,12
2018-05-28 13:00:00,46.19999999998254,22.8,16.2,1018.9,1,3.1,5,28,6,13
2018-05-28 14:00:00,43.20000000001164,24.0,17.0,1018.510972702144,1,3.1,5,28,7,14
2018-05-28 15:00:00,42.69999999998254,23.7,16.0,1018.2,0,3.1,5,28,1,15
2018-05-28 16:00:00,42.5,23.7,17.2,1017.9,0,3.1,5,28,2,16
2018-05-28 17:00:00,45.60000000000582,24.4,17.5,1017.8,0,3.1,5,28,3,17
2018-05-28 18:00:00,49.5,24.7,17.6,1017.8,0,3.1,5,28,4,18
2018-05-28 19:00:00,50.20000000001164,24.0,17.9,1018.1,0,0.0,5,28,5,19
2018-05-28 20:00:00,53.60000000000582,21.7,17.8,1018.4,0,3.1,5,28,6,20
2018-05-28 21:00:00,55.39999999999418,20.0,16.0,1018.7873998972457,0,3.1,5,28,7,21
2018-05-28 22:00:00,54.19999999998254,18.405986166415087,14.786522075870533,1019.2871502696768,1,3.120716069009536,5,28,1,22
2018-05-28 23:00:00,47.29999999998836,16.823613781862406,14.420150481870985,1019.5683255072696,1,3.832017854639756,5,28,2,23
2018-05-29 00:00:00,41.0,15.6,13.9,1019.3,1,4.1,5,29,3,0
2018-05-29 01:00:00,40.80000000001746,14.8,13.2,1018.6,0,3.6,5,29,4,1
2018-05-29 02:00:00,37.099999999976724,14.5,13.1,1018.2,0,2.1,5,29,5,2
2018-05-29 03:00:00,36.29999999998836,14.7,13.2,1018.2,1,2.6,5,29,6,3
2018-05-29 04:00:00,35.70000000001164,14.3,12.7,1017.8,0,3.6,5,29,7,4
2018-05-29 05:00:00,35.19999999998254,14.0,12.5,1017.8,1,4.6,5,29,1,5
2018-05-29 06:00:00,36.69999999998254,14.2,12.5,1018.0,0,3.6,5,29,2,6
2018-05-29 07:00:00,35.69999999998254,14.8,12.6,1018.2,1,4.6,5,29,3,7
2018-05-29 08:00:00,44.599999999976724,15.3,12.9,1017.2,0,4.1,5,29,4,8
2018-05-29 09:00:00,49.19999999998254,16.6,13.4,1017.3,1,3.6,5,29,5,9
2018-05-29 10:00:00,49.79999999998836,16.5,13.6,1017.2,0,3.1,5,29,6,10
2018-05-29 11:00:00,53.39999999999418,17.7,13.8,1016.6,0,4.1,5,29,7,11
2018-05-29 12:00:00,53.10000000000582,16.9,14.4,1016.3,0,3.6,5,29,1,12
2018-05-29 13:00:00,53.5,16.0,14.8,1016.3,0,3.1,5,29,2,13
2018-05-29 14:00:00,52.39999999999418,15.7,15.1,1015.2,0,4.1,5,29,3,14
2018-05-29 15:00:00,55.10000000000582,15.9,15.2,1015.0,0,2.1,5,29,4,15
2018-05-29 16:00:00,50.79999999998836,16.3,15.5,1014.9,0,2.1,5,29,5,16
2018-05-29 17:00:00,50.89999999999418,15.7,14.8,1014.5,0,5.7,5,29,6,17
2018-05-29 18:00:00,58.70000000001164,15.621708220289635,14.395902315116365,1014.4537052784664,0,5.667828876517984,5,29,7,18
2018-05-29 19:00:00,59.19999999998254,15.7,14.3,1014.5,1,4.1,5,29,1,19
2018-05-29 20:00:00,55.89999999999418,15.3,14.2,1014.3,0,4.1,5,29,2,20
2018-05-29 21:00:00,51.0,14.7,13.8,1014.1,0,4.1,5,29,3,21
2018-05-29 22:00:00,53.60000000000582,14.5,13.5,1014.0,0,3.6,5,29,4,22
2018-05-29 23:00:00,47.29999999998836,13.9,13.0,1014.1,0,3.1,5,29,5,23
2018-05-30 00:00:00,43.89999999999418,13.7,13.0,1013.9,1,2.6,5,30,6,0
2018-05-30 01:00:00,39.70000000001164,13.4,12.8,1013.2,0,2.6,5,30,7,1
2018-05-30 02:00:00,39.89999999999418,13.3,12.8,1013.2,1,2.1,5,30,1,2
2018-05-30 03:00:00,39.60000000000582,13.2,12.7,1012.8,0,2.1,5,30,2,3
2018-05-30 04:00:00,35.10000000000582,13.3,12.6,1012.7,1,1.5,5,30,3,4
2018-05-30 05:00:00,36.10000000000582,13.4,12.4,1012.8,1,2.1,5,30,4,5
2018-05-30 06:00:00,36.10000000000582,13.6,12.5,1013.0,1,2.1,5,30,5,6
2018-05-30 07:00:00,36.69999999998254,13.4,12.3,1013.3,0,2.6,5,30,6,7
2018-05-30 08:00:00,44.5,13.4,12.7,1013.4,1,2.1,5,30,7,8
2018-05-30 09:00:00,49.39999999999418,13.9,12.9,1013.6,2,2.1,5,30,1,9
2018-05-30 10:00:00,50.39999999999418,14.6,13.4,1013.7,1,2.6,5,30,2,10
2018-05-30 11:00:00,52.0,15.0,13.4,1013.9,1,2.1,5,30,3,11
2018-05-30 12:00:00,51.79999999998836,17.1,14.1,1013.7,2,1.0,5,30,4,12
2018-05-30 13:00:00,46.89999999999418,17.9,14.5,1013.5,1,1.0,5,30,5,13
2018-05-30 14:00:00,47.39999999999418,18.5,14.4,1013.3,0,2.1,5,30,6,14
2018-05-30 15:00:00,47.19999999998254,19.0,15.2,1013.1,2,1.0,5,30,7,15
2018-05-30 16:00:00,46.89999999999418,18.7,15.0,1013.1,1,2.1,5,30,1,16
2018-05-30 17:00:00,47.5,18.9,15.5,1013.0,0,2.1,5,30,2,17
2018-05-30 18:00:00,54.39999999999418,19.1,15.9,1013.1,0,2.1,5,30,3,18
2018-05-30 19:00:00,55.29999999998836,18.9,15.8,1013.3,7,2.1,5,30,4,19
2018-05-30 20:00:00,47.89999999999418,18.4,15.9,1013.6,0,1.5,5,30,5,20
2018-05-30 21:00:00,50.10000000000582,17.5,15.7,1014.2,1,1.0,5,30,6,21
2018-05-30 22:00:00,48.29999999998836,17.1,15.7,1014.2,0,1.0,5,30,7,22
2018-05-30 23:00:00,43.89999999999418,15.6,14.7,1014.3,7,1.0,5,30,1,23
2018-05-31 00:00:00,39.0,15.5,15.0,1014.5,1,1.5,5,31,2,0
2018-05-31 01:00:00,40.10000000000582,15.4,15.0,1014.2,1,1.5,5,31,3,1
2018-05-31 02:00:00,39.5,15.8,15.6,1014.2,2,1.5,5,31,4,2
2018-05-31 03:00:00,36.60000000000582,15.7,15.5,1014.2,2,2.6,5,31,5,3
2018-05-31 04:00:00,34.099999999976724,15.6,15.5,1014.3,2,2.6,5,31,6,4
2018-05-31 05:00:00,35.20000000001164,15.7,15.6,1014.6,1,2.1,5,31,7,5
2018-05-31 06:00:00,32.5,15.9,15.7,1014.7,2,1.0,5,31,1,6
2018-05-31 07:00:00,38.79999999998836,16.2,15.6,1015.1,1,1.5,5,31,2,7
2018-05-31 08:00:00,42.39999999999418,17.2,15.9,1015.4,1,1.5,5,31,3,8
2018-05-31 09:00:00,46.39999999999418,17.8,15.5,1015.9,2,1.5,5,31,4,9
2018-05-31 10:00:00,48.20000000001164,19.7,16.0,1015.4,1,2.6,5,31,5,10
2018-05-31 11:00:00,51.19999999998254,21.2,16.8,1014.8,1,2.1,5,31,6,11
2018-05-31 12:00:00,51.60000000000582,21.9,16.5,1015.2,1,2.1,5,31,7,12
2018-05-31 13:00:00,46.10000000000582,21.9,16.5,1015.0,2,3.1,5,31,1,13
2018-05-31 14:00:00,44.5,23.2,17.0,1014.6,2,3.6,5,31,2,14
2018-05-31 15:00:00,44.0,22.5,17.2,1014.4,2,4.1,5,31,3,15
2018-05-31 16:00:00,48.19999999998254,21.6,16.6,1014.3,2,3.1,5,31,4,16
2018-05-31 17:00:00,53.89999999999418,22.2,17.1,1014.1,2,3.1,5,31,5,17
2018-05-31 18:00:00,50.30000000001746,21.1,17.1,1014.2,2,4.1,5,31,6,18
2018-05-31 19:00:00,54.69999999998254,20.2,16.7,1014.6,3,4.1,5,31,7,19
2018-05-31 20:00:00,54.79999999998836,19.5,16.6,1015.1,2,3.1,5,31,1,20
2018-05-31 21:00:00,51.39999999999418,19.2,17.2,1015.9,4,2.6,5,31,2,21
2018-05-31 22:00:00,45.79999999998836,18.9,16.0,1016.1,4,3.6,5,31,3,22
2018-05-31 23:00:00,40.10000000000582,18.8,15.9,1016.3,5,2.1,5,31,4,23
2018-06-01 00:00:00,39.5,18.1,16.4,1016.3,4,2.1,6,1,5,0
2018-06-01 01:00:00,36.29999999998836,17.6,16.5,1016.2,5,1.5,6,1,6,1
2018-06-01 02:00:00,40.39999999999418,16.9,15.5,1016.4,4,3.6,6,1,7,2
2018-06-01 03:00:00,38.80000000001746,16.6,15.6,1016.4,5,3.1,6,1,1,3
2018-06-01 04:00:00,34.19999999998254,16.4,15.5,1017.0,4,1.0,6,1,2,4
2018-06-01 05:00:00,32.39999999999418,16.1,15.5,1017.3,5,2.6,6,1,3,5
2018-06-01 06:00:00,33.599999999976724,16.0,15.6,1017.4,5,2.6,6,1,4,6
2018-06-01 07:00:00,32.5,16.0,15.4,1017.7,5,2.1,6,1,5,7
2018-06-01 08:00:00,41.89999999999418,16.7,15.1,1018.1,5,3.1,6,1,6,8
2018-06-01 09:00:00,48.80000000001746,17.8,15.3,1018.3,6,2.1,6,1,7,9
2018-06-01 10:00:00,47.400000000023276,20.4,15.7,1018.3,5,2.1,6,1,1,10
2018-06-01 11:00:00,46.60000000000582,21.4,14.9,1018.2,4,1.5,6,1,2,11
2018-06-01 12:00:00,45.19999999998254,22.0,15.6,1018.1,6,1.5,6,1,3,12
2018-06-01 13:00:00,42.599999999976724,21.7,15.2,1017.9,5,3.1,6,1,4,13
2018-06-01 14:00:00,41.80000000001746,22.9,15.8,1017.8,5,3.1,6,1,5,14
2018-06-01 15:00:00,44.89999999999418,22.0,15.4,1017.5,5,3.1,6,1,6,15
2018-06-01 16:00:00,43.89999999999418,21.7,15.9,1017.5,4,4.6,6,1,7,16
2018-06-01 17:00:00,45.60000000000582,21.7,15.4,1017.5,5,4.1,6,1,1,17
2018-06-01 18:00:00,51.0,21.1,15.1,1017.5,4,4.1,6,1,2,18
2018-06-01 19:00:00,49.19999999998254,20.5,15.6,1017.8,5,5.1,6,1,3,19
2018-06-01 20:00:00,51.599999999976724,19.4,15.3,1018.0,5,3.6,6,1,4,20
2018-06-01 21:00:00,52.10000000000582,18.7,15.5,1018.4,5,3.1,6,1,5,21
2018-06-01 22:00:00,48.79999999998836,17.9,15.5,1018.5,5,4.1,6,1,6,22
2018-06-01 23:00:00,46.60000000000582,16.6,15.3,1018.4,5,2.6,6,1,7,23
2018-06-02 00:00:00,40.70000000001164,16.2,15.2,1018.3,5,3.1,6,2,1,0
2018-06-02 01:00:00,44.400000000023276,15.7,14.9,1018.1,5,2.6,6,2,2,1
2018-06-02 02:00:00,41.19999999998254,15.3,14.2,1018.1,6,3.1,6,2,3,2
2018-06-02 03:00:00,39.5,15.0,14.0,1018.0,6,3.6,6,2,4,3
2018-06-02 04:00:00,38.79999999998836,15.0,13.7,1018.4,6,4.6,6,2,5,4
2018-06-02 05:00:00,37.19999999998254,15.0,13.8,1018.5,6,4.6,6,2,6,5
2018-06-02 06:00:00,37.10000000000582,15.6,13.8,1018.6,6,4.6,6,2,7,6
2018-06-02 07:00:00,35.30000000001746,16.3,14.0,1018.8,6,4.6,6,2,1,7
2018-06-02 08:00:00,37.80000000001746,16.7,13.8,1018.7,6,4.6,6,2,2,8
2018-06-02 09:00:00,40.5,17.4,14.1,1018.7,6,3.6,6,2,3,9
2018-06-02 10:00:00,39.89999999999418,18.5,14.6,1018.9,6,4.6,6,2,4,10
2018-06-02 11:00:00,43.29999999998836,20.1,13.8,1018.9,6,4.1,6,2,5,11
2018-06-02 12:00:00,43.0,20.3,13.9,1018.7,6,4.1,6,2,6,12
2018-06-02 13:00:00,42.89999999999418,22.4,13.9,1018.6,6,3.1,6,2,7,13
2018-06-02 14:00:00,41.89999999999418,23.6,13.3,1018.2,6,3.6,6,2,1,14
2018-06-02 15:00:00,39.39999999999418,23.9,11.8,1017.9,6,4.1,6,2,2,15
2018-06-02 16:00:00,42.80000000001746,23.4,11.3,1017.6,6,4.6,6,2,3,16
2018-06-02 17:00:00,45.19999999998254,23.3,11.2,1017.6,6,4.1,6,2,4,17
2018-06-02 18:00:00,46.70000000001164,23.3,12.3,1017.5,6,4.1,6,2,5,18
2018-06-02 19:00:00,47.89999999999418,22.6,11.9,1017.4,6,4.6,6,2,6,19
2018-06-02 20:00:00,45.80000000001746,21.0,13.2,1017.7,6,4.6,6,2,7,20
2018-06-02 21:00:00,47.10000000000582,19.7,13.2,1018.3,6,4.1,6,2,1,21
2018-06-02 22:00:00,43.79999999998836,18.4,12.8,1018.6,6,4.6,6,2,2,22
2018-06-02 23:00:00,42.80000000001746,17.0,13.0,1019.0,6,3.1,6,2,3,23
2018-06-03 00:00:00,37.10000000000582,16.5,12.9,1019.3,6,2.1,6,3,4,0
2018-06-03 01:00:00,39.0,15.5,12.6,1019.4,6,2.1,6,3,5,1
2018-06-03 02:00:00,38.5,15.2,12.5,1019.1,6,2.1,6,3,6,2
2018-06-03 03:00:00,35.5,14.6,12.2,1018.8,6,1.5,6,3,7,3
2018-06-03 04:00:00,34.39999999999418,13.8,12.6,1018.8,5,1.5,6,3,1,4
2018-06-03 05:00:00,32.29999999998836,14.2,12.7,1018.8,5,0.5,6,3,2,5
2018-06-03 06:00:00,32.69999999998254,15.0,12.6,1019.1,6,1.0,6,3,3,6
2018-06-03 07:00:00,30.89999999999418,17.0,13.7,1019.5,6,1.0,6,3,4,7
2018-06-03 08:00:00,34.89999999999418,19.1,14.7,1019.5,5,1.5,6,3,5,8
2018-06-03 09:00:00,32.60000000000582,21.2,13.6,1019.5,4,0.5,6,3,6,9
2018-06-03 10:00:00,39.5,22.5,11.9,1019.3,2,0.5,6,3,7,10
2018-06-03 11:00:00,39.39999999999418,23.1,12.5,1018.9,0,2.1,6,3,1,11
2018-06-03 12:00:00,40.79999999998836,23.8,12.6,1018.7,2,1.5,6,3,2,12
2018-06-03 13:00:00,47.0,24.2,11.6,1018.3,6,2.1,6,3,3,13
2018-06-03 14:00:00,44.60000000000582,24.1,10.7,1017.7,1,1.5,6,3,4,14
2018-06-03 15:00:00,41.39999999999418,25.7,9.8,1017.0,4,1.0,6,3,5,15
2018-06-03 16:00:00,40.29999999998836,25.9,9.4,1016.3,2,1.5,6,3,6,16
2018-06-03 17:00:00,42.70000000001164,25.4,10.6,1016.3,0,2.1,6,3,7,17
2018-06-03 18:00:00,47.5,23.4,13.4,1016.5,2,4.6,6,3,1,18
2018-06-03 19:00:00,45.39999999999418,22.8,14.4,1016.5,3,5.1,6,3,2,19
2018-06-03 20:00:00,49.29999999998836,22.1,13.5,1016.7,2,3.1,6,3,3,20
2018-06-03 21:00:00,47.10000000000582,21.3,13.3,1017.1,2,3.1,6,3,4,21
2018-06-03 22:00:00,44.0,19.7,12.0,1017.2,2,3.6,6,3,5,22
2018-06-03 23:00:00,41.80000000001746,18.5,13.2,1017.1,2,3.1,6,3,6,23
2018-06-04 00:00:00,36.20000000001164,17.3,14.8,1017.1,2,1.5,6,4,7,0
2018-06-04 01:00:00,34.70000000001164,17.0,14.4,1016.9,1,2.1,6,4,1,1
2018-06-04 02:00:00,34.89999999999418,15.1,13.0,1016.8,2,2.1,6,4,2,2
2018-06-04 03:00:00,32.5,15.8,14.2,1016.6,1,2.1,6,4,3,3
2018-06-04 04:00:00,31.0,15.6,14.2,1016.6,1,2.6,6,4,4,4
2018-06-04 05:00:00,29.60000000000582,15.6,14.0,1016.5,1,3.1,6,4,5,5
2018-06-04 06:00:00,29.10000000000582,16.2,14.2,1016.7,1,2.1,6,4,6,6
2018-06-04 07:00:00,31.700000000011638,16.2,14.1,1016.7,1,2.6,6,4,7,7
2018-06-04 08:00:00,37.70000000001164,16.7,14.1,1016.8,1,3.6,6,4,1,8
2018-06-04 09:00:00,43.89999999999418,16.3,14.4,1016.9,1,2.6,6,4,2,9
2018-06-04 10:00:00,43.5,17.0,14.0,1017.0253884894148,0,3.6,6,4,3,10
2018-06-04 11:00:00,46.0,16.2,12.9,1017.1,0,3.1,6,4,4,11
2018-06-04 12:00:00,47.20000000001164,16.6,12.8,1017.0,1,3.1,6,4,5,12
2018-06-04 13:00:00,46.79999999998836,17.0,13.0,1016.4952749094867,0,3.6,6,4,6,13
2018-06-04 14:00:00,42.39999999999418,19.3,12.2,1016.0,0,3.6,6,4,7,14
2018-06-04 15:00:00,44.69999999998254,17.7,12.8,1015.9,0,4.6,6,4,1,15
2018-06-04 16:00:00,48.79999999998836,17.0,12.6,1015.8,1,4.1,6,4,2,16
2018-06-04 17:00:00,50.79999999998836,16.3,12.7,1015.7,0,4.1,6,4,3,17
2018-06-04 18:00:00,47.5,15.6,13.1,1015.8,1,3.6,6,4,4,18
2018-06-04 19:00:00,47.599999999976724,15.4,13.3,1016.0,0,3.1,6,4,5,19
2018-06-04 20:00:00,46.60000000000582,15.0,13.0,1016.4,0,3.1,6,4,6,20
2018-06-04 21:00:00,46.10000000000582,14.6,12.2,1016.8,1,3.6,6,4,7,21
2018-06-04 22:00:00,46.5,14.2,11.8,1017.0,1,3.6,6,4,1,22
2018-06-04 23:00:00,41.10000000000582,13.8,11.3,1017.2,1,4.1,6,4,2,23
2018-06-05 00:00:00,38.39999999999418,13.7,11.1,1016.9,1,4.6,6,5,3,0
2018-06-05 01:00:00,35.10000000000582,13.3,11.1,1016.8,1,3.1,6,5,4,1
2018-06-05 02:00:00,35.60000000000582,13.2,10.7,1016.9,1,3.6,6,5,5,2
2018-06-05 03:00:00,34.10000000000582,12.8,11.3,1016.8,1,3.1,6,5,6,3
2018-06-05 04:00:00,33.20000000001164,12.7,11.3,1017.0,1,4.1,6,5,7,4
2018-06-05 05:00:00,33.29999999998836,12.7,11.1,1017.1,1,3.1,6,5,1,5
2018-06-05 06:00:00,34.0,12.6,11.2,1017.2,1,2.6,6,5,2,6
2018-06-05 07:00:00,34.79999999998836,12.5,10.9,1017.4,1,4.1,6,5,3,7
2018-06-05 08:00:00,42.20000000001164,12.3,10.6,1017.7,1,4.6,6,5,4,8
2018-06-05 09:00:00,49.39999999999418,12.4,9.5,1017.9,1,4.1,6,5,5,9
2018-06-05 10:00:00,48.80000000001746,12.7,9.4,1017.9,1,4.6,6,5,6,10
2018-06-05 11:00:00,48.70000000001164,13.4,9.4,1017.7,1,4.1,6,5,7,11
2018-06-05 12:00:00,48.20000000001164,15.2,9.8,1017.5,1,4.6,6,5,1,12
2018-06-05 13:00:00,42.19999999998254,16.2,9.8,1017.0,1,4.6,6,5,2,13
2018-06-05 14:00:00,42.5,17.0,10.0,1016.5816816666555,1,3.6,6,5,3,14
2018-06-05 15:00:00,42.70000000001164,18.4,10.1,1016.3,1,4.1,6,5,4,15
2018-06-05 16:00:00,43.39999999999418,18.1,10.0,1016.1,1,4.1,6,5,5,16
2018-06-05 17:00:00,45.39999999999418,18.5,10.1,1015.8,0,3.6,6,5,6,17
2018-06-05 18:00:00,46.900000000023276,17.4,10.3,1015.6,0,4.1,6,5,7,18
2018-06-05 19:00:00,47.80000000001746,16.4,9.4,1015.9,1,3.1,6,5,1,19
2018-06-05 20:00:00,50.70000000001164,15.3,9.6,1016.2,0,3.6,6,5,2,20
2018-06-05 21:00:00,51.89999999999418,14.0,8.9,1016.6,0,3.1,6,5,3,21
2018-06-05 22:00:00,46.5,12.9,8.7,1017.0,1,3.1,6,5,4,22
2018-06-05 23:00:00,43.10000000000582,12.0,8.1,1016.7,1,3.6,6,5,5,23
2018-06-06 00:00:00,38.0,11.1,8.0,1016.9,1,2.6,6,6,6,0
2018-06-06 01:00:00,34.599999999976724,10.4,7.7,1016.4,1,3.1,6,6,7,1
2018-06-06 02:00:00,35.5,9.8,7.5,1016.3,1,2.6,6,6,1,2
2018-06-06 03:00:00,30.89999999999418,9.3,7.3,1016.2,1,2.6,6,6,2,3
2018-06-06 04:00:00,30.0,9.3,7.5,1016.7,1,2.1,6,6,3,4
2018-06-06 05:00:00,30.09999999997672,9.9,7.3,1016.4,1,4.1,6,6,4,5
2018-06-06 06:00:00,29.5,10.2,6.9,1016.7,1,4.6,6,6,5,6
2018-06-06 07:00:00,29.199999999982534,11.0,7.0,1016.8062931146077,1,3.6,6,6,6,7
2018-06-06 08:00:00,37.80000000001746,12.1,6.9,1016.6,0,3.6,6,6,7,8
2018-06-06 09:00:00,42.39999999999418,14.0,8.1,1016.2,1,3.6,6,6,1,9
2018-06-06 10:00:00,43.29999999998836,15.0,7.6,1015.9,0,3.6,6,6,2,10
2018-06-06 11:00:00,44.5,17.6,8.3,1015.6,0,2.6,6,6,3,11
2018-06-06 12:00:00,46.20000000001164,19.4,9.5,1015.2,0,3.1,6,6,4,12
2018-06-06 13:00:00,43.79999999998836,20.4,9.2,1014.9,1,3.6,6,6,5,13
2018-06-06 14:00:00,40.5,21.2,9.4,1014.8,1,4.1,6,6,6,14
2018-06-06 15:00:00,40.69999999998254,22.8,10.6,1014.5,1,3.6,6,6,7,15
2018-06-06 16:00:00,43.79999999998836,22.7,10.0,1014.2,1,3.6,6,6,1,16
2018-06-06 17:00:00,44.70000000001164,22.7,10.9,1014.0,1,3.1,6,6,2,17
2018-06-06 18:00:00,48.60000000000582,22.4,11.0,1014.0,1,3.6,6,6,3,18
2018-06-06 19:00:00,48.39999999999418,21.3,11.6,1014.1,0,3.1,6,6,4,19
2018-06-06 20:00:00,45.29999999998836,19.8,11.8,1014.6,0,3.1,6,6,5,20
2018-06-06 21:00:00,47.099999999976724,18.3,11.5,1015.5,1,3.1,6,6,6,21
2018-06-06 22:00:00,46.39999999999418,16.7,11.1,1015.7,1,5.1,6,6,7,22
2018-06-06 23:00:00,43.80000000001746,15.5,10.8,1016.1,1,4.1,6,6,1,23
2018-06-07 00:00:00,38.400000000023276,15.1,10.3,1016.1,1,4.1,6,7,2,0
2018-06-07 01:00:00,37.60000000000582,14.0,9.5,1016.4,1,3.1,6,7,3,1
2018-06-07 02:00:00,35.10000000000582,13.5,9.2,1015.5,0,2.6,6,7,4,2
2018-06-07 03:00:00,32.80000000001746,13.4,9.1,1016.2,1,3.1,6,7,5,3
2018-06-07 04:00:00,32.199999999982545,13.3,9.0,1016.3,1,3.6,6,7,6,4
2018-06-07 05:00:00,30.799999999988362,13.2,9.2,1016.4,1,3.1,6,7,7,5
2018-06-07 06:00:00,30.700000000011638,13.4,9.4,1016.5,1,3.1,6,7,1,6
2018-06-07 07:00:00,32.29999999998836,14.5,9.8,1016.5,1,3.6,6,7,2,7
2018-06-07 08:00:00,41.5,14.3,9.9,1016.8,1,3.1,6,7,3,8
2018-06-07 09:00:00,46.69999999998254,15.5,10.3,1016.8,1,2.6,6,7,4,9
2018-06-07 10:00:00,48.79999999998836,16.6,11.2,1016.7,0,2.6,6,7,5,10
2018-06-07 11:00:00,48.19999999998254,17.7,11.6,1016.9,0,3.1,6,7,6,11
2018-06-07 12:00:00,42.60000000000582,18.6,11.5,1016.8,1,2.6,6,7,7,12
2018-06-07 13:00:00,46.89999999999418,20.1,12.2,1016.7,1,3.1,6,7,1,13
2018-06-07 14:00:00,44.70000000001164,21.1,12.9,1016.3,0,2.6,6,7,2,14
2018-06-07 15:00:00,42.20000000001164,21.3,14.8,1016.0,1,3.1,6,7,3,15
2018-06-07 16:00:00,42.69999999998254,20.6,13.1,1015.9,1,2.1,6,7,4,16
2018-06-07 17:00:00,45.599999999976724,20.7,14.5,1015.8,1,1.5,6,7,5,17
2018-06-07 18:00:00,48.20000000001164,20.6,14.2,1015.7,1,2.1,6,7,6,18
2018-06-07 19:00:00,47.60000000000582,19.7,13.5,1016.1,1,3.6,6,7,7,19
2018-06-07 20:00:00,46.60000000000582,18.5,12.4,1016.5,1,4.6,6,7,1,20
2018-06-07 21:00:00,45.20000000001164,17.7,11.6,1016.9,1,4.1,6,7,2,21
2018-06-07 22:00:00,43.60000000000582,17.3,11.6,1017.2,1,3.6,6,7,3,22
2018-06-07 23:00:00,42.69999999998254,17.0,11.7,1017.4,1,2.1,6,7,4,23
2018-06-08 00:00:00,38.0,16.8,12.5,1017.3,2,3.1,6,8,5,0
2018-06-08 01:00:00,37.70000000001164,16.3,12.2,1017.0,1,2.6,6,8,6,1
2018-06-08 02:00:00,35.60000000000582,15.3,11.1,1016.8,1,1.5,6,8,7,2
2018-06-08 03:00:00,34.0,15.3,11.3,1017.0,1,1.5,6,8,1,3
2018-06-08 04:00:00,33.20000000001164,14.8,10.9,1017.1,1,2.6,6,8,2,4
2018-06-08 05:00:00,32.60000000000582,14.2,10.2,1017.4,1,3.1,6,8,3,5
2018-06-08 06:00:00,33.69999999998254,14.2,8.9,1017.6,1,4.1,6,8,4,6
2018-06-08 07:00:00,33.599999999976724,14.6,8.5,1017.7,1,3.6,6,8,5,7
2018-06-08 08:00:00,40.20000000001164,15.8,9.4,1018.1,1,3.1,6,8,6,8
2018-06-08 09:00:00,44.20000000001164,16.4,9.2,1018.2,1,2.1,6,8,7,9
2018-06-08 10:00:00,44.69999999998254,17.7,10.0,1017.9,0,2.6,6,8,1,10
2018-06-08 11:00:00,44.599999999976724,19.2,11.2,1017.7,0,3.1,6,8,2,11
2018-06-08 12:00:00,48.0,20.1,11.3,1017.3,0,2.6,6,8,3,12
2018-06-08 13:00:00,41.79999999998836,20.8,11.0,1016.9,0,3.1,6,8,4,13
2018-06-08 14:00:00,38.60000000000582,21.8,11.1,1016.6,1,2.6,6,8,5,14
2018-06-08 15:00:00,40.60000000000582,21.8,11.3,1016.2,1,3.1,6,8,6,15
2018-06-08 16:00:00,42.39999999999418,22.7,12.2,1015.8,0,3.1,6,8,7,16
2018-06-08 17:00:00,44.0,22.0,11.1,1015.5,0,2.6,6,8,1,17
2018-06-08 18:00:00,47.79999999998836,21.7,11.4,1015.6,0,3.1,6,8,2,18
2018-06-08 19:00:00,45.80000000001746,20.3,12.3,1015.8,1,4.1,6,8,3,19
2018-06-08 20:00:00,45.89999999999418,19.0,12.2,1016.1,1,3.6,6,8,4,20
2018-06-08 21:00:00,46.5,17.3,11.8,1017.0,1,3.1,6,8,5,21
2018-06-08 22:00:00,47.79999999998836,15.8,11.3,1017.0,1,4.1,6,8,6,22
2018-06-08 23:00:00,45.29999999998836,14.8,10.8,1017.3,1,3.1,6,8,7,23
2018-06-09 00:00:00,37.19999999998254,14.4,10.9,1017.1,1,1.5,6,9,1,0
2018-06-09 01:00:00,36.900000000023276,14.4,11.1,1016.9,1,2.1,6,9,2,1
2018-06-09 02:00:00,37.39999999999418,14.9,11.5,1016.9,1,2.1,6,9,3,2
2018-06-09 03:00:00,34.0,14.8,11.3,1016.6,1,2.6,6,9,4,3
2018-06-09 04:00:00,34.099999999976724,14.3,10.9,1016.4,0,2.1,6,9,5,4
2018-06-09 05:00:00,32.10000000000582,13.1,10.2,1016.6,0,3.6,6,9,6,5
2018-06-09 06:00:00,32.89999999999418,13.1,10.1,1016.9,1,3.6,6,9,7,6
2018-06-09 07:00:00,33.89999999999418,13.5,10.3,1017.1,1,2.6,6,9,1,7
2018-06-09 08:00:00,37.5,14.0,10.0,1017.1,1,3.6,6,9,2,8
2018-06-09 09:00:00,38.0,14.5,10.0,1017.1,0,3.6,6,9,3,9
2018-06-09 10:00:00,37.20000000001164,15.4,10.1,1016.6,0,3.1,6,9,4,10
2018-06-09 11:00:00,35.29999999998836,18.2,10.7,1016.6,2,3.1,6,9,5,11
2018-06-09 12:00:00,37.5,19.2,10.3,1016.1,2,2.6,6,9,6,12
2018-06-09 13:00:00,40.60000000000582,20.1,10.4,1015.7,2,3.1,6,9,7,13
2018-06-09 14:00:00,39.5,21.5,11.4,1015.3,0,1.5,6,9,1,14
2018-06-09 15:00:00,40.0,21.3,12.0,1014.8,1,2.1,6,9,2,15
2018-06-09 16:00:00,41.30000000001746,21.6,12.7,1014.2,1,2.1,6,9,3,16
2018-06-09 17:00:00,42.900000000023276,21.3,13.3,1014.4,1,3.1,6,9,4,17
2018-06-09 18:00:00,49.39999999999418,19.2,13.8,1014.7,0,3.1,6,9,5,18
2018-06-09 19:00:00,43.60000000000582,18.4,13.5,1015.0,0,3.6,6,9,6,19
2018-06-09 20:00:00,44.70000000001164,17.9,13.7,1015.0,1,3.6,6,9,7,20
2018-06-09 21:00:00,47.60000000000582,17.6,13.8,1015.6,1,3.6,6,9,1,21
2018-06-09 22:00:00,44.10000000000582,16.6,13.1,1016.0,2,4.1,6,9,2,22
2018-06-09 23:00:00,42.39999999999418,15.9,12.6,1016.0,2,3.1,6,9,3,23
2018-06-10 00:00:00,36.39999999999418,15.7,12.7,1015.4,1,2.1,6,10,4,0
2018-06-10 01:00:00,37.5,15.7,12.4,1015.2,1,2.1,6,10,5,1
2018-06-10 02:00:00,38.29999999998836,15.4,12.3,1014.9,1,2.1,6,10,6,2
2018-06-10 03:00:00,36.0,15.0,12.3,1014.8,1,2.1,6,10,7,3
2018-06-10 04:00:00,32.5,15.1,12.7,1014.8,1,2.6,6,10,1,4
2018-06-10 05:00:00,32.599999999976724,15.0,12.9,1014.9,1,3.1,6,10,2,5
2018-06-10 06:00:00,31.200000000011638,15.1,12.8,1015.3,1,3.1,6,10,3,6
2018-06-10 07:00:00,34.0,15.0,12.3,1015.6,1,2.6,6,10,4,7
2018-06-10 08:00:00,35.400000000023276,15.3,11.8,1015.3,1,3.1,6,10,5,8
2018-06-10 09:00:00,34.899999999965075,16.4,12.2,1015.3,1,3.1,6,10,6,9
2018-06-10 10:00:00,37.10000000003493,17.2,11.5,1015.6,1,1.5,6,10,7,10
2018-06-10 11:00:00,36.20000000001165,20.5,13.2,1015.3,1,2.1,6,10,1,11
2018-06-10 12:00:00,37.70000000001165,21.0,12.0,1014.9,1,2.6,6,10,2,12
2018-06-10 13:00:00,39.0,22.2,12.9,1014.5,1,3.1,6,10,3,13
2018-06-10 14:00:00,41.29999999998836,23.3,13.2,1014.2,1,3.1,6,10,4,14
2018-06-10 15:00:00,39.29999999998836,22.9,13.9,1013.8,0,0.0,6,10,5,15
2018-06-10 16:00:00,43.5,22.6,13.6,1013.7,1,4.6,6,10,6,16
2018-06-10 17:00:00,42.599999999976724,22.9,14.2,1013.6,1,3.6,6,10,7,17
2018-06-10 18:00:00,46.599999999976724,21.9,13.5,1013.5,1,3.1,6,10,1,18
2018-06-10 19:00:00,44.599999999976724,20.8,13.4,1013.9,2,3.6,6,10,2,19
2018-06-10 20:00:00,43.899999999965075,18.6,13.3,1014.1,2,3.6,6,10,3,20
2018-06-10 21:00:00,42.0,17.6,13.5,1014.7,2,3.6,6,10,4,21
2018-06-10 22:00:00,41.0,16.4,12.8,1015.2,2,4.1,6,10,5,22
2018-06-10 23:00:00,40.20000000001165,14.3,11.8,1015.3,2,3.6,6,10,6,23
2018-06-11 00:00:00,37.5,14.1,12.0,1015.2,1,2.1,6,11,7,0
2018-06-11 01:00:00,37.29999999998836,13.9,10.9,1015.2,1,2.6,6,11,1,1
2018-06-11 02:00:00,36.5,13.2,10.5,1014.6,1,2.6,6,11,2,2
2018-06-11 03:00:00,33.69999999995343,12.7,10.4,1014.5,1,2.6,6,11,3,3
2018-06-11 04:00:00,31.799999999988362,12.4,10.2,1014.2,1,2.1,6,11,4,4
2018-06-11 05:00:00,32.399999999965075,13.0,10.2,1014.3,1,2.1,6,11,5,5
2018-06-11 06:00:00,30.600000000034928,13.4,10.7,1014.6,1,1.5,6,11,6,6
2018-06-11 07:00:00,33.0,14.5,10.7,1014.6,1,2.6,6,11,7,7
2018-06-11 08:00:00,35.29999999998836,16.9,11.2,1014.5,1,3.6,6,11,1,8
2018-06-11 09:00:00,40.900000000023276,18.7,11.5,1014.4,1,3.6,6,11,2,9
2018-06-11 10:00:00,41.60000000003493,19.8,9.6,1014.3,1,3.6,6,11,3,10
2018-06-11 11:00:00,42.399999999965075,21.8,10.8,1014.2,2,3.1,6,11,4,11
2018-06-11 12:00:00,45.70000000001164,23.4,11.1,1014.0,2,3.1,6,11,5,12
2018-06-11 13:00:00,41.399999999965075,24.4,10.8,1013.4,1,3.6,6,11,6,13
2018-06-11 14:00:00,39.29999999998836,24.7,8.3,1012.9,1,4.1,6,11,7,14
2018-06-11 15:00:00,41.099999999976724,24.8,9.1,1012.5,2,4.1,6,11,1,15
2018-06-11 16:00:00,43.5,24.6,7.4,1012.3,1,4.6,6,11,2,16
2018-06-11 17:00:00,42.099999999976724,24.7,9.2,1012.2,1,4.1,6,11,3,17
2018-06-11 18:00:00,45.20000000001164,23.0,9.2,1012.6,2,5.1,6,11,4,18
2018-06-11 19:00:00,42.60000000003493,21.1,9.5,1013.0,2,5.1,6,11,5,19
2018-06-11 20:00:00,40.79999999998836,18.9,9.0,1013.1,2,4.6,6,11,6,20
2018-06-11 21:00:00,41.900000000023276,17.7,9.9,1013.7,2,2.1,6,11,7,21
2018-06-11 22:00:00,39.20000000001164,17.5,9.1,1013.9,2,2.6,6,11,1,22
2018-06-11 23:00:00,37.80000000004657,16.7,8.7,1014.2,1,2.1,6,11,2,23
2018-06-12 00:00:00,35.5,15.7,9.2,1014.1,2,1.5,6,12,3,0
2018-06-12 01:00:00,32.5,15.2,9.7,1014.3,1,1.5,6,12,4,1
2018-06-12 02:00:00,31.399999999965072,14.1,9.9,1014.3,0,2.1,6,12,5,2
2018-06-12 03:00:00,29.90000000002329,13.8,10.1,1014.3,1,2.1,6,12,6,3
2018-06-12 04:00:00,29.5,13.2,10.4,1014.4,1,2.1,6,12,7,4
2018-06-12 05:00:00,29.299999999988355,13.3,10.6,1014.7,1,2.1,6,12,1,5
2018-06-12 06:00:00,31.5,14.3,10.8,1015.1,1,3.1,6,12,2,6
2018-06-12 07:00:00,30.09999999997672,14.1,10.3,1015.7,1,3.6,6,12,3,7
2018-06-12 08:00:00,37.0,14.7,9.7,1016.4,1,3.1,6,12,4,8
2018-06-12 09:00:00,43.19999999995344,14.6,9.8,1016.8,1,3.6,6,12,5,9
2018-06-12 10:00:00,42.70000000001164,15.5,10.4,1017.1,0,3.6,6,12,6,10
2018-06-12 11:00:00,43.599999999976724,17.0,11.3,1017.5,1,3.6,6,12,7,11
2018-06-12 12:00:00,46.10000000003493,16.6,10.8,1017.6,1,3.6,6,12,1,12
2018-06-12 13:00:00,44.0,16.2,11.4,1017.9,0,3.6,6,12,2,13
2018-06-12 14:00:00,39.0,17.1,11.8,1017.9,1,2.6,6,12,3,14
2018-06-12 15:00:00,39.29999999998836,17.3,11.6,1017.8,1,3.6,6,12,4,15
2018-06-12 16:00:00,41.79999999998836,18.4,9.4,1017.8,1,3.1,6,12,5,16
2018-06-12 17:00:00,43.0,18.1,9.3,1017.8,0,4.1,6,12,6,17
2018-06-12 18:00:00,40.70000000001165,17.4,10.0,1018.1,1,3.1,6,12,7,18
2018-06-12 19:00:00,40.10000000003493,17.6,8.7,1018.3,0,3.6,6,12,1,19
2018-06-12 20:00:00,42.900000000023276,16.3,7.1,1018.6,1,3.1,6,12,2,20
2018-06-12 21:00:00,41.099999999976724,14.9,8.3,1019.3,1,2.6,6,12,3,21
2018-06-12 22:00:00,42.80000000004657,13.7,7.9,1019.8,1,2.1,6,12,4,22
2018-06-12 23:00:00,39.5,13.0,7.3,1020.1,1,1.5,6,12,5,23
2018-06-13 00:00:00,34.599999999976724,12.0,7.7,1020.4,7,1.0,6,13,6,0
2018-06-13 01:00:00,32.80000000004657,11.1,7.8,1020.3,0,1.5,6,13,7,1
2018-06-13 02:00:00,34.70000000001164,10.7,7.7,1020.1,0,1.0,6,13,1,2
2018-06-13 03:00:00,32.899999999965075,9.6,7.7,1020.1,0,1.5,6,13,2,3
2018-06-13 04:00:00,30.399999999965072,9.5,7.5,1019.8,1,1.0,6,13,3,4
2018-06-13 05:00:00,29.799999999988362,10.3,8.3,1020.0,7,1.0,6,13,4,5
2018-06-13 06:00:00,30.200000000011638,12.0,9.3,1020.1,7,1.0,6,13,5,6
2018-06-13 07:00:00,31.90000000002329,14.2,9.2,1019.9,4,2.6,6,13,6,7
2018-06-13 08:00:00,34.20000000001164,16.3,8.1,1019.9,4,2.1,6,13,7,8
2018-06-13 09:00:00,38.900000000023276,17.8,8.3,1019.2,5,1.5,6,13,1,9
2018-06-13 10:00:00,39.5,19.5,9.4,1019.2,5,3.1,6,13,2,10
2018-06-13 11:00:00,40.399999999965075,20.6,9.2,1019.0,4,3.1,6,13,3,11
2018-06-13 12:00:00,40.399999999965075,20.9,9.4,1018.5,6,4.1,6,13,4,12
2018-06-13 13:00:00,39.199999999953434,21.6,9.0,1017.8,5,4.1,6,13,5,13
2018-06-13 14:00:00,38.29999999998836,23.0,10.0,1017.3,5,5.7,6,13,6,14
2018-06-13 15:00:00,38.29999999998836,21.3,10.4,1017.0,5,6.2,6,13,7,15
2018-06-13 16:00:00,38.20000000001165,21.6,9.2,1016.5,5,7.2,6,13,1,16
2018-06-13 17:00:00,45.20000000001164,20.8,8.6,1016.3,5,7.2,6,13,2,17
2018-06-13 18:00:00,44.79999999998836,19.7,8.3,1016.3,5,7.7,6,13,3,18
2018-06-13 19:00:00,42.899999999965075,18.6,7.6,1016.1,5,7.2,6,13,4,19
2018-06-13 20:00:00,41.5,17.7,8.5,1015.8,5,5.7,6,13,5,20
2018-06-13 21:00:00,41.399999999965075,16.8,10.1,1015.7,4,5.1,6,13,6,21
2018-06-13 22:00:00,44.5,15.8,11.1,1015.3,4,6.7,6,13,7,22
2018-06-13 23:00:00,41.099999999976724,15.0,11.4,1014.9,4,4.6,6,13,1,23
2018-06-14 00:00:00,33.5,14.7,11.9,1014.5,5,5.1,6,14,2,0
2018-06-14 01:00:00,30.299999999988362,14.6,12.0,1013.6,4,4.6,6,14,3,1
2018-06-14 02:00:00,33.79999999998836,14.6,11.6,1012.8,5,5.7,6,14,4,2
2018-06-14 03:00:00,30.59999999997672,14.6,11.9,1012.0,5,5.7,6,14,5,3
2018-06-14 04:00:00,29.90000000002329,14.9,11.1,1011.3,5,7.2,6,14,6,4
2018-06-14 05:00:00,29.200000000011645,14.9,11.1,1010.7,5,6.7,6,14,7,5
2018-06-14 06:00:00,29.700000000011638,15.3,11.4,1010.3,5,8.2,6,14,1,6
2018-06-14 07:00:00,33.600000000034925,15.6,11.6,1010.1,5,8.8,6,14,2,7
2018-06-14 08:00:00,40.79999999998836,14.7,13.2,1010.0,5,7.2,6,14,3,8
2018-06-14 09:00:00,46.29999999998836,15.7,13.0,1009.7,5,7.7,6,14,4,9
2018-06-14 10:00:00,45.099999999976724,16.0,14.2,1010.0,5,7.7,6,14,5,10
2018-06-14 11:00:00,43.29999999998836,18.5,14.1,1010.5,5,6.7,6,14,6,11
2018-06-14 12:00:00,42.10000000003493,20.1,11.8,1010.5,6,8.2,6,14,7,12
2018-06-14 13:00:00,39.79999999998836,20.8,9.4,1011.0,6,7.2,6,14,1,13
2018-06-14 14:00:00,37.0,23.1,9.4,1011.2,6,8.2,6,14,2,14
2018-06-14 15:00:00,40.5,23.4,9.7,1011.6,6,7.2,6,14,3,15
2018-06-14 16:00:00,40.099999999976724,22.5,9.3,1012.1,6,7.2,6,14,4,16
2018-06-14 17:00:00,41.80000000004657,22.7,8.1,1012.4,6,5.7,6,14,5,17
2018-06-14 18:00:00,39.400000000023276,21.5,8.6,1013.1,6,4.6,6,14,6,18
2018-06-14 19:00:00,39.400000000023276,21.2,8.8,1013.7,7,3.6,6,14,7,19
2018-06-14 20:00:00,38.80000000004657,19.8,8.9,1014.4,7,2.1,6,14,1,20
2018-06-14 21:00:00,40.399999999965075,18.2,10.2,1015.3,6,4.1,6,14,2,21
2018-06-14 22:00:00,40.099999999976724,17.3,10.8,1015.7,6,3.6,6,14,3,22
2018-06-14 23:00:00,36.70000000001165,16.0,10.6,1016.1,6,3.6,6,14,4,23
2018-06-15 00:00:00,34.0,15.3,10.3,1016.3,6,3.1,6,15,5,0
2018-06-15 01:00:00,33.80000000004657,13.5,10.0,1016.1,6,2.1,6,15,6,1
2018-06-15 02:00:00,31.199999999953427,13.5,10.1,1016.2,6,2.1,6,15,7,2
2018-06-15 03:00:00,31.09999999997672,13.3,10.0,1016.4,7,1.5,6,15,1,3
2018-06-15 04:00:00,30.59999999997672,12.1,9.9,1016.4,6,1.5,6,15,2,4
2018-06-15 05:00:00,31.90000000002328,12.3,9.9,1016.7,7,2.1,6,15,3,5
2018-06-15 06:00:00,27.0,12.7,9.9,1016.9,7,1.5,6,15,4,6
2018-06-15 07:00:00,31.000000000000004,14.9,9.9,1017.3,6,2.6,6,15,5,7
2018-06-15 08:00:00,34.900000000023276,17.0,10.0,1017.4,6,1.5,6,15,6,8
2018-06-15 09:00:00,40.0,18.4,9.3,1016.9,6,1.5,6,15,7,9
2018-06-15 10:00:00,38.5,20.3,9.0,1016.6,5,2.6,6,15,1,10
2018-06-15 11:00:00,38.0,20.9,8.4,1016.9,5,2.1,6,15,2,11
2018-06-15 12:00:00,37.79999999998836,22.5,9.7,1016.3,6,4.1,6,15,3,12
2018-06-15 13:00:00,40.899999999965075,21.9,8.4,1016.4,6,4.1,6,15,4,13
2018-06-15 14:00:00,38.899999999965075,22.3,7.2,1016.3,6,5.7,6,15,5,14
2018-06-15 15:00:00,38.5,21.9,6.8,1016.1,6,5.7,6,15,6,15
2018-06-15 16:00:00,38.0,21.7,7.2,1015.9,6,5.7,6,15,7,16
2018-06-15 17:00:00,36.70000000001165,21.1,6.6,1015.5,6,4.1,6,15,1,17
2018-06-15 18:00:00,38.599999999976724,20.9,7.4,1015.5,6,4.1,6,15,2,18
2018-06-15 19:00:00,35.20000000001165,19.2,7.1,1015.6,7,4.1,6,15,3,19
2018-06-15 20:00:00,37.899999999965075,18.7,6.7,1015.9,6,4.6,6,15,4,20
2018-06-15 21:00:00,35.900000000023276,17.9,6.8,1016.0,6,4.1,6,15,5,21
2018-06-15 22:00:00,40.400000000023276,17.1,7.3,1016.0,6,3.6,6,15,6,22
2018-06-15 23:00:00,36.5,16.3,8.1,1015.9,6,3.1,6,15,7,23
2018-06-16 00:00:00,32.70000000001164,16.0,7.1,1016.0,6,3.1,6,16,1,0
2018-06-16 01:00:00,33.100000000034925,14.9,7.4,1015.6,6,2.6,6,16,2,1
2018-06-16 02:00:00,30.799999999988362,14.5,7.6,1015.5,6,2.6,6,16,3,2
2018-06-16 03:00:00,28.600000000034928,14.6,8.2,1015.1,5,2.6,6,16,4,3
2018-06-16 04:00:00,28.399999999965072,14.2,8.4,1014.8,5,2.1,6,16,5,4
2018-06-16 05:00:00,28.899999999965072,14.0,8.7,1014.9,5,3.1,6,16,6,5
2018-06-16 06:00:00,28.700000000011638,14.7,8.3,1014.9,5,2.6,6,16,7,6
2018-06-16 07:00:00,30.299999999988362,15.0,8.6,1014.9,5,3.1,6,16,1,7
2018-06-16 08:00:00,30.799999999988362,16.4,8.6,1015.0,5,3.6,6,16,2,8
2018-06-16 09:00:00,31.40000000002329,17.9,9.4,1014.6,5,4.1,6,16,3,9
2018-06-16 10:00:00,32.0,18.4,8.1,1014.5,5,6.2,6,16,4,10
2018-06-16 11:00:00,34.399999999965075,19.2,10.3,1014.3,5,5.7,6,16,5,11
2018-06-16 12:00:00,36.0,19.2,9.4,1013.9,5,7.2,6,16,6,12
2018-06-16 13:00:00,36.29999999998836,18.9,9.5,1013.8,5,6.2,6,16,7,13
2018-06-16 14:00:00,36.29999999998836,19.0,10.3,1013.8,5,7.7,6,16,1,14
2018-06-16 15:00:00,37.60000000003493,18.3,11.3,1013.7,5,7.2,6,16,2,15
2018-06-16 16:00:00,39.599999999976724,17.8,11.8,1013.4,5,7.7,6,16,3,16
2018-06-16 17:00:00,37.099999999976724,17.7,11.5,1013.1,5,7.2,6,16,4,17
2018-06-16 18:00:00,36.599999999976724,17.9,11.7,1013.0,5,7.7,6,16,5,18
2018-06-16 19:00:00,35.79999999998836,17.6,11.8,1013.2,5,7.2,6,16,6,19
2018-06-16 20:00:00,39.79999999998836,16.4,9.0,1013.8,6,7.7,6,16,7,20
2018-06-16 21:00:00,38.0,15.2,7.7,1014.4,6,6.7,6,16,1,21
2018-06-16 22:00:00,40.0,14.7,7.7,1014.6,5,6.2,6,16,2,22
2018-06-16 23:00:00,35.0,14.1,8.1,1014.7,6,6.7,6,16,3,23
2018-06-17 00:00:00,31.90000000002329,13.6,8.4,1015.1,6,4.1,6,17,4,0
2018-06-17 01:00:00,33.400000000023276,13.4,8.9,1015.2,5,4.1,6,17,5,1
2018-06-17 02:00:00,33.29999999998835,13.5,9.1,1015.2,6,4.6,6,17,6,2
2018-06-17 03:00:00,31.59999999997672,13.6,9.2,1015.0,5,4.6,6,17,7,3
2018-06-17 04:00:00,29.700000000011645,13.6,9.4,1015.2,5,4.6,6,17,1,4
2018-06-17 05:00:00,28.799999999988362,13.7,9.4,1015.4,5,5.7,6,17,2,5
2018-06-17 06:00:00,28.200000000011645,13.8,10.4,1015.9,5,5.7,6,17,3,6
2018-06-17 07:00:00,29.700000000011645,13.7,11.3,1016.6,5,5.7,6,17,4,7
2018-06-17 08:00:00,30.90000000002329,14.7,12.2,1016.8,6,5.1,6,17,5,8
2018-06-17 09:00:00,32.900000000023276,15.8,10.5,1017.1,6,5.7,6,17,6,9
2018-06-17 10:00:00,34.400000000023276,17.2,10.1,1016.7,5,5.7,6,17,7,10
2018-06-17 11:00:00,38.0,18.7,9.5,1016.6,6,6.2,6,17,1,11
2018-06-17 12:00:00,37.70000000001164,18.2,8.7,1016.5,5,7.7,6,17,2,12
2018-06-17 13:00:00,39.399999999965075,18.4,9.5,1016.4,5,6.2,6,17,3,13
2018-06-17 14:00:00,37.0,18.2,10.6,1016.7,5,6.7,6,17,4,14
2018-06-17 15:00:00,35.400000000023276,17.4,10.8,1016.7,5,7.2,6,17,5,15
2018-06-17 16:00:00,36.70000000001165,17.7,10.7,1016.6,5,6.7,6,17,6,16
2018-06-17 17:00:00,42.20000000001164,16.8,11.6,1016.6,5,6.7,6,17,7,17
2018-06-17 18:00:00,42.79999999998836,16.1,12.6,1016.8,5,6.7,6,17,1,18
2018-06-17 19:00:00,39.899999999965075,15.8,12.8,1017.0,5,5.7,6,17,2,19
2018-06-17 20:00:00,41.399999999965075,15.5,13.2,1016.7,5,6.2,6,17,3,20
2018-06-17 21:00:00,40.29999999998836,15.6,13.5,1017.1,5,5.1,6,17,4,21
2018-06-17 22:00:00,40.5,15.7,13.9,1017.1,5,5.7,6,17,5,22
2018-06-17 23:00:00,36.0,15.4,14.4,1017.0,5,4.6,6,17,6,23
2018-06-18 00:00:00,30.5,15.7,14.4,1016.9,5,5.7,6,18,7,0
2018-06-18 01:00:00,30.0,15.8,14.5,1016.9,5,5.1,6,18,1,1
2018-06-18 02:00:00,31.5,15.4,15.0,1016.9,5,4.1,6,18,2,2
2018-06-18 03:00:00,28.600000000034928,15.6,15.0,1016.9,5,4.1,6,18,3,3
2018-06-18 04:00:00,28.5,14.9,13.4,1017.4,6,5.7,6,18,4,4
2018-06-18 05:00:00,28.09999999997672,14.9,12.9,1017.6,6,4.6,6,18,5,5
2018-06-18 06:00:00,27.799999999988355,15.5,12.6,1017.8,6,6.2,6,18,6,6
2018-06-18 07:00:00,33.79999999998836,17.1,12.4,1018.3,6,7.2,6,18,7,7
2018-06-18 08:00:00,40.900000000023276,17.2,11.8,1019.1,6,8.2,6,18,1,8
2018-06-18 09:00:00,42.70000000001164,17.8,11.6,1019.4,6,7.2,6,18,2,9
2018-06-18 10:00:00,40.0,18.2,10.9,1019.4,6,7.7,6,18,3,10
2018-06-18 11:00:00,39.0,21.3,11.3,1019.5,6,7.2,6,18,4,11
2018-06-18 12:00:00,41.099999999976724,21.9,10.6,1019.5,5,6.2,6,18,5,12
2018-06-18 13:00:00,38.79999999998836,24.4,10.8,1019.0,5,5.1,6,18,6,13
2018-06-18 14:00:00,36.899999999965075,25.8,12.2,1018.8,6,6.7,6,18,7,14
2018-06-18 15:00:00,37.599999999976724,24.6,12.5,1018.9,6,8.8,6,18,1,15
2018-06-18 16:00:00,39.5,24.2,13.4,1018.9,6,7.2,6,18,2,16
2018-06-18 17:00:00,38.60000000003493,23.2,14.2,1019.0,6,7.2,6,18,3,17
2018-06-18 18:00:00,38.29999999998836,22.8,13.9,1019.2,6,7.7,6,18,4,18
2018-06-18 19:00:00,41.60000000003493,21.1,14.1,1019.9,5,7.2,6,18,5,19
2018-06-18 20:00:00,42.29999999998836,19.6,14.2,1020.1,5,6.2,6,18,6,20
2018-06-18 21:00:00,39.5,19.2,14.7,1020.7,5,7.7,6,18,7,21
2018-06-18 22:00:00,41.79999999998836,18.7,15.1,1021.0,5,6.7,6,18,1,22
2018-06-18 23:00:00,34.79999999998836,18.7,15.4,1020.8,5,6.2,6,18,2,23
2018-06-19 00:00:00,31.800000000046573,18.7,15.3,1020.8,6,7.2,6,19,3,0
2018-06-19 01:00:00,29.899999999965072,18.5,14.8,1021.1,6,6.7,6,19,4,1
2018-06-19 02:00:00,32.599999999976724,18.2,15.0,1021.3,6,4.1,6,19,5,2
2018-06-19 03:00:00,31.200000000011638,18.0,14.8,1021.4,6,6.2,6,19,6,3
2018-06-19 04:00:00,31.300000000046573,17.7,14.5,1022.0,6,5.7,6,19,7,4
2018-06-19 05:00:00,30.200000000011638,17.4,14.2,1022.5,6,5.7,6,19,1,5
2018-06-19 06:00:00,30.0,17.7,14.2,1022.8,6,4.1,6,19,2,6
2018-06-19 07:00:00,33.899999999965075,18.5,14.2,1023.2,6,4.6,6,19,3,7
2018-06-19 08:00:00,37.900000000023276,19.1,14.0,1023.5,5,4.6,6,19,4,8
2018-06-19 09:00:00,42.899999999965075,20.7,14.3,1023.5,6,4.6,6,19,5,9
2018-06-19 10:00:00,42.900000000023276,20.9,14.2,1023.3,5,4.1,6,19,6,10
2018-06-19 11:00:00,42.899999999965075,22.2,14.5,1023.4,6,4.6,6,19,7,11
2018-06-19 12:00:00,41.0,23.7,14.3,1023.3,5,6.2,6,19,1,12
2018-06-19 13:00:00,35.20000000001165,23.3,14.5,1023.0,5,4.6,6,19,2,13
2018-06-19 14:00:00,38.900000000023276,23.4,14.8,1022.9,5,5.7,6,19,3,14
2018-06-19 15:00:00,37.400000000023276,23.8,15.1,1022.8,5,6.2,6,19,4,15
2018-06-19 16:00:00,37.5,24.5,15.6,1022.4,5,5.7,6,19,5,16
2018-06-19 17:00:00,41.099999999976724,23.4,16.1,1022.2,5,5.7,6,19,6,17
2018-06-19 18:00:00,44.5,23.1,16.2,1022.2,5,5.7,6,19,7,18
2018-06-19 19:00:00,44.70000000001164,22.1,15.8,1022.1,5,6.2,6,19,1,19
2018-06-19 20:00:00,40.5,20.7,15.6,1022.2,4,5.1,6,19,2,20
2018-06-19 21:00:00,40.10000000003493,19.5,15.2,1022.6,5,4.6,6,19,3,21
2018-06-19 22:00:00,38.900000000023276,18.7,15.1,1022.6,5,4.1,6,19,4,22
2018-06-19 23:00:00,35.20000000001164,17.4,14.9,1022.6,5,3.6,6,19,5,23
2018-06-20 00:00:00,30.799999999988362,16.3,14.7,1022.4,5,2.6,6,20,6,0
2018-06-20 01:00:00,31.40000000002329,15.7,14.4,1021.9,5,3.6,6,20,7,1
2018-06-20 02:00:00,32.20000000001165,15.0,14.1,1021.7,5,3.1,6,20,1,2
2018-06-20 03:00:00,29.700000000011645,15.0,14.6,1021.3,4,4.1,6,20,2,3
2018-06-20 04:00:00,30.399999999965072,14.7,14.5,1021.2,4,5.1,6,20,3,4
2018-06-20 05:00:00,31.09999999997672,15.3,14.9,1021.4,5,4.1,6,20,4,5
2018-06-20 06:00:00,31.5,15.5,15.0,1021.3,5,4.1,6,20,5,6
2018-06-20 07:00:00,32.599999999976724,15.8,14.3,1021.4,5,5.1,6,20,6,7
2018-06-20 08:00:00,37.29999999998836,17.0,14.4,1021.3,5,5.7,6,20,7,8
2018-06-20 09:00:00,43.70000000001164,17.2,14.5,1021.2,5,5.7,6,20,1,9
2018-06-20 10:00:00,40.0,19.9,15.5,1020.9,5,4.6,6,20,2,10
2018-06-20 11:00:00,39.5,20.6,14.8,1020.6,5,5.1,6,20,3,11
2018-06-20 12:00:00,36.70000000001164,22.6,15.9,1020.1,5,5.1,6,20,4,12
2018-06-20 13:00:00,34.30000000004657,25.0,16.2,1019.6,5,6.7,6,20,5,13
2018-06-20 14:00:00,36.599999999976724,24.2,15.1,1019.2,5,6.7,6,20,6,14
2018-06-20 15:00:00,35.099999999976724,25.2,15.3,1019.1,6,6.2,6,20,7,15
2018-06-20 16:00:00,35.80000000004657,25.2,15.6,1018.6,5,5.7,6,20,1,16
2018-06-20 17:00:00,38.5,23.8,15.6,1018.4,6,6.2,6,20,2,17
2018-06-20 18:00:00,38.099999999976724,22.6,16.1,1018.6,7,5.7,6,20,3,18
2018-06-20 19:00:00,37.79999999998836,20.6,14.9,1018.9,6,6.2,6,20,4,19
2018-06-20 20:00:00,40.099999999976724,19.5,14.3,1019.0,6,4.6,6,20,5,20
2018-06-20 21:00:00,35.899999999965075,18.5,13.9,1019.4,6,4.6,6,20,6,21
2018-06-20 22:00:00,38.5,17.5,11.0,1020.1,7,4.6,6,20,7,22
2018-06-20 23:00:00,36.0,15.8,7.6,1020.9,7,4.1,6,20,1,23
2018-06-21 00:00:00,31.40000000002329,14.6,6.6,1021.4,7,3.6,6,21,2,0
2018-06-21 01:00:00,33.599999999976724,13.8,5.3,1021.9,7,3.6,6,21,3,1
2018-06-21 02:00:00,33.19999999995343,12.7,5.5,1022.4,7,2.6,6,21,4,2
2018-06-21 03:00:00,31.199999999953427,11.5,5.4,1022.7,7,2.1,6,21,5,3
2018-06-21 04:00:00,29.200000000011638,10.7,5.9,1023.0,7,1.5,6,21,6,4
2018-06-21 05:00:00,27.600000000034928,11.4,6.3,1023.5,7,3.6,6,21,7,5
2018-06-21 06:00:00,25.799999999988362,12.2,6.5,1023.8,7,3.6,6,21,1,6
2018-06-21 07:00:00,28.5,13.5,5.3,1024.2,7,5.7,6,21,2,7
2018-06-21 08:00:00,34.399999999965075,13.8,3.7,1024.7,7,6.2,6,21,3,8
2018-06-21 09:00:00,39.10000000003493,15.7,4.6,1025.1,7,5.1,6,21,4,9
2018-06-21 10:00:00,38.900000000023276,16.8,5.1,1025.6,7,6.2,6,21,5,10
2018-06-21 11:00:00,38.79999999998836,18.2,3.7,1025.8,7,5.1,6,21,6,11
2018-06-21 12:00:00,37.699999999953434,18.0,3.6,1026.2,0,5.1,6,21,7,12
2018-06-21 13:00:00,34.20000000001164,19.0,2.9,1026.3,7,4.6,6,21,1,13
2018-06-21 14:00:00,35.899999999965075,18.8,2.9,1026.5,0,4.1,6,21,2,14
2018-06-21 15:00:00,34.100000000034925,19.5,2.3,1026.9,0,3.1,6,21,3,15
2018-06-21 16:00:00,34.5,19.8,2.9,1027.2,0,3.6,6,21,4,16
2018-06-21 17:00:00,36.199999999953434,19.9,2.6,1027.4,0,4.1,6,21,5,17
2018-06-21 18:00:00,40.199999999953434,19.7,2.4,1027.7,7,3.6,6,21,6,18
2018-06-21 19:00:00,38.0,19.2,3.0,1028.1,7,3.6,6,21,7,19
2018-06-21 20:00:00,38.70000000001165,17.5,3.9,1028.5,7,2.6,6,21,1,20
2018-06-21 21:00:00,38.599999999976724,15.8,4.6,1029.0,7,2.6,6,21,2,21
2018-06-21 22:00:00,39.900000000023276,14.3,4.4,1029.5,7,2.6,6,21,3,22
2018-06-21 23:00:00,35.599999999976724,13.5,4.6,1029.8,7,3.1,6,21,4,23
2018-06-22 00:00:00,31.300000000046573,12.4,5.0,1029.8,7,2.6,6,22,5,0
2018-06-22 01:00:00,30.199999999953427,11.1,5.2,1029.9,7,2.1,6,22,6,1
2018-06-22 02:00:00,31.09999999997672,10.9,5.5,1030.0,6,2.6,6,22,7,2
2018-06-22 03:00:00,29.40000000002329,10.3,5.6,1030.2,7,2.1,6,22,1,3
2018-06-22 04:00:00,28.200000000011645,9.2,6.0,1030.4,6,1.5,6,22,2,4
2018-06-22 05:00:00,27.700000000011645,10.4,6.8,1030.4,6,2.1,6,22,3,5
2018-06-22 06:00:00,27.90000000002329,11.3,7.0,1030.8,7,2.1,6,22,4,6
2018-06-22 07:00:00,33.0,13.7,7.9,1031.1,7,2.1,6,22,5,7
2018-06-22 08:00:00,39.20000000001164,15.8,7.9,1031.2,1,2.6,6,22,6,8
2018-06-22 09:00:00,40.79999999998836,16.6,6.8,1031.1,0,2.6,6,22,7,9
2018-06-22 10:00:00,36.699999999953434,18.0,6.9,1030.9,0,1.5,6,22,1,10
2018-06-22 11:00:00,36.099999999976724,19.4,6.3,1030.8,7,2.6,6,22,2,11
2018-06-22 12:00:00,37.599999999976724,20.0,6.2,1030.7,0,2.1,6,22,3,12
2018-06-22 13:00:00,38.099999999976724,21.1,6.1,1030.4,0,3.6,6,22,4,13
2018-06-22 14:00:00,34.100000000034925,21.5,6.1,1030.0,1,2.6,6,22,5,14
2018-06-22 15:00:00,32.900000000023276,22.1,5.8,1029.7,7,3.1,6,22,6,15
2018-06-22 16:00:00,31.5,22.8,5.5,1029.6,0,2.6,6,22,7,16
2018-06-22 17:00:00,34.099999999976724,22.2,4.9,1029.3,0,3.1,6,22,1,17
2018-06-22 18:00:00,34.29999999998835,22.0,4.5,1029.3,0,2.6,6,22,2,18
2018-06-22 19:00:00,35.900000000023276,21.4,4.3,1029.2,0,2.6,6,22,3,19
2018-06-22 20:00:00,36.699999999953434,20.2,3.9,1029.4,1,2.6,6,22,4,20
2018-06-22 21:00:00,37.5,17.3,4.7,1030.0,2,3.1,6,22,5,21
2018-06-22 22:00:00,37.099999999976724,16.0,7.5,1030.2,3,4.1,6,22,6,22
2018-06-22 23:00:00,34.0,15.0,9.0,1030.1,3,3.6,6,22,7,23
2018-06-23 00:00:00,28.5,13.6,9.6,1030.1,4,4.1,6,23,1,0
2018-06-23 01:00:00,30.90000000002329,12.9,9.7,1030.1,4,2.6,6,23,2,1
2018-06-23 02:00:00,31.0,12.7,10.0,1029.9,6,2.1,6,23,3,2
2018-06-23 03:00:00,27.200000000011638,12.2,9.7,1030.0,6,3.1,6,23,4,3
2018-06-23 04:00:00,27.0,12.3,10.4,1029.9,5,2.6,6,23,5,4
2018-06-23 05:00:00,30.100000000034928,12.4,10.3,1029.8,5,2.1,6,23,6,5
2018-06-23 06:00:00,28.600000000034928,13.5,9.9,1029.8,6,1.5,6,23,7,6
2018-06-23 07:00:00,33.80000000004657,15.3,6.7,1029.9,7,2.6,6,23,1,7
2018-06-23 08:00:00,37.10000000003493,16.6,5.8,1029.6,7,2.1,6,23,2,8
2018-06-23 09:00:00,41.70000000001165,19.0,3.4,1029.2,7,3.1,6,23,3,9
2018-06-23 10:00:00,39.80000000004657,20.7,3.1,1029.0,6,3.6,6,23,4,10
2018-06-23 11:00:00,41.400000000023276,21.4,3.7,1028.8,7,5.1,6,23,5,11
2018-06-23 12:00:00,39.80000000004657,22.4,3.2,1028.4,7,4.6,6,23,6,12
2018-06-23 13:00:00,35.899999999965075,23.2,3.8,1027.8,7,4.1,6,23,7,13
2018-06-23 14:00:00,37.60000000003493,23.8,3.8,1027.3,7,4.1,6,23,1,14
2018-06-23 15:00:00,37.70000000001164,23.3,2.6,1027.0,7,4.6,6,23,2,15
2018-06-23 16:00:00,38.20000000001165,22.6,4.1,1026.7,7,3.1,6,23,3,16
2018-06-23 17:00:00,32.900000000023276,22.7,5.5,1026.2,7,3.1,6,23,4,17
2018-06-23 18:00:00,27.0,22.3,5.9,1025.7,7,3.1,6,23,5,18
2018-06-23 19:00:00,27.5,21.3,7.2,1025.8,0,3.1,6,23,6,19
2018-06-23 20:00:00,27.5,20.3,7.7,1025.9,0,1.5,6,23,7,20
2018-06-23 21:00:00,26.799999999988355,19.5,8.2,1026.2,1,2.1,6,23,1,21
2018-06-23 22:00:00,29.700000000011638,19.1,8.6,1026.2,1,1.0,6,23,2,22
2018-06-23 23:00:00,26.800000000046573,18.5,8.0,1026.0,0,1.0,6,23,3,23
2018-06-24 00:00:00,26.5,16.8,9.4,1025.9,7,1.0,6,24,4,0
2018-06-24 01:00:00,24.90000000002329,15.2,8.8,1025.6,0,1.0,6,24,5,1
2018-06-24 02:00:00,25.199999999953427,15.3,5.8,1025.6,7,1.5,6,24,6,2
2018-06-24 03:00:00,25.100000000034928,13.7,6.8,1025.4,7,2.1,6,24,7,3
2018-06-24 04:00:00,25.5,13.5,6.5,1025.2,0,1.5,6,24,1,4
2018-06-24 05:00:00,24.399999999965072,13.7,5.9,1025.3,1,1.5,6,24,2,5
2018-06-24 06:00:00,24.199999999953427,15.0,5.2,1025.4,0,2.1,6,24,3,6
2018-06-24 07:00:00,24.59999999997672,16.3,7.1,1025.8,0,1.5,6,24,4,7
2018-06-24 08:00:00,30.200000000011638,18.0,7.7,1025.7,0,1.5,6,24,5,8
2018-06-24 09:00:00,31.09999999997672,19.4,7.0,1025.7,1,2.6,6,24,6,9
2018-06-24 10:00:00,31.799999999988355,21.4,5.4,1025.7,7,1.5,6,24,7,10
2018-06-24 11:00:00,33.600000000034925,22.2,3.5,1025.7,0,1.5,6,24,1,11
2018-06-24 12:00:00,37.80000000004657,22.9,4.3,1025.3,6,1.5,6,24,2,12
2018-06-24 13:00:00,40.60000000003493,24.2,5.3,1024.9,0,2.6,6,24,3,13
2018-06-24 14:00:00,41.5,24.8,4.7,1024.7,0,2.1,6,24,4,14
2018-06-24 15:00:00,38.20000000001164,25.6,5.5,1024.4,0,2.6,6,24,5,15
2018-06-24 16:00:00,35.70000000001164,25.9,5.7,1024.1,3,1.5,6,24,6,16
2018-06-24 17:00:00,35.599999999976724,25.6,5.7,1023.8,1,2.1,6,24,7,17
2018-06-24 18:00:00,31.600000000034928,25.1,7.4,1023.7,1,2.1,6,24,1,18
2018-06-24 19:00:00,36.5,24.6,7.7,1023.8,2,2.6,6,24,2,19
2018-06-24 20:00:00,42.599999999976724,21.6,10.8,1024.5,4,4.6,6,24,3,20
2018-06-24 21:00:00,41.70000000001164,19.8,9.8,1025.1,4,4.1,6,24,4,21
2018-06-24 22:00:00,40.099999999976724,18.5,9.7,1025.6,4,3.1,6,24,5,22
2018-06-24 23:00:00,33.099999999976724,16.9,9.7,1025.9,3,1.5,6,24,6,23
2018-06-25 00:00:00,30.899999999965072,16.4,9.5,1026.0,4,2.1,6,25,7,0
2018-06-25 01:00:00,28.700000000011638,16.1,9.4,1026.0,4,2.6,6,25,1,1
2018-06-25 02:00:00,29.399999999965072,15.1,9.3,1025.8,5,2.6,6,25,2,2
2018-06-25 03:00:00,30.600000000034925,15.0,9.4,1025.8,4,2.6,6,25,3,3
2018-06-25 04:00:00,29.40000000002329,13.9,9.4,1026.0,5,2.1,6,25,4,4
2018-06-25 05:00:00,30.300000000046573,14.7,9.3,1026.1,5,2.6,6,25,5,5
2018-06-25 06:00:00,31.90000000002328,16.3,9.6,1026.2,6,2.1,6,25,6,6
2018-06-25 07:00:00,39.60000000003493,18.0,9.5,1026.2,6,2.6,6,25,7,7
2018-06-25 08:00:00,36.20000000001165,20.1,9.6,1026.1,6,1.5,6,25,1,8
2018-06-25 09:00:00,34.0,23.1,11.0,1026.1,6,1.5,6,25,2,9
2018-06-25 10:00:00,31.799999999988362,24.9,9.9,1026.1,7,1.5,6,25,3,10
2018-06-25 11:00:00,32.5,25.7,9.5,1025.9,0,1.5,6,25,4,11
2018-06-25 12:00:00,36.0,26.5,8.0,1025.7,0,2.1,6,25,5,12
2018-06-25 13:00:00,34.29999999998836,27.2,6.0,1025.3,0,2.6,6,25,6,13
2018-06-25 14:00:00,32.0,28.3,5.7,1025.1,2,1.5,6,25,7,14
2018-06-25 15:00:00,30.800000000046573,29.1,6.0,1025.1,7,2.6,6,25,1,15
2018-06-25 16:00:00,38.29999999998836,29.4,6.6,1024.7,7,2.1,6,25,2,16
2018-06-25 17:00:00,39.5,29.7,7.1,1024.5,7,2.6,6,25,3,17
2018-06-25 18:00:00,40.5,28.9,6.8,1024.4,0,3.1,6,25,4,18
2018-06-25 19:00:00,42.0,28.2,5.2,1024.6,0,3.1,6,25,5,19
2018-06-25 20:00:00,43.399999999965075,23.8,12.2,1025.3,4,4.1,6,25,6,20
2018-06-25 21:00:00,44.10000000003493,22.2,11.9,1026.2,4,2.1,6,25,7,21
2018-06-25 22:00:00,43.60000000003493,21.4,11.9,1026.1,4,2.1,6,25,1,22
2018-06-25 23:00:00,37.70000000001164,19.5,11.3,1026.1,5,1.5,6,25,2,23
2018-06-26 00:00:00,32.900000000023276,18.8,11.7,1026.0,7,1.0,6,26,3,0
2018-06-26 01:00:00,29.100000000034928,16.9,10.7,1026.2,4,1.5,6,26,4,1
2018-06-26 02:00:00,30.200000000011645,16.4,11.2,1025.9,3,2.1,6,26,5,2
2018-06-26 03:00:00,29.200000000011638,16.0,11.5,1025.9,7,1.5,6,26,6,3
2018-06-26 04:00:00,30.90000000002329,15.2,11.6,1025.9,0,1.0,6,26,7,4
2018-06-26 05:00:00,29.0,16.4,12.2,1026.4,1,1.5,6,26,1,5
2018-06-26 06:00:00,31.20000000001165,18.3,13.0,1026.6,1,1.0,6,26,2,6
2018-06-26 07:00:00,39.10000000003493,20.6,13.0,1026.7,2,1.5,6,26,3,7
2018-06-26 08:00:00,37.70000000001165,21.8,12.5,1026.9,3,2.6,6,26,4,8
2018-06-26 09:00:00,37.70000000001164,23.7,12.0,1026.7,3,2.1,6,26,5,9
2018-06-26 10:00:00,36.0,24.2,10.6,1026.6,3,1.5,6,26,6,10
2018-06-26 11:00:00,37.599999999976724,26.0,10.0,1026.3,2,1.5,6,26,7,11
2018-06-26 12:00:00,36.5,27.2,9.8,1026.0,0,2.1,6,26,1,12
2018-06-26 13:00:00,33.79999999998836,28.0,8.9,1025.5,2,3.6,6,26,2,13
2018-06-26 14:00:00,35.900000000023276,28.4,10.5,1025.1,2,2.6,6,26,3,14
2018-06-26 15:00:00,41.79999999998836,28.0,10.8,1025.0,2,4.6,6,26,4,15
2018-06-26 16:00:00,42.79999999998836,27.3,10.3,1025.0,2,4.6,6,26,5,16
2018-06-26 17:00:00,31.800000000046573,26.9,10.0,1025.0,2,4.1,6,26,6,17
2018-06-26 18:00:00,32.70000000001165,25.7,9.9,1025.2,2,4.6,6,26,7,18
2018-06-26 19:00:00,34.30000000004657,23.3,10.2,1025.4,2,5.1,6,26,1,19
2018-06-26 20:00:00,34.70000000001165,20.6,9.8,1025.8,2,5.7,6,26,2,20
2018-06-26 21:00:00,39.10000000003493,18.6,8.6,1026.2,2,5.1,6,26,3,21
2018-06-26 22:00:00,42.599999999976724,17.0,9.6,1026.4,2,3.6,6,26,4,22
2018-06-26 23:00:00,40.0,15.5,9.6,1026.3,2,3.6,6,26,5,23
2018-06-27 00:00:00,33.599999999976724,15.3,8.3,1026.3,1,2.1,6,27,6,0
2018-06-27 01:00:00,31.40000000002328,14.8,9.3,1026.1,1,2.1,6,27,7,1
2018-06-27 02:00:00,31.799999999988355,13.9,10.2,1026.4,1,2.6,6,27,1,2
2018-06-27 03:00:00,30.40000000002329,13.1,10.6,1026.7,1,2.6,6,27,2,3
2018-06-27 04:00:00,29.299999999988362,13.9,11.5,1026.8,1,2.6,6,27,3,4
2018-06-27 05:00:00,29.799999999988362,14.1,11.2,1026.9,1,3.1,6,27,4,5
2018-06-27 06:00:00,32.099999999976724,14.7,11.0,1026.9,1,3.1,6,27,5,6
2018-06-27 07:00:00,39.400000000023276,15.2,11.1,1027.0,1,4.1,6,27,6,7
2018-06-27 08:00:00,41.60000000003493,15.4,11.1,1027.1,1,4.1,6,27,7,8
2018-06-27 09:00:00,38.900000000023276,15.8,10.9,1027.1,1,4.1,6,27,1,9
2018-06-27 10:00:00,39.70000000001165,18.6,10.9,1026.7,1,4.1,6,27,2,10
2018-06-27 11:00:00,39.5,20.8,10.7,1026.4,2,3.6,6,27,3,11
2018-06-27 12:00:00,38.099999999976724,23.2,9.8,1025.9,2,3.6,6,27,4,12
2018-06-27 13:00:00,35.20000000001164,24.4,8.8,1025.6,2,4.6,6,27,5,13
2018-06-27 14:00:00,33.5,26.6,10.9,1024.9,1,4.1,6,27,6,14
2018-06-27 15:00:00,35.79999999998836,27.5,9.0,1024.5,1,3.6,6,27,7,15
2018-06-27 16:00:00,38.599999999976724,27.5,8.9,1024.0,1,3.6,6,27,1,16
2018-06-27 17:00:00,42.399999999965075,27.5,9.5,1023.4,2,4.6,6,27,2,17
2018-06-27 18:00:00,44.00000000000001,27.1,7.2,1023.3,1,4.6,6,27,3,18
2018-06-27 19:00:00,41.699999999953434,24.0,12.2,1023.7,2,5.7,6,27,4,19
2018-06-27 20:00:00,43.79999999998836,21.3,12.1,1024.2,2,5.1,6,27,5,20
2018-06-27 21:00:00,44.0,18.8,12.2,1025.0,2,4.1,6,27,6,21
2018-06-27 22:00:00,46.10000000003493,16.7,12.2,1025.4,2,3.6,6,27,7,22
2018-06-27 23:00:00,42.20000000001164,16.9,12.0,1025.5,1,3.1,6,27,1,23
2018-06-28 00:00:00,36.70000000001165,16.0,11.4,1025.6,1,3.1,6,28,2,0
2018-06-28 01:00:00,31.5,14.6,10.0,1025.6,1,3.1,6,28,3,1
2018-06-28 02:00:00,31.59999999997672,13.2,10.1,1025.7,1,4.1,6,28,4,2
2018-06-28 03:00:00,30.799999999988362,12.8,10.2,1025.5,1,3.6,6,28,5,3
2018-06-28 04:00:00,30.40000000002329,12.8,10.4,1025.5,1,3.6,6,28,6,4
2018-06-28 05:00:00,32.5,13.2,10.8,1025.6,1,3.6,6,28,7,5
2018-06-28 06:00:00,32.600000000034925,13.4,11.2,1025.9,1,3.1,6,28,1,6
2018-06-28 07:00:00,38.60000000003493,13.8,11.8,1026.2,1,3.1,6,28,2,7
2018-06-28 08:00:00,41.899999999965075,15.2,12.3,1026.3,1,3.1,6,28,3,8
2018-06-28 09:00:00,39.599999999976724,16.1,12.6,1026.3,1,3.1,6,28,4,9
2018-06-28 10:00:00,38.400000000023276,18.3,12.7,1026.0,1,3.1,6,28,5,10
2018-06-28 11:00:00,38.599999999976724,21.3,13.6,1025.6,1,3.1,6,28,6,11
2018-06-28 12:00:00,38.20000000001165,22.9,13.9,1025.1,1,3.6,6,28,7,12
2018-06-28 13:00:00,34.5,25.6,14.8,1024.3,1,4.1,6,28,1,13
2018-06-28 14:00:00,35.5,26.4,12.7,1023.6,1,5.7,6,28,2,14
2018-06-28 15:00:00,36.70000000001165,27.0,12.2,1023.1,1,3.6,6,28,3,15
2018-06-28 16:00:00,37.400000000023276,27.4,11.7,1022.3,1,5.1,6,28,4,16
2018-06-28 17:00:00,42.5,26.9,11.4,1022.1,1,5.1,6,28,5,17
2018-06-28 18:00:00,44.70000000001164,25.0,11.3,1022.3,2,5.7,6,28,6,18
2018-06-28 19:00:00,40.70000000001164,23.7,11.6,1022.6,2,4.6,6,28,7,19
2018-06-28 20:00:00,45.70000000001164,22.8,10.5,1022.9,1,4.6,6,28,1,20
2018-06-28 21:00:00,49.10000000003493,21.8,11.6,1023.3,1,5.1,6,28,2,21
2018-06-28 22:00:00,47.20000000001164,20.7,12.1,1023.5,1,4.1,6,28,3,22
2018-06-28 23:00:00,42.79999999998836,19.6,12.3,1023.8,1,3.6,6,28,4,23
2018-06-29 00:00:00,37.10000000003493,18.4,12.8,1024.0,1,3.6,6,29,5,0
2018-06-29 01:00:00,32.19999999995343,17.2,12.6,1023.9,1,3.1,6,29,6,1
2018-06-29 02:00:00,32.0,16.2,12.4,1023.7,1,3.1,6,29,7,2
2018-06-29 03:00:00,30.799999999988362,14.4,12.1,1023.7,0,2.1,6,29,1,3
2018-06-29 04:00:00,30.59999999997672,13.4,11.5,1023.6,0,2.1,6,29,2,4
2018-06-29 05:00:00,31.40000000002328,13.4,11.4,1023.5,1,2.6,6,29,3,5
2018-06-29 06:00:00,33.70000000001164,14.4,11.6,1023.5,1,3.6,6,29,4,6
2018-06-29 07:00:00,39.20000000001164,15.3,11.2,1023.5,1,3.1,6,29,5,7
2018-06-29 08:00:00,44.5,17.4,11.6,1023.5,1,3.6,6,29,6,8
2018-06-29 09:00:00,41.899999999965075,19.5,11.8,1023.3,1,3.1,6,29,7,9
2018-06-29 10:00:00,39.5,21.0,11.8,1022.9,0,3.1,6,29,1,10
2018-06-29 11:00:00,38.29999999998836,22.7,11.5,1022.4,1,3.6,6,29,2,11
2018-06-29 12:00:00,38.5,24.59261246238016,10.842859335358618,1021.7957001406747,1,4.1,6,29,3,12
2018-06-29 13:00:00,41.400000000023276,26.0,10.5,1021.0987412493632,2,5.1,6,29,4,13
2018-06-29 14:00:00,41.20000000001165,26.4,10.7,1020.4,0,0.0,6,29,5,14
2018-06-29 15:00:00,40.80000000004657,26.8,9.4,1019.7,1,4.6,6,29,6,15
2018-06-29 16:00:00,38.30000000004657,28.2,9.2,1019.0,2,5.7,6,29,7,16
2018-06-29 17:00:00,40.29999999998836,28.0,6.9,1018.7,1,5.7,6,29,1,17
2018-06-29 18:00:00,42.79999999998836,27.4,8.4,1018.3,1,4.6,6,29,2,18
2018-06-29 19:00:00,43.899999999965075,25.6,11.1,1018.4,1,4.1,6,29,3,19
2018-06-29 20:00:00,46.899999999965075,23.5,11.8,1018.8,1,5.1,6,29,4,20
2018-06-29 21:00:00,46.0,20.9,12.3,1019.1,1,4.6,6,29,5,21
2018-06-29 22:00:00,46.099999999976724,18.5,12.6,1019.5,1,4.1,6,29,6,22
2018-06-29 23:00:00,42.5,16.7,12.2,1019.6,1,3.1,6,29,7,23
2018-06-30 00:00:00,37.70000000001165,15.2,10.8,1019.6,1,4.6,6,30,1,0
2018-06-30 01:00:00,37.399999999965075,14.0,10.6,1019.3,1,2.6,6,30,2,1
2018-06-30 02:00:00,36.79999999998836,13.4,10.6,1019.2,1,4.1,6,30,3,2
2018-06-30 03:00:00,33.69999999995343,13.3,10.5,1018.9,1,3.6,6,30,4,3
2018-06-30 04:00:00,32.5,13.2,10.4,1018.5,1,4.1,6,30,5,4
2018-06-30 05:00:00,35.400000000023276,13.9,10.8,1018.4,1,3.6,6,30,6,5
2018-06-30 06:00:00,33.69999999995343,14.5,10.9,1018.1,1,3.1,6,30,7,6
2018-06-30 07:00:00,34.70000000001165,15.8,10.6,1017.9,1,3.6,6,30,1,7
2018-06-30 08:00:00,37.79999999998836,17.5,11.2,1017.5,1,3.6,6,30,2,8
2018-06-30 09:00:00,38.099999999976724,18.7,10.0,1017.2,1,3.1,6,30,3,9
2018-06-30 10:00:00,39.0,21.6,10.9,1016.7,1,3.6,6,30,4,10
2018-06-30 11:00:00,39.400000000023276,23.8,9.8,1016.2,1,3.6,6,30,5,11
2018-06-30 12:00:00,38.29999999998836,25.5,8.4,1015.6,2,4.6,6,30,6,12
2018-06-30 13:00:00,41.399999999965075,27.1,8.1,1014.9,2,5.1,6,30,7,13
2018-06-30 14:00:00,40.400000000023276,28.0,9.9,1014.4,2,5.7,6,30,1,14
2018-06-30 15:00:00,38.599999999976724,27.8,11.0,1014.2,2,5.7,6,30,2,15
2018-06-30 16:00:00,40.70000000001165,26.9,12.5,1014.1,2,6.2,6,30,3,16
2018-06-30 17:00:00,41.20000000001164,26.5,9.8,1014.0,2,7.2,6,30,4,17
2018-06-30 18:00:00,44.5,25.5,9.4,1013.8,2,6.7,6,30,5,18
2018-06-30 19:00:00,42.400000000023276,24.2,7.5,1013.9,2,6.2,6,30,6,19
2018-06-30 20:00:00,41.099999999976724,22.3,6.3,1014.1,2,5.7,6,30,7,20
2018-06-30 21:00:00,45.29999999998836,21.6,8.4,1014.5,2,4.1,6,30,1,21
2018-06-30 22:00:00,46.400000000023276,20.8,8.0,1014.5,1,3.6,6,30,2,22
2018-06-30 23:00:00,42.699999999953434,19.6,7.8,1014.2,1,3.1,6,30,3,23
2018-07-01 00:00:00,38.0,18.4,8.9,1014.3,1,3.1,7,1,4,0
2018-07-01 01:00:00,32.5,17.4,9.6,1014.2,1,2.6,7,1,5,1
2018-07-01 02:00:00,33.0,16.5,10.2,1013.7,1,2.1,7,1,6,2
2018-07-01 03:00:00,30.299999999988362,15.9,10.4,1013.4,0,1.5,7,1,7,3
2018-07-01 04:00:00,30.299999999988355,15.9,10.9,1013.5,1,2.6,7,1,1,4
2018-07-01 05:00:00,32.899999999965075,15.3,10.6,1013.6,0,1.5,7,1,2,5
2018-07-01 06:00:00,30.09999999997672,17.1,11.4,1013.6,1,2.1,7,1,3,6
2018-07-01 07:00:00,33.900000000023276,19.7,11.8,1013.5,1,3.1,7,1,4,7
2018-07-01 08:00:00,37.5,22.0,12.1,1013.4,1,3.1,7,1,5,8
2018-07-01 09:00:00,37.20000000001164,24.5,12.2,1013.3,1,2.6,7,1,6,9
2018-07-01 10:00:00,40.199999999953434,27.0,11.8,1013.2,1,3.6,7,1,7,10
2018-07-01 11:00:00,42.599999999976724,28.7,11.8,1013.0,2,3.6,7,1,1,11
2018-07-01 12:00:00,41.20000000001165,29.4,11.3,1012.8,2,4.6,7,1,2,12
2018-07-01 13:00:00,40.29999999998836,30.7,11.4,1012.5,2,4.6,7,1,3,13
2018-07-01 14:00:00,42.399999999965075,31.2,11.1,1012.3,2,4.6,7,1,4,14
2018-07-01 15:00:00,45.70000000001164,30.9,11.0,1012.5,2,6.7,7,1,5,15
2018-07-01 16:00:00,44.70000000001164,29.1,11.1,1012.4,2,4.6,7,1,6,16
2018-07-01 17:00:00,49.19999999995344,28.1,11.4,1012.5,2,4.6,7,1,7,17
2018-07-01 18:00:00,49.60000000003493,27.5,10.7,1012.9,1,4.6,7,1,1,18
2018-07-01 19:00:00,49.20000000001164,26.7,11.4,1013.0,2,3.1,7,1,2,19
2018-07-01 20:00:00,56.20000000001164,25.7,11.5,1013.5,1,3.6,7,1,3,20
2018-07-01 21:00:00,60.099999999976724,24.8,10.3,1013.8,1,4.1,7,1,4,21
2018-07-01 22:00:00,52.79999999998836,23.9,10.4,1014.1,1,2.6,7,1,5,22
2018-07-01 23:00:00,47.29999999998836,22.7,9.7,1014.1,1,3.1,7,1,6,23
2018-07-02 00:00:00,37.10000000003493,21.8,9.3,1014.0,1,2.6,7,2,7,0
2018-07-02 01:00:00,34.79999999998835,21.3,9.5,1014.0,1,3.1,7,2,1,1
2018-07-02 02:00:00,35.20000000001164,20.1,9.5,1014.5,1,3.6,7,2,2,2
2018-07-02 03:00:00,33.5,19.4,9.3,1014.5,1,3.1,7,2,3,3
2018-07-02 04:00:00,35.399999999965075,18.6,9.2,1014.3,1,2.6,7,2,4,4
2018-07-02 05:00:00,35.70000000001165,18.7,9.3,1014.7,1,2.6,7,2,5,5
2018-07-02 06:00:00,37.699999999953434,19.6,9.5,1015.0,1,3.6,7,2,6,6
2018-07-02 07:00:00,46.70000000001164,20.8,9.5,1015.6,1,3.6,7,2,7,7
2018-07-02 08:00:00,49.099999999976724,22.7,9.1,1015.7,1,4.1,7,2,1,8
2018-07-02 09:00:00,42.50000000000001,25.9,7.8,1015.8,1,4.1,7,2,2,9
2018-07-02 10:00:00,41.899999999965075,27.3,5.7,1015.6,1,5.1,7,2,3,10
2018-07-02 11:00:00,43.0,27.8,5.7,1015.8,1,5.1,7,2,4,11
2018-07-02 12:00:00,43.20000000001164,28.5,6.8,1015.7,2,4.6,7,2,5,12
2018-07-02 13:00:00,40.70000000001165,29.1,6.1,1015.2,2,6.2,7,2,6,13
2018-07-02 14:00:00,39.5,28.8,5.5,1015.4,2,7.2,7,2,7,14
2018-07-02 15:00:00,43.300000000046566,27.8,4.4,1015.5,2,6.2,7,2,1,15
2018-07-02 16:00:00,46.399999999965075,27.9,4.9,1015.5,2,6.2,7,2,2,16
2018-07-02 17:00:00,53.599999999976724,26.6,4.2,1015.9,2,5.7,7,2,3,17
2018-07-02 18:00:00,56.0,25.4,4.9,1016.3,2,6.7,7,2,4,18
2018-07-02 19:00:00,53.400000000023276,24.1,5.0,1016.7,2,5.7,7,2,5,19
2018-07-02 20:00:00,57.20000000001164,22.3,5.6,1017.2,2,5.7,7,2,6,20
2018-07-02 21:00:00,55.300000000046566,21.2,4.8,1017.8,1,6.2,7,2,7,21
2018-07-02 22:00:00,56.20000000001164,20.0,5.4,1018.1,1,4.1,7,2,1,22
2018-07-02 23:00:00,45.00000000000001,18.7,5.8,1018.1,1,4.1,7,2,2,23
2018-07-03 00:00:00,39.900000000023276,17.4,7.3,1018.0,1,3.6,7,3,3,0
2018-07-03 01:00:00,33.29999999998836,16.5,8.3,1018.0,1,3.6,7,3,4,1
2018-07-03 02:00:00,34.0,16.0,8.5,1018.1,1,3.6,7,3,5,2
2018-07-03 03:00:00,32.29999999998836,15.6,8.4,1017.9,1,3.1,7,3,6,3
2018-07-03 04:00:00,33.29999999998835,15.4,8.2,1017.7,1,3.6,7,3,7,4
2018-07-03 05:00:00,32.0,16.4,8.6,1017.7,1,4.1,7,3,1,5
2018-07-03 06:00:00,37.10000000003493,17.0,8.9,1017.9,1,4.6,7,3,2,6
2018-07-03 07:00:00,46.20000000001164,18.8,9.2,1017.9,1,4.6,7,3,3,7
2018-07-03 08:00:00,47.10000000003493,20.8,9.3,1017.9,2,6.2,7,3,4,8
2018-07-03 09:00:00,45.300000000046566,22.9,8.2,1017.7,2,6.2,7,3,5,9
2018-07-03 10:00:00,42.20000000001164,24.1,6.3,1017.7,1,5.7,7,3,6,10
2018-07-03 11:00:00,44.69999999995344,25.5,6.0,1017.7,2,6.2,7,3,7,11
2018-07-03 12:00:00,47.20000000001164,26.6,6.5,1017.6,2,5.7,7,3,1,12
2018-07-03 13:00:00,44.099999999976724,27.2,6.8,1017.3,2,6.2,7,3,2,13
2018-07-03 14:00:00,43.29999999998836,26.7,6.8,1017.1,2,7.2,7,3,3,14
2018-07-03 15:00:00,42.60000000003493,26.3,6.1,1016.9,2,6.2,7,3,4,15
2018-07-03 16:00:00,47.60000000003493,26.5,6.2,1016.5,2,6.2,7,3,5,16
2018-07-03 17:00:00,54.19999999995344,25.1,7.1,1016.3,2,6.7,7,3,6,17
2018-07-03 18:00:00,49.900000000023276,23.6,8.0,1016.2,2,6.7,7,3,7,18
2018-07-03 19:00:00,46.300000000046566,22.3,7.8,1016.4,2,5.1,7,3,1,19
2018-07-03 20:00:00,49.70000000001164,20.4,7.6,1016.9,2,5.1,7,3,2,20
2018-07-03 21:00:00,52.79999999998836,18.7,8.3,1017.3,2,4.6,7,3,3,21
2018-07-03 22:00:00,54.5,17.8,10.2,1017.4,2,3.6,7,3,4,22
2018-07-03 23:00:00,50.70000000001164,17.7,10.0,1017.5,2,3.6,7,3,5,23
2018-07-04 00:00:00,40.0,17.0,10.9,1017.7,2,3.1,7,4,6,0
2018-07-04 01:00:00,33.79999999998836,15.5,11.2,1017.5,2,2.6,7,4,7,1
2018-07-04 02:00:00,35.600000000034925,15.4,11.5,1017.2,1,2.6,7,4,1,2
2018-07-04 03:00:00,33.30000000004657,14.6,11.0,1016.9,1,2.6,7,4,2,3
2018-07-04 04:00:00,34.5,14.3,11.1,1016.7,1,2.6,7,4,3,4
2018-07-04 05:00:00,34.29999999998836,14.0,11.1,1016.6,1,3.1,7,4,4,5
2018-07-04 06:00:00,36.0,15.1,11.4,1016.5,1,3.6,7,4,5,6
2018-07-04 07:00:00,43.50000000000001,16.4,11.6,1016.5,1,3.1,7,4,6,7
2018-07-04 08:00:00,49.20000000001164,17.6,11.7,1016.2,2,2.6,7,4,7,8
2018-07-04 09:00:00,43.099999999976724,19.8,11.0,1016.0,2,2.6,7,4,1,9
2018-07-04 10:00:00,39.20000000001164,21.3,9.8,1015.8,2,2.6,7,4,2,10
2018-07-04 11:00:00,43.5,22.9,10.1,1015.5,3,2.1,7,4,3,11
2018-07-04 12:00:00,45.5,24.3,11.0,1015.2,2,1.5,7,4,4,12
2018-07-04 13:00:00,39.699999999953434,25.5,12.0,1014.7,4,2.6,7,4,5,13
2018-07-04 14:00:00,38.5,25.3,12.5,1014.2,5,1.5,7,4,6,14
2018-07-04 15:00:00,42.599999999976724,25.5,13.1,1013.9,4,2.1,7,4,7,15
2018-07-04 16:00:00,46.5,24.9,13.0,1013.6,3,2.6,7,4,1,16
2018-07-04 17:00:00,55.0,25.6,13.8,1013.0,5,3.1,7,4,2,17
2018-07-04 18:00:00,56.0,24.6,14.4,1013.1,5,4.1,7,4,3,18
2018-07-04 19:00:00,51.79999999998836,23.8,14.8,1013.0,5,4.1,7,4,4,19
2018-07-04 20:00:00,54.70000000001164,23.1,14.6,1012.9,5,3.6,7,4,5,20
2018-07-04 21:00:00,56.5,22.8,14.7,1013.3,6,2.1,7,4,6,21
2018-07-04 22:00:00,54.20000000001164,22.5,15.0,1014.1,5,3.1,7,4,7,22
2018-07-04 23:00:00,48.0,20.9,15.6,1014.4,5,3.6,7,4,1,23
2018-07-05 00:00:00,39.79999999998836,19.6,15.5,1014.3,5,2.6,7,5,2,0
2018-07-05 01:00:00,35.400000000023276,18.8,15.4,1014.4,4,3.1,7,5,3,1
2018-07-05 02:00:00,35.900000000023276,17.8,15.4,1014.3,5,2.6,7,5,4,2
2018-07-05 03:00:00,33.400000000023276,17.1,15.2,1014.1,5,1.5,7,5,5,3
2018-07-05 04:00:00,33.79999999998835,17.0,15.4,1014.0,6,2.1,7,5,6,4
2018-07-05 05:00:00,33.20000000001165,16.9,15.3,1014.2,5,2.6,7,5,7,5
2018-07-05 06:00:00,37.900000000023276,18.3,15.5,1014.4,6,3.1,7,5,1,6
2018-07-05 07:00:00,46.599999999976724,20.0,15.1,1014.5,6,2.6,7,5,2,7
2018-07-05 08:00:00,49.900000000023276,21.3,14.9,1015.2,6,2.1,7,5,3,8
2018-07-05 09:00:00,47.69999999995344,21.9,14.9,1015.3,6,1.5,7,5,4,9
2018-07-05 10:00:00,43.10000000003493,24.2,15.6,1015.4,6,2.6,7,5,5,10
2018-07-05 11:00:00,46.20000000001164,25.8,14.2,1015.6,6,1.0,7,5,6,11
2018-07-05 12:00:00,41.10000000003493,27.3,12.2,1015.5,1,1.5,7,5,7,12
2018-07-05 13:00:00,42.0,26.5,11.7,1015.6,7,2.1,7,5,1,13
2018-07-05 14:00:00,43.399999999965075,27.8,11.5,1015.4,7,1.5,7,5,2,14
2018-07-05 15:00:00,41.900000000023276,29.1,11.1,1015.1,6,2.1,7,5,3,15
2018-07-05 16:00:00,48.29999999998836,29.5,10.2,1015.1,7,1.5,7,5,4,16
2018-07-05 17:00:00,54.099999999976724,28.6,9.9,1015.1,7,3.6,7,5,5,17
2018-07-05 18:00:00,56.0,29.2,8.6,1015.4,7,3.1,7,5,6,18
2018-07-05 19:00:00,56.099999999976724,28.6,5.8,1015.7,0,2.6,7,5,7,19
2018-07-05 20:00:00,55.10000000003493,27.1,7.0,1016.0,7,1.5,7,5,1,20
2018-07-05 21:00:00,54.5,25.5,7.8,1016.4,7,1.5,7,5,2,21
2018-07-05 22:00:00,51.899999999965075,22.9,15.4,1016.9,4,3.6,7,5,3,22
2018-07-05 23:00:00,48.400000000023276,21.1,15.1,1017.4,4,2.6,7,5,4,23
2018-07-06 00:00:00,41.900000000023276,20.1,13.6,1017.7,6,1.0,7,6,5,0
2018-07-06 01:00:00,40.29999999998836,18.9,13.5,1018.0,0,1.0,7,6,6,1
2018-07-06 02:00:00,41.899999999965075,18.2,13.6,1018.3,0,1.0,7,6,7,2
2018-07-06 03:00:00,36.60000000003493,16.5,12.4,1018.5,6,1.5,7,6,1,3
2018-07-06 04:00:00,35.899999999965075,17.2,12.9,1018.9,7,2.1,7,6,2,4
2018-07-06 05:00:00,35.599999999976724,17.0,13.1,1019.2,7,2.1,7,6,3,5
2018-07-06 06:00:00,34.70000000001165,18.3,13.7,1019.9,7,2.6,7,6,4,6
2018-07-06 07:00:00,44.79999999998836,19.5,13.9,1020.3,7,2.6,7,6,5,7
2018-07-06 08:00:00,49.29999999998836,21.5,14.7,1020.7,0,2.1,7,6,6,8
2018-07-06 09:00:00,44.599999999976724,22.5,13.9,1020.9,0,3.1,7,6,7,9
2018-07-06 10:00:00,41.599999999976724,24.5,13.7,1021.0,0,2.6,7,6,1,10
2018-07-06 11:00:00,41.29999999998836,25.9,13.9,1020.8,0,1.5,7,6,2,11
2018-07-06 12:00:00,44.900000000023276,27.2,12.8,1020.9,7,3.1,7,6,3,12
2018-07-06 13:00:00,42.399999999965075,28.3,11.8,1020.7,0,2.6,7,6,4,13
2018-07-06 14:00:00,44.60000000003493,28.5,11.2,1021.0,0,2.6,7,6,5,14
2018-07-06 15:00:00,45.69999999995344,30.0,10.9,1020.7,6,2.1,7,6,6,15
2018-07-06 16:00:00,46.29999999998836,29.7,9.3,1020.7,0,2.6,7,6,7,16
2018-07-06 17:00:00,47.599999999976724,30.0,10.3,1020.6,6,2.6,7,6,1,17
2018-07-06 18:00:00,51.70000000001164,29.7,10.6,1020.6,7,3.6,7,6,2,18
2018-07-06 19:00:00,50.29999999998836,29.0,10.6,1020.8,7,1.5,7,6,3,19
2018-07-06 20:00:00,51.099999999976724,27.4,10.8,1021.2,0,1.5,7,6,4,20
2018-07-06 21:00:00,53.0,26.4,11.2,1021.8,0,1.0,7,6,5,21
2018-07-06 22:00:00,54.899999999965075,25.5,12.2,1022.3,7,2.1,7,6,6,22
2018-07-06 23:00:00,46.899999999965075,22.7,15.3,1022.9,2,2.6,7,6,7,23
2018-07-07 00:00:00,38.60000000003493,21.9,15.9,1022.9,1,1.0,7,7,1,0
2018-07-07 01:00:00,37.79999999998836,21.1,14.5,1022.9,7,1.5,7,7,2,1
2018-07-07 02:00:00,35.5,20.6,14.8,1022.9,0,1.0,7,7,3,2
2018-07-07 03:00:00,35.399999999965075,19.7,14.8,1022.8,0,1.0,7,7,4,3
2018-07-07 04:00:00,34.899999999965075,19.0,14.6,1023.1,0,1.0,7,7,5,4
2018-07-07 05:00:00,34.70000000001165,18.6,14.5,1023.2,7,1.5,7,7,6,5
2018-07-07 06:00:00,40.70000000001165,19.7,14.3,1023.5,7,1.0,7,7,7,6
2018-07-07 07:00:00,40.400000000023276,21.4,14.6,1023.8,7,2.1,7,7,1,7
2018-07-07 08:00:00,41.5,23.2,14.7,1024.0,7,2.1,7,7,2,8
2018-07-07 09:00:00,42.699999999953434,25.3,15.1,1024.0,5,1.0,7,7,3,9
2018-07-07 10:00:00,43.899999999965075,27.3,13.9,1023.8,5,2.6,7,7,4,10
2018-07-07 11:00:00,43.0,29.0,14.4,1023.7,6,3.6,7,7,5,11
2018-07-07 12:00:00,40.0,28.8,12.7,1023.6,6,5.1,7,7,6,12
2018-07-07 13:00:00,41.70000000001165,29.8,13.6,1023.3,6,4.6,7,7,7,13
2018-07-07 14:00:00,40.20000000001165,29.0,13.2,1023.1,7,4.1,7,7,1,14
2018-07-07 15:00:00,42.0,30.2,12.6,1023.0,7,5.1,7,7,2,15
2018-07-07 16:00:00,44.60000000003493,30.3,12.1,1022.9,7,5.1,7,7,3,16
2018-07-07 17:00:00,48.10000000003493,29.8,12.4,1022.6,7,3.1,7,7,4,17
2018-07-07 18:00:00,48.800000000046566,29.5,10.5,1022.7,7,4.6,7,7,5,18
2018-07-07 19:00:00,49.599999999976724,28.2,10.5,1023.0,0,3.6,7,7,6,19
2018-07-07 20:00:00,51.20000000001164,26.8,10.5,1023.3,7,2.6,7,7,7,20
2018-07-07 21:00:00,52.0,24.8,10.7,1023.8,7,2.1,7,7,1,21
2018-07-07 22:00:00,48.899999999965075,23.5,11.0,1023.8,7,2.1,7,7,2,22
2018-07-07 23:00:00,45.70000000001164,22.4,13.4,1024.2,1,2.6,7,7,3,23
2018-07-08 00:00:00,41.099999999976724,21.1,14.6,1024.5,1,2.1,7,8,4,0
2018-07-08 01:00:00,37.699999999953434,20.2,13.9,1024.5,1,2.1,7,8,5,1
2018-07-08 02:00:00,39.20000000001165,19.4,13.6,1024.7,0,1.0,7,8,6,2
2018-07-08 03:00:00,33.899999999965075,18.7,13.6,1024.8,0,1.5,7,8,7,3
2018-07-08 04:00:00,33.399999999965075,17.7,13.1,1025.0,1,1.0,7,8,1,4
2018-07-08 05:00:00,34.5,18.1,13.3,1025.3,7,1.0,7,8,2,5
2018-07-08 06:00:00,34.20000000001165,19.3,13.7,1025.7,7,1.5,7,8,3,6
2018-07-08 07:00:00,37.900000000023276,21.8,13.2,1025.9,1,2.1,7,8,4,7
2018-07-08 08:00:00,44.79999999998836,23.3,12.8,1025.9,1,1.5,7,8,5,8
2018-07-08 09:00:00,44.79999999998836,25.6,13.6,1026.0,1,2.1,7,8,6,9
2018-07-08 10:00:00,44.099999999976724,27.6,13.6,1025.9,1,2.1,7,8,7,10
2018-07-08 11:00:00,45.20000000001164,27.7,12.7,1025.8,0,3.1,7,8,1,11
2018-07-08 12:00:00,45.60000000003493,27.6,12.1,1025.6,7,3.6,7,8,2,12
2018-07-08 13:00:00,44.800000000046566,29.6,12.3,1025.3,0,3.6,7,8,3,13
2018-07-08 14:00:00,44.20000000001164,30.5,11.8,1024.9,0,3.6,7,8,4,14
2018-07-08 15:00:00,43.70000000001164,30.8765529170858,11.372493361623249,1024.6298169200543,7,3.521728766451275,7,8,5,15
2018-07-08 16:00:00,44.60000000003493,30.932721984144678,11.195700411994686,1024.5290064272901,5,3.3386335158368166,7,8,6,16
2018-07-08 17:00:00,52.400000000023276,30.63735015777026,11.270837003290383,1024.5838561028231,3,3.1082981016926636,7,8,7,17
2018-07-08 18:00:00,54.29999999998836,29.80349517752417,11.605198248566802,1024.712091433354,1,3.1762256452350464,7,8,1,18
2018-07-08 19:00:00,52.800000000046566,28.4,12.2,1024.9,0,3.6,7,8,2,19
2018-07-08 20:00:00,58.0,26.6,12.9,1025.2,1,4.1,7,8,3,20
2018-07-08 21:00:00,57.70000000001164,25.2,12.7,1025.8,1,3.6,7,8,4,21
2018-07-08 22:00:00,54.19999999995344,23.2,11.5,1026.1,2,4.6,7,8,5,22
2018-07-08 23:00:00,50.29999999998836,21.8,11.9,1026.5,3,3.1,7,8,6,23
2018-07-09 00:00:00,43.599999999976724,20.2,12.4,1026.5,3,1.0,7,9,7,0
2018-07-09 01:00:00,38.400000000023276,20.0,12.2,1026.5,2,1.0,7,9,1,1
2018-07-09 02:00:00,36.70000000001164,19.4,12.5,1026.4,0,0.5,7,9,2,2
2018-07-09 03:00:00,34.400000000023276,18.8,12.7,1026.3,7,0.5,7,9,3,3
2018-07-09 04:00:00,32.599999999976724,18.3,13.3,1026.4,7,1.0,7,9,4,4
2018-07-09 05:00:00,34.29999999998836,18.1,13.3,1026.6,0,1.5,7,9,5,5
2018-07-09 06:00:00,39.29999999998836,18.7,13.4,1026.6,7,1.5,7,9,6,6
2018-07-09 07:00:00,45.099999999976724,21.9,12.4,1026.6,6,1.5,7,9,7,7
2018-07-09 08:00:00,49.70000000001164,23.8,13.4,1026.3,7,2.1,7,9,1,8
2018-07-09 09:00:00,48.5,25.5,13.1,1026.0,7,2.1,7,9,2,9
2018-07-09 10:00:00,46.79999999998836,26.4,12.2,1025.7,1,1.5,7,9,3,10
2018-07-09 11:00:00,49.5,27.3,12.3,1025.3,1,2.6,7,9,4,11
2018-07-09 12:00:00,49.60000000003493,28.2,12.2,1024.6,0,2.1,7,9,5,12
2018-07-09 13:00:00,48.400000000023276,28.8,12.7,1024.3,0,3.6,7,9,6,13
2018-07-09 14:00:00,43.5,29.7,11.7,1023.7,7,3.1,7,9,7,14
2018-07-09 15:00:00,45.5,28.4,13.0,1023.5,0,4.1,7,9,1,15
2018-07-09 16:00:00,50.099999999976724,29.1,13.0,1022.9,0,4.1,7,9,2,16
2018-07-09 17:00:00,59.899999999965104,26.8,14.9,1022.9,1,5.7,7,9,3,17
2018-07-09 18:00:00,63.599999999976724,25.9,14.9,1023.1,0,6.2,7,9,4,18
2018-07-09 19:00:00,61.0,24.7,14.9,1023.3,1,6.2,7,9,5,19
2018-07-09 20:00:00,64.09999999997672,21.6,13.8,1024.0,2,5.7,7,9,6,20
2018-07-09 21:00:00,62.899999999965104,19.4,14.9,1024.7,2,4.6,7,9,7,21
2018-07-09 22:00:00,57.899999999965075,19.6,15.1,1024.7,2,4.1,7,9,1,22
2018-07-09 23:00:00,54.20000000001164,18.3,14.7,1024.9,2,4.1,7,9,2,23
2018-07-10 00:00:00,43.0,18.5,13.9,1025.3,2,3.1,7,10,3,0
2018-07-10 01:00:00,40.099999999976724,18.0,11.8,1025.1,1,3.1,7,10,4,1
2018-07-10 02:00:00,38.20000000001164,16.6,12.1,1024.8,0,3.1,7,10,5,2
2018-07-10 03:00:00,36.899999999965075,16.2,11.9,1024.7,1,2.1,7,10,6,3
2018-07-10 04:00:00,34.900000000023276,16.0,11.2,1024.7,0,2.6,7,10,7,4
2018-07-10 05:00:00,36.899999999965075,15.5,11.3,1025.0,0,2.1,7,10,1,5
2018-07-10 06:00:00,37.79999999998836,16.5,11.1,1024.9,0,3.6,7,10,2,6
2018-07-10 07:00:00,48.099999999976724,17.0,9.6,1024.8,0,4.1,7,10,3,7
2018-07-10 08:00:00,55.79999999998836,16.7,8.3,1024.8,0,4.6,7,10,4,8
2018-07-10 09:00:00,48.0,18.8,7.3,1024.3,0,4.1,7,10,5,9
2018-07-10 10:00:00,47.10000000003493,18.3,7.5,1024.1,1,4.6,7,10,6,10
2018-07-10 11:00:00,50.20000000001164,19.3,7.2,1024.1,0,2.6,7,10,7,11
2018-07-10 12:00:00,51.20000000001164,19.4,8.1,1024.1,0,4.6,7,10,1,12
2018-07-10 13:00:00,46.0,20.0,8.5,1023.8,0,4.1,7,10,2,13
2018-07-10 14:00:00,46.60000000003493,21.0,8.7,1023.5,1,3.6,7,10,3,14
2018-07-10 15:00:00,46.70000000001164,21.8,9.8,1023.3,1,5.1,7,10,4,15
2018-07-10 16:00:00,51.5,21.1,9.1,1022.8,1,3.1,7,10,5,16
2018-07-10 17:00:00,50.60000000003493,22.6,9.8,1022.3,1,2.6,7,10,6,17
2018-07-10 18:00:00,57.10000000003493,22.1,10.3,1022.3,1,3.6,7,10,7,18
2018-07-10 19:00:00,58.70000000001164,21.2,10.5,1022.3,1,3.1,7,10,1,19
2018-07-10 20:00:00,58.10000000003493,20.3,10.9,1022.6,1,3.1,7,10,2,20
2018-07-10 21:00:00,57.0,18.9,11.3,1022.9,1,3.6,7,10,3,21
2018-07-10 22:00:00,57.79999999998836,17.7,11.4,1023.0,1,2.6,7,10,4,22
2018-07-10 23:00:00,52.899999999965075,16.5,11.4,1023.0,1,3.1,7,10,5,23
2018-07-11 00:00:00,41.599999999976724,15.5,11.3,1022.7,0,1.5,7,11,6,0
2018-07-11 01:00:00,40.29999999998836,14.4,11.5,1022.5,0,2.1,7,11,7,1
2018-07-11 02:00:00,37.5,14.0,11.7,1022.6,0,2.1,7,11,1,2
2018-07-11 03:00:00,34.70000000001165,14.4,11.9,1022.5,0,2.1,7,11,2,3
2018-07-11 04:00:00,36.79999999998836,14.8,12.1,1022.5,1,2.1,7,11,3,4
2018-07-11 05:00:00,36.29999999998836,15.3,12.0,1022.6,1,1.5,7,11,4,5
2018-07-11 06:00:00,37.0,15.8,11.9,1022.6,0,2.6,7,11,5,6
2018-07-11 07:00:00,48.20000000001164,16.0,11.8,1022.7,1,2.6,7,11,6,7
2018-07-11 08:00:00,56.5,16.2,11.8,1022.6,0,2.6,7,11,7,8
2018-07-11 09:00:00,47.60000000003493,16.7,11.8,1022.7,1,2.6,7,11,1,9
2018-07-11 10:00:00,46.79999999998836,17.7,12.0,1022.7,1,3.1,7,11,2,10
2018-07-11 11:00:00,45.60000000003493,19.0,12.1,1022.3,0,3.1,7,11,3,11
2018-07-11 12:00:00,47.300000000046566,20.6,11.8,1021.9,0,2.1,7,11,4,12
2018-07-11 13:00:00,45.099999999976724,22.2,12.0,1021.5,1,3.1,7,11,5,13
2018-07-11 14:00:00,43.0,23.1,11.8,1021.2,1,3.6,7,11,6,14
2018-07-11 15:00:00,45.400000000023276,23.2,12.2,1020.9,1,3.6,7,11,7,15
2018-07-11 16:00:00,45.899999999965075,23.0,11.3,1020.5,1,4.6,7,11,1,16
2018-07-11 17:00:00,51.79999999998836,23.4,11.0,1020.3,1,2.6,7,11,2,17
2018-07-11 18:00:00,54.10000000003493,23.1,11.0,1020.4,1,3.6,7,11,3,18
2018-07-11 19:00:00,49.70000000001164,22.3,11.3,1020.6,1,3.6,7,11,4,19
2018-07-11 20:00:00,49.399999999965075,20.6,11.6,1020.7,1,3.6,7,11,5,20
2018-07-11 21:00:00,56.0,19.6,11.8,1021.1,1,3.1,7,11,6,21
2018-07-11 22:00:00,57.5,18.6,11.5,1021.2,1,2.6,7,11,7,22
2018-07-11 23:00:00,52.0,17.7,12.0,1021.2,1,3.1,7,11,1,23
2018-07-12 00:00:00,43.099999999976724,16.8,12.3,1021.3,1,2.6,7,12,2,0
2018-07-12 01:00:00,38.79999999998836,16.0,12.3,1021.1,1,2.6,7,12,3,1
2018-07-12 02:00:00,36.20000000001165,15.3,12.2,1021.2,1,1.5,7,12,4,2
2018-07-12 03:00:00,34.29999999998836,14.6,12.1,1021.3,0,2.1,7,12,5,3
2018-07-12 04:00:00,34.20000000001164,14.0,11.9,1021.5,0,2.1,7,12,6,4
2018-07-12 05:00:00,33.29999999998836,13.9,11.8,1021.6,1,2.6,7,12,7,5
2018-07-12 06:00:00,35.70000000001165,14.8,12.4,1021.8,1,2.1,7,12,1,6
2018-07-12 07:00:00,45.19999999995344,16.3,12.9,1022.1,0,2.1,7,12,2,7
2018-07-12 08:00:00,49.79999999998836,16.4,12.8,1022.2,0,2.6,7,12,3,8
2018-07-12 09:00:00,48.900000000023276,16.5,12.9,1022.5,1,2.6,7,12,4,9
2018-07-12 10:00:00,46.099999999976724,17.0,12.6,1022.6,1,2.6,7,12,5,10
2018-07-12 11:00:00,44.70000000001164,19.3,12.6,1022.6,1,1.5,7,12,6,11
2018-07-12 12:00:00,44.5,21.5,12.2,1022.2,0,1.5,7,12,7,12
2018-07-12 13:00:00,44.70000000001164,23.4,12.2,1021.7,1,1.5,7,12,1,13
2018-07-12 14:00:00,44.70000000001164,24.0,10.8,1021.5,0,2.6,7,12,2,14
2018-07-12 15:00:00,43.399999999965075,24.1,10.3,1021.0,0,2.1,7,12,3,15
2018-07-12 16:00:00,49.79999999998836,24.4,10.3,1020.7,2,2.1,7,12,4,16
2018-07-12 17:00:00,52.29999999998836,24.4,10.8,1020.4,1,2.1,7,12,5,17
2018-07-12 18:00:00,55.099999999976724,23.6,11.0,1020.6,1,3.1,7,12,6,18
2018-07-12 19:00:00,57.10000000003493,22.9,11.4,1020.8,2,2.6,7,12,7,19
2018-07-12 20:00:00,55.29999999998836,22.7,11.6,1020.9,1,2.6,7,12,1,20
2018-07-12 21:00:00,55.399999999965075,21.3,11.7,1021.4,1,3.1,7,12,2,21
2018-07-12 22:00:00,57.900000000023276,20.2,12.7,1021.6,1,2.6,7,12,3,22
2018-07-12 23:00:00,54.899999999965075,19.0,14.6,1022.0,2,3.1,7,12,4,23
2018-07-13 00:00:00,41.899999999965075,18.4,14.3,1022.0,1,3.1,7,13,5,0
2018-07-13 01:00:00,37.70000000001165,17.6,14.2,1022.2,2,4.1,7,13,6,1
2018-07-13 02:00:00,38.599999999976724,17.1,14.2,1022.2,2,4.1,7,13,7,2
2018-07-13 03:00:00,38.29999999998836,16.5,14.0,1022.3,2,4.1,7,13,1,3
2018-07-13 04:00:00,34.900000000023276,16.1,14.1,1022.6,2,3.1,7,13,2,4
2018-07-13 05:00:00,36.29999999998836,16.5,14.1,1022.3,3,3.1,7,13,3,5
2018-07-13 06:00:00,38.5,17.1,14.2,1022.5,3,2.6,7,13,4,6
2018-07-13 07:00:00,44.5,17.6,14.0,1022.7,1,1.5,7,13,5,7
2018-07-13 08:00:00,49.599999999976724,18.2,13.9,1022.8,2,1.5,7,13,6,8
2018-07-13 09:00:00,49.599999999976724,19.4,13.5,1022.8,4,1.0,7,13,7,9
2018-07-13 10:00:00,43.800000000046566,20.9,13.6,1022.7,6,1.0,7,13,1,10
2018-07-13 11:00:00,46.399999999965075,22.3,13.4,1022.5,0,1.5,7,13,2,11
2018-07-13 12:00:00,47.20000000001164,24.5,12.6,1022.1,3,2.6,7,13,3,12
2018-07-13 13:00:00,47.70000000001164,26.8,12.2,1021.4,4,1.5,7,13,4,13
2018-07-13 14:00:00,44.20000000001164,24.9,10.0,1021.3,2,2.6,7,13,5,14
2018-07-13 15:00:00,51.10000000003493,25.1,9.7,1020.8,2,2.1,7,13,6,15
2018-07-13 16:00:00,51.29999999998836,26.0,10.4,1020.4,3,2.1,7,13,7,16
2018-07-13 17:00:00,53.0,26.0,12.9,1020.1,6,5.7,7,13,1,17
2018-07-13 18:00:00,59.899999999965075,25.6,13.5,1020.0,6,4.1,7,13,2,18
2018-07-13 19:00:00,54.70000000001164,23.6,13.0,1020.3,5,4.6,7,13,3,19
2018-07-13 20:00:00,53.20000000001164,21.7,14.2,1021.0,1,2.1,7,13,4,20
2018-07-13 21:00:00,55.0,19.8,14.4,1021.6,1,2.6,7,13,5,21
2018-07-13 22:00:00,55.60000000003493,19.1,14.2,1021.8,2,3.1,7,13,6,22
2018-07-13 23:00:00,49.69999999995344,18.3,14.6,1021.9,1,2.6,7,13,7,23
2018-07-14 00:00:00,43.20000000001164,17.6,13.3,1021.8,2,2.6,7,14,1,0
2018-07-14 01:00:00,39.70000000001164,17.5,14.0,1021.6,3,2.6,7,14,2,1
2018-07-14 02:00:00,39.60000000003493,16.9,14.5,1021.6,4,2.1,7,14,3,2
2018-07-14 03:00:00,36.0,16.5,14.7,1021.5,4,2.6,7,14,4,3
2018-07-14 04:00:00,33.79999999998836,15.3,13.6,1021.1,3,1.5,7,14,5,4
2018-07-14 05:00:00,36.80000000004657,15.6,14.5,1021.0,3,1.5,7,14,6,5
2018-07-14 06:00:00,47.20000000001164,17.2,15.0,1021.3,3,2.1,7,14,7,6
2018-07-14 07:00:00,40.80000000004657,18.8,15.1,1021.5,3,2.6,7,14,1,7
2018-07-14 08:00:00,36.20000000001165,20.2,14.7,1021.3,4,1.5,7,14,2,8
2018-07-14 09:00:00,37.0,22.0,14.6,1021.3,4,2.1,7,14,3,9
2018-07-14 10:00:00,39.599999999976724,24.5,14.2,1021.0,3,2.1,7,14,4,10
2018-07-14 11:00:00,39.30000000004657,25.6,13.0,1020.6,4,1.5,7,14,5,11
2018-07-14 12:00:00,42.29999999998836,26.2,13.1,1020.1,3,2.1,7,14,6,12
2018-07-14 13:00:00,39.5,26.6,11.4,1019.6,3,3.6,7,14,7,13
2018-07-14 14:00:00,39.80000000004657,27.7,11.7,1019.0,5,3.6,7,14,1,14
2018-07-14 15:00:00,40.099999999976724,27.5,12.2,1018.5,6,1.5,7,14,2,15
2018-07-14 16:00:00,39.900000000023276,27.8,10.4,1018.0,5,3.6,7,14,3,16
2018-07-14 17:00:00,44.899999999965075,27.7,11.1,1017.7,5,4.1,7,14,4,17
2018-07-14 18:00:00,55.400000000023276,27.2,12.0,1017.4,5,4.1,7,14,5,18
2018-07-14 19:00:00,60.79999999998836,25.8,12.3,1017.4,5,5.7,7,14,6,19
2018-07-14 20:00:00,58.19999999995344,24.7,12.0,1017.5,5,4.1,7,14,7,20
2018-07-14 21:00:00,57.0,23.4,11.6,1018.0,5,4.6,7,14,1,21
2018-07-14 22:00:00,50.599999999976724,22.3,12.4,1018.1,5,3.6,7,14,2,22
2018-07-14 23:00:00,47.10000000003493,20.8,12.4,1018.1,5,2.1,7,14,3,23
2018-07-15 00:00:00,44.79999999998836,19.6,12.4,1018.0,5,2.1,7,15,4,0
2018-07-15 01:00:00,42.0,18.7,12.6,1018.0,5,2.1,7,15,5,1
2018-07-15 02:00:00,41.399999999965075,17.8,13.0,1017.7,5,2.1,7,15,6,2
2018-07-15 03:00:00,37.60000000003493,16.4,12.4,1017.7,5,1.5,7,15,7,3
2018-07-15 04:00:00,35.20000000001164,16.4,12.3,1017.3,6,1.5,7,15,1,4
2018-07-15 05:00:00,35.399999999965075,15.4,12.1,1017.2,6,1.5,7,15,2,5
2018-07-15 06:00:00,34.399999999965075,17.0,12.6,1017.4,6,1.5,7,15,3,6
2018-07-15 07:00:00,38.79999999998836,19.1,13.0,1017.3,6,1.0,7,15,4,7
2018-07-15 08:00:00,40.599999999976724,21.4,13.0,1017.2,6,1.0,7,15,5,8
2018-07-15 09:00:00,44.900000000023276,24.0,12.2,1016.8,6,2.6,7,15,6,9
2018-07-15 10:00:00,49.300000000046566,25.0,9.4,1016.6,4,3.1,7,15,7,10
2018-07-15 11:00:00,46.5,26.5,9.6,1016.3,4,3.1,7,15,1,11
2018-07-15 12:00:00,46.400000000023276,27.2,9.9,1015.9,6,3.1,7,15,2,12
2018-07-15 13:00:00,47.399999999965075,28.4,10.1,1015.2,3,2.1,7,15,3,13
2018-07-15 14:00:00,44.5,28.8,9.5,1014.7,5,2.6,7,15,4,14
2018-07-15 15:00:00,47.5,29.3,9.3,1014.4,7,3.1,7,15,5,15
2018-07-15 16:00:00,49.69999999995344,29.4,10.0,1014.0,6,4.1,7,15,6,16
2018-07-15 17:00:00,52.70000000001164,28.5,8.7,1013.6,0,1.5,7,15,7,17
2018-07-15 18:00:00,56.0,29.0,7.4,1013.1,6,2.6,7,15,1,18
2018-07-15 19:00:00,55.399999999965075,28.3,9.2,1013.3,6,4.1,7,15,2,19
2018-07-15 20:00:00,61.899999999965075,26.0,10.2,1013.7,7,3.6,7,15,3,20
2018-07-15 21:00:00,58.79999999998836,24.4,8.5,1014.2,7,3.1,7,15,4,21
2018-07-15 22:00:00,55.900000000023276,22.8,9.1,1014.5,7,1.5,7,15,5,22
2018-07-15 23:00:00,52.79999999998836,21.6,8.9,1014.7,6,0.5,7,15,6,23
2018-07-16 00:00:00,43.899999999965075,20.7,9.7,1014.7,6,1.5,7,16,7,0
2018-07-16 01:00:00,40.20000000001164,19.4,9.8,1014.4,6,1.5,7,16,1,1
2018-07-16 02:00:00,37.599999999976724,18.8,10.6,1014.2,6,1.5,7,16,2,2
2018-07-16 03:00:00,33.900000000023276,17.5,10.8,1014.2,6,1.5,7,16,3,3
2018-07-16 04:00:00,33.20000000001165,15.9,11.1,1014.3,6,2.1,7,16,4,4
2018-07-16 05:00:00,33.900000000023276,16.2,12.0,1014.4,6,2.6,7,16,5,5
2018-07-16 06:00:00,35.70000000001164,18.4,12.3,1014.1,6,1.5,7,16,6,6
2018-07-16 07:00:00,42.399999999965075,20.3,11.6,1014.2,6,1.5,7,16,7,7
2018-07-16 08:00:00,49.0,23.3,12.6,1014.0,6,1.0,7,16,1,8
2018-07-16 09:00:00,47.79999999998836,25.1,11.8,1013.8,6,1.0,7,16,2,9
2018-07-16 10:00:00,41.70000000001164,26.8,11.0,1013.7,6,3.1,7,16,3,10
2018-07-16 11:00:00,42.699999999953434,27.7,10.1,1013.4,4,2.6,7,16,4,11
2018-07-16 12:00:00,45.70000000001164,27.1,9.7,1013.1,4,3.1,7,16,5,12
2018-07-16 13:00:00,48.29999999998836,27.8,9.1,1012.7,4,2.1,7,16,6,13
2018-07-16 14:00:00,43.60000000003493,27.9,7.9,1012.2,6,2.6,7,16,7,14
2018-07-16 15:00:00,43.20000000001164,27.7,9.8,1011.8,6,5.1,7,16,1,15
2018-07-16 16:00:00,48.399999999965075,28.5,10.8,1011.8,6,6.2,7,16,2,16
2018-07-16 17:00:00,52.800000000046566,27.9,10.8,1011.6,5,5.1,7,16,3,17
2018-07-16 18:00:00,55.300000000046566,27.4,9.2,1011.6,5,5.7,7,16,4,18
2018-07-16 19:00:00,55.29999999998836,26.5,7.9,1011.6,5,4.6,7,16,5,19
2018-07-16 20:00:00,56.20000000001164,23.9,14.1,1012.3,6,6.7,7,16,6,20
2018-07-16 21:00:00,62.29999999998836,21.5,14.3,1013.2,6,6.2,7,16,7,21
2018-07-16 22:00:00,62.29999999998836,20.4,12.2,1013.7,6,7.2,7,16,1,22
2018-07-16 23:00:00,54.599999999976724,19.2,10.0,1014.2,6,4.6,7,16,2,23
2018-07-17 00:00:00,43.20000000001164,17.8,10.0,1014.4,6,5.1,7,17,3,0
2018-07-17 01:00:00,39.5,16.8,11.0,1014.4,6,4.6,7,17,4,1
2018-07-17 02:00:00,38.20000000001164,15.6,11.2,1014.4,6,4.1,7,17,5,2
2018-07-17 03:00:00,37.599999999976724,15.0,10.7,1014.4,6,3.6,7,17,6,3
2018-07-17 04:00:00,34.29999999998835,14.1,10.5,1014.6,6,3.1,7,17,7,4
2018-07-17 05:00:00,35.0,13.9,10.7,1015.0,6,4.1,7,17,1,5
2018-07-17 06:00:00,36.0,15.2,10.9,1015.6,6,4.6,7,17,2,6
2018-07-17 07:00:00,43.10000000003493,17.3,11.0,1015.9,6,3.6,7,17,3,7
2018-07-17 08:00:00,50.20000000001164,19.0,11.0,1016.0,6,4.6,7,17,4,8
2018-07-17 09:00:00,49.0,20.5,10.0,1015.9,6,4.6,7,17,5,9
2018-07-17 10:00:00,46.20000000001164,21.0,9.4,1016.1,6,6.2,7,17,6,10
2018-07-17 11:00:00,48.69999999995344,21.4,9.0,1016.2,5,4.6,7,17,7,11
2018-07-17 12:00:00,49.10000000003493,23.7,9.1,1016.1,6,5.7,7,17,1,12
2018-07-17 13:00:00,48.899999999965075,23.4,8.9,1016.0,5,4.6,7,17,2,13
2018-07-17 14:00:00,47.400000000023276,24.6,9.0,1015.9,6,6.7,7,17,3,14
2018-07-17 15:00:00,46.69999999995344,23.3,8.8,1016.0,6,6.7,7,17,4,15
2018-07-17 16:00:00,50.70000000001164,22.6,10.0,1016.1,5,6.2,7,17,5,16
2018-07-17 17:00:00,54.5,22.3,10.1,1016.0,5,5.1,7,17,6,17
2018-07-17 18:00:00,53.60000000003493,22.8,10.4,1015.9,6,5.7,7,17,7,18
2018-07-17 19:00:00,53.599999999976724,21.6,10.6,1016.3,5,5.7,7,17,1,19
2018-07-17 20:00:00,55.099999999976724,20.4,11.5,1016.8,5,5.7,7,17,2,20
2018-07-17 21:00:00,56.60000000003493,19.9,11.7,1017.2,5,4.1,7,17,3,21
2018-07-17 22:00:00,51.099999999976724,19.1,12.3,1017.4,5,4.1,7,17,4,22
2018-07-17 23:00:00,50.599999999976724,18.7,11.8,1017.6,6,4.6,7,17,5,23
2018-07-18 00:00:00,45.399999999965075,17.7,11.8,1017.7,6,3.6,7,18,6,0
2018-07-18 01:00:00,40.5,17.1,12.0,1017.7,5,3.1,7,18,7,1
2018-07-18 02:00:00,37.60000000003493,16.6,12.2,1017.6,5,3.1,7,18,1,2
2018-07-18 03:00:00,34.80000000004657,16.2,12.4,1017.7,5,2.1,7,18,2,3
2018-07-18 04:00:00,34.400000000023276,15.4,12.1,1017.7,6,2.1,7,18,3,4
2018-07-18 05:00:00,36.099999999976724,15.2,12.5,1018.1,5,2.1,7,18,4,5
2018-07-18 06:00:00,38.5,16.3,13.1,1018.4,5,2.1,7,18,5,6
2018-07-18 07:00:00,46.899999999965075,17.4,13.1,1018.8,5,1.5,7,18,6,7
2018-07-18 08:00:00,48.79999999998836,20.3,12.4,1018.8,5,1.5,7,18,7,8
2018-07-18 09:00:00,44.900000000023276,20.6,11.5,1018.9,6,1.5,7,18,1,9
2018-07-18 10:00:00,45.70000000001164,22.1,10.8,1018.6,6,3.6,7,18,2,10
2018-07-18 11:00:00,48.79999999998836,22.8,10.0,1018.7,6,2.1,7,18,3,11
2018-07-18 12:00:00,49.399999999965075,23.5,9.5,1018.4,5,2.6,7,18,4,12
2018-07-18 13:00:00,44.20000000001164,24.8,8.8,1018.1,5,2.6,7,18,5,13
2018-07-18 14:00:00,43.0,25.5,8.8,1018.1,6,4.1,7,18,6,14
2018-07-18 15:00:00,45.10000000003493,25.7,8.4,1018.1,5,3.6,7,18,7,15
2018-07-18 16:00:00,48.5,26.0,9.4,1017.9,6,3.6,7,18,1,16
2018-07-18 17:00:00,57.29999999998836,24.2,8.8,1017.9,5,2.6,7,18,2,17
2018-07-18 18:00:00,54.29999999998836,24.3,9.3,1017.9,6,2.6,7,18,3,18
2018-07-18 19:00:00,53.0,23.5,10.0,1018.1,5,3.6,7,18,4,19
2018-07-18 20:00:00,54.5,22.5,10.9,1018.3,5,4.1,7,18,5,20
2018-07-18 21:00:00,55.800000000046566,21.6,11.6,1018.7,5,3.6,7,18,6,21
2018-07-18 22:00:00,55.79999999998836,20.8,11.4,1018.7,5,3.6,7,18,7,22
2018-07-18 23:00:00,53.899999999965075,19.4,11.2,1018.7,6,1.5,7,18,1,23
2018-07-19 00:00:00,47.79999999998836,18.5,11.5,1019.0,6,1.5,7,19,2,0
2018-07-19 01:00:00,40.30000000004657,17.1,11.7,1019.2,5,2.1,7,19,3,1
2018-07-19 02:00:00,37.60000000003493,16.3,12.4,1019.1,5,0.5,7,19,4,2
2018-07-19 03:00:00,36.70000000001164,15.8,11.5,1019.0,0,0.5,7,19,5,3
2018-07-19 04:00:00,35.600000000034925,14.5,12.5,1019.1,4,0.5,7,19,6,4
2018-07-19 05:00:00,35.399999999965075,14.6,12.6,1019.2,7,0.5,7,19,7,5
2018-07-19 06:00:00,37.29999999998836,17.1,13.1,1019.3,1,1.0,7,19,1,6
2018-07-19 07:00:00,46.20000000001164,18.5,11.8,1019.4,4,2.1,7,19,2,7
2018-07-19 08:00:00,51.70000000001164,20.0,12.0,1019.4,4,2.1,7,19,3,8
2018-07-19 09:00:00,50.099999999976724,22.8,9.3,1019.2,3,3.1,7,19,4,9
2018-07-19 10:00:00,46.29999999998836,23.6,9.0,1019.0,3,3.6,7,19,5,10
2018-07-19 11:00:00,44.599999999976724,25.0,8.1,1018.7,4,2.6,7,19,6,11
2018-07-19 12:00:00,47.0,26.8,9.2,1018.5,6,1.5,7,19,7,12
2018-07-19 13:00:00,46.19999999995344,26.5,8.8,1018.0,5,3.1,7,19,1,13
2018-07-19 14:00:00,44.400000000023276,27.7,9.3,1017.7,6,3.1,7,19,2,14
2018-07-19 15:00:00,47.79999999998836,28.3,10.2,1017.2,4,1.5,7,19,3,15
2018-07-19 16:00:00,50.5,27.9,9.4,1016.6,4,3.1,7,19,4,16
2018-07-19 17:00:00,49.300000000046566,26.6,10.2,1016.4,3,3.6,7,19,5,17
2018-07-19 18:00:00,57.29999999998836,26.2,10.3,1016.3,3,2.6,7,19,6,18
2018-07-19 19:00:00,58.5,25.0,10.3,1016.4,2,4.6,7,19,7,19
2018-07-19 20:00:00,57.5,23.6,9.9,1016.6,2,4.1,7,19,1,20
2018-07-19 21:00:00,60.899999999965075,22.5,10.0,1016.6,2,4.1,7,19,2,21
2018-07-19 22:00:00,57.5,21.8,8.4,1016.8,3,4.6,7,19,3,22
2018-07-19 23:00:00,54.5,21.4,7.3,1017.0,3,3.6,7,19,4,23
2018-07-20 00:00:00,48.0,20.4,7.0,1016.7,3,3.1,7,20,5,0
2018-07-20 01:00:00,44.20000000001164,19.6,7.2,1016.5,4,1.5,7,20,6,1
2018-07-20 02:00:00,46.5,19.8,7.3,1016.1,3,2.6,7,20,7,2
2018-07-20 03:00:00,41.70000000001164,19.6,6.6,1015.8,3,1.5,7,20,1,3
2018-07-20 04:00:00,39.29999999998836,19.2,7.5,1015.3,2,2.1,7,20,2,4
2018-07-20 05:00:00,38.099999999976724,19.8,8.3,1015.0,1,2.1,7,20,3,5
2018-07-20 06:00:00,39.399999999965075,20.2,8.9,1015.0,1,1.5,7,20,4,6
2018-07-20 07:00:00,42.699999999953434,20.7,8.6,1014.8,2,3.1,7,20,5,7
2018-07-20 08:00:00,52.399999999965075,21.4,9.8,1014.8,4,2.6,7,20,6,8
2018-07-20 09:00:00,49.099999999976724,22.7,11.1,1014.7,5,1.5,7,20,7,9
2018-07-20 10:00:00,50.400000000023276,23.5,12.3,1014.7,3,3.1,7,20,1,10
2018-07-20 11:00:00,51.399999999965075,24.2,13.0,1014.4,3,5.1,7,20,2,11
2018-07-20 12:00:00,53.29999999998836,23.6,13.2,1014.3,4,5.1,7,20,3,12
2018-07-20 13:00:00,52.10000000003493,24.3,13.6,1014.0,4,4.6,7,20,4,13
2018-07-20 14:00:00,52.5,23.1,12.8,1013.9,4,5.1,7,20,5,14
2018-07-20 15:00:00,44.29999999998836,23.1,13.7,1013.6,4,4.1,7,20,6,15
2018-07-20 16:00:00,45.79999999998836,22.4,13.3,1013.3,4,4.6,7,20,7,16
2018-07-20 17:00:00,55.5,21.4,13.8,1013.2,4,4.6,7,20,1,17
2018-07-20 18:00:00,55.70000000001164,21.3,15.1,1012.9,4,4.6,7,20,2,18
2018-07-20 19:00:00,48.400000000023276,20.8,15.2,1012.7,4,4.6,7,20,3,19
2018-07-20 20:00:00,53.10000000003493,20.3,15.2,1012.9,4,4.1,7,20,4,20
2018-07-20 21:00:00,52.0,20.0,15.0,1013.2,5,3.6,7,20,5,21
2018-07-20 22:00:00,51.29999999998836,19.4,14.8,1013.4,5,3.6,7,20,6,22
2018-07-20 23:00:00,51.70000000001164,18.5,14.5,1013.4,6,2.6,7,20,7,23
2018-07-21 00:00:00,40.20000000001164,17.9,14.7,1013.2,6,2.1,7,21,1,0
2018-07-21 01:00:00,43.60000000003493,17.8,15.1,1013.0,6,1.0,7,21,2,1
2018-07-21 02:00:00,46.20000000001164,17.7,15.2,1012.9,7,1.0,7,21,3,2
2018-07-21 03:00:00,41.29999999998836,17.5,15.3,1012.8,6,2.6,7,21,4,3
2018-07-21 04:00:00,39.70000000001165,17.0,15.4,1013.0,6,2.1,7,21,5,4
2018-07-21 05:00:00,42.0,17.4,15.4,1013.2,6,1.5,7,21,6,5
2018-07-21 06:00:00,45.099999999976724,17.4,15.7,1013.3,7,1.0,7,21,7,6
2018-07-21 07:00:00,46.400000000023276,19.4,15.9,1013.7,6,1.0,7,21,1,7
2018-07-21 08:00:00,47.20000000001164,20.7,15.3,1013.9,6,1.0,7,21,2,8
2018-07-21 09:00:00,47.900000000023276,22.4,14.4,1013.9,7,2.1,7,21,3,9
2018-07-21 10:00:00,42.599999999976724,23.7,13.4,1014.2,5,2.6,7,21,4,10
2018-07-21 11:00:00,41.10000000003493,23.3,13.7,1014.3,6,2.1,7,21,5,11
2018-07-21 12:00:00,39.199999999953434,23.9,12.8,1014.2,7,2.1,7,21,6,12
2018-07-21 13:00:00,39.399999999965075,25.2,12.7,1013.9,6,2.1,7,21,7,13
2018-07-21 14:00:00,37.70000000001164,26.5,12.2,1013.8,7,1.5,7,21,1,14
2018-07-21 15:00:00,33.80000000004657,26.1,11.5,1013.6,0,2.1,7,21,2,15
2018-07-21 16:00:00,37.5,27.4,11.4,1013.5,6,3.1,7,21,3,16
2018-07-21 17:00:00,38.79999999998836,27.2,11.7,1013.5,6,3.1,7,21,4,17
2018-07-21 18:00:00,38.599999999976724,25.9,12.9,1013.3,5,4.6,7,21,5,18
2018-07-21 19:00:00,40.5,24.9,13.7,1013.7,5,5.7,7,21,6,19
2018-07-21 20:00:00,38.60000000003493,24.0,14.1,1014.2,6,5.1,7,21,7,20
2018-07-21 21:00:00,39.699999999953434,22.9,13.6,1014.9,6,5.7,7,21,1,21
2018-07-21 22:00:00,41.900000000023276,21.8,13.6,1015.1,6,4.6,7,21,2,22
2018-07-21 23:00:00,39.20000000001165,20.4,13.3,1015.3,6,3.6,7,21,3,23
2018-07-22 00:00:00,37.400000000023276,19.4,13.2,1015.4,6,3.6,7,22,4,0
2018-07-22 01:00:00,33.29999999998836,18.8,13.5,1015.3,6,2.1,7,22,5,1
2018-07-22 02:00:00,34.599999999976724,17.8,13.0,1015.3,6,1.5,7,22,6,2
2018-07-22 03:00:00,33.099999999976724,17.1,13.5,1015.1,5,1.0,7,22,7,3
2018-07-22 04:00:00,32.70000000001164,18.0,14.4,1015.3,6,2.1,7,22,1,4
2018-07-22 05:00:00,33.100000000034925,16.9,13.6,1015.3,6,2.1,7,22,2,5
2018-07-22 06:00:00,33.599999999976724,18.1,14.6,1015.8,6,2.6,7,22,3,6
2018-07-22 07:00:00,35.0,18.5,14.5,1016.0,7,1.5,7,22,4,7
2018-07-22 08:00:00,35.19999999995343,20.6,14.4,1016.1,7,1.5,7,22,5,8
2018-07-22 09:00:00,36.599999999976724,21.9,14.4,1016.1,6,2.1,7,22,6,9
2018-07-22 10:00:00,35.5,24.2,14.5,1016.0,6,2.6,7,22,7,10
2018-07-22 11:00:00,38.900000000023276,24.5,13.9,1016.0,6,4.1,7,22,1,11
2018-07-22 12:00:00,38.5,26.9,10.7,1015.7,6,3.6,7,22,2,12
2018-07-22 13:00:00,37.10000000003493,27.0,11.3,1015.5,6,4.1,7,22,3,13
2018-07-22 14:00:00,40.60000000003493,28.1,11.0,1015.5,6,4.1,7,22,4,14
2018-07-22 15:00:00,41.199999999953434,28.1,11.2,1015.3,6,3.1,7,22,5,15
2018-07-22 16:00:00,46.70000000001164,28.4,12.3,1015.0,6,3.1,7,22,6,16
2018-07-22 17:00:00,47.0,28.1,13.0,1014.8,6,3.1,7,22,7,17
2018-07-22 18:00:00,47.800000000046566,27.9,13.4,1014.6,6,2.1,7,22,1,18
2018-07-22 19:00:00,48.900000000023276,27.3,13.1,1014.8,5,2.6,7,22,2,19
2018-07-22 20:00:00,51.399999999965075,26.0,10.8,1015.3,5,4.6,7,22,3,20
2018-07-22 21:00:00,52.400000000023276,24.3,10.3,1015.9,4,3.1,7,22,4,21
2018-07-22 22:00:00,48.099999999976724,23.0,10.5,1016.3,5,2.6,7,22,5,22
2018-07-22 23:00:00,41.10000000003493,21.8,11.3,1016.4,4,2.6,7,22,6,23
2018-07-23 00:00:00,36.399999999965075,20.4,11.8,1016.5,5,1.5,7,23,7,0
2018-07-23 01:00:00,35.20000000001164,19.5,12.5,1016.4,4,0.5,7,23,1,1
2018-07-23 02:00:00,35.70000000001165,19.7,13.0,1016.4,6,0.5,7,23,2,2
2018-07-23 03:00:00,35.5,19.6,13.6,1016.4,5,0.5,7,23,3,3
2018-07-23 04:00:00,34.5,19.9,15.3,1016.5,6,2.1,7,23,4,4
2018-07-23 05:00:00,39.599999999976724,19.5,15.8,1016.5,6,2.1,7,23,5,5
2018-07-23 06:00:00,44.399999999965075,20.2,16.1,1016.7,6,2.1,7,23,6,6
2018-07-23 07:00:00,50.10000000003493,22.1,16.4,1016.8,5,2.1,7,23,7,7
2018-07-23 08:00:00,49.79999999998836,24.3,16.8,1016.9,5,2.1,7,23,1,8
2018-07-23 09:00:00,43.400000000023276,26.2,16.4,1016.7,5,2.6,7,23,2,9
2018-07-23 10:00:00,40.699999999953434,28.9,15.9,1016.3,5,3.1,7,23,3,10
2018-07-23 11:00:00,40.399999999965075,29.7,15.0,1016.0,5,3.6,7,23,4,11
2018-07-23 12:00:00,42.900000000023276,31.1,14.9,1015.8,5,4.1,7,23,5,12
2018-07-23 13:00:00,41.70000000001165,29.9,14.1,1015.5,5,4.1,7,23,6,13
2018-07-23 14:00:00,40.399999999965075,31.6,15.9,1015.2,5,4.1,7,23,7,14
2018-07-23 15:00:00,41.10000000003493,30.1,14.8,1015.0,5,5.1,7,23,1,15
2018-07-23 16:00:00,43.29999999998836,30.1,14.8,1014.8,4,6.2,7,23,2,16
2018-07-23 17:00:00,49.0,29.8,14.2,1014.8,5,6.7,7,23,3,17
2018-07-23 18:00:00,52.10000000003493,29.0,13.9,1014.7,5,5.1,7,23,4,18
2018-07-23 19:00:00,57.800000000046566,27.5,13.6,1014.7,5,5.1,7,23,5,19
2018-07-23 20:00:00,58.79999999998836,26.0,9.5,1014.8,4,4.1,7,23,6,20
2018-07-23 21:00:00,58.70000000001164,24.2,9.9,1014.9,4,4.1,7,23,7,21
2018-07-23 22:00:00,56.79999999998836,22.7,12.3,1015.0,5,4.1,7,23,1,22
2018-07-23 23:00:00,47.399999999965075,20.9,14.0,1015.2,5,4.1,7,23,2,23
2018-07-24 00:00:00,40.20000000001164,19.9,15.4,1015.1,5,3.1,7,24,3,0
2018-07-24 01:00:00,36.29999999998835,18.8,15.7,1014.9,5,2.6,7,24,4,1
2018-07-24 02:00:00,36.29999999998836,18.1,15.8,1014.9,5,3.1,7,24,5,2
2018-07-24 03:00:00,34.5,18.0,15.8,1014.8,5,2.6,7,24,6,3
2018-07-24 04:00:00,34.20000000001165,17.6,15.6,1014.8,5,2.6,7,24,7,4
2018-07-24 05:00:00,37.0,17.4,15.5,1014.9,5,2.1,7,24,1,5
2018-07-24 06:00:00,45.29999999998836,18.4,15.8,1015.1,6,2.6,7,24,2,6
2018-07-24 07:00:00,51.5,20.1,16.1,1015.2,6,1.5,7,24,3,7
2018-07-24 08:00:00,53.29999999998836,21.9,15.4,1015.0,6,2.6,7,24,4,8
2018-07-24 09:00:00,49.5,23.1,14.9,1014.7,5,2.6,7,24,5,9
2018-07-24 10:00:00,48.29999999998836,25.9,15.5,1014.2,5,3.1,7,24,6,10
2018-07-24 11:00:00,48.0,27.5,14.7,1013.9,5,5.1,7,24,7,11
2018-07-24 12:00:00,46.599999999976724,29.4,14.8,1013.7,5,6.2,7,24,1,12
2018-07-24 13:00:00,42.60000000003493,29.1,14.6,1013.7,5,6.2,7,24,2,13
2018-07-24 14:00:00,40.60000000003493,28.8,14.5,1013.6,5,4.6,7,24,3,14
2018-07-24 15:00:00,44.20000000001164,28.6,14.3,1013.5,6,6.2,7,24,4,15
2018-07-24 16:00:00,49.20000000001164,28.8,14.4,1013.2,6,5.1,7,24,5,16
2018-07-24 17:00:00,55.899999999965075,28.8,13.4,1013.2,5,5.7,7,24,6,17
2018-07-24 18:00:00,60.599999999976724,28.6,13.7,1013.2,6,6.2,7,24,7,18
2018-07-24 19:00:00,56.20000000001164,27.6,13.3,1013.5,5,4.6,7,24,1,19
2018-07-24 20:00:00,57.5,26.3,13.7,1013.8,5,4.1,7,24,2,20
2018-07-24 21:00:00,57.0,25.1,14.3,1014.5,5,4.1,7,24,3,21
2018-07-24 22:00:00,54.800000000046566,24.0,14.7,1015.0,5,3.1,7,24,4,22
2018-07-24 23:00:00,48.20000000001164,22.3,13.8,1015.4,6,2.1,7,24,5,23
2018-07-25 00:00:00,41.0,21.4,13.6,1015.5,7,1.5,7,25,6,0
2018-07-25 01:00:00,37.70000000001165,20.3,13.5,1015.4,7,1.5,7,25,7,1
2018-07-25 02:00:00,35.79999999998835,19.1,13.7,1015.6,7,2.1,7,25,1,2
2018-07-25 03:00:00,33.400000000023276,18.3,14.3,1016.0,7,2.1,7,25,2,3
2018-07-25 04:00:00,36.20000000001165,18.0,14.6,1016.3,7,1.5,7,25,3,4
2018-07-25 05:00:00,39.599999999976724,18.3,14.9,1016.7,0,1.5,7,25,4,5
2018-07-25 06:00:00,50.20000000001164,19.3,14.5,1017.3,1,2.1,7,25,5,6
2018-07-25 07:00:00,50.0,20.7,14.2,1017.2,1,2.6,7,25,6,7
2018-07-25 08:00:00,50.70000000001164,22.7,14.4,1017.5,0,1.5,7,25,7,8
2018-07-25 09:00:00,50.10000000003493,23.8,14.1,1017.6,0,1.5,7,25,1,9
2018-07-25 10:00:00,47.599999999976724,24.8,13.9,1017.4,0,1.5,7,25,2,10
2018-07-25 11:00:00,50.599999999976724,26.5,13.7,1017.2,5,2.1,7,25,3,11
2018-07-25 12:00:00,50.0,26.6,13.6,1016.9,0,2.6,7,25,4,12
2018-07-25 13:00:00,43.70000000001164,29.2,13.2,1016.5,6,2.1,7,25,5,13
2018-07-25 14:00:00,39.0,29.4,12.8,1016.2,5,2.1,7,25,6,14
2018-07-25 15:00:00,41.900000000023276,30.0,12.7,1015.8,6,3.6,7,25,7,15
2018-07-25 16:00:00,46.70000000001164,29.8,12.0,1015.4,6,2.1,7,25,1,16
2018-07-25 17:00:00,51.29999999998836,30.1,12.7,1015.0,4,2.1,7,25,2,17
2018-07-25 18:00:00,60.399999999965075,30.2,12.4,1014.7,5,4.1,7,25,3,18
2018-07-25 19:00:00,55.399999999965075,28.7,13.6,1014.8,4,4.6,7,25,4,19
2018-07-25 20:00:00,57.69999999995344,27.5,12.7,1015.0,5,4.6,7,25,5,20
2018-07-25 21:00:00,58.79999999998836,25.2,10.6,1015.5,6,3.6,7,25,6,21
2018-07-25 22:00:00,56.0,23.7,10.6,1015.5,6,2.6,7,25,7,22
2018-07-25 23:00:00,48.70000000001164,22.4,10.4,1015.6,2,0.5,7,25,1,23
2018-07-26 00:00:00,41.79999999998836,21.8,11.2,1015.6,6,2.1,7,26,2,0
2018-07-26 01:00:00,37.099999999976724,20.4,10.6,1015.6,3,0.5,7,26,3,1
2018-07-26 02:00:00,36.900000000023276,20.0,16.5,1015.4,3,2.6,7,26,4,2
2018-07-26 03:00:00,35.29999999998836,19.5,17.0,1014.9,2,3.1,7,26,5,3
2018-07-26 04:00:00,35.20000000001164,19.8,16.8,1014.5,2,2.6,7,26,6,4
2018-07-26 05:00:00,38.29999999998836,20.1,17.0,1014.5,1,1.0,7,26,7,5
2018-07-26 06:00:00,45.5,21.1,17.5,1014.4,1,2.1,7,26,1,6
2018-07-26 07:00:00,51.400000000023276,22.5,17.2,1014.1,2,1.5,7,26,2,7
2018-07-26 08:00:00,55.400000000023276,25.7,16.7,1013.9,2,2.6,7,26,3,8
2018-07-26 09:00:00,48.69999999995344,27.7,16.3,1013.6,3,3.1,7,26,4,9
2018-07-26 10:00:00,47.099999999976724,30.0,16.0,1013.2,3,4.1,7,26,5,10
2018-07-26 11:00:00,48.20000000001164,31.8,16.5,1012.9,4,4.6,7,26,6,11
2018-07-26 12:00:00,46.60000000003493,31.3,15.2,1012.4,3,3.6,7,26,7,12
2018-07-26 13:00:00,42.900000000023276,34.4,15.6,1011.8,3,5.7,7,26,1,13
2018-07-26 14:00:00,40.79999999998836,33.1,12.3,1011.6,4,6.2,7,26,2,14
2018-07-26 15:00:00,41.5,33.3,12.3,1011.3,4,6.2,7,26,3,15
2018-07-26 16:00:00,45.79999999998836,34.3,12.5,1010.8,4,6.7,7,26,4,16
2018-07-26 17:00:00,50.599999999976724,33.2,11.4,1010.5,4,6.2,7,26,5,17
2018-07-26 18:00:00,53.79999999998836,32.2,12.9,1010.4,4,6.7,7,26,6,18
2018-07-26 19:00:00,57.79999999998836,29.7,15.2,1011.0,5,6.2,7,26,7,19
2018-07-26 20:00:00,59.70000000001164,27.6,16.1,1011.5,5,4.6,7,26,1,20
2018-07-26 21:00:00,55.900000000023276,26.2,15.2,1012.2,5,4.1,7,26,2,21
2018-07-26 22:00:00,58.69999999995344,25.5,14.3,1012.1,5,4.1,7,26,3,22
2018-07-26 23:00:00,51.5,24.3,14.6,1012.5,5,2.6,7,26,4,23
2018-07-27 00:00:00,41.400000000023276,23.5,14.8,1012.1,5,2.1,7,27,5,0
2018-07-27 01:00:00,39.29999999998836,22.6,15.0,1011.6,6,3.1,7,27,6,1
2018-07-27 02:00:00,37.399999999965075,21.8,14.6,1011.5,6,2.6,7,27,7,2
2018-07-27 03:00:00,36.5,21.1,15.0,1011.0,6,2.6,7,27,1,3
2018-07-27 04:00:00,37.5,20.1,14.7,1010.6,6,2.1,7,27,2,4
2018-07-27 05:00:00,38.70000000001165,20.3,14.9,1010.5,6,1.5,7,27,3,5
2018-07-27 06:00:00,46.20000000001164,21.2,15.1,1010.7,7,1.5,7,27,4,6
2018-07-27 07:00:00,52.29999999998836,21.8,14.4,1010.8,6,2.6,7,27,5,7
2018-07-27 08:00:00,54.79999999998836,23.6,14.9,1010.7,6,2.1,7,27,6,8
2018-07-27 09:00:00,49.899999999965075,26.2,13.8,1010.3,5,1.0,7,27,7,9
2018-07-27 10:00:00,48.0,27.2,13.5,1010.2,6,3.1,7,27,1,10
2018-07-27 11:00:00,46.300000000046566,28.7,14.0,1009.9,6,2.6,7,27,2,11
2018-07-27 12:00:00,44.20000000001164,29.3,14.6,1009.2,3,2.1,7,27,3,12
2018-07-27 13:00:00,49.29999999998836,30.0,14.8,1008.6,6,3.1,7,27,4,13
2018-07-27 14:00:00,45.0,31.4,15.5,1007.7,5,2.6,7,27,5,14
2018-07-27 15:00:00,42.30000000004657,30.0,15.2,1007.8,5,5.7,7,27,6,15
2018-07-27 16:00:00,44.0,23.7,19.9,1007.7,5,5.7,7,27,7,16
2018-07-27 17:00:00,55.599999999976724,23.5,18.2,1007.3,5,5.7,7,27,1,17
2018-07-27 18:00:00,56.60000000003493,22.2,17.0,1007.7,5,5.1,7,27,2,18
2018-07-27 19:00:00,52.5,20.0,16.5,1008.0,4,5.1,7,27,3,19
2018-07-27 20:00:00,55.599999999976724,19.8,16.3,1007.2,4,4.1,7,27,4,20
2018-07-27 21:00:00,59.29999999998836,19.0,15.6,1007.4,3,3.1,7,27,5,21
2018-07-27 22:00:00,55.5,19.1,15.7,1008.0,3,3.6,7,27,6,22
2018-07-27 23:00:00,49.599999999976724,19.4,15.6,1007.6,3,4.1,7,27,7,23
2018-07-28 00:00:00,38.399999999965075,19.2,15.5,1006.8,3,5.1,7,28,1,0
2018-07-28 01:00:00,35.900000000023276,18.6,15.7,1005.7,4,4.6,7,28,2,1
2018-07-28 02:00:00,37.79999999998836,18.4,16.0,1005.3,4,4.6,7,28,3,2
2018-07-28 03:00:00,36.29999999998836,18.3,15.9,1004.2,4,5.7,7,28,4,3
2018-07-28 04:00:00,35.5,18.1,16.1,1003.5,4,5.1,7,28,5,4
2018-07-28 05:00:00,38.400000000023276,18.2,16.6,1003.2,4,5.7,7,28,6,5
2018-07-28 06:00:00,48.899999999965075,16.6,13.9,1003.9,5,8.2,7,28,7,6
2018-07-28 07:00:00,46.10000000003493,17.0,12.0,1004.6,5,6.7,7,28,1,7
2018-07-28 08:00:00,43.900000000023276,17.6,9.7,1005.3,5,8.8,7,28,2,8
2018-07-28 09:00:00,45.0,20.0,9.4,1005.8,5,9.3,7,28,3,9
2018-07-28 10:00:00,42.400000000023276,20.4,7.2,1006.2,5,9.3,7,28,4,10
2018-07-28 11:00:00,42.099999999976724,20.7,5.9,1006.4,5,7.7,7,28,5,11
2018-07-28 12:00:00,41.70000000001164,21.5,9.2,1006.4,5,9.3,7,28,6,12
2018-07-28 13:00:00,42.5,22.3,6.3,1006.3,5,9.8,7,28,7,13
2018-07-28 14:00:00,42.60000000003493,21.8,8.3,1006.8,4,10.8,7,28,1,14
2018-07-28 15:00:00,41.5,22.4,8.9,1007.2,5,11.8,7,28,2,15
2018-07-28 16:00:00,39.79999999998836,20.8,9.4,1007.6,5,11.8,7,28,3,16
2018-07-28 17:00:00,39.899999999965075,20.6,9.9,1007.7,5,10.8,7,28,4,17
2018-07-28 18:00:00,41.5,19.7,10.0,1008.1,5,11.3,7,28,5,18
2018-07-28 19:00:00,56.29999999998836,19.2,10.6,1008.6,5,9.3,7,28,6,19
2018-07-28 20:00:00,60.399999999965075,18.1,10.8,1009.1,5,6.7,7,28,7,20
2018-07-28 21:00:00,59.19999999995344,18.0,11.5,1009.4,4,7.2,7,28,1,21
2018-07-28 22:00:00,54.29999999998836,16.9,11.6,1009.2,4,7.2,7,28,2,22
2018-07-28 23:00:00,48.099999999976724,16.7,11.2,1009.2,4,6.2,7,28,3,23
2018-07-29 00:00:00,37.900000000023276,16.5,11.3,1009.1,4,4.6,7,29,4,0
2018-07-29 01:00:00,34.399999999965075,16.9,11.0,1008.7,4,5.1,7,29,5,1
2018-07-29 02:00:00,36.0,16.7,11.1,1008.2,4,4.6,7,29,6,2
2018-07-29 03:00:00,33.600000000034925,17.2,11.7,1007.8,4,4.6,7,29,7,3
2018-07-29 04:00:00,33.5,17.0,12.6,1007.6,4,5.1,7,29,1,4
2018-07-29 05:00:00,36.599999999976724,16.5,13.6,1006.9,3,5.1,7,29,2,5
2018-07-29 06:00:00,41.099999999976724,17.3,13.9,1006.0,4,6.2,7,29,3,6
2018-07-29 07:00:00,45.899999999965075,15.8,14.3,1005.8,4,7.7,7,29,4,7
2018-07-29 08:00:00,52.599999999976724,15.6,14.6,1005.6,4,7.2,7,29,5,8
2018-07-29 09:00:00,49.599999999976724,16.1,15.1,1004.8,4,6.7,7,29,6,9
2018-07-29 10:00:00,48.5,16.8,15.4,1004.2,4,8.2,7,29,7,10
2018-07-29 11:00:00,46.5,17.7,16.3,1003.7,4,8.2,7,29,1,11
2018-07-29 12:00:00,44.5,18.6,16.7,1003.5,4,8.2,7,29,2,12
2018-07-29 13:00:00,45.400000000023276,18.7,17.1,1003.6,4,7.7,7,29,3,13
2018-07-29 14:00:00,44.10000000003493,19.8,18.0,1003.8,4,8.2,7,29,4,14
2018-07-29 15:00:00,42.70000000001164,19.7,18.5,1003.8,4,8.2,7,29,5,15
2018-07-29 16:00:00,44.099999999976724,19.7,18.6,1004.1,4,8.2,7,29,6,16
2018-07-29 17:00:00,49.19999999995344,19.7,18.7,1004.3,4,6.7,7,29,7,17
2018-07-29 18:00:00,48.900000000023276,19.8,18.4,1004.8,4,7.2,7,29,1,18
2018-07-29 19:00:00,55.69999999995344,19.8,17.6,1005.4,5,7.7,7,29,2,19
2018-07-29 20:00:00,56.29999999998836,19.2,17.4,1006.1,5,7.2,7,29,3,20
2018-07-29 21:00:00,54.0,18.8,17.3,1007.1,5,7.2,7,29,4,21
2018-07-29 22:00:00,54.20000000001164,18.9,16.7,1007.7,5,6.2,7,29,5,22
2018-07-29 23:00:00,45.399999999965075,18.2,16.1,1008.2,5,6.2,7,29,6,23
2018-07-30 00:00:00,39.900000000023276,17.7,15.8,1008.6,5,5.1,7,30,7,0
2018-07-30 01:00:00,34.70000000001164,17.5,16.1,1008.9,5,2.6,7,30,1,1
2018-07-30 02:00:00,33.100000000034925,17.2,15.9,1008.9,4,3.6,7,30,2,2
2018-07-30 03:00:00,33.599999999976724,17.9,16.2,1009.0,4,3.6,7,30,3,3
2018-07-30 04:00:00,31.899999999965075,17.8,16.3,1008.9,3,3.1,7,30,4,4
2018-07-30 05:00:00,34.0,18.2,16.3,1009.1,4,3.6,7,30,5,5
2018-07-30 06:00:00,39.29999999998836,18.5,16.6,1009.4,4,3.6,7,30,6,6
2018-07-30 07:00:00,50.399999999965075,19.2,16.7,1009.7,4,4.1,7,30,7,7
2018-07-30 08:00:00,48.29999999998836,19.9,16.2,1010.1,4,5.1,7,30,1,8
2018-07-30 09:00:00,48.20000000001164,20.7,16.2,1010.1,5,4.1,7,30,2,9
2018-07-30 10:00:00,48.5,20.3,15.6,1010.3,4,5.1,7,30,3,10
2018-07-30 11:00:00,50.0,20.9,16.3,1010.4,4,5.1,7,30,4,11
2018-07-30 12:00:00,46.900000000023276,22.6,14.6,1010.6,5,7.7,7,30,5,12
2018-07-30 13:00:00,42.79999999998836,22.8,14.4,1011.0,5,7.2,7,30,6,13
2018-07-30 14:00:00,39.29999999998836,21.5,14.6,1011.1,4,7.2,7,30,7,14
2018-07-30 15:00:00,38.5,23.4,12.7,1011.2,5,8.8,7,30,1,15
2018-07-30 16:00:00,39.79999999998836,22.4,12.8,1011.5,5,8.2,7,30,2,16
2018-07-30 17:00:00,48.5,22.5,14.0,1011.3,4,6.7,7,30,3,17
2018-07-30 18:00:00,55.20000000001164,22.1,12.9,1011.7,5,7.7,7,30,4,18
2018-07-30 19:00:00,55.20000000001164,20.8,12.0,1012.3,5,8.8,7,30,5,19
2018-07-30 20:00:00,54.900000000023276,19.7,12.4,1012.6,5,4.6,7,30,6,20
2018-07-30 21:00:00,55.10000000003493,19.0,12.9,1012.9,5,4.6,7,30,7,21
2018-07-30 22:00:00,52.69999999995344,18.4,12.9,1013.1,4,3.1,7,30,1,22
2018-07-30 23:00:00,50.599999999976724,17.8,13.5,1013.3,4,4.6,7,30,2,23
2018-07-31 00:00:00,39.20000000001164,17.6,14.4,1013.2,5,4.1,7,31,3,0
2018-07-31 01:00:00,39.70000000001165,17.0,14.3,1013.3,5,2.6,7,31,4,1
2018-07-31 02:00:00,38.400000000023276,17.1,14.7,1012.7,4,2.1,7,31,5,2
2018-07-31 03:00:00,37.79999999998836,17.0,14.9,1013.1,4,3.1,7,31,6,3
2018-07-31 04:00:00,36.599999999976724,16.5,15.5,1012.8,4,2.6,7,31,7,4
2018-07-31 05:00:00,36.79999999998836,16.6,16.0,1013.0,4,3.6,7,31,1,5
2018-07-31 06:00:00,43.70000000001164,16.1,14.3,1013.4,5,5.1,7,31,2,6
2018-07-31 07:00:00,52.79999999998836,16.6,13.9,1014.8,6,5.1,7,31,3,7
2018-07-31 08:00:00,50.29999999998836,17.6,13.1,1015.3,6,4.6,7,31,4,8
2018-07-31 09:00:00,47.899999999965075,19.1,11.5,1015.9,6,4.1,7,31,5,9
2018-07-31 10:00:00,46.10000000003493,21.0,11.4,1016.3,6,3.6,7,31,6,10
2018-07-31 11:00:00,51.900000000023276,21.6,9.7,1016.7,6,4.1,7,31,7,11
2018-07-31 12:00:00,47.300000000046566,23.6,10.4,1016.9,5,4.6,7,31,1,12
2018-07-31 13:00:00,45.70000000001164,23.5,10.0,1017.0,5,5.7,7,31,2,13
2018-07-31 14:00:00,38.900000000023276,23.7,9.9,1017.3,6,3.6,7,31,3,14
2018-07-31 15:00:00,38.70000000001164,24.9,9.8,1017.1,5,5.1,7,31,4,15
2018-07-31 16:00:00,42.5,24.0,10.2,1017.1,5,5.1,7,31,5,16
2018-07-31 17:00:00,50.5,23.7,10.3,1017.4,5,7.2,7,31,6,17
2018-07-31 18:00:00,53.0,22.6,10.4,1017.7,5,6.7,7,31,7,18
2018-07-31 19:00:00,54.800000000046566,21.2,11.3,1018.1,5,6.2,7,31,1,19
2018-07-31 20:00:00,52.400000000023276,19.9,11.3,1018.6,5,5.1,7,31,2,20
2018-07-31 21:00:00,51.79999999998836,18.7,11.4,1019.2,5,3.6,7,31,3,21
2018-07-31 22:00:00,54.099999999976724,17.9,12.1,1019.3,5,4.1,7,31,4,22
2018-07-31 23:00:00,47.10000000003493,16.4,12.1,1019.5,5,3.1,7,31,5,23
2018-08-01 00:00:00,40.30000000004657,15.7,12.4,1020.0,5,2.6,8,1,6,0
2018-08-01 01:00:00,34.70000000001164,14.6,11.8,1020.3,4,2.1,8,1,7,1
2018-08-01 02:00:00,35.400000000023276,14.5,12.5,1020.5,5,3.1,8,1,1,2
2018-08-01 03:00:00,34.80000000004657,14.0,12.4,1020.6,5,2.6,8,1,2,3
2018-08-01 04:00:00,34.79999999998836,13.7,12.4,1020.7,5,3.1,8,1,3,4
2018-08-01 05:00:00,37.70000000001165,13.9,12.7,1021.0,5,2.1,8,1,4,5
2018-08-01 06:00:00,38.400000000023276,14.0,12.6,1021.0,6,1.0,8,1,5,6
2018-08-01 07:00:00,48.69999999995344,15.5,12.9,1021.9,6,2.1,8,1,6,7
2018-08-01 08:00:00,51.099999999976724,18.2,13.1,1021.9,7,1.0,8,1,7,8
2018-08-01 09:00:00,45.900000000023276,20.4,11.1,1022.0,4,1.5,8,1,1,9
2018-08-01 10:00:00,46.900000000023276,22.2,11.4,1021.9,3,1.5,8,1,2,10
2018-08-01 11:00:00,50.900000000023276,23.2,10.6,1021.8,5,3.1,8,1,3,11
2018-08-01 12:00:00,47.29999999998836,23.8,9.9,1021.3,5,3.1,8,1,4,12
2018-08-01 13:00:00,43.599999999976724,24.6,10.1,1020.9,5,4.1,8,1,5,13
2018-08-01 14:00:00,39.399999999965075,25.5,9.4,1020.6,5,4.1,8,1,6,14
2018-08-01 15:00:00,40.29999999998836,25.6,8.3,1020.3,4,4.1,8,1,7,15
2018-08-01 16:00:00,44.5,26.3,9.0,1020.5,5,4.1,8,1,1,16
2018-08-01 17:00:00,53.0,25.8,9.2,1020.2,5,4.6,8,1,2,17
2018-08-01 18:00:00,49.19999999995344,24.2,8.2,1020.3,4,5.7,8,1,3,18
2018-08-01 19:00:00,49.0,22.9,7.5,1020.6,5,6.2,8,1,4,19
2018-08-01 20:00:00,50.0,21.2,8.8,1020.9,4,4.6,8,1,5,20
2018-08-01 21:00:00,52.70000000001164,19.6,11.1,1021.5,5,4.6,8,1,6,21
2018-08-01 22:00:00,53.69999999995344,18.5,11.7,1021.6,5,4.1,8,1,7,22
2018-08-01 23:00:00,46.79999999998836,17.3,11.7,1021.9,5,3.6,8,1,1,23
2018-08-02 00:00:00,40.0,16.6,11.6,1022.2,5,2.6,8,2,2,0
2018-08-02 01:00:00,37.599999999976724,15.4,11.5,1022.4,4,2.1,8,2,3,1
2018-08-02 02:00:00,36.5,14.8,11.9,1022.6,4,2.6,8,2,4,2
2018-08-02 03:00:00,36.0,14.6,12.2,1022.7,5,2.1,8,2,5,3
2018-08-02 04:00:00,36.5,14.1,12.0,1022.6,4,1.5,8,2,6,4
2018-08-02 05:00:00,38.29999999998836,14.4,12.6,1022.8,4,2.1,8,2,7,5
2018-08-02 06:00:00,41.60000000003493,15.3,13.2,1023.2,5,2.1,8,2,1,6
2018-08-02 07:00:00,46.60000000003493,17.1,13.7,1023.4,5,3.1,8,2,2,7
2018-08-02 08:00:00,47.800000000046566,19.0,13.7,1023.6,5,2.1,8,2,3,8
2018-08-02 09:00:00,45.20000000001164,21.2,12.9,1023.9,6,2.1,8,2,4,9
2018-08-02 10:00:00,45.20000000001164,23.9,12.5,1023.8,6,3.6,8,2,5,10
2018-08-02 11:00:00,45.60000000003493,25.9,13.9,1023.6,5,3.1,8,2,6,11
2018-08-02 12:00:00,45.0,26.8,14.8,1023.1,5,3.1,8,2,7,12
2018-08-02 13:00:00,42.0,28.1,15.2,1022.9,5,3.1,8,2,1,13
2018-08-02 14:00:00,37.10000000003493,28.7,15.0,1022.7,6,2.6,8,2,2,14
2018-08-02 15:00:00,37.400000000023276,29.4,15.8,1022.3,5,2.6,8,2,3,15
2018-08-02 16:00:00,43.400000000023276,29.6,15.4,1022.1,6,3.1,8,2,4,16
2018-08-02 17:00:00,48.0,29.0,15.1,1022.0,5,3.1,8,2,5,17
2018-08-02 18:00:00,51.899999999965075,29.2,15.5,1022.1,6,2.6,8,2,6,18
2018-08-02 19:00:00,53.400000000023276,28.3,15.6,1022.1,6,2.6,8,2,7,19
2018-08-02 20:00:00,51.400000000023276,27.1,15.9,1022.4,7,2.1,8,2,1,20
2018-08-02 21:00:00,54.20000000001164,25.3,16.1,1022.8,6,1.5,8,2,2,21
2018-08-02 22:00:00,56.0,24.3,16.5,1023.1,6,1.5,8,2,3,22
2018-08-02 23:00:00,47.599999999976724,23.4,16.5,1023.3,7,1.5,8,2,4,23
2018-08-03 00:00:00,37.900000000023276,22.0,16.7,1023.4,6,1.5,8,3,5,0
2018-08-03 01:00:00,36.29999999998836,21.0,16.7,1023.4,7,1.5,8,3,6,1
2018-08-03 02:00:00,36.900000000023276,20.0,16.5,1023.3,7,1.0,8,3,7,2
2018-08-03 03:00:00,34.79999999998835,19.4,16.5,1023.2,7,2.1,8,3,1,3
2018-08-03 04:00:00,33.29999999998835,19.0,16.6,1023.1,7,1.0,8,3,2,4
2018-08-03 05:00:00,37.400000000023276,18.2,15.9,1022.9,3,1.0,8,3,3,5
2018-08-03 06:00:00,42.199999999953434,19.7,17.0,1023.2,7,1.5,8,3,4,6
2018-08-03 07:00:00,46.0,21.6,17.1,1023.2,7,1.5,8,3,5,7
2018-08-03 08:00:00,46.800000000046566,24.5,17.6,1023.0,1,2.1,8,3,6,8
2018-08-03 09:00:00,46.20000000001164,26.4,17.2,1022.7,2,2.6,8,3,7,9
2018-08-03 10:00:00,42.70000000001164,28.4,17.2,1022.4,3,1.5,8,3,1,10
2018-08-03 11:00:00,45.29999999998836,29.1,15.0,1022.2,6,2.6,8,3,2,11
2018-08-03 12:00:00,45.60000000003493,29.7,15.7,1021.9,6,2.6,8,3,3,12
2018-08-03 13:00:00,41.50000000000001,31.2,15.2,1021.4,6,3.1,8,3,4,13
2018-08-03 14:00:00,37.899999999965075,32.0,14.9,1021.1,5,3.6,8,3,5,14
2018-08-03 15:00:00,41.80000000004657,32.2,14.3,1020.4,6,3.1,8,3,6,15
2018-08-03 16:00:00,44.5,32.2,13.6,1020.2,5,2.6,8,3,7,16
2018-08-03 17:00:00,45.20000000001164,30.7,14.8,1019.8,7,4.1,8,3,1,17
2018-08-03 18:00:00,45.60000000003493,29.4,15.4,1019.9,7,4.6,8,3,2,18
2018-08-03 19:00:00,50.900000000023276,26.6,16.5,1020.4,0,3.1,8,3,3,19
2018-08-03 20:00:00,53.599999999976724,25.8,16.5,1020.9,7,2.6,8,3,4,20
2018-08-03 21:00:00,52.400000000023276,25.3,16.5,1021.8,7,2.1,8,3,5,21
2018-08-03 22:00:00,54.399999999965075,24.6,16.4,1021.9,0,1.5,8,3,6,22
2018-08-03 23:00:00,48.60000000003493,22.9,16.4,1021.8,7,2.1,8,3,7,23
2018-08-04 00:00:00,39.79999999998836,21.8,16.6,1021.9,7,2.1,8,4,1,0
2018-08-04 01:00:00,36.29999999998836,21.1,16.6,1022.1,7,2.6,8,4,2,1
2018-08-04 02:00:00,36.20000000001164,21.0,16.6,1022.0,0,3.1,8,4,3,2
2018-08-04 03:00:00,34.5,20.5,16.5,1021.8,0,2.6,8,4,4,3
2018-08-04 04:00:00,34.099999999976724,19.8,16.4,1021.7,0,2.6,8,4,5,4
2018-08-04 05:00:00,36.399999999965075,19.6,16.3,1022.3,0,3.1,8,4,6,5
2018-08-04 06:00:00,43.599999999976724,19.8,16.3,1022.8,0,2.1,8,4,7,6
2018-08-04 07:00:00,43.79999999998836,20.6,15.9,1023.3,0,3.1,8,4,1,7
2018-08-04 08:00:00,43.70000000001164,21.7,15.1,1023.6,1,3.6,8,4,2,8
2018-08-04 09:00:00,42.400000000023276,23.1,14.2,1023.8,0,3.6,8,4,3,9
2018-08-04 10:00:00,41.60000000003493,24.7,13.8,1023.8,0,3.1,8,4,4,10
2018-08-04 11:00:00,41.0,25.3,13.2,1023.6,0,2.6,8,4,5,11
2018-08-04 12:00:00,44.099999999976724,27.4,13.3,1023.6,0,3.6,8,4,6,12
2018-08-04 13:00:00,37.60000000003493,26.6,11.8,1023.5,0,3.6,8,4,7,13
2018-08-04 14:00:00,37.79999999998836,27.5,12.0,1023.3,1,2.6,8,4,1,14
2018-08-04 15:00:00,41.20000000001165,27.9,11.4,1023.0,7,3.1,8,4,2,15
2018-08-04 16:00:00,42.70000000001164,28.5,10.7,1022.9,0,3.1,8,4,3,16
2018-08-04 17:00:00,41.5,28.1,10.1,1022.8,0,3.6,8,4,4,17
2018-08-04 18:00:00,44.79999999998836,27.7,9.8,1022.8,7,3.6,8,4,5,18
2018-08-04 19:00:00,54.69999999995344,26.8,10.8,1023.1,7,3.6,8,4,6,19
2018-08-04 20:00:00,53.5,25.5,10.7,1023.5,0,2.6,8,4,7,20
2018-08-04 21:00:00,54.10000000003493,23.3,15.1,1024.2,1,3.6,8,4,1,21
2018-08-04 22:00:00,52.29999999998836,21.2,15.6,1024.5,2,4.6,8,4,2,22
2018-08-04 23:00:00,47.899999999965075,19.7,15.8,1024.6,2,3.1,8,4,3,23
2018-08-05 00:00:00,40.0,18.7,15.2,1024.8,2,3.1,8,5,4,0
2018-08-05 01:00:00,36.20000000001165,18.3,15.3,1024.6,2,1.5,8,5,5,1
2018-08-05 02:00:00,35.900000000023276,17.8,15.3,1024.4,2,2.1,8,5,6,2
2018-08-05 03:00:00,33.70000000001165,17.8,15.6,1024.3,1,1.5,8,5,7,3
2018-08-05 04:00:00,32.599999999976724,17.4,15.5,1024.2,2,1.0,8,5,1,4
2018-08-05 05:00:00,35.0,17.0,15.2,1024.5,1,1.0,8,5,2,5
2018-08-05 06:00:00,38.60000000003493,18.2,15.7,1024.8,1,1.0,8,5,3,6
2018-08-05 07:00:00,42.399999999965075,20.1,16.5,1025.1,3,2.1,8,5,4,7
2018-08-05 08:00:00,43.5,22.2,14.7,1025.0,2,1.5,8,5,5,8
2018-08-05 09:00:00,42.60000000003493,23.9,13.3,1024.8,3,2.1,8,5,6,9
2018-08-05 10:00:00,40.70000000001165,24.9,12.2,1024.4,2,1.5,8,5,7,10
2018-08-05 11:00:00,44.099999999976724,25.9,11.8,1023.9,2,3.1,8,5,1,11
2018-08-05 12:00:00,42.0,26.5,11.2,1023.4,2,3.1,8,5,2,12
2018-08-05 13:00:00,40.0,28.0,11.4,1022.6,3,2.6,8,5,3,13
2018-08-05 14:00:00,38.70000000001164,28.8,12.0,1021.8,0,1.5,8,5,4,14
2018-08-05 15:00:00,38.099999999976724,29.2,11.8,1021.0,3,2.1,8,5,5,15
2018-08-05 16:00:00,40.599999999976724,29.0,11.7,1020.4,4,4.1,8,5,6,16
2018-08-05 17:00:00,43.900000000023276,29.0,11.5,1019.7,4,3.1,8,5,7,17
2018-08-05 18:00:00,49.69999999995344,28.6,12.0,1019.3,3,2.1,8,5,1,18
2018-08-05 19:00:00,57.29999999998836,26.1,13.3,1019.1,2,5.7,8,5,2,19
2018-08-05 20:00:00,54.900000000023276,24.6,13.9,1019.1,2,5.1,8,5,3,20
2018-08-05 21:00:00,54.900000000023276,23.4,14.2,1019.5,4,4.6,8,5,4,21
2018-08-05 22:00:00,51.0,22.2,13.8,1019.6,4,3.1,8,5,5,22
2018-08-05 23:00:00,50.599999999976724,21.1,13.7,1019.5,4,2.6,8,5,6,23
2018-08-06 00:00:00,41.60000000003493,20.3,13.8,1019.4,4,3.1,8,6,7,0
2018-08-06 01:00:00,38.5,19.7,13.5,1019.0,5,2.6,8,6,1,1
2018-08-06 02:00:00,37.79999999998836,18.6,13.2,1018.4,5,1.5,8,6,2,2
2018-08-06 03:00:00,34.70000000001165,17.7,13.1,1017.9,5,1.5,8,6,3,3
2018-08-06 04:00:00,33.29999999998835,17.4,13.9,1017.2,0,0.5,8,6,4,4
2018-08-06 05:00:00,34.599999999976724,17.2,14.3,1016.8,7,1.5,8,6,5,5
2018-08-06 06:00:00,39.20000000001165,18.4,13.8,1016.9,7,0.5,8,6,6,6
2018-08-06 07:00:00,44.29999999998836,21.7,15.5,1016.7,3,1.0,8,6,7,7
2018-08-06 08:00:00,47.29999999998836,22.3,14.3,1016.5,4,1.0,8,6,1,8
2018-08-06 09:00:00,44.800000000046566,24.8,13.4,1015.9,6,1.0,8,6,2,9
2018-08-06 10:00:00,44.099999999976724,26.3,12.1,1015.6,5,1.0,8,6,3,10
2018-08-06 11:00:00,49.19999999995344,28.6,13.1,1015.0,5,2.6,8,6,4,11
2018-08-06 12:00:00,45.79999999998836,29.0,12.0,1014.4,3,2.6,8,6,5,12
2018-08-06 13:00:00,48.599999999976724,29.00811638353881,10.819741747148946,1013.8715415954733,6,3.1,8,6,6,13
2018-08-06 14:00:00,43.29999999998836,28.97499410822891,10.050144966307608,1013.4143605388381,5,2.1,8,6,7,14
2018-08-06 15:00:00,46.69999999995344,28.90063317407027,9.69120965747598,1013.0284568300928,6,2.6,8,6,1,15
2018-08-06 16:00:00,46.70000000001164,28.78503358106291,9.742935820654068,1012.7138304692382,5,1.5,8,6,2,16
2018-08-06 17:00:00,55.899999999965075,28.603646492993303,10.165058163043225,1012.4654214700604,5,4.1,8,6,3,17
2018-08-06 18:00:00,54.0,28.20917889258032,10.715984927851581,1012.252869915276,6,4.1,8,6,4,18
2018-08-06 19:00:00,56.20000000001164,27.577081943610448,11.355450822280496,1012.0711158186713,6,4.6,8,6,5,19
2018-08-06 20:00:00,58.899999999965075,26.70735564608367,12.083455846329969,1011.9201591802457,4,4.6,8,6,6,20
2018-08-06 21:00:00,56.899999999965075,25.6,12.9,1011.8,6,4.1,8,6,7,21
2018-08-06 22:00:00,54.400000000023276,24.3,13.5,1011.7,6,2.6,8,6,1,22
2018-08-06 23:00:00,48.10000000003493,23.0,12.6,1011.6,6,1.5,8,6,2,23
2018-08-07 00:00:00,45.300000000046566,21.4,12.9,1011.6,6,2.1,8,7,3,0
2018-08-07 01:00:00,38.900000000023276,20.3,13.4,1011.0,5,2.6,8,7,4,1
2018-08-07 02:00:00,37.0,20.4,14.2,1010.6,6,2.1,8,7,5,2
2018-08-07 03:00:00,37.20000000001165,19.4,13.8,1010.3,6,2.1,8,7,6,3
2018-08-07 04:00:00,34.29999999998835,17.5,13.7,1009.9,6,1.0,8,7,7,4
2018-08-07 05:00:00,36.60000000003493,17.7,14.2,1009.9,6,2.1,8,7,1,5
2018-08-07 06:00:00,40.0,18.4,14.4,1009.7,6,1.5,8,7,2,6
2018-08-07 07:00:00,49.20000000001164,20.1,14.8,1009.5,6,1.5,8,7,3,7
2018-08-07 08:00:00,52.29999999998836,22.2,14.7,1009.2,6,1.5,8,7,4,8
2018-08-07 09:00:00,52.20000000001164,25.0,14.9,1008.8,6,1.5,8,7,5,9
2018-08-07 10:00:00,50.400000000023276,27.2,13.6,1008.3,5,1.5,8,7,6,10
2018-08-07 11:00:00,51.70000000001164,28.5,13.5,1007.3,5,1.5,8,7,7,11
2018-08-07 12:00:00,45.0,29.4,13.8,1007.0,4,2.6,8,7,1,12
2018-08-07 13:00:00,47.800000000046566,30.5,13.9,1007.1,5,4.6,8,7,2,13
2018-08-07 14:00:00,45.900000000023276,28.2,15.0,1007.2,5,6.2,8,7,3,14
2018-08-07 15:00:00,43.399999999965075,28.9,15.6,1006.2,6,2.6,8,7,4,15
2018-08-07 16:00:00,47.399999999965075,28.6,15.0,1005.9,6,5.7,8,7,5,16
2018-08-07 17:00:00,57.900000000023276,27.3,14.9,1006.5,5,6.2,8,7,6,17
2018-08-07 18:00:00,59.19999999995344,26.0,14.6,1005.0,5,4.1,8,7,7,18
2018-08-07 19:00:00,58.79999999998836,25.5,14.4,1005.2,6,3.1,8,7,1,19
2018-08-07 20:00:00,53.5,24.7,14.0,1006.0,6,2.6,8,7,2,20
2018-08-07 21:00:00,54.0,23.4,15.8,1006.0,4,3.6,8,7,3,21
2018-08-07 22:00:00,54.70000000001164,22.1,13.7,1005.8,6,4.6,8,7,4,22
2018-08-07 23:00:00,51.19999999995344,19.8,11.7,1006.4,6,5.1,8,7,5,23
2018-08-08 00:00:00,43.00000000000001,18.6,12.8,1007.0,6,5.1,8,8,6,0
2018-08-08 01:00:00,41.20000000001164,17.4,12.6,1006.7,6,4.1,8,8,7,1
2018-08-08 02:00:00,38.899999999965075,16.7,12.6,1007.1,6,4.6,8,8,1,2
2018-08-08 03:00:00,36.20000000001164,17.2,11.1,1007.7,6,5.1,8,8,2,3
2018-08-08 04:00:00,35.29999999998836,16.4,9.7,1008.4,6,4.6,8,8,3,4
2018-08-08 05:00:00,37.70000000001164,15.6,9.2,1009.0,6,6.2,8,8,4,5
2018-08-08 06:00:00,39.399999999965075,15.2,9.4,1010.2,6,3.6,8,8,5,6
2018-08-08 07:00:00,51.19999999995344,16.1,10.0,1010.9,6,4.6,8,8,6,7
2018-08-08 08:00:00,50.79999999998836,18.0,9.9,1011.0,6,4.6,8,8,7,8
2018-08-08 09:00:00,48.79999999998836,20.2,9.6,1011.1,6,5.7,8,8,1,9
2018-08-08 10:00:00,50.10000000003493,20.7,9.9,1011.6,5,5.7,8,8,2,10
2018-08-08 11:00:00,52.70000000001164,20.7,8.3,1011.7,5,6.2,8,8,3,11
2018-08-08 12:00:00,48.5,22.2,7.5,1012.0,5,6.2,8,8,4,12
2018-08-08 13:00:00,46.5,23.9,8.2,1011.8,5,5.7,8,8,5,13
2018-08-08 14:00:00,45.20000000001164,25.1,7.8,1011.9,5,7.2,8,8,6,14
2018-08-08 15:00:00,43.599999999976724,22.9,7.7,1011.8,5,6.2,8,8,7,15
2018-08-08 16:00:00,45.400000000023276,22.5,8.7,1012.0,5,6.7,8,8,1,16
2018-08-08 17:00:00,54.29999999998836,22.9,9.6,1012.1,5,6.7,8,8,2,17
2018-08-08 18:00:00,57.70000000001164,21.7,9.2,1012.3,5,6.7,8,8,3,18
2018-08-08 19:00:00,53.599999999976724,20.497296199383282,9.250204942809953,1012.5246531204764,5,6.380314853994618,8,8,4,19
2018-08-08 20:00:00,53.900000000023276,19.626613698811312,10.07974839212808,1012.75259253151,5,5.657077361544366,8,8,5,20
2018-08-08 21:00:00,53.79999999998836,18.917624348833687,11.044417645382168,1013.0292356767887,6,4.80530118832193,8,8,6,21
2018-08-08 22:00:00,57.29999999998836,18.2,11.5,1013.4,6,4.1,8,8,7,22
2018-08-08 23:00:00,52.70000000001164,17.6,11.6,1013.8,5,3.6,8,8,1,23
2018-08-09 00:00:00,43.599999999976724,17.7,12.1,1013.9,5,3.6,8,9,2,0
2018-08-09 01:00:00,38.79999999998836,17.4,12.4,1013.9,5,3.6,8,9,3,1
2018-08-09 02:00:00,37.5,16.0,13.5,1013.4,5,2.6,8,9,4,2
2018-08-09 03:00:00,34.70000000001164,16.1,13.9,1013.0,6,2.1,8,9,5,3
2018-08-09 04:00:00,35.399999999965075,16.0,13.0,1012.9,7,1.5,8,9,6,4
2018-08-09 05:00:00,37.599999999976724,15.8,12.9,1013.0,7,1.5,8,9,7,5
2018-08-09 06:00:00,38.399999999965075,15.9,12.8,1012.9,7,2.1,8,9,1,6
2018-08-09 07:00:00,49.19999999995344,15.8,12.3,1013.1,7,0.5,8,9,2,7
2018-08-09 08:00:00,55.0,16.5,13.1,1012.8,1,1.5,8,9,3,8
2018-08-09 09:00:00,50.400000000023276,16.6,13.1,1012.6,7,2.1,8,9,4,9
2018-08-09 10:00:00,50.900000000023276,16.2,13.6,1012.8,7,1.0,8,9,5,10
2018-08-09 11:00:00,51.60000000003493,15.9,14.3,1012.7,7,2.6,8,9,6,11
2018-08-09 12:00:00,51.900000000023276,15.3,12.7,1013.0,7,3.1,8,9,7,12
2018-08-09 13:00:00,52.099999999976724,15.3,13.5,1013.2,6,3.1,8,9,1,13
2018-08-09 14:00:00,48.70000000001164,16.2,14.1,1013.0,6,3.6,8,9,2,14
2018-08-09 15:00:00,45.0,17.2,13.6,1013.1,6,4.1,8,9,3,15
2018-08-09 16:00:00,51.599999999976724,17.8,13.3,1013.0,4,3.1,8,9,4,16
2018-08-09 17:00:00,55.900000000023276,15.1,11.7,1013.7,1,3.1,8,9,5,17
2018-08-09 18:00:00,59.20000000001164,15.6,12.1,1014.2,2,2.6,8,9,6,18
2018-08-09 19:00:00,56.20000000001164,15.3,11.4,1014.6,3,2.6,8,9,7,19
2018-08-09 20:00:00,56.599999999976724,14.8,13.1,1015.5,1,1.5,8,9,1,20
2018-08-09 21:00:00,55.20000000001164,13.7,11.4,1015.9,2,1.0,8,9,2,21
2018-08-09 22:00:00,55.79999999998836,14.4,11.5,1016.8,4,3.1,8,9,3,22
2018-08-09 23:00:00,51.79999999998836,13.3,11.7,1017.2,4,3.1,8,9,4,23
2018-08-10 00:00:00,44.79999999998836,13.1,10.3,1017.5,5,3.6,8,10,5,0
2018-08-10 01:00:00,39.400000000023276,12.0,9.8,1017.6,6,3.1,8,10,6,1
2018-08-10 02:00:00,40.699999999953434,11.4,9.5,1017.8,6,1.5,8,10,7,2
2018-08-10 03:00:00,38.5,11.8,9.4,1017.8,5,3.6,8,10,1,3
2018-08-10 04:00:00,37.70000000001165,11.5,9.1,1017.9,5,3.6,8,10,2,4
2018-08-10 05:00:00,38.29999999998836,11.0,9.1,1018.0,4,2.6,8,10,3,5
2018-08-10 06:00:00,44.19999999995344,11.8,9.3,1018.2,4,3.1,8,10,4,6
2018-08-10 07:00:00,48.70000000001164,13.9,10.5,1018.4,5,3.6,8,10,5,7
2018-08-10 08:00:00,53.20000000001164,16.2,11.4,1018.5,5,4.1,8,10,6,8
2018-08-10 09:00:00,47.5,18.4,10.8,1018.0,5,5.1,8,10,7,9
2018-08-10 10:00:00,45.29999999998836,18.5,8.5,1017.4,5,6.7,8,10,1,10
2018-08-10 11:00:00,46.20000000001164,16.5,13.6,1017.2,4,5.7,8,10,2,11
2018-08-10 12:00:00,51.79999999998836,17.9,13.9,1015.8,4,7.2,8,10,3,12
2018-08-10 13:00:00,52.899999999965075,15.9,13.3,1015.8,7,3.6,8,10,4,13
2018-08-10 14:00:00,41.70000000001164,17.2,15.0,1016.4,6,4.1,8,10,5,14
2018-08-10 15:00:00,43.00000000000001,18.5,13.8,1016.3,6,3.1,8,10,6,15
2018-08-10 16:00:00,48.10000000003493,19.1,12.4,1016.5,5,4.6,8,10,7,16
2018-08-10 17:00:00,52.900000000023276,20.0,9.0,1016.7,6,5.1,8,10,1,17
2018-08-10 18:00:00,47.900000000023276,17.5,9.1,1017.6,0,5.1,8,10,2,18
2018-08-10 19:00:00,48.70000000001164,16.8,7.6,1018.6,7,3.6,8,10,3,19
2018-08-10 20:00:00,46.20000000001164,16.3,7.8,1019.4,6,2.6,8,10,4,20
2018-08-10 21:00:00,46.70000000001164,15.9,8.0,1020.4,6,2.6,8,10,5,21
2018-08-10 22:00:00,47.69999999995344,15.1,7.8,1021.2,6,3.1,8,10,6,22
2018-08-10 23:00:00,52.0,14.0,7.2,1021.7,6,3.1,8,10,7,23
2018-08-11 00:00:00,42.900000000023276,13.3,7.9,1021.9,6,2.6,8,11,1,0
2018-08-11 01:00:00,42.199999999953434,11.5,7.2,1022.2,6,2.1,8,11,2,1
2018-08-11 02:00:00,39.900000000023276,11.2,7.9,1022.4,7,2.1,8,11,3,2
2018-08-11 03:00:00,37.0,9.9,7.7,1022.5,6,2.1,8,11,4,3
2018-08-11 04:00:00,37.899999999965075,10.4,8.2,1022.6,7,1.0,8,11,5,4
2018-08-11 05:00:00,40.099999999976724,10.2,8.0,1023.2,6,2.1,8,11,6,5
2018-08-11 06:00:00,40.599999999976724,11.4,8.1,1023.5,6,2.1,8,11,7,6
2018-08-11 07:00:00,45.900000000023276,12.9,8.6,1023.6,6,1.5,8,11,1,7
2018-08-11 08:00:00,50.300000000046566,15.6,9.4,1023.7,6,1.5,8,11,2,8
2018-08-11 09:00:00,47.0,17.1,8.4,1023.4,4,1.5,8,11,3,9
2018-08-11 10:00:00,41.599999999976724,19.0,8.5,1023.1,4,3.1,8,11,4,10
2018-08-11 11:00:00,41.29999999998836,20.4,8.1,1022.8,4,3.6,8,11,5,11
2018-08-11 12:00:00,39.599999999976724,21.1,7.5,1022.3,4,3.6,8,11,6,12
2018-08-11 13:00:00,40.70000000001165,20.9,6.7,1022.1,5,4.1,8,11,7,13
2018-08-11 14:00:00,42.30000000004657,20.2,9.7,1021.8,5,6.2,8,11,1,14
2018-08-11 15:00:00,41.79999999998836,19.9,11.4,1021.2,5,5.7,8,11,2,15
2018-08-11 16:00:00,37.79999999998836,19.8,13.1,1020.6,4,5.7,8,11,3,16
2018-08-11 17:00:00,37.30000000004657,19.2,13.8,1020.4,5,6.2,8,11,4,17
2018-08-11 18:00:00,38.199999999953434,18.1,15.1,1019.8,4,4.1,8,11,5,18
2018-08-11 19:00:00,39.79999999998836,16.8,15.6,1019.5,5,3.6,8,11,6,19
2018-08-11 20:00:00,41.70000000001164,17.1,15.5,1019.0,4,3.6,8,11,7,20
2018-08-11 21:00:00,42.899999999965075,17.0,15.0,1018.4,4,4.1,8,11,1,21
2018-08-11 22:00:00,42.899999999965075,17.3,15.2,1017.9,4,3.6,8,11,2,22
2018-08-11 23:00:00,39.0,16.7,14.8,1017.1,4,3.6,8,11,3,23
2018-08-12 00:00:00,33.400000000023276,16.7,15.0,1016.5,4,3.1,8,12,4,0
2018-08-12 01:00:00,32.20000000001164,16.5,14.9,1015.7,4,2.6,8,12,5,1
2018-08-12 02:00:00,33.70000000001164,16.5,14.9,1015.1,4,2.6,8,12,6,2
2018-08-12 03:00:00,32.5,16.5,14.8,1014.0,4,2.6,8,12,7,3
2018-08-12 04:00:00,33.100000000034925,16.8,14.9,1013.1,4,2.6,8,12,1,4
2018-08-12 05:00:00,35.0,16.9,15.0,1012.6,4,1.5,8,12,2,5
2018-08-12 06:00:00,36.29999999998835,17.8,15.8,1012.4,4,3.6,8,12,3,6
2018-08-12 07:00:00,35.5,18.2,15.4,1012.1,4,3.6,8,12,4,7
2018-08-12 08:00:00,39.5,18.7,15.4,1011.6,4,3.6,8,12,5,8
2018-08-12 09:00:00,39.20000000001165,20.0,15.4,1011.2,4,4.1,8,12,6,9
2018-08-12 10:00:00,41.79999999998836,21.0,12.1,1010.8,4,5.1,8,12,7,10
2018-08-12 11:00:00,42.50000000000001,22.2,12.1,1010.5,4,6.7,8,12,1,11
2018-08-12 12:00:00,40.70000000001164,19.7,13.8,1010.5,4,6.7,8,12,2,12
2018-08-12 13:00:00,40.70000000001165,19.3,13.3,1010.2,4,6.2,8,12,3,13
2018-08-12 14:00:00,39.399999999965075,18.6,13.6,1009.9,4,6.2,8,12,4,14
2018-08-12 15:00:00,41.70000000001164,18.9,13.9,1009.4,4,4.6,8,12,5,15
2018-08-12 16:00:00,42.0,19.2,12.2,1008.7,4,5.7,8,12,6,16
2018-08-12 17:00:00,43.0,19.4,13.6,1008.3,4,3.6,8,12,7,17
2018-08-12 18:00:00,47.10000000003493,19.2,13.3,1007.8,4,5.1,8,12,1,18
2018-08-12 19:00:00,49.10000000003493,19.1,12.8,1007.5,4,3.6,8,12,2,19
2018-08-12 20:00:00,48.300000000046566,17.6,12.9,1007.3,4,4.6,8,12,3,20
2018-08-12 21:00:00,45.79999999998836,16.5,14.0,1007.4,4,3.6,8,12,4,21
2018-08-12 22:00:00,42.60000000003493,16.0,14.8,1006.9,4,2.1,8,12,5,22
2018-08-12 23:00:00,38.5,15.7,14.8,1006.8,4,2.1,8,12,6,23
2018-08-13 00:00:00,33.29999999998836,15.8,15.1,1006.5,5,1.0,8,13,7,0
2018-08-13 01:00:00,31.79999999998835,16.1,15.5,1006.1,6,1.0,8,13,1,1
2018-08-13 02:00:00,33.29999999998836,16.0,15.3,1005.6,6,1.5,8,13,2,2
2018-08-13 03:00:00,33.19999999995343,15.6,15.0,1005.4,5,2.6,8,13,3,3
2018-08-13 04:00:00,33.79999999998836,15.3,15.0,1005.2,5,2.1,8,13,4,4
2018-08-13 05:00:00,37.79999999998836,15.6,15.1,1005.3,5,2.6,8,13,5,5
2018-08-13 06:00:00,46.10000000003493,16.2,15.1,1005.8,6,2.6,8,13,6,6
2018-08-13 07:00:00,47.599999999976724,16.7,15.1,1006.0,6,4.1,8,13,7,7
2018-08-13 08:00:00,42.0,17.0,15.5,1006.2,6,3.6,8,13,1,8
2018-08-13 09:00:00,42.29999999998836,18.1,15.6,1006.4,6,3.6,8,13,2,9
2018-08-13 10:00:00,40.10000000003493,19.9,15.5,1006.7,6,3.6,8,13,3,10
2018-08-13 11:00:00,34.79999999998835,20.4,15.7,1007.0,7,2.6,8,13,4,11
2018-08-13 12:00:00,35.30000000004657,22.2,14.0,1006.9,6,3.1,8,13,5,12
2018-08-13 13:00:00,38.900000000023276,21.6,13.0,1007.2,6,8.2,8,13,6,13
2018-08-13 14:00:00,36.5,24.4,13.5,1007.1,6,5.7,8,13,7,14
2018-08-13 15:00:00,34.20000000001164,25.352077456054488,13.378910486707824,1007.1761083270649,6,3.898863338077178,8,13,1,15
2018-08-13 16:00:00,36.30000000004657,23.926602068804737,12.49143687398425,1007.5065397118016,6,4.239367465312818,8,13,2,16
2018-08-13 17:00:00,39.0,23.5,12.2,1007.8,7,4.6,8,13,3,17
2018-08-13 18:00:00,42.900000000023276,24.1,12.6,1008.1,7,4.6,8,13,4,18
2018-08-13 19:00:00,49.399999999965075,22.9,13.1,1008.9,7,4.1,8,13,5,19
2018-08-13 20:00:00,48.300000000046566,21.6,14.3,1009.9,7,3.6,8,13,6,20
2018-08-13 21:00:00,47.29999999998836,20.2,13.9,1010.8,7,4.6,8,13,7,21
2018-08-13 22:00:00,45.10000000003493,18.8,13.2,1011.5,7,3.1,8,13,1,22
2018-08-13 23:00:00,39.899999999965075,18.0,13.3,1012.0,6,2.1,8,13,2,23
2018-08-14 00:00:00,34.5,17.6,12.7,1012.6,6,2.6,8,14,3,0
2018-08-14 01:00:00,34.399999999965075,16.5,13.0,1013.3,6,2.6,8,14,4,1
2018-08-14 02:00:00,32.899999999965075,15.3,12.8,1013.6,7,1.5,8,14,5,2
2018-08-14 03:00:00,31.5,15.4,12.3,1014.0,6,2.1,8,14,6,3
2018-08-14 04:00:00,31.200000000011638,14.3,12.8,1014.3,6,3.1,8,14,7,4
2018-08-14 05:00:00,36.0,13.6,11.8,1014.9,6,2.6,8,14,1,5
2018-08-14 06:00:00,39.30000000004657,14.6,12.7,1015.7,6,3.1,8,14,2,6
2018-08-14 07:00:00,46.79999999998836,15.6,12.7,1015.9,6,4.1,8,14,3,7
2018-08-14 08:00:00,46.10000000003493,17.3,13.0,1016.2,6,2.6,8,14,4,8
2018-08-14 09:00:00,41.599999999976724,17.8,13.2,1016.4,6,4.1,8,14,5,9
2018-08-14 10:00:00,39.79999999998836,20.9,13.0,1016.4,6,3.6,8,14,6,10
2018-08-14 11:00:00,39.400000000023276,21.9,11.5,1016.6,6,4.1,8,14,7,11
2018-08-14 12:00:00,39.599999999976724,23.3,11.0,1016.7,6,4.6,8,14,1,12
2018-08-14 13:00:00,40.0,24.5,11.5,1016.6,6,6.2,8,14,2,13
2018-08-14 14:00:00,38.60000000003493,25.9,11.6,1016.4,6,5.7,8,14,3,14
2018-08-14 15:00:00,39.400000000023276,24.9,12.7,1016.4,6,4.6,8,14,4,15
2018-08-14 16:00:00,43.79999999998836,25.6,13.3,1016.3,6,6.2,8,14,5,16
2018-08-14 17:00:00,41.900000000023276,24.6,13.4,1016.4,6,7.2,8,14,6,17
2018-08-14 18:00:00,43.20000000001164,23.2,13.7,1016.4,6,6.2,8,14,7,18
2018-08-14 19:00:00,42.60000000003493,22.6,14.2,1016.8,6,5.1,8,14,1,19
2018-08-14 20:00:00,45.70000000001164,20.6,12.7,1017.6,6,5.7,8,14,2,20
2018-08-14 21:00:00,45.5,19.266935219300024,12.227406213396517,1017.9711261704674,6,5.048813165950824,8,14,3,21
2018-08-14 22:00:00,45.599999999976724,18.3,12.5,1018.1,6,4.1,8,14,4,22
2018-08-14 23:00:00,42.60000000003493,17.1,12.6,1018.3,6,4.1,8,14,5,23
2018-08-15 00:00:00,34.600000000034925,16.4,12.4,1018.4,6,3.6,8,15,6,0
2018-08-15 01:00:00,32.599999999976724,16.1,12.8,1018.0,5,3.1,8,15,7,1
2018-08-15 02:00:00,32.900000000023276,15.8,13.1,1018.0,5,3.6,8,15,1,2
2018-08-15 03:00:00,33.30000000004657,16.8,13.4,1017.9,5,3.1,8,15,2,3
2018-08-15 04:00:00,32.100000000034925,17.4,13.8,1017.7,5,3.6,8,15,3,4
2018-08-15 05:00:00,34.600000000034925,17.7,13.6,1017.8,6,4.6,8,15,4,5
2018-08-15 06:00:00,40.29999999998836,17.8,13.2,1018.2,6,4.6,8,15,5,6
2018-08-15 07:00:00,48.20000000001164,18.4,13.4,1018.2,5,3.6,8,15,6,7
2018-08-15 08:00:00,44.599999999976724,19.5,14.2,1018.3,5,4.6,8,15,7,8
2018-08-15 09:00:00,42.20000000001165,20.7,14.5,1018.3,5,5.7,8,15,1,9
2018-08-15 10:00:00,42.099999999976724,22.6,14.6,1018.1,5,6.7,8,15,2,10
2018-08-15 11:00:00,42.29999999998836,21.9,14.3,1018.2,6,5.7,8,15,3,11
2018-08-15 12:00:00,40.099999999976724,22.5,14.3,1017.9,5,6.2,8,15,4,12
2018-08-15 13:00:00,38.79999999998836,23.9,14.9,1017.6,5,6.7,8,15,5,13
2018-08-15 14:00:00,37.70000000001165,24.7,14.9,1017.0,5,5.7,8,15,6,14
2018-08-15 15:00:00,40.79999999998836,24.2,14.8,1016.6,5,5.7,8,15,7,15
2018-08-15 16:00:00,44.79999999998836,23.3,14.5,1016.4,5,7.2,8,15,1,16
2018-08-15 17:00:00,43.5,22.5,13.3,1016.1,5,6.7,8,15,2,17
2018-08-15 18:00:00,44.400000000023276,21.6,14.7,1015.8,5,6.2,8,15,3,18
2018-08-15 19:00:00,50.5,20.6,14.5,1015.8,5,7.2,8,15,4,19
2018-08-15 20:00:00,47.800000000046566,20.1,14.6,1016.0,5,6.7,8,15,5,20
2018-08-15 21:00:00,47.79999999998836,19.5,14.6,1016.0,4,6.2,8,15,6,21
2018-08-15 22:00:00,48.5,18.3,14.4,1015.7,5,7.2,8,15,7,22
2018-08-15 23:00:00,43.20000000001164,18.2,14.7,1015.5,5,5.7,8,15,1,23
2018-08-16 00:00:00,34.599999999976724,18.5,15.1,1015.1,5,4.6,8,16,2,0
2018-08-16 01:00:00,32.79999999998835,18.6,15.4,1014.4,5,6.7,8,16,3,1
2018-08-16 02:00:00,34.29999999998835,18.8,14.8,1014.0,5,8.2,8,16,4,2
2018-08-16 03:00:00,33.20000000001164,18.4,14.9,1013.8,5,5.1,8,16,5,3
2018-08-16 04:00:00,33.399999999965075,18.5,14.8,1013.2,5,6.2,8,16,6,4
2018-08-16 05:00:00,35.0,18.5,15.2,1012.8,4,5.1,8,16,7,5
2018-08-16 06:00:00,38.70000000001165,18.5,15.5,1012.8,4,6.2,8,16,1,6
2018-08-16 07:00:00,48.20000000001164,18.2,16.0,1012.7,5,6.2,8,16,2,7
2018-08-16 08:00:00,48.60000000003493,17.8,16.7,1012.7,5,5.7,8,16,3,8
2018-08-16 09:00:00,44.20000000001164,17.7,17.0,1012.6,5,5.1,8,16,4,9
2018-08-16 10:00:00,44.0,17.0,16.1,1012.9,6,3.1,8,16,5,10
2018-08-16 11:00:00,41.0,15.9,13.2,1013.2,6,5.7,8,16,6,11
2018-08-16 12:00:00,43.0,14.7,13.0,1013.8,6,4.6,8,16,7,12
2018-08-16 13:00:00,41.10000000003493,15.1,12.8,1014.1,5,4.1,8,16,1,13
2018-08-16 14:00:00,36.10000000003493,16.7,13.4,1014.1,5,4.6,8,16,2,14
2018-08-16 15:00:00,35.399999999965075,17.8,13.2,1014.0,4,3.1,8,16,3,15
2018-08-16 16:00:00,41.599999999976724,18.5,13.9,1013.8,4,4.6,8,16,4,16
2018-08-16 17:00:00,40.79999999998836,20.4,9.5,1013.9,6,6.2,8,16,5,17
2018-08-16 18:00:00,40.5,19.8,8.0,1014.1,6,6.2,8,16,6,18
2018-08-16 19:00:00,43.399999999965075,19.0,9.4,1014.7,6,5.1,8,16,7,19
2018-08-16 20:00:00,45.20000000001164,17.4,12.5,1015.3,5,4.6,8,16,1,20
2018-08-16 21:00:00,48.300000000046566,16.6,9.8,1015.8,6,2.6,8,16,2,21
2018-08-16 22:00:00,45.20000000001164,16.1,9.8,1016.3,6,4.1,8,16,3,22
2018-08-16 23:00:00,41.599999999976724,15.2,10.1,1016.8,6,4.6,8,16,4,23
2018-08-17 00:00:00,32.399999999965075,14.2,10.3,1017.0,6,4.1,8,17,5,0
2018-08-17 01:00:00,31.299999999988355,13.7,10.4,1017.1,6,4.1,8,17,6,1
2018-08-17 02:00:00,31.29999999998835,12.8,10.6,1017.5,6,1.5,8,17,7,2
2018-08-17 03:00:00,31.09999999997672,11.7,10.3,1017.7,6,1.5,8,17,1,3
2018-08-17 04:00:00,31.70000000001165,11.2,10.1,1018.1,5,1.0,8,17,2,4
2018-08-17 05:00:00,34.30000000004657,10.9,10.1,1018.5,4,1.5,8,17,3,5
2018-08-17 06:00:00,37.5,12.5,11.3,1019.3,6,1.5,8,17,4,6
2018-08-17 07:00:00,46.29999999998836,13.6,11.6,1019.7,5,2.6,8,17,5,7
2018-08-17 08:00:00,42.900000000023276,15.9,11.5,1020.1,6,3.1,8,17,6,8
2018-08-17 09:00:00,38.79999999998836,18.1,11.3,1020.3,6,3.1,8,17,7,9
2018-08-17 10:00:00,38.70000000001164,18.3,9.8,1020.6,6,3.6,8,17,1,10
2018-08-17 11:00:00,36.5,19.9,9.7,1020.5,6,5.1,8,17,2,11
2018-08-17 12:00:00,38.29999999998836,21.6,10.2,1020.3,6,4.1,8,17,3,12
2018-08-17 13:00:00,36.20000000001165,23.7,9.3,1020.2,6,5.7,8,17,4,13
2018-08-17 14:00:00,39.29999999998836,21.4,8.7,1020.2,6,6.7,8,17,5,14
2018-08-17 15:00:00,40.400000000023276,22.2,9.9,1019.6,5,5.1,8,17,6,15
2018-08-17 16:00:00,43.400000000023276,23.2,9.8,1019.2,6,7.2,8,17,7,16
2018-08-17 17:00:00,39.899999999965075,21.7,9.1,1019.3,6,7.2,8,17,1,17
2018-08-17 18:00:00,37.899999999965075,21.5,9.8,1019.5,6,6.2,8,17,2,18
2018-08-17 19:00:00,41.10000000003493,19.6,10.0,1020.1,6,6.2,8,17,3,19
2018-08-17 20:00:00,41.70000000001165,18.4,10.5,1020.6,6,4.6,8,17,4,20
2018-08-17 21:00:00,46.399999999965075,17.3,11.1,1021.0,6,4.1,8,17,5,21
2018-08-17 22:00:00,45.599999999976724,17.4,11.5,1021.0,5,4.1,8,17,6,22
2018-08-17 23:00:00,40.599999999976724,16.8,11.6,1021.4,5,4.1,8,17,7,23
2018-08-18 00:00:00,32.20000000001164,16.5,11.9,1021.1,5,4.1,8,18,1,0
2018-08-18 01:00:00,33.899999999965075,15.7,11.8,1020.6,5,4.1,8,18,2,1
2018-08-18 02:00:00,34.0,15.8,12.1,1020.5,5,4.6,8,18,3,2
2018-08-18 03:00:00,33.399999999965075,15.8,12.0,1020.3,5,4.1,8,18,4,3
2018-08-18 04:00:00,32.899999999965075,15.6,12.2,1019.9,5,4.1,8,18,5,4
2018-08-18 05:00:00,33.19999999995343,15.7,12.6,1020.4,5,3.1,8,18,6,5
2018-08-18 06:00:00,36.399999999965075,16.4,13.2,1020.5,5,3.6,8,18,7,6
2018-08-18 07:00:00,39.79999999998836,17.0,13.9,1020.9,5,4.6,8,18,1,7
2018-08-18 08:00:00,42.900000000023276,18.0,14.1,1021.1,5,5.7,8,18,2,8
2018-08-18 09:00:00,43.899999999965075,18.9,13.9,1021.4,5,5.7,8,18,3,9
2018-08-18 10:00:00,42.79999999998836,19.8,13.0,1021.2,5,5.7,8,18,4,10
2018-08-18 11:00:00,40.900000000023276,19.7,12.9,1021.1,5,5.7,8,18,5,11
2018-08-18 12:00:00,41.699999999953434,20.8,13.4,1021.2,5,5.7,8,18,6,12
2018-08-18 13:00:00,37.599999999976724,20.0,13.9,1021.3,6,7.2,8,18,7,13
2018-08-18 14:00:00,38.099999999976724,21.4,14.0,1021.0,6,5.7,8,18,1,14
2018-08-18 15:00:00,34.29999999998836,21.3,13.3,1020.7,5,5.7,8,18,2,15
2018-08-18 16:00:00,33.79999999998836,22.3,13.8,1020.3,5,5.7,8,18,3,16
2018-08-18 17:00:00,35.0,22.1,14.2,1020.3,6,5.7,8,18,4,17
2018-08-18 18:00:00,40.0,21.6,14.3,1020.4,6,5.7,8,18,5,18
2018-08-18 19:00:00,43.19999999995344,21.1,14.5,1020.6,6,4.6,8,18,6,19
2018-08-18 20:00:00,45.29999999998836,20.6,14.9,1021.0,5,4.6,8,18,7,20
2018-08-18 21:00:00,45.900000000023276,19.9,14.9,1020.9,5,5.1,8,18,1,21
2018-08-18 22:00:00,40.80000000004657,19.6,15.1,1021.0,5,5.1,8,18,2,22
2018-08-18 23:00:00,36.599999999976724,19.0,15.1,1020.9,5,4.6,8,18,3,23
2018-08-19 00:00:00,32.79999999998836,18.4,14.8,1020.8,5,4.1,8,19,4,0
2018-08-19 01:00:00,31.40000000002329,18.4,14.7,1020.5,5,4.1,8,19,5,1
2018-08-19 02:00:00,31.299999999988355,18.3,15.2,1020.2,4,4.1,8,19,6,2
2018-08-19 03:00:00,31.09999999997672,18.4,15.7,1019.7,5,4.6,8,19,7,3
2018-08-19 04:00:00,31.299999999988355,17.6,15.0,1019.1,4,5.1,8,19,1,4
2018-08-19 05:00:00,33.20000000001164,17.8,14.7,1019.1,5,6.2,8,19,2,5
2018-08-19 06:00:00,34.599999999976724,17.8,14.2,1019.0,5,4.6,8,19,3,6
2018-08-19 07:00:00,37.099999999976724,18.4,14.6,1018.6,5,6.7,8,19,4,7
2018-08-19 08:00:00,42.099999999976724,18.7,14.9,1018.5,5,6.7,8,19,5,8
2018-08-19 09:00:00,39.599999999976724,19.0,15.2,1018.5,5,6.2,8,19,6,9
2018-08-19 10:00:00,39.599999999976724,19.8,15.6,1018.4,5,7.2,8,19,7,10
2018-08-19 11:00:00,36.29999999998836,21.0,15.7,1018.1,5,8.2,8,19,1,11
2018-08-19 12:00:00,36.79999999998836,22.3,16.0,1017.9,5,6.2,8,19,2,12
2018-08-19 13:00:00,33.599999999976724,24.0,16.3,1017.4,5,7.2,8,19,3,13
2018-08-19 14:00:00,32.900000000023276,26.7,16.7,1017.2,6,6.7,8,19,4,14
2018-08-19 15:00:00,34.0,27.5,16.4,1016.8,6,8.8,8,19,5,15
2018-08-19 16:00:00,35.899999999965075,27.0,15.9,1017.0,6,7.2,8,19,6,16
2018-08-19 17:00:00,39.10000000003493,26.1,15.6,1017.2,6,6.2,8,19,7,17
2018-08-19 18:00:00,43.29999999998836,24.6,15.2,1017.5,6,6.2,8,19,1,18
2018-08-19 19:00:00,46.20000000001164,23.0,15.6,1018.0,6,5.1,8,19,2,19
2018-08-19 20:00:00,49.300000000046566,21.6,15.6,1018.7,6,4.6,8,19,3,20
2018-08-19 21:00:00,44.79999999998836,20.6,15.8,1019.2,6,4.6,8,19,4,21
2018-08-19 22:00:00,47.0,20.2,15.9,1019.5,6,4.1,8,19,5,22
2018-08-19 23:00:00,42.900000000023276,19.6,16.0,1019.6,6,3.6,8,19,6,23
2018-08-20 00:00:00,32.80000000004657,19.5,16.0,1019.7,6,4.1,8,20,7,0
2018-08-20 01:00:00,31.899999999965072,19.4,16.0,1019.8,6,3.1,8,20,1,1
2018-08-20 02:00:00,30.799999999988355,19.2,15.9,1019.9,6,2.6,8,20,2,2
2018-08-20 03:00:00,31.59999999997672,19.1,15.6,1019.9,6,2.1,8,20,3,3
2018-08-20 04:00:00,33.5,18.6,15.6,1019.6,6,2.6,8,20,4,4
2018-08-20 05:00:00,35.20000000001165,18.5,15.8,1019.8,6,3.1,8,20,5,5
2018-08-20 06:00:00,39.79999999998836,18.4,15.5,1020.3,6,4.1,8,20,6,6
2018-08-20 07:00:00,49.399999999965075,18.4,15.5,1020.6,6,4.1,8,20,7,7
2018-08-20 08:00:00,43.29999999998836,20.1,15.2,1020.8,6,3.6,8,20,1,8
2018-08-20 09:00:00,37.5,22.0,15.5,1020.7,6,1.0,8,20,2,9
2018-08-20 10:00:00,38.20000000001164,23.5,15.4,1020.7,6,3.1,8,20,3,10
2018-08-20 11:00:00,36.699999999953434,23.7,15.1,1020.6,5,2.6,8,20,4,11
2018-08-20 12:00:00,39.0,23.8,16.4,1020.3,6,1.5,8,20,5,12
2018-08-20 13:00:00,38.900000000023276,24.4,16.3,1020.1,5,5.1,8,20,6,13
2018-08-20 14:00:00,35.20000000001164,24.7,16.7,1019.9,5,4.6,8,20,7,14
2018-08-20 15:00:00,35.899999999965075,25.2,16.6,1019.5,5,5.1,8,20,1,15
2018-08-20 16:00:00,42.099999999976724,24.8,16.7,1019.3,5,5.7,8,20,2,16
2018-08-20 17:00:00,43.0,24.2,16.6,1019.2,6,4.1,8,20,3,17
2018-08-20 18:00:00,42.70000000001164,24.5,15.2,1018.9,6,5.1,8,20,4,18
2018-08-20 19:00:00,44.5,23.7,15.3,1019.1,6,4.1,8,20,5,19
2018-08-20 20:00:00,48.29999999998836,22.6,15.6,1019.4,6,2.6,8,20,6,20
2018-08-20 21:00:00,45.300000000046566,22.0,16.1,1019.9,6,3.6,8,20,7,21
2018-08-20 22:00:00,46.70000000001164,21.2,15.8,1019.9,6,2.6,8,20,1,22
2018-08-20 23:00:00,40.29999999998836,20.3,15.6,1019.9,6,2.1,8,20,2,23
2018-08-21 00:00:00,32.5,19.6,15.9,1020.1,6,1.5,8,21,3,0
2018-08-21 01:00:00,31.700000000011638,19.3,16.2,1019.9,5,1.5,8,21,4,1
2018-08-21 02:00:00,32.099999999976724,19.7,16.4,1019.7,6,2.1,8,21,5,2
2018-08-21 03:00:00,31.600000000034928,19.5,15.6,1019.8,6,3.1,8,21,6,3
2018-08-21 04:00:00,31.90000000002329,19.2,14.5,1019.5,7,3.1,8,21,7,4
2018-08-21 05:00:00,34.29999999998835,18.9,14.7,1019.7,7,2.1,8,21,1,5
2018-08-21 06:00:00,38.30000000004657,18.2,15.0,1019.9,6,2.1,8,21,2,6
2018-08-21 07:00:00,47.899999999965075,19.2,14.8,1020.1,6,2.6,8,21,3,7
2018-08-21 08:00:00,45.599999999976724,20.0,15.2,1020.2,6,2.1,8,21,4,8
2018-08-21 09:00:00,42.29999999998836,20.9,15.8,1020.2,4,2.6,8,21,5,9
2018-08-21 10:00:00,40.599999999976724,23.2,16.4,1019.9,5,2.1,8,21,6,10
2018-08-21 11:00:00,34.100000000034925,23.2,15.7,1019.6,6,3.1,8,21,7,11
2018-08-21 12:00:00,33.600000000034925,25.4,14.9,1019.2,4,3.6,8,21,1,12
2018-08-21 13:00:00,38.70000000001164,25.2,13.7,1018.9,5,3.6,8,21,2,13
2018-08-21 14:00:00,36.20000000001164,26.3,14.5,1018.4,4,3.6,8,21,3,14
2018-08-21 15:00:00,39.70000000001165,26.4,14.0,1017.9,5,4.6,8,21,4,15
2018-08-21 16:00:00,40.599999999976724,26.2,14.9,1017.5,4,3.6,8,21,5,16
2018-08-21 17:00:00,41.400000000023276,25.6,15.0,1017.2,4,4.1,8,21,6,17
2018-08-21 18:00:00,41.79999999998836,24.1,15.9,1017.1,4,5.7,8,21,7,18
2018-08-21 19:00:00,43.099999999976724,22.7,16.3,1017.3,4,4.6,8,21,1,19
2018-08-21 20:00:00,44.29999999998836,21.8,16.3,1017.8,5,5.1,8,21,2,20
2018-08-21 21:00:00,46.10000000003493,21.5,14.9,1018.2,6,4.1,8,21,3,21
2018-08-21 22:00:00,44.900000000023276,20.3,14.5,1018.4,6,3.1,8,21,4,22
2018-08-21 23:00:00,38.900000000023276,18.6,14.5,1018.4,5,2.1,8,21,5,23
2018-08-22 00:00:00,32.400000000023276,18.0,15.0,1018.4,5,2.6,8,22,6,0
2018-08-22 01:00:00,32.400000000023276,17.4,14.7,1018.2,5,2.6,8,22,7,1
2018-08-22 02:00:00,32.100000000034925,16.7,14.5,1017.8,6,3.1,8,22,1,2
2018-08-22 03:00:00,31.200000000011645,16.0,14.2,1017.7,6,3.1,8,22,2,3
2018-08-22 04:00:00,30.800000000046573,15.6,14.5,1017.6,5,2.6,8,22,3,4
2018-08-22 05:00:00,33.70000000001164,15.3,14.2,1017.6,5,3.6,8,22,4,5
2018-08-22 06:00:00,39.79999999998836,15.4,14.4,1017.6,6,3.1,8,22,5,6
2018-08-22 07:00:00,47.5,15.5,14.4,1017.8,6,3.1,8,22,6,7
2018-08-22 08:00:00,45.800000000046566,16.7,14.9,1017.9,5,3.1,8,22,7,8
2018-08-22 09:00:00,41.70000000001164,17.9,15.0,1018.0,6,4.1,8,22,1,9
2018-08-22 10:00:00,38.5,18.4,14.9,1018.0,6,4.1,8,22,2,10
2018-08-22 11:00:00,36.900000000023276,19.6,15.1,1017.9,5,4.6,8,22,3,11
2018-08-22 12:00:00,38.70000000001164,20.2,15.3,1017.6,6,3.6,8,22,4,12
2018-08-22 13:00:00,37.5,22.0,16.2,1017.2,5,4.1,8,22,5,13
2018-08-22 14:00:00,34.5,22.7,15.6,1016.8,5,4.6,8,22,6,14
2018-08-22 15:00:00,36.0,23.6,15.8,1016.3,5,4.1,8,22,7,15
2018-08-22 16:00:00,39.20000000001165,23.3,15.4,1015.9,5,5.1,8,22,1,16
2018-08-22 17:00:00,40.60000000003493,22.8,15.5,1015.6,5,4.6,8,22,2,17
2018-08-22 18:00:00,38.599999999976724,22.4,14.8,1015.7,6,6.2,8,22,3,18
2018-08-22 19:00:00,40.29999999998836,22.2,14.9,1015.8,6,4.1,8,22,4,19
2018-08-22 20:00:00,42.70000000001164,21.8,15.1,1016.0,6,3.1,8,22,5,20
2018-08-22 21:00:00,44.29999999998836,21.2,16.3,1016.0,5,4.1,8,22,6,21
2018-08-22 22:00:00,45.29999999998836,20.6,16.4,1015.9,5,4.1,8,22,7,22
2018-08-22 23:00:00,38.5,19.6,16.3,1015.7,5,3.6,8,22,1,23
2018-08-23 00:00:00,32.5,19.3,16.4,1015.5,5,3.6,8,23,2,0
2018-08-23 01:00:00,33.099999999976724,19.3,16.4,1015.0,5,4.1,8,23,3,1
2018-08-23 02:00:00,30.800000000046573,18.9,16.3,1014.5,5,3.1,8,23,4,2
2018-08-23 03:00:00,30.600000000034928,18.7,16.2,1013.9,5,3.1,8,23,5,3
2018-08-23 04:00:00,30.400000000023283,18.6,16.2,1013.3,5,3.6,8,23,6,4
2018-08-23 05:00:00,33.100000000034925,18.7,16.4,1012.9,5,3.6,8,23,7,5
2018-08-23 06:00:00,36.79999999998836,18.9,16.6,1012.7,5,4.6,8,23,1,6
2018-08-23 07:00:00,46.900000000023276,19.4,16.5,1012.5,5,4.6,8,23,2,7
2018-08-23 08:00:00,45.0,20.3,16.5,1012.2,5,5.7,8,23,3,8
2018-08-23 09:00:00,43.899999999965075,17.3,15.9,1012.9,6,4.6,8,23,4,9
2018-08-23 10:00:00,41.70000000001165,17.5,15.5,1013.0,7,3.1,8,23,5,10
2018-08-23 11:00:00,40.5,17.7,13.7,1013.1,6,4.6,8,23,6,11
2018-08-23 12:00:00,37.60000000003493,19.7,12.2,1012.8,6,3.1,8,23,7,12
2018-08-23 13:00:00,34.79999999998835,20.8,11.2,1012.8,6,4.6,8,23,1,13
2018-08-23 14:00:00,35.29999999998836,21.3,10.4,1012.2,6,4.6,8,23,2,14
2018-08-23 15:00:00,40.0,21.6,10.1,1011.9,6,5.7,8,23,3,15
2018-08-23 16:00:00,40.20000000001165,21.6,9.8,1011.3,6,5.7,8,23,4,16
2018-08-23 17:00:00,39.20000000001164,21.7,10.7,1011.1,6,6.2,8,23,5,17
2018-08-23 18:00:00,41.400000000023276,19.5,10.0,1011.5,6,7.7,8,23,6,18
2018-08-23 19:00:00,44.099999999976724,17.9,9.6,1012.1,6,7.2,8,23,7,19
2018-08-23 20:00:00,47.5,16.8,10.1,1012.5,6,5.7,8,23,1,20
2018-08-23 21:00:00,50.0,16.5,11.0,1012.8,6,6.2,8,23,2,21
2018-08-23 22:00:00,46.20000000001164,16.1,9.2,1013.3,7,6.2,8,23,3,22
2018-08-23 23:00:00,39.400000000023276,15.3,9.0,1013.8,6,4.1,8,23,4,23
2018-08-24 00:00:00,33.29999999998836,14.7,8.0,1013.7,6,4.6,8,24,5,0
2018-08-24 01:00:00,32.0,13.7,8.0,1013.9,6,2.6,8,24,6,1
2018-08-24 02:00:00,33.399999999965075,12.4,8.0,1014.0,6,4.1,8,24,7,2
2018-08-24 03:00:00,32.29999999998836,11.8,8.0,1014.1,6,4.6,8,24,1,3
2018-08-24 04:00:00,30.59999999997672,11.1,7.7,1014.3,6,4.1,8,24,2,4
2018-08-24 05:00:00,33.70000000001164,10.8,7.8,1014.6,6,4.1,8,24,3,5
2018-08-24 06:00:00,38.900000000023276,11.1,8.1,1014.8,6,3.6,8,24,4,6
2018-08-24 07:00:00,44.400000000023276,12.7,8.4,1015.0,6,5.7,8,24,5,7
2018-08-24 08:00:00,41.899999999965075,14.6,8.4,1015.2,6,6.7,8,24,6,8
2018-08-24 09:00:00,39.199999999953434,15.6,7.4,1015.2,6,6.2,8,24,7,9
2018-08-24 10:00:00,37.099999999976724,17.2,6.8,1015.0,6,6.2,8,24,1,10
2018-08-24 11:00:00,40.699999999953434,19.0,5.9,1014.5,6,7.7,8,24,2,11
2018-08-24 12:00:00,37.699999999953434,20.5,5.2,1014.1,6,7.2,8,24,3,12
2018-08-24 13:00:00,36.20000000001165,18.6,3.7,1013.6,6,7.7,8,24,4,13
2018-08-24 14:00:00,39.0,18.4,6.8,1013.0,5,6.7,8,24,5,14
2018-08-24 15:00:00,39.399999999965075,19.0,6.8,1012.2,6,8.8,8,24,6,15
2018-08-24 16:00:00,40.29999999998836,14.8,9.8,1012.5,7,5.1,8,24,7,16
2018-08-24 17:00:00,39.199999999953434,15.6,8.2,1012.0,6,8.2,8,24,1,17
2018-08-24 18:00:00,41.400000000023276,15.2,8.1,1011.7,6,8.8,8,24,2,18
2018-08-24 19:00:00,40.400000000023276,13.4,8.7,1012.2,7,5.1,8,24,3,19
2018-08-24 20:00:00,42.60000000003493,10.8,9.7,1012.2,6,5.1,8,24,4,20
2018-08-24 21:00:00,45.400000000023276,11.3,9.5,1012.0,6,4.6,8,24,5,21
2018-08-24 22:00:00,44.400000000023276,10.9,9.6,1012.4,6,3.6,8,24,6,22
2018-08-24 23:00:00,38.60000000003493,10.4,8.6,1012.6,6,4.6,8,24,7,23
2018-08-25 00:00:00,30.799999999988362,9.5,8.1,1012.7,6,4.6,8,25,1,0
2018-08-25 01:00:00,33.099999999976724,9.4,7.9,1012.9,6,4.1,8,25,2,1
2018-08-25 02:00:00,32.399999999965075,9.2,7.6,1013.0,6,4.1,8,25,3,2
2018-08-25 03:00:00,31.0,9.2,7.3,1013.1,6,4.1,8,25,4,3
2018-08-25 04:00:00,30.299999999988362,8.5,7.1,1013.1,6,3.6,8,25,5,4
2018-08-25 05:00:00,34.100000000034925,8.8,7.5,1013.7,6,2.6,8,25,6,5
2018-08-25 06:00:00,37.79999999998836,8.7,7.4,1014.1,6,4.1,8,25,7,6
2018-08-25 07:00:00,38.599999999976724,10.2,8.1,1014.4,6,4.6,8,25,1,7
2018-08-25 08:00:00,37.5,11.9,8.5,1014.8,6,5.1,8,25,2,8
2018-08-25 09:00:00,37.400000000023276,14.2,8.7,1015.1,7,4.1,8,25,3,9
2018-08-25 10:00:00,35.400000000023276,15.6,8.5,1015.3,7,3.1,8,25,4,10
2018-08-25 11:00:00,37.900000000023276,16.4,8.1,1015.3,7,4.6,8,25,5,11
2018-08-25 12:00:00,36.30000000004657,16.5,7.5,1015.5,7,3.6,8,25,6,12
2018-08-25 13:00:00,34.70000000001165,19.1,8.7,1015.2,6,2.1,8,25,7,13
2018-08-25 14:00:00,33.70000000001165,17.7,6.6,1015.2,7,5.1,8,25,1,14
2018-08-25 15:00:00,32.599999999976724,19.3,6.6,1015.2,7,2.6,8,25,2,15
2018-08-25 16:00:00,32.599999999976724,18.6,6.9,1015.2,0,3.1,8,25,3,16
2018-08-25 17:00:00,33.900000000023276,18.2,6.7,1015.5,7,3.1,8,25,4,17
2018-08-25 18:00:00,33.79999999998836,17.8,7.2,1015.7,0,3.1,8,25,5,18
2018-08-25 19:00:00,35.099999999976724,16.6,5.8,1015.9,7,2.1,8,25,6,19
2018-08-25 20:00:00,36.79999999998836,15.3,6.5,1016.3,7,1.0,8,25,7,20
2018-08-25 21:00:00,35.399999999965075,14.0,6.6,1016.4,0,0.5,8,25,1,21
2018-08-25 22:00:00,35.29999999998836,13.5,8.0,1016.5,7,1.5,8,25,2,22
2018-08-25 23:00:00,33.70000000001165,12.6,8.0,1016.4,0,1.0,8,25,3,23
2018-08-26 00:00:00,29.5,11.7,8.4,1016.3,0,0.5,8,26,4,0
2018-08-26 01:00:00,29.399999999965072,11.6,9.3,1016.1,5,1.5,8,26,5,1
2018-08-26 02:00:00,30.700000000011645,11.7,8.7,1015.9,6,1.0,8,26,6,2
2018-08-26 03:00:00,29.899999999965072,11.4,8.7,1015.1,4,1.0,8,26,7,3
2018-08-26 04:00:00,29.300000000046573,11.5,9.1,1014.8,3,1.0,8,26,1,4
2018-08-26 05:00:00,31.79999999998835,11.0,8.8,1014.3,3,1.5,8,26,2,5
2018-08-26 06:00:00,31.600000000034928,12.0,9.0,1013.8,3,2.6,8,26,3,6
2018-08-26 07:00:00,32.70000000001164,13.0,8.9,1013.5,4,3.6,8,26,4,7
2018-08-26 08:00:00,34.79999999998836,14.9,9.4,1013.0,4,4.1,8,26,5,8
2018-08-26 09:00:00,34.29999999998835,16.0,9.4,1012.5,4,5.7,8,26,6,9
2018-08-26 10:00:00,34.20000000001165,15.2,9.7,1011.7,4,6.7,8,26,7,10
2018-08-26 11:00:00,34.20000000001164,13.7,11.9,1010.8,4,6.2,8,26,1,11
2018-08-26 12:00:00,36.29999999998836,13.2,11.8,1009.8,4,6.7,8,26,2,12
2018-08-26 13:00:00,35.899999999965075,13.4,12.3,1008.0,4,7.7,8,26,3,13
2018-08-26 14:00:00,34.900000000023276,13.8,13.0,1005.9,4,7.7,8,26,4,14
2018-08-26 15:00:00,33.100000000034925,15.5,14.6,1005.0,4,6.2,8,26,5,15
2018-08-26 16:00:00,33.80000000004657,16.6,15.8,1004.1,4,6.7,8,26,6,16
2018-08-26 17:00:00,34.900000000023276,17.4,16.6,1003.3,4,5.1,8,26,7,17
2018-08-26 18:00:00,36.5,18.0,17.0,1003.2,5,6.7,8,26,1,18
2018-08-26 19:00:00,35.5,18.3,17.1,1003.1,5,5.7,8,26,2,19
2018-08-26 20:00:00,36.10000000003493,17.9,17.3,1003.9,5,5.1,8,26,3,20
2018-08-26 21:00:00,36.099999999976724,18.1,16.4,1004.4,6,5.7,8,26,4,21
2018-08-26 22:00:00,32.20000000001164,17.8,15.2,1004.6,6,6.7,8,26,5,22
2018-08-26 23:00:00,33.70000000001165,17.2,15.1,1005.0,6,4.6,8,26,6,23
2018-08-27 00:00:00,29.399999999965072,16.7,14.6,1005.2,5,6.2,8,27,7,0
2018-08-27 01:00:00,29.5,16.3,14.3,1005.8,6,5.1,8,27,1,1
2018-08-27 02:00:00,30.09999999997672,15.0,13.2,1006.1,5,5.7,8,27,2,2
2018-08-27 03:00:00,29.59999999997672,15.0,12.9,1006.6,5,6.7,8,27,3,3
2018-08-27 04:00:00,29.5,14.4,12.5,1007.4,5,6.2,8,27,4,4
2018-08-27 05:00:00,31.800000000046573,13.7,12.1,1007.9,5,5.1,8,27,5,5
2018-08-27 06:00:00,31.600000000034925,13.7,10.0,1009.1,6,7.2,8,27,6,6
2018-08-27 07:00:00,33.29999999998835,14.5,9.7,1010.0,6,6.2,8,27,7,7
2018-08-27 08:00:00,34.19999999995343,15.6,10.5,1010.4,6,5.7,8,27,1,8
2018-08-27 09:00:00,31.799999999988362,16.8,10.3,1011.1,6,7.2,8,27,2,9
2018-08-27 10:00:00,31.600000000034925,17.3,10.1,1011.7,6,8.2,8,27,3,10
2018-08-27 11:00:00,32.79999999998835,17.1,10.3,1012.4,6,5.7,8,27,4,11
2018-08-27 12:00:00,33.29999999998835,18.7,9.7,1012.5,6,7.7,8,27,5,12
2018-08-27 13:00:00,32.599999999976724,19.2,10.3,1013.3,6,6.7,8,27,6,13
2018-08-27 14:00:00,32.79999999998836,18.9,10.4,1013.6,6,7.2,8,27,7,14
2018-08-27 15:00:00,33.5,19.3,10.9,1013.8,6,6.2,8,27,1,15
2018-08-27 16:00:00,33.70000000001164,19.5,10.5,1014.3,6,6.2,8,27,2,16
2018-08-27 17:00:00,35.699999999953434,19.0,10.5,1014.7,6,4.6,8,27,3,17
2018-08-27 18:00:00,38.10000000003493,18.6,10.9,1015.4,6,4.6,8,27,4,18
2018-08-27 19:00:00,35.099999999976724,18.1,10.7,1016.0,6,4.1,8,27,5,19
2018-08-27 20:00:00,36.79999999998836,17.5,11.0,1017.0,6,4.1,8,27,6,20
2018-08-27 21:00:00,34.599999999976724,17.2,11.3,1017.4,6,3.6,8,27,7,21
2018-08-27 22:00:00,34.70000000001165,16.7,11.5,1017.8,6,2.6,8,27,1,22
2018-08-27 23:00:00,32.20000000001164,16.5,11.0,1018.2,6,2.1,8,27,2,23
2018-08-28 00:00:00,29.299999999988362,16.2,10.7,1018.5,6,2.1,8,28,3,0
2018-08-28 01:00:00,28.5,16.2,11.0,1018.5,6,1.5,8,28,4,1
2018-08-28 02:00:00,29.600000000034928,16.1,11.2,1018.4,6,2.1,8,28,5,2
2018-08-28 03:00:00,30.5,15.7,10.9,1018.2,6,1.0,8,28,6,3
2018-08-28 04:00:00,29.799999999988362,16.0,10.3,1018.1,6,1.5,8,28,7,4
2018-08-28 05:00:00,31.799999999988362,16.1,9.3,1018.3,5,1.5,8,28,1,5
2018-08-28 06:00:00,31.699999999953427,16.1,10.9,1018.5,4,2.1,8,28,2,6
2018-08-28 07:00:00,33.0,16.4,10.2,1018.7,4,2.1,8,28,3,7
2018-08-28 08:00:00,37.400000000023276,17.1,10.0,1018.6,4,2.6,8,28,4,8
2018-08-28 09:00:00,39.5,17.6,9.4,1018.6,4,2.1,8,28,5,9
2018-08-28 10:00:00,37.20000000001165,17.7,10.3,1018.6,4,3.1,8,28,6,10
2018-08-28 11:00:00,38.70000000001165,18.3,9.6,1018.2,5,3.1,8,28,7,11
2018-08-28 12:00:00,36.60000000003493,19.2,9.8,1018.1,5,3.6,8,28,1,12
2018-08-28 13:00:00,32.599999999976724,19.2,9.8,1017.8,5,3.1,8,28,2,13
2018-08-28 14:00:00,31.90000000002328,19.7,9.7,1016.9,4,2.6,8,28,3,14
2018-08-28 15:00:00,33.5,20.7,10.5,1016.3,4,4.1,8,28,4,15
2018-08-28 16:00:00,31.300000000046573,21.0,11.2,1015.7,3,2.6,8,28,5,16
2018-08-28 17:00:00,32.29999999998835,19.9,11.1,1015.3,4,3.1,8,28,6,17
2018-08-28 18:00:00,33.5,19.0,11.1,1014.7,4,4.1,8,28,7,18
2018-08-28 19:00:00,37.60000000003493,17.9,11.5,1015.0,4,3.6,8,28,1,19
2018-08-28 20:00:00,37.900000000023276,17.2,11.4,1015.1,4,3.1,8,28,2,20
2018-08-28 21:00:00,37.199999999953434,16.6,11.5,1015.0,5,2.6,8,28,3,21
2018-08-28 22:00:00,33.5,16.3,11.3,1014.3,6,1.0,8,28,4,22
2018-08-28 23:00:00,32.099999999976724,15.5,11.7,1014.9,5,2.1,8,28,5,23
2018-08-29 00:00:00,30.100000000034928,15.0,11.8,1014.6,5,2.1,8,29,6,0
2018-08-29 01:00:00,30.0,14.4,11.3,1013.6,6,0.5,8,29,7,1
2018-08-29 02:00:00,30.799999999988362,14.0,11.8,1013.4,3,0.5,8,29,1,2
2018-08-29 03:00:00,29.59999999997672,14.8,12.3,1013.3,5,1.0,8,29,2,3
2018-08-29 04:00:00,30.0,14.2,12.8,1013.4,6,1.5,8,29,3,4
2018-08-29 05:00:00,31.79999999998835,14.3,13.3,1013.6,6,1.0,8,29,4,5
2018-08-29 06:00:00,33.0,14.0,13.5,1013.2,7,2.6,8,29,5,6
2018-08-29 07:00:00,34.0,13.5,12.6,1013.0,7,2.6,8,29,6,7
2018-08-29 08:00:00,38.400000000023276,13.8,12.9,1013.2,6,1.5,8,29,7,8
2018-08-29 09:00:00,41.899999999965075,14.7,12.7,1014.1,7,1.5,8,29,1,9
2018-08-29 10:00:00,40.5,15.6,12.5,1014.4,7,2.1,8,29,2,10
2018-08-29 11:00:00,40.899999999965075,16.8,12.3,1014.8,7,3.1,8,29,3,11
2018-08-29 12:00:00,39.599999999976724,18.3,11.9,1015.2,7,3.6,8,29,4,12
2018-08-29 13:00:00,35.399999999965075,19.3,11.1,1015.4,0,3.1,8,29,5,13
2018-08-29 14:00:00,37.10000000003493,19.9,10.6,1015.8,7,4.6,8,29,6,14
2018-08-29 15:00:00,37.099999999976724,19.3,11.0,1016.4,7,3.1,8,29,7,15
2018-08-29 16:00:00,36.79999999998836,19.3,11.7,1016.9,7,2.6,8,29,1,16
2018-08-29 17:00:00,35.900000000023276,19.0,11.7,1017.3,7,3.6,8,29,2,17
2018-08-29 18:00:00,36.900000000023276,18.7,11.6,1018.2,7,2.6,8,29,3,18
2018-08-29 19:00:00,37.5,17.1,11.6,1019.1,7,3.1,8,29,4,19
2018-08-29 20:00:00,36.599999999976724,16.3,11.5,1020.2,7,2.6,8,29,5,20
2018-08-29 21:00:00,36.399999999965075,15.4,10.8,1021.2,7,1.0,8,29,6,21
2018-08-29 22:00:00,34.70000000001165,14.9,10.1,1021.6,7,1.5,8,29,7,22
2018-08-29 23:00:00,34.599999999976724,14.3,9.0,1022.1,7,1.0,8,29,1,23
2018-08-30 00:00:00,29.100000000034928,12.9,8.2,1022.1,7,2.1,8,30,2,0
2018-08-30 01:00:00,31.59999999997672,12.4,8.2,1022.3,6,2.1,8,30,3,1
2018-08-30 02:00:00,32.29999999998836,12.3,8.4,1022.7,7,2.6,8,30,4,2
2018-08-30 03:00:00,32.5,12.1,8.6,1022.7,7,2.1,8,30,5,3
2018-08-30 04:00:00,32.400000000023276,11.5,8.3,1022.8,7,1.5,8,30,6,4
2018-08-30 05:00:00,33.0,11.1,8.4,1023.1,6,1.5,8,30,7,5
2018-08-30 06:00:00,32.400000000023276,10.6,8.5,1023.4,7,1.0,8,30,1,6
2018-08-30 07:00:00,32.5,12.4,9.0,1023.5,0,2.1,8,30,2,7
2018-08-30 08:00:00,37.60000000003493,14.0,8.7,1023.8,1,2.6,8,30,3,8
2018-08-30 09:00:00,41.099999999976724,15.2,8.0,1023.9,1,2.6,8,30,4,9
2018-08-30 10:00:00,38.20000000001165,17.0,8.1,1023.7,1,2.1,8,30,5,10
2018-08-30 11:00:00,38.70000000001165,17.9,7.4,1023.4,0,2.1,8,30,6,11
2018-08-30 12:00:00,38.400000000023276,19.0,7.1,1023.3,0,3.1,8,30,7,12
2018-08-30 13:00:00,34.70000000001164,18.8,7.1,1023.3,0,2.6,8,30,1,13
2018-08-30 14:00:00,33.29999999998836,19.6,5.7,1023.0,1,1.0,8,30,2,14
2018-08-30 15:00:00,30.59999999997672,19.9,5.9,1022.8,1,2.6,8,30,3,15
2018-08-30 16:00:00,30.199999999953427,19.5,5.9,1022.8,0,2.6,8,30,4,16
2018-08-30 17:00:00,31.399999999965072,19.6,5.4,1022.7,0,1.5,8,30,5,17
2018-08-30 18:00:00,32.19999999995343,19.3,5.6,1022.6,0,2.1,8,30,6,18
2018-08-30 19:00:00,33.5,18.2,5.7,1022.6,1,2.1,8,30,7,19
2018-08-30 20:00:00,35.79999999998836,17.6,5.8,1023.1,1,2.6,8,30,1,20
2018-08-30 21:00:00,34.399999999965075,16.9,6.0,1023.3,1,2.1,8,30,2,21
2018-08-30 22:00:00,32.399999999965075,15.6,7.7,1023.3,1,2.6,8,30,3,22
2018-08-30 23:00:00,34.600000000034925,14.9,10.2,1023.7,1,3.1,8,30,4,23
2018-08-31 00:00:00,28.399999999965072,14.0,10.8,1023.4,1,2.6,8,31,5,0
2018-08-31 01:00:00,26.700000000011645,13.4,10.8,1023.3,1,2.1,8,31,6,1
2018-08-31 02:00:00,29.200000000011645,12.6,10.8,1023.2,1,1.0,8,31,7,2
2018-08-31 03:00:00,30.699999999953427,12.0,10.7,1023.0,0,1.0,8,31,1,3
2018-08-31 04:00:00,28.0,11.7,10.6,1023.1,0,1.0,8,31,2,4
2018-08-31 05:00:00,30.09999999997672,11.5,10.3,1023.3,1,1.5,8,31,3,5
2018-08-31 06:00:00,30.899999999965072,11.4,10.3,1023.5,1,1.5,8,31,4,6
2018-08-31 07:00:00,32.399999999965075,13.6,11.7,1023.6,1,2.6,8,31,5,7
2018-08-31 08:00:00,35.0,15.4,12.5,1023.7,1,2.1,8,31,6,8
2018-08-31 09:00:00,38.0,17.1,11.8,1023.9,1,2.1,8,31,7,9
2018-08-31 10:00:00,38.900000000023276,18.2,11.8,1023.9,1,2.6,8,31,1,10
2018-08-31 11:00:00,38.400000000023276,18.3,10.8,1023.6,1,1.5,8,31,2,11
2018-08-31 12:00:00,38.60000000003493,20.0,9.6,1023.2,3,1.0,8,31,3,12
2018-08-31 13:00:00,37.5,21.7,9.4,1023.0,3,3.1,8,31,4,13
2018-08-31 14:00:00,34.79999999998835,20.8,9.7,1022.8,7,2.6,8,31,5,14
2018-08-31 15:00:00,34.900000000023276,20.7,10.1,1022.7,0,2.1,8,31,6,15
2018-08-31 16:00:00,33.80000000004657,20.4,8.9,1022.6,2,2.1,8,31,7,16
2018-08-31 17:00:00,34.0,20.7,9.6,1022.5,1,2.6,8,31,1,17
2018-08-31 18:00:00,34.29999999998835,19.5,11.2,1022.8,4,4.6,8,31,2,18
2018-08-31 19:00:00,35.80000000004657,19.0,11.6,1023.1,5,4.6,8,31,3,19
2018-08-31 20:00:00,33.70000000001165,18.2,11.5,1023.8,4,3.6,8,31,4,20
2018-08-31 21:00:00,33.900000000023276,17.7,11.6,1024.3,3,3.6,8,31,5,21
2018-08-31 22:00:00,33.900000000023276,16.7,11.4,1024.6,4,2.6,8,31,6,22
2018-08-31 23:00:00,33.600000000034925,14.3,10.5,1024.5,3,1.5,8,31,7,23
2018-09-01 00:00:00,29.09999999997672,13.3,10.4,1024.7,3,2.1,9,1,1,0
2018-09-01 01:00:00,28.700000000011645,12.6,9.9,1024.5,3,2.1,9,1,2,1
2018-09-01 02:00:00,29.600000000034928,12.1,10.0,1024.4,2,1.5,9,1,3,2
2018-09-01 03:00:00,29.199999999953427,12.4,10.8,1024.5,1,1.0,9,1,4,3
2018-09-01 04:00:00,29.09999999997672,12.3,10.9,1024.7,1,1.0,9,1,5,4
2018-09-01 05:00:00,31.600000000034925,12.2,10.5,1024.8,0,0.5,9,1,6,5
2018-09-01 06:00:00,31.0,12.3,10.6,1025.1,1,1.5,9,1,7,6
2018-09-01 07:00:00,30.90000000002329,15.1,12.3,1025.4,1,1.0,9,1,1,7
2018-09-01 08:00:00,33.0,16.7,12.8,1025.7,3,3.1,9,1,2,8
2018-09-01 09:00:00,33.20000000001164,19.0,13.0,1026.1,3,3.6,9,1,3,9
2018-09-01 10:00:00,35.30000000004657,21.2,11.6,1026.1,4,4.1,9,1,4,10
2018-09-01 11:00:00,36.199999999953434,22.3,11.2,1025.9,4,4.1,9,1,5,11
2018-09-01 12:00:00,35.0,23.1,10.7,1025.5,4,5.1,9,1,6,12
2018-09-01 13:00:00,33.79999999998835,23.4,9.9,1025.4,4,4.6,9,1,7,13
2018-09-01 14:00:00,30.5,23.8,9.4,1025.3,4,4.1,9,1,1,14
2018-09-01 15:00:00,30.299999999988355,23.5,8.9,1024.9,4,4.6,9,1,2,15
2018-09-01 16:00:00,31.199999999953427,23.2,8.7,1024.8,4,4.6,9,1,3,16
2018-09-01 17:00:00,30.699999999953427,22.6,8.5,1024.8,4,3.6,9,1,4,17
2018-09-01 18:00:00,30.299999999988362,21.5,9.3,1025.0,4,4.6,9,1,5,18
2018-09-01 19:00:00,32.400000000023276,20.1,9.6,1025.3,4,4.6,9,1,6,19
2018-09-01 20:00:00,34.5,18.6,9.4,1025.8,4,3.6,9,1,7,20
2018-09-01 21:00:00,33.29999999998835,17.2,9.6,1026.1,4,2.6,9,1,1,21
2018-09-01 22:00:00,33.70000000001165,16.4,8.7,1026.4,4,2.6,9,1,2,22
2018-09-01 23:00:00,31.200000000011638,13.8,8.6,1026.4,3,2.1,9,1,3,23
2018-09-02 00:00:00,26.799999999988362,12.1,8.0,1026.2,3,2.1,9,2,4,0
2018-09-02 01:00:00,27.199999999953427,11.7,8.2,1026.2,3,2.1,9,2,5,1
2018-09-02 02:00:00,28.399999999965072,12.9,9.2,1025.9,1,0.5,9,2,6,2
2018-09-02 03:00:00,28.299999999988355,12.7,9.2,1025.5,1,0.5,9,2,7,3
2018-09-02 04:00:00,28.0,11.6,8.4,1025.3,1,0.5,9,2,1,4
2018-09-02 05:00:00,31.0,11.8,8.8,1025.3,1,1.5,9,2,2,5
2018-09-02 06:00:00,29.0,11.8,9.0,1025.4,1,0.5,9,2,3,6
2018-09-02 07:00:00,29.09999999997672,15.1,11.2,1025.7,1,1.0,9,2,4,7
2018-09-02 08:00:00,27.59999999997672,17.3,11.8,1025.8,2,1.5,9,2,5,8
2018-09-02 09:00:00,27.0,19.6,12.3,1025.8,3,1.5,9,2,6,9
2018-09-02 10:00:00,26.200000000011638,21.1,10.0,1025.4,3,3.1,9,2,7,10
2018-09-02 11:00:00,27.200000000011645,22.4,9.5,1024.9,4,2.6,9,2,1,11
2018-09-02 12:00:00,26.59999999997672,22.9,7.7,1024.1,4,2.1,9,2,2,12
2018-09-02 13:00:00,27.699999999953427,23.8,6.0,1023.7,4,2.6,9,2,3,13
2018-09-02 14:00:00,27.899999999965072,23.8,5.2,1023.1,4,2.1,9,2,4,14
2018-09-02 15:00:00,27.300000000046573,24.3,6.4,1022.6,4,2.6,9,2,5,15
2018-09-02 16:00:00,28.299999999988362,24.2,4.8,1022.3,5,2.1,9,2,6,16
2018-09-02 17:00:00,30.59999999997672,23.3,6.0,1021.8,5,2.1,9,2,7,17
2018-09-02 18:00:00,30.59999999997672,22.1,5.8,1021.6,2,1.5,9,2,1,18
2018-09-02 19:00:00,32.80000000004657,19.9,9.2,1021.8,2,4.6,9,2,2,19
2018-09-02 20:00:00,34.5,18.4,9.5,1022.3,3,4.1,9,2,3,20
2018-09-02 21:00:00,32.70000000001164,16.7,10.0,1022.7,2,3.6,9,2,4,21
2018-09-02 22:00:00,30.90000000002329,15.1,10.2,1022.8,2,3.1,9,2,5,22
2018-09-02 23:00:00,29.299999999988362,14.8,10.6,1022.7,2,2.1,9,2,6,23
2018-09-03 00:00:00,29.100000000034928,13.7,10.4,1022.5,2,1.0,9,3,7,0
2018-09-03 01:00:00,26.699999999953427,14.1,10.9,1022.0,0,0.0,9,3,1,1
2018-09-03 02:00:00,28.100000000034928,13.0,10.5,1021.7,3,0.5,9,3,2,2
2018-09-03 03:00:00,28.299999999988355,12.8,10.2,1021.3,2,0.5,9,3,3,3
2018-09-03 04:00:00,28.09999999997672,12.6,10.6,1020.9,7,0.5,9,3,4,4
2018-09-03 05:00:00,31.200000000011638,12.4,10.6,1020.9,0,0.5,9,3,5,5
2018-09-03 06:00:00,30.09999999997672,12.6,10.8,1021.5,1,1.0,9,3,6,6
2018-09-03 07:00:00,30.700000000011645,15.7,12.5,1021.7,2,1.0,9,3,7,7
2018-09-03 08:00:00,33.099999999976724,17.1,12.7,1021.5,2,0.5,9,3,1,8
2018-09-03 09:00:00,38.0,19.2,10.1,1021.2,4,0.5,9,3,2,9
2018-09-03 10:00:00,40.29999999998836,20.0,10.1,1021.1,6,2.6,9,3,3,10
2018-09-03 11:00:00,38.20000000001164,21.5,9.6,1020.9,0,1.0,9,3,4,11
2018-09-03 12:00:00,39.5,22.1,9.5,1020.3,2,1.5,9,3,5,12
2018-09-03 13:00:00,34.099999999976724,23.7,9.5,1020.1,2,1.5,9,3,6,13
2018-09-03 14:00:00,33.79999999998835,23.5,8.7,1019.9,0,2.1,9,3,7,14
2018-09-03 15:00:00,32.29999999998836,23.9,10.2,1019.4,2,2.6,9,3,1,15
2018-09-03 16:00:00,31.0,24.1,9.6,1019.2,0,2.6,9,3,2,16
2018-09-03 17:00:00,31.09999999997672,23.2,9.8,1018.9,1,2.1,9,3,3,17
2018-09-03 18:00:00,33.29999999998836,23.0,9.5,1019.0,1,2.6,9,3,4,18
2018-09-03 19:00:00,35.599999999976724,22.0,9.5,1019.4,1,2.1,9,3,5,19
2018-09-03 20:00:00,36.0,21.1,9.1,1019.8,1,2.6,9,3,6,20
2018-09-03 21:00:00,35.5,18.7,11.7,1020.2,2,2.6,9,3,7,21
2018-09-03 22:00:00,34.5,17.9,11.9,1020.4,0,1.0,9,3,1,22
2018-09-03 23:00:00,32.100000000034925,16.8,10.8,1020.5,0,1.5,9,3,2,23
2018-09-04 00:00:00,30.09999999997672,15.6,12.9,1020.5,0,2.1,9,4,3,0
2018-09-04 01:00:00,29.600000000034928,14.7,12.1,1020.4,0,2.6,9,4,4,1
2018-09-04 02:00:00,32.0,14.1,11.9,1020.6,0,2.6,9,4,5,2
2018-09-04 03:00:00,31.699999999953427,13.3,11.6,1020.5,7,1.5,9,4,6,3
2018-09-04 04:00:00,30.299999999988362,12.9,11.8,1020.5,0,1.0,9,4,7,4
2018-09-04 05:00:00,31.59999999997672,13.4,11.4,1020.5,1,1.5,9,4,1,5
2018-09-04 06:00:00,31.90000000002329,13.1,11.8,1020.8,1,3.6,9,4,2,6
2018-09-04 07:00:00,33.400000000023276,13.9,11.6,1021.2,0,3.6,9,4,3,7
2018-09-04 08:00:00,38.20000000001164,15.1,11.4,1021.3,0,3.1,9,4,4,8
2018-09-04 09:00:00,43.70000000001164,16.2,11.1,1021.3,1,4.6,9,4,5,9
2018-09-04 10:00:00,40.099999999976724,17.0,10.7,1021.1,0,3.6,9,4,6,10
2018-09-04 11:00:00,39.900000000023276,17.8,10.4,1020.9,0,3.1,9,4,7,11
2018-09-04 12:00:00,36.79999999998836,18.8,10.3,1020.9,1,3.6,9,4,1,12
2018-09-04 13:00:00,34.30000000004657,18.9,10.7,1021.0,1,4.1,9,4,2,13
2018-09-04 14:00:00,34.099999999976724,19.9,11.2,1020.6,0,3.6,9,4,3,14
2018-09-04 15:00:00,33.899999999965075,20.1,11.7,1020.4,1,3.6,9,4,4,15
2018-09-04 16:00:00,35.400000000023276,20.4,11.2,1020.6,0,3.6,9,4,5,16
2018-09-04 17:00:00,35.0,20.1,11.3,1020.6,0,4.1,9,4,6,17
2018-09-04 18:00:00,36.5,19.0,11.7,1020.7,0,3.1,9,4,7,18
2018-09-04 19:00:00,36.5,17.8,11.9,1021.1,0,4.1,9,4,1,19
2018-09-04 20:00:00,35.30000000004657,16.8,11.5,1021.7,0,3.6,9,4,2,20
2018-09-04 21:00:00,35.0,16.2,11.9,1022.0,0,3.6,9,4,3,21
2018-09-04 22:00:00,34.100000000034925,16.0,12.0,1022.0,0,3.1,9,4,4,22
2018-09-04 23:00:00,32.600000000034925,15.7,12.0,1022.0,1,1.5,9,4,5,23
2018-09-05 00:00:00,29.100000000034928,15.6,12.1,1022.0,1,2.1,9,5,6,0
2018-09-05 01:00:00,28.299999999988362,15.5,12.1,1021.8,0,2.1,9,5,7,1
2018-09-05 02:00:00,31.200000000011645,15.3,12.1,1021.6,0,2.1,9,5,1,2
2018-09-05 03:00:00,30.200000000011638,14.7,11.7,1021.5,0,2.1,9,5,2,3
2018-09-05 04:00:00,30.09999999997672,14.3,11.5,1021.4,0,2.1,9,5,3,4
2018-09-05 05:00:00,32.0,14.0,11.1,1021.4,0,3.6,9,5,4,5
2018-09-05 06:00:00,31.59999999997672,13.9,11.2,1021.8,0,3.1,9,5,5,6
2018-09-05 07:00:00,32.900000000023276,14.2,11.2,1022.0,0,3.1,9,5,6,7
2018-09-05 08:00:00,36.79999999998836,14.5,11.4,1022.0,0,3.1,9,5,7,8
2018-09-05 09:00:00,40.699999999953434,16.6,12.0,1022.0,0,3.1,9,5,1,9
2018-09-05 10:00:00,38.29999999998836,17.7,11.8,1021.7,1,4.6,9,5,2,10
2018-09-05 11:00:00,38.79999999998836,18.5,11.7,1021.1,0,3.6,9,5,3,11
2018-09-05 12:00:00,37.70000000001164,19.6,11.7,1020.7,0,2.6,9,5,4,12
2018-09-05 13:00:00,34.30000000004657,21.6,10.5,1020.4,1,3.1,9,5,5,13
2018-09-05 14:00:00,34.80000000004657,21.5,10.3,1020.0,0,3.6,9,5,6,14
2018-09-05 15:00:00,36.70000000001165,21.2,10.2,1019.7,0,4.1,9,5,7,15
2018-09-05 16:00:00,36.80000000004657,21.4,10.7,1019.6,0,3.6,9,5,1,16
2018-09-05 17:00:00,38.20000000001165,21.2,10.4,1019.3,0,3.6,9,5,2,17
2018-09-05 18:00:00,36.599999999976724,20.5,10.6,1019.3,0,3.1,9,5,3,18
2018-09-05 19:00:00,34.400000000023276,19.3,10.7,1019.5,0,2.6,9,5,4,19
2018-09-05 20:00:00,35.29999999998836,18.5,11.1,1019.8,0,1.5,9,5,5,20
2018-09-05 21:00:00,35.100000000034925,18.0,12.1,1019.8,1,3.1,9,5,6,21
2018-09-05 22:00:00,33.79999999998836,17.5,12.4,1019.6,1,2.1,9,5,7,22
2018-09-05 23:00:00,32.0,16.6,12.1,1019.5,0,1.5,9,5,1,23
2018-09-06 00:00:00,29.899999999965075,15.1,11.9,1019.3,7,2.6,9,6,2,0
2018-09-06 01:00:00,28.100000000034928,15.4,12.4,1019.0,7,1.5,9,6,3,1
2018-09-06 02:00:00,29.799999999988362,14.1,8.7,1018.9,7,2.1,9,6,4,2
2018-09-06 03:00:00,29.0,12.5,8.3,1018.6,7,1.5,9,6,5,3
2018-09-06 04:00:00,29.200000000011638,12.3,8.2,1018.4,6,2.1,9,6,6,4
2018-09-06 05:00:00,31.700000000011638,11.8,8.1,1018.5,6,2.6,9,6,7,5
2018-09-06 06:00:00,29.59999999997672,11.3,7.7,1018.5,6,2.6,9,6,1,6
2018-09-06 07:00:00,32.5,11.7,7.8,1018.1,7,2.6,9,6,2,7
2018-09-06 08:00:00,34.79999999998836,13.5,8.7,1017.9,7,2.1,9,6,3,8
2018-09-06 09:00:00,41.400000000023276,16.0,9.2,1017.8,7,2.1,9,6,4,9
2018-09-06 10:00:00,37.5,18.1,8.7,1017.4,7,1.5,9,6,5,10
2018-09-06 11:00:00,38.29999999998836,20.0,9.0,1016.9079586861853,6,2.1,9,6,6,11
2018-09-06 12:00:00,37.10000000003493,20.5,7.6,1016.3,7,3.1,9,6,7,12
2018-09-06 13:00:00,36.20000000001165,22.0,8.8,1015.6,7,3.1,9,6,1,13
2018-09-06 14:00:00,36.400000000023276,20.8,9.4,1015.2,6,4.6,9,6,2,14
2018-09-06 15:00:00,33.79999999998836,20.9,9.6,1014.3,6,5.1,9,6,3,15
2018-09-06 16:00:00,34.70000000001164,20.0,10.2,1013.6,6,6.2,9,6,4,16
2018-09-06 17:00:00,34.0,19.2,11.6,1013.4,6,6.7,9,6,5,17
2018-09-06 18:00:00,35.399999999965075,16.0,14.7,1013.9,6,4.1,9,6,6,18
2018-09-06 19:00:00,34.5,16.1,14.0,1014.0,6,3.6,9,6,7,19
2018-09-06 20:00:00,34.70000000001165,15.3,13.7,1014.1,7,2.1,9,6,1,20
2018-09-06 21:00:00,34.400000000023276,14.7,10.8,1014.4,7,3.1,9,6,2,21
2018-09-06 22:00:00,34.399999999965075,13.5,10.4,1014.6,7,2.6,9,6,3,22
2018-09-06 23:00:00,33.099999999976724,13.5,8.4,1014.9,7,3.6,9,6,4,23
2018-09-07 00:00:00,28.90000000002329,12.9,7.7,1014.9,7,3.6,9,7,5,0
2018-09-07 01:00:00,30.09999999997672,11.7,7.4,1015.0,6,2.6,9,7,6,1
2018-09-07 02:00:00,32.0,10.8,7.3,1014.9,6,3.6,9,7,7,2
2018-09-07 03:00:00,29.899999999965072,10.3,7.1,1015.0,6,3.6,9,7,1,3
2018-09-07 04:00:00,29.200000000011638,9.6,7.1,1015.0,6,3.1,9,7,2,4
2018-09-07 05:00:00,31.299999999988355,8.8,6.7,1015.2,6,3.1,9,7,3,5
2018-09-07 06:00:00,30.800000000046573,8.4,6.6,1015.6,6,4.1,9,7,4,6
2018-09-07 07:00:00,30.799999999988355,10.3,7.4,1015.9,6,4.1,9,7,5,7
2018-09-07 08:00:00,33.70000000001165,11.8,7.3,1016.2,6,4.1,9,7,6,8
2018-09-07 09:00:00,35.5,13.6,7.6,1016.4,6,4.6,9,7,7,9
2018-09-07 10:00:00,32.80000000004657,15.3,6.6,1016.4,6,4.6,9,7,1,10
2018-09-07 11:00:00,31.600000000034928,16.5,5.3,1016.4,6,6.2,9,7,2,11
2018-09-07 12:00:00,32.29999999998835,18.7,5.6,1016.2,6,6.7,9,7,3,12
2018-09-07 13:00:00,31.0,18.1,3.8,1016.2,6,7.2,9,7,4,13
2018-09-07 14:00:00,28.699999999953427,20.0,4.0,1016.1,6,7.2,9,7,5,14
2018-09-07 15:00:00,34.400000000023276,18.2,3.9,1016.1,6,6.7,9,7,6,15
2018-09-07 16:00:00,33.70000000001164,18.9,4.2,1016.0,6,5.1,9,7,7,16
2018-09-07 17:00:00,35.400000000023276,18.8,4.8,1016.3,6,5.1,9,7,1,17
2018-09-07 18:00:00,35.100000000034925,17.4,4.8,1016.7,6,4.6,9,7,2,18
2018-09-07 19:00:00,33.5,15.8,5.0,1017.1,6,3.6,9,7,3,19
2018-09-07 20:00:00,31.90000000002329,15.1,5.7,1017.7,6,5.1,9,7,4,20
2018-09-07 21:00:00,32.400000000023276,14.3,6.1,1018.1,6,3.1,9,7,5,21
2018-09-07 22:00:00,30.200000000011638,13.4,6.6,1018.2,6,3.6,9,7,6,22
2018-09-07 23:00:00,30.5,12.4,7.0,1018.4,6,2.6,9,7,7,23
2018-09-08 00:00:00,28.700000000011638,10.4,6.8,1018.4,6,3.1,9,8,1,0
2018-09-08 01:00:00,28.100000000034928,9.9,7.2,1018.5,6,3.1,9,8,2,1
2018-09-08 02:00:00,29.0,10.6,7.8,1018.8,6,2.6,9,8,3,2
2018-09-08 03:00:00,27.799999999988362,9.8,7.5,1018.9,6,1.5,9,8,4,3
2018-09-08 04:00:00,29.299999999988355,9.5,7.9,1018.7,5,1.0,9,8,5,4
2018-09-08 05:00:00,29.600000000034928,10.7,8.3,1018.5,4,2.1,9,8,6,5
2018-09-08 06:00:00,30.299999999988362,11.2,8.4,1018.5,4,2.1,9,8,7,6
2018-09-08 07:00:00,31.699999999953427,12.3,9.3,1018.4,5,3.6,9,8,1,7
2018-09-08 08:00:00,33.599999999976724,13.6,10.1,1018.7,5,3.6,9,8,2,8
2018-09-08 09:00:00,35.29999999998836,16.0,11.0,1018.6,5,3.6,9,8,3,9
2018-09-08 10:00:00,34.70000000001164,17.9,11.4,1018.3,5,4.1,9,8,4,10
2018-09-08 11:00:00,35.400000000023276,18.4,9.8,1017.7,5,5.7,9,8,5,11
2018-09-08 12:00:00,36.29999999998836,19.1,9.8,1017.8,5,5.7,9,8,6,12
2018-09-08 13:00:00,34.099999999976724,20.4,9.8,1017.7,5,6.2,9,8,7,13
2018-09-08 14:00:00,34.099999999976724,20.0,9.9,1017.4,5,6.2,9,8,1,14
2018-09-08 15:00:00,33.70000000001165,20.0,10.8,1017.5,5,6.2,9,8,2,15
2018-09-08 16:00:00,34.20000000001165,19.4,10.5,1017.5,5,5.7,9,8,3,16
2018-09-08 17:00:00,33.899999999965075,18.9,10.9,1017.6,5,7.2,9,8,4,17
2018-09-08 18:00:00,34.899999999965075,18.2,11.8,1017.3,5,5.1,9,8,5,18
2018-09-08 19:00:00,36.599999999976724,17.3,11.7,1017.5,5,4.1,9,8,6,19
2018-09-08 20:00:00,36.900000000023276,16.9,11.7,1017.8,5,4.6,9,8,7,20
2018-09-08 21:00:00,36.79999999998836,16.5,11.6,1017.6,5,4.1,9,8,1,21
2018-09-08 22:00:00,35.099999999976724,15.8,12.0,1017.6,5,3.1,9,8,2,22
2018-09-08 23:00:00,35.100000000034925,15.6,12.2,1017.8,5,3.6,9,8,3,23
2018-09-09 00:00:00,29.700000000011645,15.5,12.4,1017.7,5,3.6,9,9,4,0
2018-09-09 01:00:00,32.599999999976724,15.1,12.6,1018.1,5,3.6,9,9,5,1
2018-09-09 02:00:00,34.0,14.9,12.4,1017.8,4,3.6,9,9,6,2
2018-09-09 03:00:00,32.29999999998836,14.4,12.5,1017.5,4,2.1,9,9,7,3
2018-09-09 04:00:00,32.29999999998836,14.4,12.5,1017.4,5,3.1,9,9,1,4
2018-09-09 05:00:00,33.099999999976724,14.7,12.5,1017.4,4,3.1,9,9,2,5
2018-09-09 06:00:00,33.70000000001164,15.0,12.0,1017.4,4,4.1,9,9,3,6
2018-09-09 07:00:00,34.20000000001164,15.6,12.1,1017.5,4,4.1,9,9,4,7
2018-09-09 08:00:00,35.80000000004657,16.9,12.5,1017.3,5,6.2,9,9,5,8
2018-09-09 09:00:00,33.5,17.9,13.0,1017.6,5,6.2,9,9,6,9
2018-09-09 10:00:00,33.099999999976724,19.0,13.1,1017.6,5,5.7,9,9,7,10
2018-09-09 11:00:00,32.5,20.1,13.0,1017.8,5,5.7,9,9,1,11
2018-09-09 12:00:00,30.199999999953427,21.9,12.7,1017.5,5,6.2,9,9,2,12
2018-09-09 13:00:00,31.09999999997672,22.5,11.4,1017.1,5,6.2,9,9,3,13
2018-09-09 14:00:00,32.100000000034925,23.3,12.4,1016.9,6,7.7,9,9,4,14
2018-09-09 15:00:00,31.600000000034925,24.3,12.0,1016.7,6,7.7,9,9,5,15
2018-09-09 16:00:00,33.599999999976724,22.9,11.3,1017.0,6,7.2,9,9,6,16
2018-09-09 17:00:00,35.0,22.3,9.1,1017.3,6,6.2,9,9,7,17
2018-09-09 18:00:00,36.20000000001164,21.2,10.3,1017.9,6,4.6,9,9,1,18
2018-09-09 19:00:00,33.100000000034925,19.8,11.0,1018.5,6,3.1,9,9,2,19
2018-09-09 20:00:00,34.900000000023276,18.8,11.3,1019.1,6,3.1,9,9,3,20
2018-09-09 21:00:00,32.30000000004657,17.9,11.6,1019.7,6,5.1,9,9,4,21
2018-09-09 22:00:00,32.5,17.2,12.0,1019.9,6,4.1,9,9,5,22
2018-09-09 23:00:00,32.5,16.1,12.1,1020.3,6,3.6,9,9,6,23
2018-09-10 00:00:00,28.199999999953427,15.3,12.1,1020.3,6,3.6,9,10,7,0
2018-09-10 01:00:00,29.0,15.3,12.5,1020.5,5,2.6,9,10,1,1
2018-09-10 02:00:00,30.09999999997672,14.6,12.4,1020.9,5,3.6,9,10,2,2
2018-09-10 03:00:00,29.799999999988362,14.4,12.4,1020.9,5,2.6,9,10,3,3
2018-09-10 04:00:00,29.59999999997672,14.1,12.1,1020.9,5,3.1,9,10,4,4
2018-09-10 05:00:00,31.59999999997672,13.9,12.3,1020.9,5,3.1,9,10,5,5
2018-09-10 06:00:00,31.0,13.9,12.0,1021.1,5,4.1,9,10,6,6
2018-09-10 07:00:00,32.79999999998836,14.2,11.9,1021.4,5,3.6,9,10,7,7
2018-09-10 08:00:00,33.899999999965075,15.6,11.7,1022.0,6,4.1,9,10,1,8
2018-09-10 09:00:00,37.099999999976724,17.1,11.1,1022.3,6,5.1,9,10,2,9
2018-09-10 10:00:00,35.899999999965075,17.8,9.3,1021.8,6,6.7,9,10,3,10
2018-09-10 11:00:00,35.899999999965075,21.0,9.9,1022.1,6,7.2,9,10,4,11
2018-09-10 12:00:00,32.70000000001165,19.9,8.8,1021.7,6,5.7,9,10,5,12
2018-09-10 13:00:00,33.400000000023276,21.3,8.7,1021.1,5,6.2,9,10,6,13
2018-09-10 14:00:00,30.899999999965072,21.9,8.7,1021.3,6,6.7,9,10,7,14
2018-09-10 15:00:00,33.400000000023276,22.2,9.1,1020.9,5,7.2,9,10,1,15
2018-09-10 16:00:00,33.100000000034925,21.2,9.4,1020.7,5,6.2,9,10,2,16
2018-09-10 17:00:00,32.0,20.9,10.0,1020.5,5,6.7,9,10,3,17
2018-09-10 18:00:00,35.29999999998835,20.0,10.2,1020.5,5,6.7,9,10,4,18
2018-09-10 19:00:00,34.900000000023276,18.3,11.3,1020.5,5,5.7,9,10,5,19
2018-09-10 20:00:00,35.400000000023276,17.5,11.4,1020.9,5,5.1,9,10,6,20
2018-09-10 21:00:00,34.70000000001164,17.0,12.6,1020.4,5,6.2,9,10,7,21
2018-09-10 22:00:00,32.599999999976724,16.6,13.2,1020.3,5,5.7,9,10,1,22
2018-09-10 23:00:00,31.899999999965075,16.4,13.6,1019.9,5,6.2,9,10,2,23
2018-09-11 00:00:00,27.799999999988355,16.8,14.0,1019.5,5,5.7,9,11,3,0
2018-09-11 01:00:00,29.0,17.1,14.0,1019.2,5,6.7,9,11,4,1
2018-09-11 02:00:00,31.90000000002329,17.1,13.9,1019.1,5,6.7,9,11,5,2
2018-09-11 03:00:00,32.5,17.1,13.8,1018.7,5,6.2,9,11,6,3
2018-09-11 04:00:00,31.0,17.0,13.8,1018.4,5,6.7,9,11,7,4
2018-09-11 05:00:00,32.400000000023276,17.1,13.9,1018.3,5,5.7,9,11,1,5
2018-09-11 06:00:00,32.600000000034925,17.7,13.8,1018.4,5,7.2,9,11,2,6
2018-09-11 07:00:00,32.400000000023276,18.1,13.9,1018.5,5,7.2,9,11,3,7
2018-09-11 08:00:00,36.5,19.1,14.1,1018.8,5,7.2,9,11,4,8
2018-09-11 09:00:00,39.900000000023276,19.8,14.6,1018.8,5,6.7,9,11,5,9
2018-09-11 10:00:00,39.20000000001165,20.6,15.4,1019.3,5,7.7,9,11,6,10
2018-09-11 11:00:00,38.599999999976724,21.0,15.9,1019.5,5,7.7,9,11,7,11
2018-09-11 12:00:00,39.70000000001164,21.1,16.1,1019.4,5,6.7,9,11,1,12
2018-09-11 13:00:00,35.70000000001165,21.9,16.4,1019.1,5,6.7,9,11,2,13
2018-09-11 14:00:00,35.29999999998836,22.5,16.1,1019.1,5,7.7,9,11,3,14
2018-09-11 15:00:00,34.0,24.4,16.8,1018.9,5,6.7,9,11,4,15
2018-09-11 16:00:00,32.400000000023276,24.2,16.8,1018.6,5,7.2,9,11,5,16
2018-09-11 17:00:00,31.400000000023283,22.3,16.6,1018.4,5,6.7,9,11,6,17
2018-09-11 18:00:00,31.5,20.7,16.6,1018.8,5,6.7,9,11,7,18
2018-09-11 19:00:00,30.799999999988362,19.7,16.6,1019.3,5,5.7,9,11,1,19
2018-09-11 20:00:00,32.29999999998836,18.7,17.3,1019.8,6,4.1,9,11,2,20
2018-09-11 21:00:00,30.600000000034928,17.4,16.5,1019.9,7,2.6,9,11,3,21
2018-09-11 22:00:00,32.100000000034925,17.0,16.6,1019.9,6,2.1,9,11,4,22
2018-09-11 23:00:00,32.0,16.1,15.5,1019.8,7,2.6,9,11,5,23
2018-09-12 00:00:00,27.700000000011645,16.0,15.3,1019.4,6,3.1,9,12,6,0
2018-09-12 01:00:00,28.799999999988355,15.7,15.3,1019.4,6,2.6,9,12,7,1
2018-09-12 02:00:00,30.700000000011645,13.8,12.2,1019.8,0,4.6,9,12,1,2
2018-09-12 03:00:00,30.5,13.6,12.0,1020.6,0,2.1,9,12,2,3
2018-09-12 04:00:00,30.299999999988362,12.6,11.5,1020.8,0,2.1,9,12,3,4
2018-09-12 05:00:00,31.800000000046573,12.3,11.7,1021.6,7,2.1,9,12,4,5
2018-09-12 06:00:00,30.700000000011645,12.4,11.8,1021.8,0,2.1,9,12,5,6
2018-09-12 07:00:00,30.600000000034928,12.0,10.7,1022.0,1,3.1,9,12,6,7
2018-09-12 08:00:00,36.0,12.6,11.0,1022.5,1,2.6,9,12,7,8
2018-09-12 09:00:00,39.899999999965075,13.5,10.7,1023.4,1,2.6,9,12,1,9
2018-09-12 10:00:00,40.29999999998836,14.0,10.8,1023.4,1,2.1,9,12,2,10
2018-09-12 11:00:00,38.79999999998836,14.3,10.7,1023.9,0,2.1,9,12,3,11
2018-09-12 12:00:00,37.900000000023276,14.6,10.6,1024.3,0,2.6,9,12,4,12
2018-09-12 13:00:00,36.599999999976724,14.8,9.4,1024.4,0,2.1,9,12,5,13
2018-09-12 14:00:00,36.10000000003493,15.5,9.0,1024.0,1,3.1,9,12,6,14
2018-09-12 15:00:00,36.79999999998836,15.4,8.7,1024.4,1,2.1,9,12,7,15
2018-09-12 16:00:00,35.5,15.3,8.0,1023.9,1,2.6,9,12,1,16
2018-09-12 17:00:00,32.899999999965075,15.1,8.2,1024.1,1,2.1,9,12,2,17
2018-09-12 18:00:00,32.79999999998835,14.9,8.1,1024.2,0,1.5,9,12,3,18
2018-09-12 19:00:00,35.19999999995343,14.1,8.1,1024.3,7,0.5,9,12,4,19
2018-09-12 20:00:00,32.400000000023276,13.6,8.9,1024.4,7,1.5,9,12,5,20
2018-09-12 21:00:00,30.90000000002329,12.5,9.1,1024.5,7,1.5,9,12,6,21
2018-09-12 22:00:00,32.20000000001165,11.2,9.1,1024.5,7,1.0,9,12,7,22
2018-09-12 23:00:00,29.90000000002329,10.3,8.9,1024.6,7,1.0,9,12,1,23
2018-09-13 00:00:00,28.0,9.2,8.3,1024.2,7,1.0,9,13,2,0
2018-09-13 01:00:00,27.900000000023283,8.9,8.2,1024.2,7,1.0,9,13,3,1
2018-09-13 02:00:00,28.699999999953427,8.7,8.3,1023.8,6,1.0,9,13,4,2
2018-09-13 03:00:00,29.0,8.5,8.0,1023.7,6,1.0,9,13,5,3
2018-09-13 04:00:00,28.700000000011638,8.3,7.8,1023.5,0,0.5,9,13,6,4
2018-09-13 05:00:00,30.799999999988362,7.9,7.3,1023.6,7,1.0,9,13,7,5
2018-09-13 06:00:00,29.699999999953427,8.3,7.5,1023.8,6,2.1,9,13,1,6
2018-09-13 07:00:00,29.40000000002329,9.0,8.0,1024.0,6,1.5,9,13,2,7
2018-09-13 08:00:00,36.099999999976724,11.1,8.9,1024.0,6,1.5,9,13,3,8
2018-09-13 09:00:00,40.20000000001164,14.0,9.6,1024.0,5,1.0,9,13,4,9
2018-09-13 10:00:00,38.099999999976724,16.8,8.9,1024.1,6,2.6,9,13,5,10
2018-09-13 11:00:00,37.900000000023276,18.3,7.5,1023.7,6,4.1,9,13,6,11
2018-09-13 12:00:00,35.20000000001165,19.5,5.0,1023.2,6,4.1,9,13,7,12
2018-09-13 13:00:00,33.79999999998836,18.7,4.1,1022.9,6,3.1,9,13,1,13
2018-09-13 14:00:00,33.899999999965075,20.2,4.4,1022.4,6,3.1,9,13,2,14
2018-09-13 15:00:00,33.70000000001164,20.3,5.6,1021.8,6,4.1,9,13,3,15
2018-09-13 16:00:00,33.5,19.7,5.4,1021.7,6,5.1,9,13,4,16
2018-09-13 17:00:00,33.70000000001165,18.1,5.6,1021.4,6,4.1,9,13,5,17
2018-09-13 18:00:00,34.79999999998835,17.9,5.3,1021.2,6,3.1,9,13,6,18
2018-09-13 19:00:00,33.5,16.7,6.2,1021.7,6,2.6,9,13,7,19
2018-09-13 20:00:00,33.0,15.1,6.7,1022.1,6,3.1,9,13,1,20
2018-09-13 21:00:00,35.5,13.3,6.5,1022.4,6,2.6,9,13,2,21
2018-09-13 22:00:00,33.79999999998836,12.5,7.1,1022.4,6,2.6,9,13,3,22
2018-09-13 23:00:00,31.90000000002329,12.5,7.2,1022.4,6,2.6,9,13,4,23
2018-09-14 00:00:00,27.200000000011638,11.1,7.2,1022.3,6,2.1,9,14,5,0
2018-09-14 01:00:00,29.100000000034928,11.2,7.7,1022.0,6,2.1,9,14,6,1
2018-09-14 02:00:00,29.09999999997672,10.9,7.4,1021.7,6,3.1,9,14,7,2
2018-09-14 03:00:00,27.700000000011645,10.7,7.9,1021.5,6,2.6,9,14,1,3
2018-09-14 04:00:00,29.0,11.0,8.0,1021.2,6,2.6,9,14,2,4
2018-09-14 05:00:00,29.799999999988362,11.5,8.3,1021.0,6,2.6,9,14,3,5
2018-09-14 06:00:00,28.399999999965072,11.8,8.4,1020.9,5,2.6,9,14,4,6
2018-09-14 07:00:00,30.200000000011638,12.4,8.8,1020.8,6,2.6,9,14,5,7
2018-09-14 08:00:00,34.899999999965075,13.6,9.2,1021.0,5,3.1,9,14,6,8
2018-09-14 09:00:00,38.900000000023276,15.0,8.9,1021.1,6,5.7,9,14,7,9
2018-09-14 10:00:00,37.900000000023276,17.2,9.2,1021.1,5,5.7,9,14,1,10
2018-09-14 11:00:00,35.900000000023276,17.6,8.7,1020.7,6,6.7,9,14,2,11
2018-09-14 12:00:00,37.60000000003493,17.2,8.6,1020.6,6,6.2,9,14,3,12
2018-09-14 13:00:00,32.5,18.3,8.8,1020.3,6,7.2,9,14,4,13
2018-09-14 14:00:00,32.30000000004657,16.7,9.9,1020.5,6,6.7,9,14,5,14
2018-09-14 15:00:00,30.5,17.5,10.0,1020.1,6,5.7,9,14,6,15
2018-09-14 16:00:00,32.900000000023276,18.1,10.0,1020.0,6,5.1,9,14,7,16
2018-09-14 17:00:00,31.5,17.3,10.0,1020.2,6,5.7,9,14,1,17
2018-09-14 18:00:00,31.100000000034928,16.7,9.8,1020.1,5,4.6,9,14,2,18
2018-09-14 19:00:00,33.399999999965075,16.0,10.1,1020.4,5,4.6,9,14,3,19
2018-09-14 20:00:00,32.0,15.5,9.9,1021.0,5,4.6,9,14,4,20
2018-09-14 21:00:00,31.100000000034928,15.0,10.1,1021.3,5,4.1,9,14,5,21
2018-09-14 22:00:00,30.100000000034928,14.2,10.1,1021.7,6,3.6,9,14,6,22
2018-09-14 23:00:00,29.09999999997672,13.7,10.6,1021.9,6,4.6,9,14,7,23
2018-09-15 00:00:00,29.0,13.0,11.0,1022.2,6,3.1,9,15,1,0
2018-09-15 01:00:00,28.299999999988362,13.3,10.9,1022.3,6,2.6,9,15,2,1
2018-09-15 02:00:00,29.200000000011645,11.8,10.2,1022.2,6,3.6,9,15,3,2
2018-09-15 03:00:00,28.100000000034928,11.5,10.2,1022.2,6,3.1,9,15,4,3
2018-09-15 04:00:00,27.400000000023283,11.0,10.3,1022.5,6,3.1,9,15,5,4
2018-09-15 05:00:00,26.799999999988362,10.7,10.1,1023.0,6,2.1,9,15,6,5
2018-09-15 06:00:00,27.700000000011638,11.5,10.6,1023.5,5,2.6,9,15,7,6
2018-09-15 07:00:00,27.299999999988355,12.0,10.7,1023.7,4,2.1,9,15,1,7
2018-09-15 08:00:00,29.09999999997672,13.7,11.7,1024.5,5,1.5,9,15,2,8
2018-09-15 09:00:00,33.400000000023276,15.9,11.9,1024.6,5,3.1,9,15,3,9
2018-09-15 10:00:00,33.099999999976724,18.0,11.5,1024.5,6,3.1,9,15,4,10
2018-09-15 11:00:00,32.900000000023276,19.1,10.0,1024.5,6,3.6,9,15,5,11
2018-09-15 12:00:00,32.80000000004657,20.0,9.5,1024.2,6,5.7,9,15,6,12
2018-09-15 13:00:00,35.100000000034925,20.7,9.2,1023.9,6,5.1,9,15,7,13
2018-09-15 14:00:00,35.5,21.1,8.5,1023.6,6,5.1,9,15,1,14
2018-09-15 15:00:00,38.599999999976724,21.3,8.4,1023.1,6,4.6,9,15,2,15
2018-09-15 16:00:00,39.20000000001164,20.6,9.1,1022.7,5,3.6,9,15,3,16
2018-09-15 17:00:00,39.199999999953434,19.672313315355886,9.747689030462725,1022.3904919794636,4,2.9422041097223848,9,15,4,17
2018-09-15 18:00:00,39.0,18.653464444584948,10.196341661150587,1022.160058873463,4,2.762041331245232,9,15,5,18
2018-09-15 19:00:00,40.20000000001165,17.543453387687197,10.4459578920636,1022.0087006819977,4,3.0595116645685394,9,15,6,19
2018-09-15 20:00:00,40.70000000001164,16.490452689081184,10.607583480295807,1021.9364174050684,4,3.5326460724321707,9,15,7,20
2018-09-15 21:00:00,37.899999999965075,15.642634893185454,10.792264182941274,1021.9432090426744,4,3.879475517575992,9,15,1,21
2018-09-15 22:00:00,37.20000000001164,15.0,11.0,1021.9305439568666,4,4.1,9,15,2,22
2018-09-15 23:00:00,35.600000000034925,14.562548009524832,11.230790931471985,1021.7998905096949,4,4.194219519704198,9,15,3,23
2018-09-16 00:00:00,32.099999999976724,14.33027892175994,11.484636977357221,1021.5512487011604,4,4.162134076688583,9,16,4,0
2018-09-16 01:00:00,30.5,14.082870373115087,11.621164534563846,1021.184618531262,4,3.973981595328677,9,16,5,1
2018-09-16 02:00:00,32.899999999965075,13.6,11.5,1020.7,4,3.6,9,16,6,2
2018-09-16 03:00:00,32.599999999976724,13.1,11.3,1020.1,4,3.1,9,16,7,3
2018-09-16 04:00:00,32.29999999998835,13.3,11.6,1019.5,4,2.6,9,16,1,4
2018-09-16 05:00:00,33.79999999998836,11.9,10.5,1019.4,3,1.5,9,16,2,5
2018-09-16 06:00:00,34.79999999998835,13.7,12.0,1019.3,4,3.1,9,16,3,6
2018-09-16 07:00:00,32.599999999976724,15.0,12.5,1019.1,4,3.1,9,16,4,7
2018-09-16 08:00:00,36.29999999998836,16.6,13.6,1018.7,4,3.1,9,16,5,8
2018-09-16 09:00:00,37.70000000001165,17.8,13.5,1018.7,4,5.7,9,16,6,9
2018-09-16 10:00:00,36.899999999965075,19.0,13.4,1018.6,4,4.1,9,16,7,10
2018-09-16 11:00:00,36.399999999965075,21.3,10.9,1018.2,5,7.7,9,16,1,11
2018-09-16 12:00:00,40.0,21.7,9.4,1017.9,5,8.8,9,16,2,12
2018-09-16 13:00:00,37.599999999976724,23.7,9.7,1017.4,5,7.7,9,16,3,13
2018-09-16 14:00:00,35.30000000004657,23.6,9.1,1017.3,5,7.7,9,16,4,14
2018-09-16 15:00:00,37.199999999953434,23.6,10.2,1016.9,5,8.2,9,16,5,15
2018-09-16 16:00:00,39.599999999976724,22.8,12.2,1016.8,5,6.7,9,16,6,16
2018-09-16 17:00:00,40.5,21.9,13.0,1017.0,5,6.2,9,16,7,17
2018-09-16 18:00:00,39.20000000001164,20.6,13.6,1017.3,5,5.7,9,16,1,18
2018-09-16 19:00:00,41.400000000023276,19.3,14.0,1017.7,5,4.6,9,16,2,19
2018-09-16 20:00:00,40.900000000023276,18.2,14.2,1018.3,5,4.6,9,16,3,20
2018-09-16 21:00:00,40.099999999976724,17.9,14.3,1018.4,5,3.6,9,16,4,21
2018-09-16 22:00:00,37.699999999953434,17.5,14.6,1018.1,5,3.6,9,16,5,22
2018-09-16 23:00:00,36.5,17.8,15.2,1018.2,5,3.6,9,16,6,23
2018-09-17 00:00:00,32.5,17.8,15.4,1018.0,5,3.6,9,17,7,0
2018-09-17 01:00:00,31.399999999965072,17.7,15.5,1017.4,4,2.6,9,17,1,1
2018-09-17 02:00:00,32.099999999976724,18.0,16.0,1016.8170960473773,4,2.6,9,17,2,2
2018-09-17 03:00:00,31.09999999997672,18.43589318920789,16.3348539168915,1016.3215986888604,4,2.8482236507660716,9,17,3,3
2018-09-17 04:00:00,31.0,18.949668492485905,16.39500878636937,1015.9135079244497,3,3.1515511811963424,9,17,4,4
2018-09-17 05:00:00,32.29999999998836,19.541325909834057,16.180464608433606,1015.5928237541457,3,3.5099825912908083,9,17,5,5
2018-09-17 06:00:00,33.70000000001165,20.21086544125236,15.691221383084205,1015.3595461779477,3,3.9235178810494737,9,17,6,6
2018-09-17 07:00:00,36.099999999976724,20.95828708674079,14.927279110321171,1015.2136751958556,3,4.392157050472337,9,17,7,7
2018-09-17 08:00:00,43.29999999998836,21.760629347496515,13.937605182887845,1015.0948222584384,3,4.902171392617596,9,17,1,8
2018-09-17 09:00:00,38.599999999976724,22.480123230702453,13.016003957244207,1014.9425988162643,4,5.371188665834462,9,17,2,9
2018-09-17 10:00:00,36.099999999976724,23.093807237555776,12.211442826133606,1014.757004869334,4,5.785480163181137,9,17,3,10
2018-09-17 11:00:00,41.5,23.60168136805648,11.523921789556038,1014.538040417646,4,6.145045884657617,9,17,4,11
2018-09-17 12:00:00,40.29999999998836,24.00374562220455,10.953440847511503,1014.2857054612016,4,6.449885830263906,9,17,5,12
2018-09-17 13:00:00,39.099999999976724,24.3,10.5,1014.0,4,6.7,9,17,6,13
2018-09-17 14:00:00,37.599999999976724,24.490444501442827,10.16359924702153,1013.680924034042,4,6.895388393865902,9,17,7,14
2018-09-17 15:00:00,38.599999999976724,24.57507912653303,9.944238588576091,1013.328477563327,4,7.036051011861613,9,17,1,15
2018-09-17 16:00:00,40.70000000001165,24.55390387527061,9.841918024663688,1012.9426605878552,4,7.121987853987128,9,17,2,16
2018-09-17 17:00:00,44.0,24.426918747655566,9.856637555284314,1012.5234731076264,4,7.153198920242452,9,17,3,17
2018-09-17 18:00:00,39.5,24.194123743687896,9.988397180437977,1012.0709151226407,5,7.129684210627582,9,17,4,18
2018-09-17 19:00:00,36.900000000023276,23.85551886336761,10.237196900124667,1011.5849866328984,5,7.051443725142518,9,17,5,19
2018-09-17 20:00:00,37.79999999998836,23.411104106694694,10.603036714344393,1011.065687638399,5,6.918477463787265,9,17,6,20
2018-09-17 21:00:00,38.20000000001164,22.860879473669147,11.085916623097154,1010.5130181391428,4,6.730785426561816,9,17,7,21
2018-09-17 22:00:00,38.400000000023276,22.204844964290984,11.68583662638294,1009.92697813513,4,6.488367613466173,9,17,1,22
2018-09-17 23:00:00,36.5,21.4430005785602,12.402796724201766,1009.3075676263603,4,6.191224024500341,9,17,2,23
2018-09-18 00:00:00,34.099999999976724,20.606685861836766,13.201844526441624,1008.6731730103032,4,5.860872248466031,9,18,3,0
2018-09-18 01:00:00,31.500000000000004,19.883938086280587,13.873265692430568,1008.1341126717757,4,5.626417818173533,9,18,4,1
2018-09-18 02:00:00,30.59999999997672,19.306096797251627,14.382107832056606,1007.7087730082477,4,5.509378322424571,9,18,5,2
2018-09-18 03:00:00,28.799999999988362,18.87316199474988,14.728370945319718,1007.3971540197192,4,5.509753761219138,9,18,6,3
2018-09-18 04:00:00,28.699999999953427,18.58513367877537,14.912055032219927,1007.19925570619,4,5.62754413455724,9,18,7,4
2018-09-18 05:00:00,29.59999999997672,18.44201184932808,14.933160092757218,1007.1150780676601,4,5.86274944243887,9,18,1,5
2018-09-18 06:00:00,33.100000000034925,18.44379650640802,14.791686126931605,1007.1446211041292,4,6.215369684864035,9,18,2,6
2018-09-18 07:00:00,36.29999999998836,18.590487650015174,14.487633134743069,1007.287884815598,5,6.685404861832728,9,18,3,7
2018-09-18 08:00:00,42.79999999998836,18.882085280149557,14.021001116191625,1007.544869202066,5,7.2728549733449555,9,18,4,8
2018-09-18 09:00:00,44.599999999976724,19.318589396811173,13.39179007127727,1007.9155742635336,5,7.977720019400714,9,18,5,9
2018-09-18 10:00:00,41.29999999998836,19.9,12.6,1008.4,5,8.8,9,18,6,10
2018-09-18 11:00:00,41.10000000003493,20.6,11.8,1009.0,5,9.3,9,18,7,11
2018-09-18 12:00:00,42.900000000023276,21.5,11.8,1009.6,5,7.7,9,18,1,12
2018-09-18 13:00:00,37.79999999998836,23.2,12.1,1009.7,5,8.2,9,18,2,13
2018-09-18 14:00:00,37.699999999953434,22.0,12.8,1010.5,5,8.8,9,18,3,14
2018-09-18 15:00:00,39.099999999976724,21.9,13.4,1011.0,5,9.8,9,18,4,15
2018-09-18 16:00:00,42.10000000003493,20.4,14.0,1011.4,5,7.7,9,18,5,16
2018-09-18 17:00:00,48.70000000001164,20.7,13.7,1011.5,5,8.2,9,18,6,17
2018-09-18 18:00:00,46.400000000023276,19.6,14.0,1011.8,5,6.7,9,18,7,18
2018-09-18 19:00:00,43.400000000023276,19.2,13.9,1012.2,5,6.7,9,18,1,19
2018-09-18 20:00:00,41.0,18.6,14.1,1012.4,4,6.7,9,18,2,20
2018-09-18 21:00:00,38.900000000023276,18.6,14.5,1012.5,4,5.7,9,18,3,21
2018-09-18 22:00:00,37.29999999998836,18.7,14.4,1012.4,4,6.2,9,18,4,22
2018-09-18 23:00:00,36.099999999976724,18.2,13.9,1012.5,5,5.7,9,18,5,23
2018-09-19 00:00:00,33.79999999998836,17.8,13.8,1012.6,5,4.1,9,19,6,0
2018-09-19 01:00:00,32.0,17.7,14.0,1012.2,4,5.1,9,19,7,1
2018-09-19 02:00:00,30.700000000011645,18.0,14.2,1012.1,5,6.2,9,19,1,2
2018-09-19 03:00:00,28.5,18.2,14.5,1011.7,5,6.2,9,19,2,3
2018-09-19 04:00:00,27.399999999965072,17.0,15.6,1011.6,5,5.1,9,19,3,4
2018-09-19 05:00:00,28.200000000011645,17.0,15.7,1011.7,4,4.1,9,19,4,5
2018-09-19 06:00:00,31.09999999997672,17.4,15.6,1011.6,4,5.1,9,19,5,6
2018-09-19 07:00:00,36.20000000001165,17.8,15.5,1011.8,5,5.7,9,19,6,7
2018-09-19 08:00:00,40.20000000001165,18.4,15.8,1011.9,5,7.7,9,19,7,8
2018-09-19 09:00:00,41.5,18.1,15.6,1011.9,5,7.7,9,19,1,9
2018-09-19 10:00:00,43.0,19.3,15.7,1011.9,5,8.2,9,19,2,10
2018-09-19 11:00:00,41.400000000023276,22.0,15.2,1011.4,5,10.8,9,19,3,11
2018-09-19 12:00:00,40.70000000001165,22.0,14.9,1011.7,5,12.4,9,19,4,12
2018-09-19 13:00:00,38.0,23.1,13.7,1011.6,5,12.4,9,19,5,13
2018-09-19 14:00:00,37.5,22.4,13.2,1011.5,5,11.8,9,19,6,14
2018-09-19 15:00:00,42.29999999998836,22.4,13.6,1011.7,5,10.3,9,19,7,15
2018-09-19 16:00:00,43.899999999965075,21.3,13.2,1012.1,5,8.8,9,19,1,16
2018-09-19 17:00:00,45.20000000001164,20.5,14.3,1012.6,5,9.8,9,19,2,17
2018-09-19 18:00:00,44.599999999976724,20.1,14.3,1013.0,5,8.8,9,19,3,18
2018-09-19 19:00:00,46.10000000003493,19.6,14.2,1013.5,5,8.2,9,19,4,19
2018-09-19 20:00:00,44.20000000001164,19.4,14.1,1014.1,5,7.7,9,19,5,20
2018-09-19 21:00:00,45.0,16.6,14.8,1014.4,6,6.2,9,19,6,21
2018-09-19 22:00:00,40.20000000001164,16.5,14.3,1014.4,6,6.2,9,19,7,22
2018-09-19 23:00:00,39.79999999998836,16.3,14.6,1014.1,5,4.6,9,19,1,23
2018-09-20 00:00:00,33.69999999995343,16.6,15.4,1013.7,5,3.1,9,20,2,0
2018-09-20 01:00:00,34.199999999953434,17.5,15.5,1013.3,5,5.1,9,20,3,1
2018-09-20 02:00:00,33.29999999998836,17.8,15.1,1012.9,5,5.7,9,20,4,2
2018-09-20 03:00:00,31.300000000046573,18.2,14.8,1012.6,4,6.2,9,20,5,3
2018-09-20 04:00:00,30.59999999997672,18.2,14.7,1012.4,5,7.2,9,20,6,4
2018-09-20 05:00:00,33.19999999995343,17.1,15.3,1012.3,5,7.2,9,20,7,5
2018-09-20 06:00:00,32.600000000034925,17.1,15.5,1012.1,4,5.1,9,20,1,6
2018-09-20 07:00:00,36.900000000023276,17.7,15.0,1012.0,5,6.2,9,20,2,7
2018-09-20 08:00:00,44.099999999976724,18.5,14.7,1011.9,5,7.7,9,20,3,8
2018-09-20 09:00:00,47.0,19.3,15.0,1011.9,5,7.2,9,20,4,9
2018-09-20 10:00:00,47.29999999998836,17.9,16.2,1011.9,5,6.7,9,20,5,10
2018-09-20 11:00:00,45.300000000046566,18.8,15.8,1011.3,5,6.7,9,20,6,11
2018-09-20 12:00:00,44.800000000046566,19.6,14.5,1010.6,4,8.2,9,20,7,12
2018-09-20 13:00:00,45.10000000003493,19.7,14.0,1010.2,5,8.2,9,20,1,13
2018-09-20 14:00:00,42.10000000003493,20.8,13.5,1009.6,5,11.3,9,20,2,14
2018-09-20 15:00:00,42.10000000003493,21.7,13.6,1008.5,5,10.8,9,20,3,15
2018-09-20 16:00:00,44.10000000003493,20.9,13.9,1007.6,5,10.3,9,20,4,16
2018-09-20 17:00:00,49.29999999998836,20.4,13.8,1006.5,5,11.3,9,20,5,17
2018-09-20 18:00:00,47.69999999995344,20.3,14.0,1005.7,5,9.8,9,20,6,18
2018-09-20 19:00:00,43.19999999995344,19.7,14.3,1004.9,5,10.3,9,20,7,19
2018-09-20 20:00:00,41.900000000023276,18.3,15.7,1004.1,5,8.8,9,20,1,20
2018-09-20 21:00:00,40.099999999976724,18.9,15.6,1002.7,4,7.2,9,20,2,21
2018-09-20 22:00:00,38.79999999998836,19.3,15.1,1000.8,4,9.3,9,20,3,22
2018-09-20 23:00:00,35.400000000023276,18.3,15.8,999.2,4,9.8,9,20,4,23
2018-09-21 00:00:00,36.29999999998836,18.5,15.7,997.8,4,10.3,9,21,5,0
2018-09-21 01:00:00,35.5,17.3,16.3,997.1,5,10.3,9,21,6,1
2018-09-21 02:00:00,37.900000000023276,14.7,11.3,998.5,6,10.8,9,21,7,2
2018-09-21 03:00:00,33.80000000004657,13.4,9.6,999.8,5,8.2,9,21,1,3
2018-09-21 04:00:00,30.0,12.6,8.8,1001.4,6,9.3,9,21,2,4
2018-09-21 05:00:00,31.0,12.4,7.2,1002.8,6,8.2,9,21,3,5
2018-09-21 06:00:00,31.200000000011645,11.0,6.8,1004.1,6,7.2,9,21,4,6
2018-09-21 07:00:00,32.5,10.8,6.5,1005.9,6,7.7,9,21,5,7
2018-09-21 08:00:00,40.5,11.9,5.5,1007.1,6,7.7,9,21,6,8
2018-09-21 09:00:00,42.900000000023276,12.9,5.0,1008.3,6,9.3,9,21,7,9
2018-09-21 10:00:00,44.300000000046566,14.5,6.3,1008.7,6,10.3,9,21,1,10
2018-09-21 11:00:00,41.60000000003493,16.1,5.4,1008.9,6,9.8,9,21,2,11
2018-09-21 12:00:00,42.599999999976724,16.1,4.4,1009.3,5,10.8,9,21,3,12
2018-09-21 13:00:00,44.399999999965075,13.0,9.3,1010.6,6,11.8,9,21,4,13
2018-09-21 14:00:00,46.69999999995344,15.8,7.7,1010.5,6,13.4,9,21,5,14
2018-09-21 15:00:00,43.10000000003493,17.1,8.0,1011.1,6,12.4,9,21,6,15
2018-09-21 16:00:00,47.099999999976724,16.4,7.6,1011.6,6,10.8,9,21,7,16
2018-09-21 17:00:00,48.0,16.1,6.3,1012.6,6,9.3,9,21,1,17
2018-09-21 18:00:00,51.70000000001164,14.9,5.6,1014.2,6,8.2,9,21,2,18
2018-09-21 19:00:00,53.29999999998836,14.1,6.2,1015.5,6,7.2,9,21,3,19
2018-09-21 20:00:00,51.099999999976724,13.3,7.0,1016.3,6,7.2,9,21,4,20
2018-09-21 21:00:00,47.70000000001164,12.8,7.8,1017.3,6,5.7,9,21,5,21
2018-09-21 22:00:00,43.099999999976724,12.5,7.8,1017.8,6,6.2,9,21,6,22
2018-09-21 23:00:00,41.400000000023276,11.8,7.5,1018.6,5,5.1,9,21,7,23
2018-09-22 00:00:00,42.50000000000001,11.2,7.4,1018.6,5,4.6,9,22,1,0
2018-09-22 01:00:00,37.5,11.3,7.8,1018.8,5,4.6,9,22,2,1
2018-09-22 02:00:00,35.20000000001164,11.1,8.1,1019.1,5,3.6,9,22,3,2
2018-09-22 03:00:00,33.0,11.5,8.8,1019.3,5,4.1,9,22,4,3
2018-09-22 04:00:00,32.70000000001165,11.6,8.7,1019.0,6,4.1,9,22,5,4
2018-09-22 05:00:00,33.599999999976724,11.6,8.4,1019.0,5,4.1,9,22,6,5
2018-09-22 06:00:00,33.5,11.8,8.6,1019.4,6,4.1,9,22,7,6
2018-09-22 07:00:00,36.400000000023276,11.7,8.9,1019.3,6,3.6,9,22,1,7
2018-09-22 08:00:00,45.29999999998836,12.3,8.8,1019.4,5,4.1,9,22,2,8
2018-09-22 09:00:00,47.29999999998836,13.0,8.8,1019.7,6,4.1,9,22,3,9
2018-09-22 10:00:00,49.79999999998836,12.6,9.5,1019.9,6,4.1,9,22,4,10
2018-09-22 11:00:00,53.70000000001164,11.8,9.0,1019.8,6,4.1,9,22,5,11
2018-09-22 12:00:00,52.899999999965075,11.9,9.4,1019.9,6,3.1,9,22,6,12
2018-09-22 13:00:00,53.20000000001164,12.1,7.5,1018.8,6,1.5,9,22,7,13
2018-09-22 14:00:00,51.900000000023276,11.6,9.5,1018.0,3,2.1,9,22,1,14
2018-09-22 15:00:00,52.10000000003493,11.4,9.8,1017.4,3,3.1,9,22,2,15
2018-09-22 16:00:00,60.099999999976724,10.8,10.0,1016.3,2,4.1,9,22,3,16
2018-09-22 17:00:00,60.20000000001164,10.9,10.4,1015.4,2,3.1,9,22,4,17
2018-09-22 18:00:00,63.79999999998836,10.5,10.1,1014.8,2,3.6,9,22,5,18
2018-09-22 19:00:00,62.099999999976724,10.6,10.1,1014.6,2,3.1,9,22,6,19
2018-09-22 20:00:00,59.5,10.8,10.2,1014.3,1,3.1,9,22,7,20
2018-09-22 21:00:00,57.900000000023276,11.0,10.4,1013.8,1,2.6,9,22,1,21
2018-09-22 22:00:00,59.599999999976724,11.1,10.4,1013.7,1,3.6,9,22,2,22
2018-09-22 23:00:00,50.0,11.1,10.4,1013.9,1,3.1,9,22,3,23
2018-09-23 00:00:00,46.20000000001164,10.8,10.3,1014.0,1,3.1,9,23,4,0
2018-09-23 01:00:00,42.29999999998836,11.0,10.1,1014.1,1,3.6,9,23,5,1
2018-09-23 02:00:00,40.5,10.4,9.9,1013.7,1,3.6,9,23,6,2
2018-09-23 03:00:00,38.30000000004657,10.6,9.3,1013.8,1,3.1,9,23,7,3
2018-09-23 04:00:00,37.30000000004657,10.3,9.5,1013.1,1,2.6,9,23,1,4
2018-09-23 05:00:00,36.5,9.8,8.6,1013.7,1,3.6,9,23,2,5
2018-09-23 06:00:00,34.70000000001164,9.3,8.7,1013.3,1,4.1,9,23,3,6
2018-09-23 07:00:00,41.099999999976724,9.1,8.6,1013.4,1,1.5,9,23,4,7
2018-09-23 08:00:00,50.900000000023276,9.5,9.0,1014.3,0,3.1,9,23,5,8
2018-09-23 09:00:00,57.29999999998836,9.6,9.0,1015.8,0,2.6,9,23,6,9
2018-09-23 10:00:00,62.10000000003493,9.4,7.9,1016.3,0,6.2,9,23,7,10
2018-09-23 11:00:00,60.0,8.9,6.7,1017.7,0,4.1,9,23,1,11
2018-09-23 12:00:00,61.20000000001164,9.5,7.3,1018.6,7,2.1,9,23,2,12
2018-09-23 13:00:00,56.399999999965075,11.0,6.8,1019.6,7,3.1,9,23,3,13
2018-09-23 14:00:00,52.19999999995344,13.0,5.2,1020.3,7,5.7,9,23,4,14
2018-09-23 15:00:00,56.79999999998836,14.4,4.5,1021.0,7,5.1,9,23,5,15
2018-09-23 16:00:00,50.599999999976724,13.8,2.6,1022.3,7,6.2,9,23,6,16
2018-09-23 17:00:00,57.599999999976724,13.8,2.1,1023.3,0,4.6,9,23,7,17
2018-09-23 18:00:00,67.20000000001164,12.0,3.2,1025.0,7,2.6,9,23,1,18
2018-09-23 19:00:00,67.30000000004655,11.0,5.2,1026.8,7,2.6,9,23,2,19
2018-09-23 20:00:00,63.0,10.5,5.7,1028.4,7,2.6,9,23,3,20
2018-09-23 21:00:00,59.0,10.6,6.0,1029.6,0,2.6,9,23,4,21
2018-09-23 22:00:00,52.70000000001164,10.856556595468387,6.179784411769202,1030.6448419231644,0,2.626551412141993,9,23,5,22
2018-09-23 23:00:00,45.79999999998836,11.186446486047801,6.203211504231066,1031.5816001574212,0,2.672507776912992,9,23,6,23
2018-09-24 00:00:00,47.29999999998836,11.589669671738243,6.07028127738559,1032.41027470277,0,2.7378690943129964,9,24,7,0
2018-09-24 01:00:00,43.70000000001164,12.066226152539713,5.780993731232777,1033.130865559212,0,2.8226353643420063,9,24,1,1
2018-09-24 02:00:00,49.5,12.616115928452208,5.33534886577262,1033.7433727267455,0,2.926806587000021,9,24,2,2
2018-09-24 03:00:00,47.79999999998836,13.239338999475734,4.733346681005127,1034.247796205372,0,3.0503827622870427,9,24,3,3
2018-09-24 04:00:00,38.5,13.935895365610286,3.9749871769302927,1034.644135995091,0,3.19336389020307,9,24,4,4
2018-09-24 05:00:00,39.400000000023276,14.705785026855867,3.06027035354812,1034.9323920959018,7,3.3557499707481027,9,24,5,5
2018-09-24 06:00:00,40.10000000003493,15.54900798321248,1.9891962108586096,1035.1125645078057,6,3.5375410039221418,9,24,6,6
2018-09-24 07:00:00,54.5,16.465564234680116,0.7617647488617583,1035.1846532308011,6,3.738736989725186,9,24,7,7
2018-09-24 08:00:00,58.899999999965075,17.415572419630315,-0.569734770747673,1035.1689664151936,5,3.947699334717161,9,24,1,8
2018-09-24 09:00:00,55.099999999976724,18.15974436829231,-1.6915667778011445,1035.1873529628078,4,4.094596478257618,9,24,2,9
2018-09-24 10:00:00,46.899999999965075,18.658198719037628,-2.551442010603894,1035.2601210239477,4,4.167789826906478,9,24,3,10
2018-09-24 11:00:00,47.70000000001164,18.91093547186628,-3.1493604691559263,1035.3872705986137,3,4.167279380663747,9,24,4,11
2018-09-24 12:00:00,47.900000000023276,18.917954626778254,-3.485322153457238,1035.5688016868055,3,4.093065139529423,9,24,5,12
2018-09-24 13:00:00,47.400000000023276,18.679256183773557,-3.5593270635078293,1035.8047142885232,4,3.945147103503504,9,24,6,13
2018-09-24 14:00:00,48.79999999998836,18.1948401428522,-3.371375199307704,1036.0950084037672,4,3.723525272585992,9,24,7,14
2018-09-24 15:00:00,51.29999999998836,17.464706504014153,-2.9214665608568566,1036.4396840325362,5,3.4281996467768834,9,24,1,15
2018-09-24 16:00:00,60.0,16.488855267259442,-2.2096011481552913,1036.8387411748317,5,3.0591702260761826,9,24,2,16
2018-09-24 17:00:00,63.69999999995345,15.267286432588058,-1.2357789612030048,1037.2921798306531,7,2.6164370104838888,9,24,3,17
2018-09-24 18:00:00,71.29999999998836,13.8,0.0,1037.8,0,2.1,9,24,4,18
2018-09-24 19:00:00,71.40000000002328,12.2,1.3,1038.3,0,1.5,9,24,5,19
2018-09-24 20:00:00,65.5,11.1,1.8,1038.5,0,1.0,9,24,6,20
2018-09-24 21:00:00,64.0,10.1,2.8,1038.8,0,1.5,9,24,7,21
2018-09-24 22:00:00,60.5,8.2,2.7,1039.1,6,0.5,9,24,1,22
2018-09-24 23:00:00,60.5,7.6,4.4,1039.2,0,0.5,9,24,2,23
2018-09-25 00:00:00,50.70000000001164,6.2,4.2,1039.3,0,1.0,9,25,3,0
2018-09-25 01:00:00,50.0,6.0,3.9,1039.2,0,1.5,9,25,4,1
2018-09-25 02:00:00,48.0,5.4,3.5,1039.0,7,1.0,9,25,5,2
2018-09-25 03:00:00,40.599999999976724,4.7,3.5,1038.9,0,1.0,9,25,6,3
2018-09-25 04:00:00,40.400000000023276,4.8,3.6,1038.8,7,1.0,9,25,7,4
2018-09-25 05:00:00,38.79999999998836,4.1,2.9,1038.9,0,0.5,9,25,1,5
2018-09-25 06:00:00,40.70000000001165,4.4,3.4,1038.6,7,1.0,9,25,2,6
2018-09-25 07:00:00,50.0,5.2,3.6,1038.8,7,1.5,9,25,3,7
2018-09-25 08:00:00,56.19999999995344,8.0,4.6,1039.1,1,1.5,9,25,4,8
2018-09-25 09:00:00,57.800000000046566,11.9,5.3,1039.5,2,0.5,9,25,5,9
2018-09-25 10:00:00,56.399999999965075,14.5,4.2,1039.4,4,1.5,9,25,6,10
2018-09-25 11:00:00,54.5,15.0,5.4,1039.1,4,2.6,9,25,7,11
2018-09-25 12:00:00,54.399999999965075,17.2,6.6,1038.5,4,2.6,9,25,1,12
2018-09-25 13:00:00,49.599999999976724,17.7,5.8,1037.7,4,4.1,9,25,2,13
2018-09-25 14:00:00,49.0,17.4,4.6,1036.9,4,4.6,9,25,3,14
2018-09-25 15:00:00,52.5,17.0,4.9,1036.2,4,4.6,9,25,4,15
2018-09-25 16:00:00,56.0,16.9,4.8,1035.8,4,4.6,9,25,5,16
2018-09-25 17:00:00,64.89999999996508,15.8,4.9,1035.9,4,4.1,9,25,6,17
2018-09-25 18:00:00,69.09999999997672,14.4,4.5,1035.7,4,4.6,9,25,7,18
2018-09-25 19:00:00,70.5,13.4,4.2,1035.7,4,4.1,9,25,1,19
2018-09-25 20:00:00,69.20000000001164,12.4,4.7,1035.9,4,3.1,9,25,2,20
2018-09-25 21:00:00,61.79999999998836,11.6,5.2,1035.8,4,3.1,9,25,3,21
2018-09-25 22:00:00,58.400000000023276,10.5,5.0,1035.8,5,2.1,9,25,4,22
2018-09-25 23:00:00,55.5,9.0,5.8,1035.2,4,2.1,9,25,5,23
2018-09-26 00:00:00,48.29999999998836,8.7,5.3,1035.0,5,1.5,9,26,6,0
2018-09-26 01:00:00,47.5,7.7,5.5,1034.7,5,1.5,9,26,7,1
2018-09-26 02:00:00,44.29999999998836,8.1,5.8,1034.4,4,2.1,9,26,1,2
2018-09-26 03:00:00,38.20000000001164,7.3,5.2,1033.9,6,2.1,9,26,2,3
2018-09-26 04:00:00,34.900000000023276,7.4,5.5,1033.5,5,1.0,9,26,3,4
2018-09-26 05:00:00,35.70000000001165,6.8,5.2,1033.2,6,1.5,9,26,4,5
2018-09-26 06:00:00,38.400000000023276,7.2,5.5,1033.1,7,1.0,9,26,5,6
2018-09-26 07:00:00,48.10000000003493,8.1,6.3,1033.3,0,0.5,9,26,6,7
2018-09-26 08:00:00,57.400000000023276,11.0,7.8,1033.4,5,1.5,9,26,7,8
2018-09-26 09:00:00,57.0,13.9,9.0,1033.6,6,3.1,9,26,1,9
2018-09-26 10:00:00,55.79999999998836,16.1,9.3,1033.5,5,3.6,9,26,2,10
2018-09-26 11:00:00,53.300000000046566,18.3,7.8,1033.2,6,4.1,9,26,3,11
2018-09-26 12:00:00,50.20000000001164,19.8,6.8,1033.0,6,3.6,9,26,4,12
2018-09-26 13:00:00,50.69999999995344,21.7,5.6,1032.2,5,3.6,9,26,5,13
2018-09-26 14:00:00,48.79999999998836,21.9,4.6,1032.0,6,3.6,9,26,6,14
2018-09-26 15:00:00,49.69999999995344,22.5,3.8,1031.5,6,3.1,9,26,7,15
2018-09-26 16:00:00,53.79999999998836,22.5,2.7,1030.9,5,3.6,9,26,1,16
2018-09-26 17:00:00,63.0,21.4,3.1,1030.9,5,3.1,9,26,2,17
2018-09-26 18:00:00,68.40000000002328,19.8,4.5,1030.9,5,3.1,9,26,3,18
2018-09-26 19:00:00,66.09999999997672,18.4,5.3,1031.2,5,2.6,9,26,4,19
2018-09-26 20:00:00,65.29999999998836,17.8,5.6,1031.5,5,2.1,9,26,5,20
2018-09-26 21:00:00,58.899999999965075,15.4,8.6,1031.6,5,2.6,9,26,6,21
2018-09-26 22:00:00,56.900000000023276,14.7,9.6,1031.5,5,2.6,9,26,7,22
2018-09-26 23:00:00,54.599999999976724,13.5,10.9,1031.4,5,2.6,9,26,1,23
2018-09-27 00:00:00,41.5,12.8,10.6,1031.0,5,2.6,9,27,2,0
2018-09-27 01:00:00,43.79999999998836,12.0,10.3,1030.5,5,1.5,9,27,3,1
2018-09-27 02:00:00,41.60000000003493,12.0,10.4,1030.1,5,1.5,9,27,4,2
2018-09-27 03:00:00,38.29999999998836,11.6,9.5,1029.7,5,2.1,9,27,5,3
2018-09-27 04:00:00,36.20000000001164,10.4,8.8,1029.1,5,1.5,9,27,6,4
2018-09-27 05:00:00,34.900000000023276,9.6,8.4,1028.7,4,1.0,9,27,7,5
2018-09-27 06:00:00,36.900000000023276,9.3,8.6,1028.4,0,0.0,9,27,1,6
2018-09-27 07:00:00,45.29999999998836,10.3,9.5,1028.3,0,0.5,9,27,2,7
2018-09-27 08:00:00,56.099999999976724,12.1,10.0,1028.2,0,1.0,9,27,3,8
2018-09-27 09:00:00,58.19999999995344,15.3,9.0,1027.8,5,2.6,9,27,4,9
2018-09-27 10:00:00,52.10000000003493,17.2,10.5,1027.2,5,3.1,9,27,5,10
2018-09-27 11:00:00,47.599999999976724,19.3,10.3,1026.4,5,3.1,9,27,6,11
2018-09-27 12:00:00,51.20000000001164,21.0,9.3,1025.8,6,4.1,9,27,7,12
2018-09-27 13:00:00,50.399999999965075,22.2,7.2,1024.8,6,4.6,9,27,1,13
2018-09-27 14:00:00,53.60000000003493,22.5,2.9,1024.2,6,5.1,9,27,2,14
2018-09-27 15:00:00,51.0,22.8,3.5,1023.8,6,4.6,9,27,3,15
2018-09-27 16:00:00,53.5,22.5,6.6,1023.4,6,4.6,9,27,4,16
2018-09-27 17:00:00,67.79999999998836,22.3,5.0,1023.3,6,3.6,9,27,5,17
2018-09-27 18:00:00,76.09999999997672,20.4,4.4,1023.4,6,2.6,9,27,6,18
2018-09-27 19:00:00,70.29999999998836,18.7,4.3,1023.8,6,1.5,9,27,7,19
2018-09-27 20:00:00,64.90000000002328,16.9,5.4,1024.0,6,2.6,9,27,1,20
2018-09-27 21:00:00,61.0,15.6,4.5,1024.2,7,1.0,9,27,2,21
2018-09-27 22:00:00,58.10000000003493,15.3,6.4,1024.7,0,3.1,9,27,3,22
2018-09-27 23:00:00,49.20000000001164,14.1,6.4,1025.2,0,1.5,9,27,4,23
2018-09-28 00:00:00,42.699999999953434,13.2,7.2,1025.8,0,1.0,9,28,5,0
2018-09-28 01:00:00,39.900000000023276,12.5,8.6,1026.2,0,1.0,9,28,6,1
2018-09-28 02:00:00,46.70000000001164,12.8,9.6,1026.2,0,1.5,9,28,7,2
2018-09-28 03:00:00,47.0,13.5,10.4,1026.2,0,2.6,9,28,1,3
2018-09-28 04:00:00,41.0,13.4,10.5,1026.4,1,4.1,9,28,2,4
2018-09-28 05:00:00,37.0,12.9,9.7,1027.2,0,4.1,9,28,3,5
2018-09-28 06:00:00,38.599999999976724,12.4,9.5,1028.1,0,3.6,9,28,4,6
2018-09-28 07:00:00,45.399999999965075,12.5,9.2,1029.0,1,3.1,9,28,5,7
2018-09-28 08:00:00,50.899999999965075,12.8,8.4,1029.9,1,3.6,9,28,6,8
2018-09-28 09:00:00,49.300000000046566,13.4,7.8,1030.8,1,4.6,9,28,7,9
2018-09-28 10:00:00,50.0,15.0,6.4,1031.0,1,5.7,9,28,1,10
2018-09-28 11:00:00,52.599999999976724,14.8,6.6,1031.4,1,5.1,9,28,2,11
2018-09-28 12:00:00,57.69999999995344,16.0,5.8,1031.2,1,5.7,9,28,3,12
2018-09-28 13:00:00,54.5,16.4,4.7,1030.9,1,5.1,9,28,4,13
2018-09-28 14:00:00,53.5,17.0,3.9,1030.7,1,4.1,9,28,5,14
2018-09-28 15:00:00,54.899999999965075,16.2,2.7,1030.8,1,4.6,9,28,6,15
2018-09-28 16:00:00,58.70000000001164,16.1,3.4,1030.9,0,4.6,9,28,7,16
2018-09-28 17:00:00,66.09999999997672,15.5,2.3,1031.1,1,4.1,9,28,1,17
2018-09-28 18:00:00,68.70000000001164,14.0,3.1,1031.7,1,3.1,9,28,2,18
2018-09-28 19:00:00,67.20000000001164,12.8,3.4,1032.1,1,3.6,9,28,3,19
2018-09-28 20:00:00,60.300000000046566,11.7,3.9,1032.6,1,3.1,9,28,4,20
2018-09-28 21:00:00,59.79999999998836,11.0,4.2,1033.1,1,3.1,9,28,5,21
2018-09-28 22:00:00,56.5,10.1,4.2,1032.9,1,2.6,9,28,6,22
2018-09-28 23:00:00,57.29999999998836,9.2,4.3,1032.9,1,1.5,9,28,7,23
2018-09-29 00:00:00,46.29999999998836,8.6,4.5,1032.8,1,1.5,9,29,1,0
2018-09-29 01:00:00,42.899999999965075,7.8,4.5,1032.6,0,1.5,9,29,2,1
2018-09-29 02:00:00,40.79999999998836,6.8,4.3,1032.2,0,1.5,9,29,3,2
2018-09-29 03:00:00,39.79999999998836,6.3,4.3,1031.8,0,1.0,9,29,4,3
2018-09-29 04:00:00,35.79999999998835,6.2,4.3,1031.4,0,1.5,9,29,5,4
2018-09-29 05:00:00,35.599999999976724,5.7,4.1,1031.1,1,1.5,9,29,6,5
2018-09-29 06:00:00,35.29999999998836,5.7,4.4,1031.1,7,1.5,9,29,7,6
2018-09-29 07:00:00,39.900000000023276,5.8,4.3,1031.2,7,1.0,9,29,1,7
2018-09-29 08:00:00,45.79999999998836,8.1,5.7,1030.8,7,1.0,9,29,2,8
2018-09-29 09:00:00,46.79999999998836,10.9,6.5,1030.4,6,1.0,9,29,3,9
2018-09-29 10:00:00,45.70000000001164,14.3,6.4,1029.9,2,1.5,9,29,4,10
2018-09-29 11:00:00,50.400000000023276,15.5,6.9,1029.2,5,1.5,9,29,5,11
2018-09-29 12:00:00,55.0,16.1,5.5,1028.4,4,2.6,9,29,6,12
2018-09-29 13:00:00,56.5,17.3,4.7,1027.5,5,2.1,9,29,7,13
2018-09-29 14:00:00,51.20000000001164,18.0,5.3,1026.7,6,2.6,9,29,1,14
2018-09-29 15:00:00,53.20000000001164,17.4,3.7,1025.6,7,1.5,9,29,2,15
2018-09-29 16:00:00,54.79999999998836,17.5,5.2,1024.7,6,1.5,9,29,3,16
2018-09-29 17:00:00,61.0,17.0,5.2,1024.4,6,1.5,9,29,4,17
2018-09-29 18:00:00,63.70000000001164,15.4,4.8,1024.3,7,2.1,9,29,5,18
2018-09-29 19:00:00,59.79999999998836,14.2,4.8,1024.1,7,1.5,9,29,6,19
2018-09-29 20:00:00,58.29999999998836,12.3,5.2,1023.8,7,1.0,9,29,7,20
2018-09-29 21:00:00,54.0,11.2,5.9,1023.3,7,1.5,9,29,1,21
2018-09-29 22:00:00,55.399999999965075,10.8,6.1,1022.9,7,0.5,9,29,2,22
2018-09-29 23:00:00,52.29999999998836,8.9,7.1,1022.7,5,2.1,9,29,3,23
2018-09-30 00:00:00,46.19999999995344,8.3,6.4,1022.3,6,1.0,9,30,4,0
2018-09-30 01:00:00,40.80000000004657,7.5,5.7,1022.1,6,1.5,9,30,5,1
2018-09-30 02:00:00,40.79999999998836,7.7,5.6,1021.7,6,2.1,9,30,6,2
2018-09-30 03:00:00,37.899999999965075,7.0,5.8,1021.2,6,2.1,9,30,7,3
2018-09-30 04:00:00,35.5,6.6,5.0,1020.8,6,1.5,9,30,1,4
2018-09-30 05:00:00,33.099999999976724,6.6,5.4,1020.7,6,2.6,9,30,2,5
2018-09-30 06:00:00,35.599999999976724,6.3,5.2,1020.7,6,1.5,9,30,3,6
2018-09-30 07:00:00,35.100000000034925,6.3,5.4,1020.6,6,1.5,9,30,4,7
2018-09-30 08:00:00,44.29999999998836,8.2,6.2,1020.6,6,2.6,9,30,5,8
2018-09-30 09:00:00,47.0,11.1,6.8,1020.4,6,2.6,9,30,6,9
2018-09-30 10:00:00,45.29999999998836,13.0,6.1,1020.2,6,3.1,9,30,7,10
2018-09-30 11:00:00,49.10000000003493,14.6,6.8,1019.6,7,2.6,9,30,1,11
2018-09-30 12:00:00,56.099999999976724,14.4,6.7,1019.4,7,2.6,9,30,2,12
2018-09-30 13:00:00,55.10000000003493,15.2,7.4,1019.1,7,3.1,9,30,3,13
2018-09-30 14:00:00,55.20000000001164,15.2,7.4,1019.0,0,3.1,9,30,4,14
2018-09-30 15:00:00,54.19999999995344,14.6,7.1,1019.1,7,3.1,9,30,5,15
2018-09-30 16:00:00,59.099999999976724,14.9,6.4,1018.9,7,4.6,9,30,6,16
2018-09-30 17:00:00,68.29999999998836,14.1,5.8,1019.2,7,3.6,9,30,7,17
2018-09-30 18:00:00,69.69999999995345,13.4,5.6,1019.9,7,3.1,9,30,1,18
2018-09-30 19:00:00,71.90000000002328,12.9,4.4,1020.2,7,3.1,9,30,2,19
2018-09-30 20:00:00,65.30000000004657,12.3,3.7,1020.5,7,2.6,9,30,3,20
2018-09-30 21:00:00,62.300000000046566,11.2,3.4,1021.2,7,3.1,9,30,4,21
2018-09-30 22:00:00,61.099999999976724,10.4,3.6,1021.4,7,4.1,9,30,5,22
2018-09-30 23:00:00,53.5,9.9,4.4,1021.8,7,4.1,9,30,6,23
2018-10-01 00:00:00,48.19999999995344,9.4,4.9,1022.1,7,4.1,10,1,7,0
2018-10-01 01:00:00,39.5,8.9,5.0,1022.7,7,3.1,10,1,1,1
2018-10-01 02:00:00,36.900000000023276,8.4,5.2,1023.0,7,3.6,10,1,2,2
2018-10-01 03:00:00,33.099999999976724,7.8,5.0,1023.4,7,3.1,10,1,3,3
2018-10-01 04:00:00,31.800000000046573,7.4,4.9,1023.7,7,2.6,10,1,4,4
2018-10-01 05:00:00,34.5,7.1,4.6,1024.4,7,2.1,10,1,5,5
2018-10-01 06:00:00,37.199999999953434,7.0,4.5,1025.3,7,2.6,10,1,6,6
2018-10-01 07:00:00,48.400000000023276,7.3,4.4,1026.0,7,2.1,10,1,7,7
2018-10-01 08:00:00,60.800000000046566,9.1,4.4,1026.9,7,3.1,10,1,1,8
2018-10-01 09:00:00,57.70000000001164,10.5,4.0,1027.4,0,4.6,10,1,2,9
2018-10-01 10:00:00,54.0,11.8,3.7,1027.9,7,4.1,10,1,3,10
2018-10-01 11:00:00,53.0,12.8,2.5,1027.8,7,3.6,10,1,4,11
2018-10-01 12:00:00,51.10000000003493,13.0,2.0,1027.471873105419,7,3.6,10,1,5,12
2018-10-01 13:00:00,48.599999999976724,14.0,2.0,1027.2,7,4.6,10,1,6,13
2018-10-01 14:00:00,52.099999999976724,13.9,1.3,1027.1,7,5.7,10,1,7,14
2018-10-01 15:00:00,54.599999999976724,14.6,1.8,1026.7,7,3.1,10,1,1,15
2018-10-01 16:00:00,61.100000000034896,14.4,3.0,1026.2,7,4.1,10,1,2,16
2018-10-01 17:00:00,71.09999999997672,14.2,2.3,1026.0,7,4.1,10,1,3,17
2018-10-01 18:00:00,78.89999999996508,13.8,3.3,1025.9,6,2.6,10,1,4,18
2018-10-01 19:00:00,82.90000000002328,13.3,3.9,1025.7,6,3.6,10,1,5,19
2018-10-01 20:00:00,77.29999999998836,13.1,4.6,1025.4,6,4.1,10,1,6,20
2018-10-01 21:00:00,79.20000000001164,12.7,5.7,1024.6,6,5.1,10,1,7,21
2018-10-01 22:00:00,71.60000000003492,11.9,5.4,1024.6,6,4.6,10,1,1,22
2018-10-01 23:00:00,62.29999999998836,11.2,5.8,1024.3,6,5.7,10,1,2,23
2018-10-02 00:00:00,50.60000000003493,10.8,5.2,1023.4,6,6.7,10,2,3,0
2018-10-02 01:00:00,45.29999999998836,10.6,5.1,1022.3,6,4.6,10,2,4,1
2018-10-02 02:00:00,39.29999999998836,10.8,5.8,1021.3,5,4.6,10,2,5,2
2018-10-02 03:00:00,34.70000000001165,10.8,6.5,1020.9,6,6.2,10,2,6,3
2018-10-02 04:00:00,33.80000000004657,11.2,7.4,1020.1,6,6.2,10,2,7,4
2018-10-02 05:00:00,32.70000000001165,11.6,8.4,1019.7,5,5.1,10,2,1,5
2018-10-02 06:00:00,35.400000000023276,12.9,10.2,1019.5,6,5.7,10,2,2,6
2018-10-02 07:00:00,52.599999999976724,13.3,10.7,1019.6,5,4.1,10,2,3,7
2018-10-02 08:00:00,62.300000000046566,15.3,12.2,1019.7,6,4.6,10,2,4,8
2018-10-02 09:00:00,57.400000000023276,16.7,12.4,1019.9,6,5.7,10,2,5,9
2018-10-02 10:00:00,56.099999999976724,17.6,12.3,1020.2,6,6.7,10,2,6,10
2018-10-02 11:00:00,56.5,19.0,12.4,1020.2,6,7.7,10,2,7,11
2018-10-02 12:00:00,53.599999999976724,19.2,12.5,1020.1,6,7.2,10,2,1,12
2018-10-02 13:00:00,54.79999999998836,19.4,12.6,1020.0,7,5.7,10,2,2,13
2018-10-02 14:00:00,54.20000000001164,19.9,12.2,1020.2,7,6.2,10,2,3,14
2018-10-02 15:00:00,50.900000000023276,19.8,11.5,1020.3,6,5.7,10,2,4,15
2018-10-02 16:00:00,59.70000000001164,19.3,11.5,1020.6,6,6.2,10,2,5,16
2018-10-02 17:00:00,68.40000000002328,18.5,11.7,1021.1,7,4.6,10,2,6,17
2018-10-02 18:00:00,69.70000000001164,18.1,11.3,1021.4,6,5.1,10,2,7,18
2018-10-02 19:00:00,71.5,17.4,11.3,1022.0,6,4.1,10,2,1,19
2018-10-02 20:00:00,68.09999999997672,16.7,11.9,1022.8,6,4.1,10,2,2,20
2018-10-02 21:00:00,65.10000000003492,16.5,11.9,1022.9,6,4.6,10,2,3,21
2018-10-02 22:00:00,64.29999999998836,15.9,11.9,1023.0,6,4.1,10,2,4,22
2018-10-02 23:00:00,59.70000000001164,15.6,11.6,1023.3,6,4.6,10,2,5,23
2018-10-03 00:00:00,45.29999999998836,15.5,11.7,1023.7,6,4.6,10,3,6,0
2018-10-03 01:00:00,42.20000000001164,15.3,11.4,1024.1,6,4.1,10,3,7,1
2018-10-03 02:00:00,37.099999999976724,14.9,11.4,1024.5,7,3.1,10,3,1,2
2018-10-03 03:00:00,34.900000000023276,14.6,11.3,1024.9,7,3.1,10,3,2,3
2018-10-03 04:00:00,34.0,13.3,10.8,1025.4,7,1.5,10,3,3,4
2018-10-03 05:00:00,33.0,11.9,10.6,1025.9,5,3.1,10,3,4,5
2018-10-03 06:00:00,35.70000000001165,12.2,10.5,1026.1,6,3.1,10,3,5,6
2018-10-03 07:00:00,52.5,12.8,10.8,1026.8,6,2.6,10,3,6,7
2018-10-03 08:00:00,61.0,14.3,11.7,1027.3,6,2.1,10,3,7,8
2018-10-03 09:00:00,55.900000000023276,15.9,11.2,1027.7,6,5.1,10,3,1,9
2018-10-03 10:00:00,50.20000000001164,16.8,10.2,1028.0,6,4.6,10,3,2,10
2018-10-03 11:00:00,53.20000000001164,16.1,9.7,1028.4,7,4.1,10,3,3,11
2018-10-03 12:00:00,61.20000000001164,16.6,9.9,1028.4,7,3.1,10,3,4,12
2018-10-03 13:00:00,60.70000000001164,17.2,10.4,1028.1,6,4.6,10,3,5,13
2018-10-03 14:00:00,54.800000000046566,18.1,10.6,1027.7,6,4.1,10,3,6,14
2018-10-03 15:00:00,54.19999999995344,18.9,10.1,1027.0,6,4.1,10,3,7,15
2018-10-03 16:00:00,60.899999999965075,19.1,10.1,1026.8,6,3.1,10,3,1,16
2018-10-03 17:00:00,60.800000000046566,18.5,10.4,1026.7,6,3.6,10,3,2,17
2018-10-03 18:00:00,70.60000000003492,17.4,10.6,1027.0,6,1.5,10,3,3,18
2018-10-03 19:00:00,67.39999999996508,16.6,10.7,1027.4,6,1.5,10,3,4,19
2018-10-03 20:00:00,61.300000000046566,15.8,11.0,1027.3,5,2.6,10,3,5,20
2018-10-03 21:00:00,59.20000000001164,15.2,11.5,1027.4,5,2.6,10,3,6,21
2018-10-03 22:00:00,59.800000000046566,14.6,11.8,1027.3,6,3.6,10,3,7,22
2018-10-03 23:00:00,50.5,12.4,11.0,1027.2,5,2.6,10,3,1,23
2018-10-04 00:00:00,44.79999999998836,12.4,11.2,1027.2,5,3.1,10,4,2,0
2018-10-04 01:00:00,46.0,11.4,10.3,1027.1,5,2.1,10,4,3,1
2018-10-04 02:00:00,44.099999999976724,11.4,10.5,1026.7,6,2.6,10,4,4,2
2018-10-04 03:00:00,37.29999999998836,11.2,10.8,1026.6,6,3.1,10,4,5,3
2018-10-04 04:00:00,34.29999999998835,11.0,10.6,1026.3,6,2.1,10,4,6,4
2018-10-04 05:00:00,34.79999999998835,10.9,10.5,1026.1,6,2.6,10,4,7,5
2018-10-04 06:00:00,36.099999999976724,11.3,11.1,1025.9,6,2.1,10,4,1,6
2018-10-04 07:00:00,52.5,11.7,11.4,1026.1,5,2.6,10,4,2,7
2018-10-04 08:00:00,56.300000000046566,11.9,11.4,1026.2,4,3.1,10,4,3,8
2018-10-04 09:00:00,57.10000000003493,12.4,11.6,1026.3,5,3.6,10,4,4,9
2018-10-04 10:00:00,55.5,13.3,11.8,1026.0,4,3.6,10,4,5,10
2018-10-04 11:00:00,54.0,14.3,12.0,1025.6,4,3.1,10,4,6,11
2018-10-04 12:00:00,60.70000000001164,15.7,12.8,1025.0,4,2.6,10,4,7,12
2018-10-04 13:00:00,55.900000000023276,17.3,12.7,1024.4,5,4.6,10,4,1,13
2018-10-04 14:00:00,52.60000000003493,17.7,12.3,1024.0,5,5.1,10,4,2,14
2018-10-04 15:00:00,53.20000000001164,17.4,12.4,1023.3,4,5.1,10,4,3,15
2018-10-04 16:00:00,54.60000000003493,16.8,12.2,1022.7,4,4.6,10,4,4,16
2018-10-04 17:00:00,60.800000000046566,16.3,12.4,1022.3,5,3.6,10,4,5,17
2018-10-04 18:00:00,70.89999999996508,15.4,12.0,1022.0,4,4.1,10,4,6,18
2018-10-04 19:00:00,73.20000000001164,14.9,11.8,1022.0,5,3.6,10,4,7,19
2018-10-04 20:00:00,68.59999999997672,14.9,11.8,1021.7,5,3.1,10,4,1,20
2018-10-04 21:00:00,62.400000000023276,14.6,11.6,1021.6,5,4.6,10,4,2,21
2018-10-04 22:00:00,57.29999999998836,14.6,11.7,1021.2,5,4.1,10,4,3,22
2018-10-04 23:00:00,52.70000000001164,13.9,11.6,1020.8,4,2.6,10,4,4,23
2018-10-05 00:00:00,46.0,14.0,11.8,1020.2,5,3.1,10,5,5,0
2018-10-05 01:00:00,44.5,13.8,11.9,1020.1,5,3.6,10,5,6,1
2018-10-05 02:00:00,49.10000000003493,13.9,12.3,1019.4,5,3.1,10,5,7,2
2018-10-05 03:00:00,42.899999999965075,13.3,11.5,1018.5,3,1.5,10,5,1,3
2018-10-05 04:00:00,36.79999999998836,12.8,11.6,1017.9,3,1.5,10,5,2,4
2018-10-05 05:00:00,36.60000000003493,12.8,11.7,1017.4,2,1.0,10,5,3,5
2018-10-05 06:00:00,37.199999999953434,12.8,12.3,1017.3,1,1.0,10,5,4,6
2018-10-05 07:00:00,44.399999999965075,13.2,12.7,1017.2,1,1.0,10,5,5,7
2018-10-05 08:00:00,55.099999999976724,13.2,12.5,1017.2,3,3.1,10,5,6,8
2018-10-05 09:00:00,50.0,13.8,12.6,1016.7,3,2.6,10,5,7,9
2018-10-05 10:00:00,50.20000000001164,14.1,12.7,1016.3,3,3.1,10,5,1,10
2018-10-05 11:00:00,45.800000000046566,15.3,12.7,1015.8,4,1.5,10,5,2,11
2018-10-05 12:00:00,52.599999999976724,17.9,13.4,1015.3,4,1.5,10,5,3,12
2018-10-05 13:00:00,51.899999999965075,20.0,13.4,1014.4,4,2.1,10,5,4,13
2018-10-05 14:00:00,51.70000000001164,20.8,12.7,1013.6,5,2.1,10,5,5,14
2018-10-05 15:00:00,54.10000000003493,20.6,11.8,1013.1,5,3.1,10,5,6,15
2018-10-05 16:00:00,60.70000000001164,20.3,12.5,1012.6,5,2.1,10,5,7,16
2018-10-05 17:00:00,60.70000000001164,18.9,13.3,1012.6,7,2.1,10,5,1,17
2018-10-05 18:00:00,65.69999999995345,17.8,13.1,1012.6,1,1.0,10,5,2,18
2018-10-05 19:00:00,60.899999999965075,17.4,13.0,1012.5,1,1.0,10,5,3,19
2018-10-05 20:00:00,57.0,17.6,12.8,1012.2,5,2.6,10,5,4,20
2018-10-05 21:00:00,55.399999999965075,16.2,12.4,1012.2,5,2.6,10,5,5,21
2018-10-05 22:00:00,56.400000000023276,15.0,12.3,1011.9,5,2.1,10,5,6,22
2018-10-05 23:00:00,48.79999999998836,13.4,11.3,1011.4,5,1.5,10,5,7,23
2018-10-06 00:00:00,49.20000000001164,13.1,11.6,1011.4,6,1.5,10,6,1,0
2018-10-06 01:00:00,43.79999999998836,11.5,10.8,1010.8,5,0.5,10,6,2,1
2018-10-06 02:00:00,40.400000000023276,11.7,11.2,1010.0,5,0.5,10,6,3,2
2018-10-06 03:00:00,37.900000000023276,11.4,11.1,1009.6,5,1.5,10,6,4,3
2018-10-06 04:00:00,33.0,12.1,11.6,1009.5,6,1.0,10,6,5,4
2018-10-06 05:00:00,32.400000000023276,11.9,11.5,1009.0,1,2.6,10,6,6,5
2018-10-06 06:00:00,34.5,12.2,11.5,1008.9,0,2.1,10,6,7,6
2018-10-06 07:00:00,37.599999999976724,12.0,11.3,1009.1,1,3.6,10,6,1,7
2018-10-06 08:00:00,42.79999999998836,11.4,10.0,1009.7,1,3.6,10,6,2,8
2018-10-06 09:00:00,47.79999999998836,10.3,8.4,1009.9,0,4.1,10,6,3,9
2018-10-06 10:00:00,52.400000000023276,9.8,8.3,1010.5,0,4.1,10,6,4,10
2018-10-06 11:00:00,62.19999999995345,9.5,8.7,1010.4,0,4.6,10,6,5,11
2018-10-06 12:00:00,62.599999999976724,9.4,8.2,1010.5,0,4.6,10,6,6,12
2018-10-06 13:00:00,65.90000000002328,9.2,8.0,1010.6,0,4.1,10,6,7,13
2018-10-06 14:00:00,65.90000000002328,9.0,7.7,1011.3,0,5.1,10,6,1,14
2018-10-06 15:00:00,66.09999999997672,9.1,7.9,1011.5,0,4.6,10,6,2,15
2018-10-06 16:00:00,65.20000000001164,9.1,7.9,1011.8,0,5.7,10,6,3,16
2018-10-06 17:00:00,75.19999999995345,9.1,7.4,1012.7,1,6.2,10,6,4,17
2018-10-06 18:00:00,78.10000000003492,9.1,7.4,1013.8,0,5.1,10,6,5,18
2018-10-06 19:00:00,75.0,9.3,7.1,1014.6,1,5.7,10,6,6,19
2018-10-06 20:00:00,70.90000000002328,9.2,6.8,1016.0,0,4.1,10,6,7,20
2018-10-06 21:00:00,70.09999999997672,9.0,6.9,1016.9,0,5.1,10,6,1,21
2018-10-06 22:00:00,64.10000000003491,8.6,6.4,1017.5,0,4.6,10,6,2,22
2018-10-06 23:00:00,58.300000000046566,8.2,5.6,1018.0,0,4.6,10,6,3,23
2018-10-07 00:00:00,53.29999999998836,7.9,4.8,1018.1,0,4.1,10,7,4,0
2018-10-07 01:00:00,57.399999999965075,7.3,4.4,1018.7,0,3.6,10,7,5,1
2018-10-07 02:00:00,59.099999999976724,6.9,4.1,1019.4,0,3.6,10,7,6,2
2018-10-07 03:00:00,57.099999999976724,6.4,3.8,1020.4,0,3.6,10,7,7,3
2018-10-07 04:00:00,50.70000000001164,6.2,3.8,1021.0,0,3.6,10,7,1,4
2018-10-07 05:00:00,47.29999999998836,5.8,3.7,1021.4,0,3.1,10,7,2,5
2018-10-07 06:00:00,45.400000000023276,5.8,3.6,1021.9,0,2.6,10,7,3,6
2018-10-07 07:00:00,48.400000000023276,6.1,3.8,1022.7,0,3.1,10,7,4,7
2018-10-07 08:00:00,52.0,7.6,4.3,1023.2,0,2.6,10,7,5,8
2018-10-07 09:00:00,53.0,10.1,5.7,1023.9,0,3.1,10,7,6,9
2018-10-07 10:00:00,53.60000000003493,11.6,5.7,1024.0,1,3.1,10,7,7,10
2018-10-07 11:00:00,58.79999999998836,13.1,5.8,1023.9,1,2.6,10,7,1,11
2018-10-07 12:00:00,61.400000000023276,13.2,4.1,1023.6,1,2.1,10,7,2,12
2018-10-07 13:00:00,58.70000000001164,13.6,4.5,1023.3,7,1.0,10,7,3,13
2018-10-07 14:00:00,57.5,14.0,4.6,1023.2,6,1.5,10,7,4,14
2018-10-07 15:00:00,59.399999999965075,14.5,4.9,1023.1,7,2.6,10,7,5,15
2018-10-07 16:00:00,65.19999999995345,13.6,4.6,1023.0,6,3.1,10,7,6,16
2018-10-07 17:00:00,74.5,12.5,4.7,1023.0,6,4.1,10,7,7,17
2018-10-07 18:00:00,74.59999999997672,11.7,4.0,1023.2,6,2.6,10,7,1,18
2018-10-07 19:00:00,76.60000000003492,11.3,4.0,1023.4,6,2.1,10,7,2,19
2018-10-07 20:00:00,70.30000000004655,10.5,4.6,1023.7,6,3.1,10,7,3,20
2018-10-07 21:00:00,68.90000000002328,10.5,3.6,1023.5,5,3.6,10,7,4,21
2018-10-07 22:00:00,66.29999999998836,10.2,4.0,1023.6,5,3.6,10,7,5,22
2018-10-07 23:00:00,61.29999999998836,8.7,3.7,1023.2,5,3.6,10,7,6,23
2018-10-08 00:00:00,51.099999999976724,7.3,3.7,1023.0,5,1.5,10,8,7,0
2018-10-08 01:00:00,42.30000000004657,7.3,3.6,1022.5,5,2.1,10,8,1,1
2018-10-08 02:00:00,38.599999999976724,7.4,3.4,1022.1,5,2.6,10,8,2,2
2018-10-08 03:00:00,34.29999999998835,7.1,3.7,1021.5,5,3.1,10,8,3,3
2018-10-08 04:00:00,34.599999999976724,7.0,4.4,1021.3,5,2.1,10,8,4,4
2018-10-08 05:00:00,34.099999999976724,7.1,5.3,1021.1,5,2.6,10,8,5,5
2018-10-08 06:00:00,36.899999999965075,7.8,5.8,1020.9,5,2.6,10,8,6,6
2018-10-08 07:00:00,52.399999999965075,8.7,6.6,1021.3,5,2.6,10,8,7,7
2018-10-08 08:00:00,60.800000000046566,9.6,7.0,1021.9,5,3.1,10,8,1,8
2018-10-08 09:00:00,61.60000000003493,11.3,7.9,1022.1,5,4.1,10,8,2,9
2018-10-08 10:00:00,61.400000000023276,13.7,9.2,1022.2,5,4.1,10,8,3,10
2018-10-08 11:00:00,59.5,15.1,9.4,1022.2,5,5.1,10,8,4,11
2018-10-08 12:00:00,58.79999999998836,15.3,9.1,1021.8,5,6.2,10,8,5,12
2018-10-08 13:00:00,59.70000000001164,16.5,9.2,1020.7,5,5.1,10,8,6,13
2018-10-08 14:00:00,57.79999999998836,16.4,8.8,1020.6,6,6.7,10,8,7,14
2018-10-08 15:00:00,56.0,16.2,8.2,1020.1,5,6.2,10,8,1,15
2018-10-08 16:00:00,63.899999999965104,15.8,8.7,1020.3,5,5.7,10,8,2,16
2018-10-08 17:00:00,64.5,15.3,8.6,1020.2,6,4.6,10,8,3,17
2018-10-08 18:00:00,74.40000000002328,14.7,8.3,1020.2,5,4.1,10,8,4,18
2018-10-08 19:00:00,73.0,14.2,8.4,1020.4,5,4.1,10,8,5,19
2018-10-08 20:00:00,68.0,13.8,8.6,1020.3,5,4.1,10,8,6,20
2018-10-08 21:00:00,67.5,12.8,8.8,1020.6,5,4.1,10,8,7,21
2018-10-08 22:00:00,66.0,12.2,9.4,1020.3,4,4.1,10,8,1,22
2018-10-08 23:00:00,55.5,11.6,9.4,1019.8,4,4.1,10,8,2,23
2018-10-09 00:00:00,50.900000000023276,11.8,9.5,1020.0,5,4.1,10,9,3,0
2018-10-09 01:00:00,43.60000000003493,11.7,9.1,1019.6,5,3.1,10,9,4,1
2018-10-09 02:00:00,37.60000000003493,11.0,9.1,1019.1,4,2.6,10,9,5,2
2018-10-09 03:00:00,36.0,10.6,9.1,1018.6,5,2.6,10,9,6,3
2018-10-09 04:00:00,37.5,10.3,9.2,1018.5,4,2.6,10,9,7,4
2018-10-09 05:00:00,35.400000000023276,9.9,8.7,1018.4,4,2.6,10,9,1,5
2018-10-09 06:00:00,38.70000000001164,10.0,9.0,1018.7,4,1.5,10,9,2,6
2018-10-09 07:00:00,50.300000000046566,10.3,9.1,1019.2,4,1.5,10,9,3,7
2018-10-09 08:00:00,58.79999999998836,12.1,10.2,1019.5,4,2.1,10,9,4,8
2018-10-09 09:00:00,59.79999999998836,13.7,10.5,1019.4,4,3.1,10,9,5,9
2018-10-09 10:00:00,59.099999999976724,16.9,11.4,1019.2,5,4.6,10,9,6,10
2018-10-09 11:00:00,56.900000000023276,18.0,9.3,1019.0,4,4.6,10,9,7,11
2018-10-09 12:00:00,54.70000000001164,19.4,9.9,1018.5,5,4.6,10,9,1,12
2018-10-09 13:00:00,57.0,20.2,9.9,1018.0,5,5.1,10,9,2,13
2018-10-09 14:00:00,51.20000000001164,20.8,8.9,1017.5,4,5.7,10,9,3,14
2018-10-09 15:00:00,54.70000000001164,20.4,8.3,1017.3,4,5.1,10,9,4,15
2018-10-09 16:00:00,61.79999999998836,19.6,8.8,1017.2,4,4.6,10,9,5,16
2018-10-09 17:00:00,69.39999999996508,18.3,10.0,1017.4,4,3.6,10,9,6,17
2018-10-09 18:00:00,68.59999999997672,16.8,10.7,1017.6,4,3.1,10,9,7,18
2018-10-09 19:00:00,75.29999999998836,15.6,10.9,1018.0,3,3.1,10,9,1,19
2018-10-09 20:00:00,74.90000000002328,14.6,10.8,1018.0,3,3.1,10,9,2,20
2018-10-09 21:00:00,68.29999999998836,14.1,10.8,1018.0,3,2.6,10,9,3,21
2018-10-09 22:00:00,69.5,12.5,9.6,1018.1,2,0.5,10,9,4,22
2018-10-09 23:00:00,60.400000000023276,12.0,10.0,1017.9,1,1.0,10,9,5,23
2018-10-10 00:00:00,47.0,11.6,9.6,1017.7,1,0.5,10,10,6,0
2018-10-10 01:00:00,44.29999999998836,11.3,9.6,1017.3,1,1.0,10,10,7,1
2018-10-10 02:00:00,41.70000000001164,10.6,9.1,1016.9,0,1.0,10,10,1,2
2018-10-10 03:00:00,35.29999999998836,10.5,9.3,1016.4,1,1.5,10,10,2,3
2018-10-10 04:00:00,36.099999999976724,10.7,9.5,1015.8,0,1.0,10,10,3,4
2018-10-10 05:00:00,33.70000000001165,9.6,8.5,1015.5,1,1.0,10,10,4,5
2018-10-10 06:00:00,37.400000000023276,10.4,9.8,1015.1,1,1.5,10,10,5,6
2018-10-10 07:00:00,49.400000000023276,11.7,10.8,1014.8,1,1.5,10,10,6,7
2018-10-10 08:00:00,60.60000000003493,14.0,12.1,1014.7,2,2.6,10,10,7,8
2018-10-10 09:00:00,54.599999999976724,17.0,13.7,1014.1,2,3.6,10,10,1,9
2018-10-10 10:00:00,55.20000000001164,18.8,13.5,1013.9,2,4.1,10,10,2,10
2018-10-10 11:00:00,50.099999999976724,20.7,14.2,1013.2,2,4.1,10,10,3,11
2018-10-10 12:00:00,56.19999999995344,23.1,12.7,1012.1,2,5.1,10,10,4,12
2018-10-10 13:00:00,59.0,23.4,11.8,1011.3,3,6.7,10,10,5,13
2018-10-10 14:00:00,53.60000000003493,23.9,12.2,1010.3,2,5.7,10,10,6,14
2018-10-10 15:00:00,54.20000000001164,22.7,13.7,1009.6,2,4.6,10,10,7,15
2018-10-10 16:00:00,58.79999999998836,21.4,13.2,1008.9,2,5.1,10,10,1,16
2018-10-10 17:00:00,73.20000000001164,20.1,13.3,1008.4,2,4.1,10,10,2,17
2018-10-10 18:00:00,74.79999999998836,18.3,13.8,1008.4,2,4.1,10,10,3,18
2018-10-10 19:00:00,71.90000000002328,17.0,13.4,1007.7,2,4.1,10,10,4,19
2018-10-10 20:00:00,66.5,15.4,13.2,1007.5,2,3.6,10,10,5,20
2018-10-10 21:00:00,65.89999999996508,15.5,13.7,1006.8,2,3.6,10,10,6,21
2018-10-10 22:00:00,58.60000000003493,16.0,13.6,1005.7,2,4.1,10,10,7,22
2018-10-10 23:00:00,53.399999999965075,15.9,13.4,1005.2,2,4.1,10,10,1,23
2018-10-11 00:00:00,46.00000000000001,15.7,13.2,1005.0,3,3.6,10,11,2,0
2018-10-11 01:00:00,42.20000000001164,16.2,13.4,1004.6,3,4.1,10,11,3,1
2018-10-11 02:00:00,40.400000000023276,15.4,13.1,1003.9,3,3.6,10,11,4,2
2018-10-11 03:00:00,36.900000000023276,15.6,13.5,1003.3,3,3.1,10,11,5,3
2018-10-11 04:00:00,33.69999999995343,15.9,13.7,1003.0,3,3.6,10,11,6,4
2018-10-11 05:00:00,35.599999999976724,15.6,13.0,1003.0,3,4.6,10,11,7,5
2018-10-11 06:00:00,37.20000000001165,15.4,12.6,1003.4,3,4.6,10,11,1,6
2018-10-11 07:00:00,58.899999999965075,15.5,13.1,1003.8,3,4.1,10,11,2,7
2018-10-11 08:00:00,58.69999999995344,16.4,13.5,1004.0,4,4.6,10,11,3,8
2018-10-11 09:00:00,54.19999999995344,17.8,13.9,1003.8,4,7.2,10,11,4,9
2018-10-11 10:00:00,44.599999999976724,18.3,13.4,1003.8,4,7.2,10,11,5,10
2018-10-11 11:00:00,47.099999999976724,20.2,14.4,1003.7,4,8.8,10,11,6,11
2018-10-11 12:00:00,58.70000000001164,20.8,13.9,1003.3,4,7.2,10,11,7,12
2018-10-11 13:00:00,56.599999999976724,19.8,13.8,1003.1,4,6.7,10,11,1,13
2018-10-11 14:00:00,54.399999999965075,18.8,14.1,1003.7,4,7.7,10,11,2,14
2018-10-11 15:00:00,52.29999999998836,18.8,13.8,1003.8,4,7.7,10,11,3,15
2018-10-11 16:00:00,59.5,18.4,13.6,1004.3,4,6.7,10,11,4,16
2018-10-11 17:00:00,68.70000000001164,17.5,14.2,1005.0,4,6.7,10,11,5,17
2018-10-11 18:00:00,76.89999999996508,16.3,15.1,1005.4,4,4.1,10,11,6,18
2018-10-11 19:00:00,71.0,15.2,12.8,1005.6,4,4.1,10,11,7,19
2018-10-11 20:00:00,68.20000000001164,15.2,13.0,1006.2,4,4.1,10,11,1,20
2018-10-11 21:00:00,63.20000000001164,15.0,13.0,1006.9,4,3.6,10,11,2,21
2018-10-11 22:00:00,64.79999999998836,14.1,12.7,1007.0,4,3.6,10,11,3,22
2018-10-11 23:00:00,59.0,13.8,12.8,1007.7,4,3.6,10,11,4,23
2018-10-12 00:00:00,47.5,13.6,12.3,1007.6,4,4.1,10,12,5,0
2018-10-12 01:00:00,43.50000000000001,14.1,12.0,1008.2,4,4.6,10,12,6,1
2018-10-12 02:00:00,41.5,14.1,11.9,1008.3,4,4.1,10,12,7,2
2018-10-12 03:00:00,37.79999999998836,14.0,11.8,1008.4,4,4.6,10,12,1,3
2018-10-12 04:00:00,34.79999999998836,14.7,12.3,1008.6,4,6.2,10,12,2,4
2018-10-12 05:00:00,32.79999999998835,15.0,12.4,1008.5,4,6.7,10,12,3,5
2018-10-12 06:00:00,35.899999999965075,15.2,12.2,1008.3,4,6.7,10,12,4,6
2018-10-12 07:00:00,47.099999999976724,15.9,11.9,1009.0,4,6.2,10,12,5,7
2018-10-12 08:00:00,55.79999999998836,16.8,12.1,1009.4,4,6.2,10,12,6,8
2018-10-12 09:00:00,55.29999999998836,17.6,12.5,1009.2,4,7.7,10,12,7,9
2018-10-12 10:00:00,56.099999999976724,18.6,12.4,1010.0,4,8.2,10,12,1,10
2018-10-12 11:00:00,58.70000000001164,19.8,11.3,1009.9,4,8.8,10,12,2,11
2018-10-12 12:00:00,59.900000000023276,19.9,11.4,1009.9,4,10.3,10,12,3,12
2018-10-12 13:00:00,56.5,20.2,10.4,1009.9,4,10.3,10,12,4,13
2018-10-12 14:00:00,56.10000000003493,20.8,11.2,1009.9,4,9.8,10,12,5,14
2018-10-12 15:00:00,59.20000000001164,20.4,12.8,1009.7,4,8.8,10,12,6,15
2018-10-12 16:00:00,60.0,20.1,13.4,1009.7,4,9.8,10,12,7,16
2018-10-12 17:00:00,68.5,20.2,13.5,1009.9,4,8.2,10,12,1,17
2018-10-12 18:00:00,69.70000000001164,20.7,13.0,1010.4,4,12.4,10,12,2,18
2018-10-12 19:00:00,63.899999999965075,21.4,12.4,1010.7,5,10.8,10,12,3,19
2018-10-12 20:00:00,64.89999999996508,21.3,12.2,1010.9,4,9.8,10,12,4,20
2018-10-12 21:00:00,59.29999999998836,21.3,12.2,1011.3,4,9.3,10,12,5,21
2018-10-12 22:00:00,55.19999999995344,20.7,12.7,1011.4,4,8.8,10,12,6,22
2018-10-12 23:00:00,53.10000000003493,20.1,13.4,1011.5,4,8.8,10,12,7,23
2018-10-13 00:00:00,46.0,20.2,13.6,1011.9,4,7.7,10,13,1,0
2018-10-13 01:00:00,42.79999999998836,20.1,14.1,1011.7,4,7.2,10,13,2,1
2018-10-13 02:00:00,44.800000000046566,19.9,13.8,1011.5,4,7.2,10,13,3,2
2018-10-13 03:00:00,39.79999999998836,19.8,13.9,1011.2,4,7.2,10,13,4,3
2018-10-13 04:00:00,35.900000000023276,19.6,14.0,1010.8,4,6.7,10,13,5,4
2018-10-13 05:00:00,35.099999999976724,19.7,13.6,1010.6,4,6.7,10,13,6,5
2018-10-13 06:00:00,36.5,19.0,13.3,1010.4,4,6.7,10,13,7,6
2018-10-13 07:00:00,39.70000000001165,19.2,13.4,1010.6,4,6.2,10,13,1,7
2018-10-13 08:00:00,42.80000000004657,19.9,13.1,1011.1,4,5.7,10,13,2,8
2018-10-13 09:00:00,45.099999999976724,19.7,14.1,1011.5,4,5.1,10,13,3,9
2018-10-13 10:00:00,48.70000000001164,20.2,13.7,1010.8,4,6.7,10,13,4,10
2018-10-13 11:00:00,50.400000000023276,20.6,13.8,1010.4,4,7.2,10,13,5,11
2018-10-13 12:00:00,51.69999999995344,22.0,15.0,1009.2,4,7.7,10,13,6,12
2018-10-13 13:00:00,51.400000000023276,23.3,15.9,1008.5,4,8.2,10,13,7,13
2018-10-13 14:00:00,54.60000000003493,23.6,16.3,1007.7,4,8.2,10,13,1,14
2018-10-13 15:00:00,55.29999999998836,22.5,16.1,1007.7,4,8.8,10,13,2,15
2018-10-13 16:00:00,53.70000000001164,21.9,16.0,1007.3,4,7.2,10,13,3,16
2018-10-13 17:00:00,60.5,21.2,15.9,1007.2,4,6.2,10,13,4,17
2018-10-13 18:00:00,74.10000000003492,20.5,15.6,1007.5,4,6.2,10,13,5,18
2018-10-13 19:00:00,68.40000000002328,20.0,15.5,1007.9,4,5.7,10,13,6,19
2018-10-13 20:00:00,62.20000000001164,19.8,15.4,1007.8,4,5.7,10,13,7,20
2018-10-13 21:00:00,58.70000000001164,20.2,15.4,1007.8,4,5.1,10,13,1,21
2018-10-13 22:00:00,55.70000000001164,19.7,15.1,1007.1,4,5.1,10,13,2,22
2018-10-13 23:00:00,49.70000000001164,19.3,15.3,1006.8,4,4.6,10,13,3,23
2018-10-14 00:00:00,46.800000000046566,18.5,15.6,1006.5,4,3.6,10,14,4,0
2018-10-14 01:00:00,44.900000000023276,17.5,14.0,1006.9,5,7.2,10,14,5,1
2018-10-14 02:00:00,43.20000000001164,16.6,13.5,1006.2,4,2.6,10,14,6,2
2018-10-14 03:00:00,41.400000000023276,16.0,13.5,1006.5,6,3.6,10,14,7,3
2018-10-14 04:00:00,39.29999999998836,15.5,12.4,1006.4,6,2.6,10,14,1,4
2018-10-14 05:00:00,36.70000000001165,15.2,11.7,1005.5,7,2.6,10,14,2,5
2018-10-14 06:00:00,37.20000000001165,14.0,12.6,1005.4,1,1.0,10,14,3,6
2018-10-14 07:00:00,40.5,13.8,12.8,1004.7,1,3.1,10,14,4,7
2018-10-14 08:00:00,44.400000000023276,13.2,11.9,1005.4,0,3.1,10,14,5,8
2018-10-14 09:00:00,46.10000000003493,12.8,11.7,1005.1,0,3.1,10,14,6,9
2018-10-14 10:00:00,47.5,13.1,12.1,1005.0,0,2.6,10,14,7,10
2018-10-14 11:00:00,54.099999999976724,12.8,12.2,1006.4,7,3.1,10,14,1,11
2018-10-14 12:00:00,57.099999999976724,13.0,12.1,1005.3,0,3.1,10,14,2,12
2018-10-14 13:00:00,55.399999999965075,12.6,11.3,1005.6,0,3.6,10,14,3,13
2018-10-14 14:00:00,62.399999999965075,12.2,11.0,1006.2,0,3.6,10,14,4,14
2018-10-14 15:00:00,66.5,11.2,10.0,1006.9,0,4.6,10,14,5,15
2018-10-14 16:00:00,66.0,10.9,9.8,1007.2,0,4.1,10,14,6,16
2018-10-14 17:00:00,70.09999999997672,10.3,9.3,1008.1,1,3.6,10,14,7,17
2018-10-14 18:00:00,78.90000000002328,10.1,9.1,1008.5,0,3.6,10,14,1,18
2018-10-14 19:00:00,80.40000000002328,10.2,9.2,1008.8,0,3.6,10,14,2,19
2018-10-14 20:00:00,68.80000000004655,10.0,9.2,1008.9,0,3.1,10,14,3,20
2018-10-14 21:00:00,64.79999999998836,9.8,9.2,1008.9,0,3.1,10,14,4,21
2018-10-14 22:00:00,63.70000000001164,10.2,9.6,1008.8,1,3.6,10,14,5,22
2018-10-14 23:00:00,58.20000000001164,10.1,9.7,1008.5,0,2.6,10,14,6,23
2018-10-15 00:00:00,46.10000000003493,10.2,9.9,1008.9,1,3.1,10,15,7,0
2018-10-15 01:00:00,40.099999999976724,10.7,10.2,1008.8,1,3.6,10,15,1,1
2018-10-15 02:00:00,39.0,10.8,10.3,1008.6,1,2.1,10,15,2,2
2018-10-15 03:00:00,36.29999999998836,11.1,10.5,1007.4,1,4.6,10,15,3,3
2018-10-15 04:00:00,34.099999999976724,11.4,10.8,1007.4,1,4.1,10,15,4,4
2018-10-15 05:00:00,36.70000000001164,11.6,11.1,1008.1,1,2.6,10,15,5,5
2018-10-15 06:00:00,37.199999999953434,11.7,11.4,1008.4,0,2.6,10,15,6,6
2018-10-15 07:00:00,46.399999999965075,11.8,11.5,1008.9,0,2.6,10,15,7,7
2018-10-15 08:00:00,59.79999999998836,12.1,11.6,1009.1,0,3.1,10,15,1,8
2018-10-15 09:00:00,58.5,12.4,11.8,1009.9,1,2.6,10,15,2,9
2018-10-15 10:00:00,57.29999999998836,12.9,12.0,1010.4,0,2.6,10,15,3,10
2018-10-15 11:00:00,57.099999999976724,13.1,12.3,1011.1,1,3.1,10,15,4,11
2018-10-15 12:00:00,56.0,13.2,12.6,1011.3,1,2.6,10,15,5,12
2018-10-15 13:00:00,60.60000000003493,13.5,13.0,1011.5,1,3.6,10,15,6,13
2018-10-15 14:00:00,56.300000000046566,13.9,13.1,1011.7,1,2.6,10,15,7,14
2018-10-15 15:00:00,51.29999999998836,13.7,13.0,1012.2,1,3.1,10,15,1,15
2018-10-15 16:00:00,60.0,13.5,12.9,1012.7,1,2.6,10,15,2,16
2018-10-15 17:00:00,68.60000000003492,13.5,13.0,1013.0,1,3.1,10,15,3,17
2018-10-15 18:00:00,79.0,13.6,13.1,1013.6,1,3.1,10,15,4,18
2018-10-15 19:00:00,74.90000000002328,13.5,12.9,1014.0,1,2.6,10,15,5,19
2018-10-15 20:00:00,67.60000000003492,13.4,12.7,1014.4,1,3.1,10,15,6,20
2018-10-15 21:00:00,64.5,13.4,13.1,1014.5,2,2.1,10,15,7,21
2018-10-15 22:00:00,58.400000000023276,13.5,13.3,1014.9,2,1.5,10,15,1,22
2018-10-15 23:00:00,55.800000000046566,13.9,13.8,1015.1,2,1.5,10,15,2,23
2018-10-16 00:00:00,45.900000000023276,14.0,13.9,1015.1,2,1.5,10,16,3,0
2018-10-16 01:00:00,39.400000000023276,14.2,14.1,1015.0,2,2.1,10,16,4,1
2018-10-16 02:00:00,37.5,14.4,14.3,1014.6,2,2.1,10,16,5,2
2018-10-16 03:00:00,35.0,14.4,14.3,1014.8,2,3.1,10,16,6,3
2018-10-16 04:00:00,33.400000000023276,14.3,14.2,1014.4,2,2.1,10,16,7,4
2018-10-16 05:00:00,34.400000000023276,14.3,14.1,1014.7,3,2.1,10,16,1,5
2018-10-16 06:00:00,36.199999999953434,14.3,13.8,1015.1,3,2.1,10,16,2,6
2018-10-16 07:00:00,48.0,14.4,13.6,1015.5,4,1.5,10,16,3,7
2018-10-16 08:00:00,58.599999999976724,14.9,13.6,1015.9,4,1.5,10,16,4,8
2018-10-16 09:00:00,55.10000000003493,16.0,14.3,1016.0,4,1.5,10,16,5,9
2018-10-16 10:00:00,55.29999999998836,17.3,15.0,1015.6,3,2.1,10,16,6,10
2018-10-16 11:00:00,57.0,18.8,14.8,1015.4,4,4.6,10,16,7,11
2018-10-16 12:00:00,54.400000000023276,19.8,14.7,1015.3,4,5.1,10,16,1,12
2018-10-16 13:00:00,50.5,20.0,15.1,1015.5,5,5.7,10,16,2,13
2018-10-16 14:00:00,50.70000000001164,18.6,13.4,1015.6,4,6.7,10,16,3,14
2018-10-16 15:00:00,54.70000000001164,17.7,13.7,1015.8,5,5.1,10,16,4,15
2018-10-16 16:00:00,62.70000000001164,17.2,13.7,1015.6,4,4.1,10,16,5,16
2018-10-16 17:00:00,72.0,17.0,14.0,1016.0,4,4.1,10,16,6,17
2018-10-16 18:00:00,73.60000000003492,16.7,14.1,1016.4,5,3.6,10,16,7,18
2018-10-16 19:00:00,76.09999999997672,16.3,12.7,1016.8,5,5.1,10,16,1,19
2018-10-16 20:00:00,69.20000000001164,15.6,11.2,1017.3,5,6.7,10,16,2,20
2018-10-16 21:00:00,67.59999999997672,14.6,10.3,1017.3,5,4.1,10,16,3,21
2018-10-16 22:00:00,63.29999999998836,14.3,10.7,1017.3,5,3.6,10,16,4,22
2018-10-16 23:00:00,55.10000000003493,13.1,10.8,1017.4,5,3.6,10,16,5,23
2018-10-17 00:00:00,49.20000000001164,13.1,10.9,1017.3,5,3.1,10,17,6,0
2018-10-17 01:00:00,45.400000000023276,12.9,10.9,1017.4,5,2.6,10,17,7,1
2018-10-17 02:00:00,41.5,12.2,10.7,1017.2,5,2.6,10,17,1,2
2018-10-17 03:00:00,39.29999999998836,11.9,10.7,1017.1,4,3.1,10,17,2,3
2018-10-17 04:00:00,37.30000000004657,11.6,10.4,1017.1,4,2.6,10,17,3,4
2018-10-17 05:00:00,36.30000000004657,11.9,10.6,1017.5,4,2.1,10,17,4,5
2018-10-17 06:00:00,39.199999999953434,12.2,10.8,1017.7,4,2.1,10,17,5,6
2018-10-17 07:00:00,50.20000000001164,12.1,11.3,1018.2,4,2.1,10,17,6,7
2018-10-17 08:00:00,59.800000000046566,12.1,11.7,1018.5,4,2.1,10,17,7,8
2018-10-17 09:00:00,51.400000000023276,12.8,12.4,1019.0,5,2.1,10,17,1,9
2018-10-17 10:00:00,52.900000000023276,13.6,13.1,1019.1,6,1.5,10,17,2,10
2018-10-17 11:00:00,57.70000000001164,13.7,13.2,1019.5,6,1.5,10,17,3,11
2018-10-17 12:00:00,59.79999999998836,14.8,12.8,1019.5,2,0.5,10,17,4,12
2018-10-17 13:00:00,58.0,14.3,12.9,1019.6,2,1.0,10,17,5,13
2018-10-17 14:00:00,57.800000000046566,15.1,13.6,1019.8,3,1.5,10,17,6,14
2018-10-17 15:00:00,57.5,16.0,13.2,1020.1,2,0.5,10,17,7,15
2018-10-17 16:00:00,59.29999999998836,15.6,12.7,1020.2,7,1.0,10,17,1,16
2018-10-17 17:00:00,65.79999999998836,15.4,12.3,1020.7,1,1.5,10,17,2,17
2018-10-17 18:00:00,77.40000000002328,15.2,12.5,1021.4,0,1.5,10,17,3,18
2018-10-17 19:00:00,65.5,14.7,11.8,1022.0,1,2.1,10,17,4,19
2018-10-17 20:00:00,59.5,14.2,11.8,1023.0,0,1.5,10,17,5,20
2018-10-17 21:00:00,59.20000000001164,14.0,11.9,1023.6,1,1.5,10,17,6,21
2018-10-17 22:00:00,60.400000000023276,13.8,11.8,1024.1,0,2.1,10,17,7,22
2018-10-17 23:00:00,56.399999999965075,13.6,11.5,1024.5,0,2.1,10,17,1,23
2018-10-18 00:00:00,50.0,13.3,11.4,1024.9,0,2.1,10,18,2,0
2018-10-18 01:00:00,41.79999999998836,12.9,10.8,1025.1,0,1.5,10,18,3,1
2018-10-18 02:00:00,40.5,12.6,10.6,1025.3,0,2.1,10,18,4,2
2018-10-18 03:00:00,34.600000000034925,11.8,10.0,1025.5,0,2.6,10,18,5,3
2018-10-18 04:00:00,32.20000000001164,10.8,9.6,1025.5,0,2.6,10,18,6,4
2018-10-18 05:00:00,33.70000000001165,10.2,9.1,1025.8,0,2.6,10,18,7,5
2018-10-18 06:00:00,35.30000000004657,9.6,8.6,1025.9,1,3.1,10,18,1,6
2018-10-18 07:00:00,51.20000000001164,9.9,9.2,1026.6,1,2.6,10,18,2,7
2018-10-18 08:00:00,61.0,10.8,9.4,1027.2,1,3.6,10,18,3,8
2018-10-18 09:00:00,56.599999999976724,12.0,9.4,1027.5,1,3.1,10,18,4,9
2018-10-18 10:00:00,54.69999999995344,13.5,8.8,1027.7,1,3.6,10,18,5,10
2018-10-18 11:00:00,51.5,15.0,8.8,1027.7,1,3.1,10,18,6,11
2018-10-18 12:00:00,57.400000000023276,13.7,9.2,1027.3,0,3.6,10,18,7,12
2018-10-18 13:00:00,55.0,15.6,8.7,1027.0,1,3.6,10,18,1,13
2018-10-18 14:00:00,52.79999999998836,16.2,8.5,1026.6,2,2.6,10,18,2,14
2018-10-18 15:00:00,54.300000000046566,15.4,7.0,1026.3,1,3.1,10,18,3,15
2018-10-18 16:00:00,62.29999999998836,14.7,8.3,1026.1,1,4.6,10,18,4,16
2018-10-18 17:00:00,68.20000000001164,14.0,8.3,1026.3,1,3.6,10,18,5,17
2018-10-18 18:00:00,75.79999999998836,12.7,8.2,1026.5,1,3.6,10,18,6,18
2018-10-18 19:00:00,75.40000000002328,11.4,7.9,1026.9,1,3.1,10,18,7,19
2018-10-18 20:00:00,69.59999999997672,10.8,7.5,1027.0,1,2.6,10,18,1,20
2018-10-18 21:00:00,70.89999999996508,10.0,7.2,1027.1,1,2.1,10,18,2,21
2018-10-18 22:00:00,68.19999999995345,9.0,6.7,1026.8,1,2.6,10,18,3,22
2018-10-18 23:00:00,64.09999999997672,8.4,6.4,1026.7,1,2.1,10,18,4,23
2018-10-19 00:00:00,48.79999999998836,7.9,6.0,1026.9,0,1.0,10,19,5,0
2018-10-19 01:00:00,48.20000000001164,7.3,5.6,1026.6,0,1.5,10,19,6,1
2018-10-19 02:00:00,50.0,6.8,5.6,1026.5,0,1.0,10,19,7,2
2018-10-19 03:00:00,45.0,6.1,4.8,1026.4,0,1.0,10,19,1,3
2018-10-19 04:00:00,43.20000000001164,5.5,4.7,1026.2,0,0.5,10,19,2,4
2018-10-19 05:00:00,38.400000000023276,5.8,4.8,1026.2,1,1.5,10,19,3,5
2018-10-19 06:00:00,42.79999999998836,5.8,4.8,1025.8,0,1.0,10,19,4,6
2018-10-19 07:00:00,51.899999999965075,5.2,4.4,1026.5,7,2.1,10,19,5,7
2018-10-19 08:00:00,56.599999999976724,7.1,5.8,1026.7,7,1.5,10,19,6,8
2018-10-19 09:00:00,52.70000000001164,9.8,6.7,1027.1,1,1.0,10,19,7,9
2018-10-19 10:00:00,54.399999999965075,11.1,6.1,1027.2,0,1.5,10,19,1,10
2018-10-19 11:00:00,57.5,12.7,7.6,1026.8,0,1.5,10,19,2,11
2018-10-19 12:00:00,54.0,14.0,5.9,1026.7,0,2.1,10,19,3,12
2018-10-19 13:00:00,49.79999999998836,15.1,6.2,1026.5,0,2.1,10,19,4,13
2018-10-19 14:00:00,56.29999999998836,16.1,6.1,1026.0,7,2.1,10,19,5,14
2018-10-19 15:00:00,56.70000000001164,15.9,6.1,1026.3,7,2.1,10,19,6,15
2018-10-19 16:00:00,58.599999999976724,15.5,6.3,1026.3,0,1.5,10,19,7,16
2018-10-19 17:00:00,64.5,14.0,7.0,1026.444738703975,7,2.1,10,19,1,17
2018-10-19 18:00:00,71.09999999997672,12.359507363547952,7.130408966719779,1026.8485509483658,7,1.8093259623849216,10,19,2,18
2018-10-19 19:00:00,65.79999999998836,11.0,7.0,1027.5114367331726,6,1.0,10,19,3,19
2018-10-19 20:00:00,68.0,10.145824834113654,7.110333836056838,1028.205114355052,5,0.4586387959417426,10,19,4,20
2018-10-19 21:00:00,63.20000000001164,9.70215174418605,7.3777182619458035,1028.7013021106613,5,0.22081894323179166,10,19,5,21
2018-10-19 22:00:00,61.399999999965075,9.1,7.3,1029.0,6,0.5,10,19,6,22
2018-10-19 23:00:00,55.900000000023276,8.3,6.9,1029.2,7,1.0,10,19,7,23
2018-10-20 00:00:00,49.099999999976724,7.8,6.9,1029.7,0,0.5,10,20,1,0
2018-10-20 01:00:00,48.0,8.2,7.5,1029.6,6,2.1,10,20,2,1
2018-10-20 02:00:00,47.70000000001164,7.4,6.8,1029.6,7,0.5,10,20,3,2
2018-10-20 03:00:00,45.0,7.2,6.8,1029.5,6,0.5,10,20,4,3
2018-10-20 04:00:00,44.70000000001164,6.8,6.3,1030.3,6,1.0,10,20,5,4
2018-10-20 05:00:00,40.900000000023276,6.6,6.0,1030.7,7,0.5,10,20,6,5
2018-10-20 06:00:00,40.79999999998836,6.7,6.2,1031.2,7,1.0,10,20,7,6
2018-10-20 07:00:00,44.29999999998836,6.8,6.1,1031.8,6,1.5,10,20,1,7
2018-10-20 08:00:00,43.5,8.4,7.7,1032.0,5,1.5,10,20,2,8
2018-10-20 09:00:00,50.399999999965075,10.4,8.3,1032.2,4,1.5,10,20,3,9
2018-10-20 10:00:00,52.900000000023276,13.1,8.8,1032.4,6,1.0,10,20,4,10
2018-10-20 11:00:00,54.099999999976724,14.0,9.0,1032.6,5,1.5,10,20,5,11
2018-10-20 12:00:00,59.399999999965075,16.5,10.1,1031.7,4,3.1,10,20,6,12
2018-10-20 13:00:00,54.79999999998836,17.6,10.2,1031.3,5,2.6,10,20,7,13
2018-10-20 14:00:00,57.800000000046566,18.0,9.5,1030.8,5,3.1,10,20,1,14
2018-10-20 15:00:00,54.70000000001164,18.4,9.6,1030.3,6,3.6,10,20,2,15
2018-10-20 16:00:00,55.5,17.9,9.4,1030.2,6,3.6,10,20,3,16
2018-10-20 17:00:00,61.5,16.2,9.5,1030.3,6,3.1,10,20,4,17
2018-10-20 18:00:00,64.79999999998836,15.9,9.8,1030.6,5,2.6,10,20,5,18
2018-10-20 19:00:00,70.59999999997672,15.7,10.2,1030.8,6,2.1,10,20,6,19
2018-10-20 20:00:00,63.900000000023276,15.4,10.3,1030.9,6,1.5,10,20,7,20
2018-10-20 21:00:00,59.70000000001164,15.0,10.5,1030.6,6,2.6,10,20,1,21
2018-10-20 22:00:00,55.29999999998836,14.2,10.7,1030.5,6,2.1,10,20,2,22
2018-10-20 23:00:00,51.399999999965075,11.6,9.4,1030.3,4,1.0,10,20,3,23
2018-10-21 00:00:00,51.899999999965075,11.0,10.0,1030.0,5,1.0,10,21,4,0
2018-10-21 01:00:00,45.19999999995344,9.5,8.6,1029.8,5,0.5,10,21,5,1
2018-10-21 02:00:00,42.70000000001164,9.7,9.2,1029.4,7,1.0,10,21,6,2
2018-10-21 03:00:00,40.20000000001165,8.7,8.3,1029.0,6,0.5,10,21,7,3
2018-10-21 04:00:00,38.400000000023276,8.3,8.0,1028.7,5,1.0,10,21,1,4
2018-10-21 05:00:00,37.29999999998836,8.6,8.4,1028.3,6,1.0,10,21,2,5
2018-10-21 06:00:00,36.899999999965075,9.4,9.2,1028.2,4,1.5,10,21,3,6
2018-10-21 07:00:00,43.0,8.9,8.6,1028.2,6,1.5,10,21,4,7
2018-10-21 08:00:00,45.400000000023276,8.5,8.1,1028.4,7,1.5,10,21,5,8
2018-10-21 09:00:00,48.599999999976724,11.5,10.7,1028.6,6,1.5,10,21,6,9
2018-10-21 10:00:00,54.20000000001164,13.2,9.8,1028.4,6,3.1,10,21,7,10
2018-10-21 11:00:00,55.29999999998836,15.3,10.6,1028.0,6,3.1,10,21,1,11
2018-10-21 12:00:00,59.400000000023276,16.3,10.4,1027.6,6,3.1,10,21,2,12
2018-10-21 13:00:00,58.20000000001164,18.1,11.6,1027.0,6,3.1,10,21,3,13
2018-10-21 14:00:00,58.0,19.0,11.1,1026.6,6,3.6,10,21,4,14
2018-10-21 15:00:00,54.800000000046566,18.8,10.8,1026.4,6,3.6,10,21,5,15
2018-10-21 16:00:00,58.19999999995344,18.4,10.5,1026.3,6,3.6,10,21,6,16
2018-10-21 17:00:00,67.09999999997672,17.1,10.6,1026.7,7,2.1,10,21,7,17
2018-10-21 18:00:00,74.59999999997672,16.0,11.1,1027.4,7,1.5,10,21,1,18
2018-10-21 19:00:00,71.5,16.3,11.3,1028.1,7,1.5,10,21,2,19
2018-10-21 20:00:00,67.29999999998836,16.0,11.5,1028.4,7,2.6,10,21,3,20
2018-10-21 21:00:00,67.90000000002328,15.5,12.3,1028.9,7,4.1,10,21,4,21
2018-10-21 22:00:00,66.0,12.8,9.9,1030.1,7,5.1,10,21,5,22
2018-10-21 23:00:00,62.300000000046566,12.8,8.3,1031.0,0,4.1,10,21,6,23
2018-10-22 00:00:00,50.5,12.6,8.0,1031.6,0,3.6,10,22,7,0
2018-10-22 01:00:00,41.599999999976724,12.3,7.6,1032.2,0,3.1,10,22,1,1
2018-10-22 02:00:00,41.60000000003493,11.7,6.4,1032.8,0,3.6,10,22,2,2
2018-10-22 03:00:00,36.599999999976724,9.9,4.9,1033.5,0,5.1,10,22,3,3
2018-10-22 04:00:00,35.70000000001165,8.8,4.2,1034.1,0,2.6,10,22,4,4
2018-10-22 05:00:00,35.70000000001164,8.2,4.0,1034.8,0,2.6,10,22,5,5
2018-10-22 06:00:00,38.599999999976724,7.4,3.8,1035.3,0,2.1,10,22,6,6
2018-10-22 07:00:00,48.099999999976724,7.0,3.0,1036.3,0,1.0,10,22,7,7
2018-10-22 08:00:00,60.5,8.4,3.0,1037.2,0,2.1,10,22,1,8
2018-10-22 09:00:00,63.60000000003493,9.7,3.0,1037.7,0,2.1,10,22,2,9
2018-10-22 10:00:00,61.20000000001164,11.6,3.5,1037.5,0,4.1,10,22,3,10
2018-10-22 11:00:00,59.70000000001164,12.2,2.8,1037.9,1,4.1,10,22,4,11
2018-10-22 12:00:00,62.5,12.7,2.4,1037.6,0,3.1,10,22,5,12
2018-10-22 13:00:00,59.400000000023276,13.1,2.4,1037.6,1,4.1,10,22,6,13
2018-10-22 14:00:00,54.599999999976724,13.5,2.7,1037.3,1,3.1,10,22,7,14
2018-10-22 15:00:00,60.29999999998836,13.4,3.3,1037.5,0,3.1,10,22,1,15
2018-10-22 16:00:00,67.5,12.9,2.2,1037.1,0,2.6,10,22,2,16
2018-10-22 17:00:00,80.79999999998836,11.8,2.1,1037.2,7,1.5,10,22,3,17
2018-10-22 18:00:00,74.39999999996508,10.2,2.7,1037.9,7,1.0,10,22,4,18
2018-10-22 19:00:00,84.70000000001164,9.6,2.7,1037.5,6,1.0,10,22,5,19
2018-10-22 20:00:00,78.0,8.9,3.7,1037.7,7,1.0,10,22,6,20
2018-10-22 21:00:00,72.5,7.5,3.4,1037.8,7,1.5,10,22,7,21
2018-10-22 22:00:00,68.40000000002328,8.2,3.8,1037.3,6,2.6,10,22,1,22
2018-10-22 23:00:00,68.5,6.7,3.9,1037.0,6,3.1,10,22,2,23
2018-10-23 00:00:00,53.60000000003493,7.1,4.5,1036.3,5,3.1,10,23,3,0
2018-10-23 01:00:00,46.10000000003493,6.2,4.0,1035.3,6,2.6,10,23,4,1
2018-10-23 02:00:00,43.599999999976724,6.0,4.0,1034.6844761048426,6,3.1,10,23,5,2
2018-10-23 03:00:00,40.60000000003493,6.5,4.7,1034.1,6,2.6,10,23,6,3
2018-10-23 04:00:00,38.20000000001164,6.2,4.5,1033.2,6,3.1,10,23,7,4
2018-10-23 05:00:00,39.10000000003493,6.0,4.0,1032.689950308602,6,3.6,10,23,1,5
2018-10-23 06:00:00,39.70000000001164,7.5,4.8,1032.4,5,3.6,10,23,2,6
2018-10-23 07:00:00,51.099999999976724,7.5,5.0,1032.0,5,4.1,10,23,3,7
2018-10-23 08:00:00,65.5,8.5,5.1,1031.4,6,5.7,10,23,4,8
2018-10-23 09:00:00,64.90000000002328,9.5,5.5,1031.3,6,3.6,10,23,5,9
2018-10-23 10:00:00,60.5,11.3,6.1,1030.6,6,4.1,10,23,6,10
2018-10-23 11:00:00,62.5,13.5,4.7,1030.4,7,5.7,10,23,7,11
2018-10-23 12:00:00,61.20000000001164,14.8,5.7,1029.7,7,5.1,10,23,1,12
2018-10-23 13:00:00,59.19999999995344,15.5,5.8,1029.4,6,5.7,10,23,2,13
2018-10-23 14:00:00,58.5,15.5,6.3,1029.5,7,4.6,10,23,3,14
2018-10-23 15:00:00,61.599999999976724,15.4,6.9,1029.3,6,4.1,10,23,4,15
2018-10-23 16:00:00,69.80000000004655,15.3,7.4,1029.0,7,5.1,10,23,5,16
2018-10-23 17:00:00,73.40000000002328,14.4,7.5,1029.3,6,3.1,10,23,6,17
2018-10-23 18:00:00,79.60000000003492,14.2,8.4,1029.6,6,3.1,10,23,7,18
2018-10-23 19:00:00,78.29999999998836,14.5,9.7,1029.8,7,2.6,10,23,1,19
2018-10-23 20:00:00,73.40000000002328,14.6,9.9,1030.0,6,4.1,10,23,2,20
2018-10-23 21:00:00,72.40000000002328,14.0,9.9,1030.1,6,3.1,10,23,3,21
2018-10-23 22:00:00,72.10000000003492,13.5,10.0,1029.7,7,3.6,10,23,4,22
2018-10-23 23:00:00,65.90000000002328,13.1,9.9,1029.6,6,3.6,10,23,5,23
2018-10-24 00:00:00,56.900000000023276,12.7,9.9,1029.6,6,2.6,10,24,6,0
2018-10-24 01:00:00,51.800000000046566,12.1,10.2,1029.1,7,3.6,10,24,7,1
2018-10-24 02:00:00,48.400000000023276,12.0,9.7,1029.4,6,1.5,10,24,1,2
2018-10-24 03:00:00,42.20000000001164,11.1,10.2,1029.2,6,1.5,10,24,2,3
2018-10-24 04:00:00,37.79999999998836,12.1,10.6,1029.1,6,2.6,10,24,3,4
2018-10-24 05:00:00,39.599999999976724,12.2,10.6,1029.0,7,1.0,10,24,4,5
2018-10-24 06:00:00,39.29999999998836,11.9,10.3,1029.1,6,2.1,10,24,5,6
2018-10-24 07:00:00,53.900000000023276,11.7,10.5,1029.2,6,2.1,10,24,6,7
2018-10-24 08:00:00,62.29999999998836,12.6,10.9,1029.7,6,3.1,10,24,7,8
2018-10-24 09:00:00,53.79999999998836,13.3,10.9,1029.8,7,2.6,10,24,1,9
2018-10-24 10:00:00,55.29999999998836,13.5,10.6,1030.3,7,4.1,10,24,2,10
2018-10-24 11:00:00,55.599999999976724,14.8,10.2,1030.2,7,3.1,10,24,3,11
2018-10-24 12:00:00,60.20000000001164,16.5,11.4,1029.5,6,3.1,10,24,4,12
2018-10-24 13:00:00,62.900000000023276,17.4,10.0,1028.7,6,2.6,10,24,5,13
2018-10-24 14:00:00,58.399999999965075,17.5,10.2,1028.1,6,3.6,10,24,6,14
2018-10-24 15:00:00,57.10000000003493,17.0,9.5,1027.5,6,3.6,10,24,7,15
2018-10-24 16:00:00,62.70000000001164,15.9,9.1,1027.3,6,4.6,10,24,1,16
2018-10-24 17:00:00,72.0,14.8,9.0,1027.0,6,2.6,10,24,2,17
2018-10-24 18:00:00,80.60000000003492,13.0,8.3,1027.0,7,2.1,10,24,3,18
2018-10-24 19:00:00,75.5,11.7,7.9,1026.8,7,2.1,10,24,4,19
2018-10-24 20:00:00,71.79999999998836,10.7,7.5,1026.5,6,2.6,10,24,5,20
2018-10-24 21:00:00,75.09999999997672,10.161542103095977,7.363657722250326,1026.477481291102,6,2.456400667433749,10,24,6,21
2018-10-24 22:00:00,70.10000000003492,9.6,7.2,1026.6,7,2.1,10,24,7,22
2018-10-24 23:00:00,66.09999999997672,8.7,6.8,1026.6,7,2.1,10,24,1,23
2018-10-25 00:00:00,55.899999999965075,8.4,6.7,1026.1,6,2.1,10,25,2,0
2018-10-25 01:00:00,51.70000000001164,7.5,5.7,1025.5,6,2.1,10,25,3,1
2018-10-25 02:00:00,51.099999999976724,8.0,6.1,1024.9,6,1.5,10,25,4,2
2018-10-25 03:00:00,43.79999999998836,6.6,5.4,1024.5,6,3.1,10,25,5,3
2018-10-25 04:00:00,39.899999999965075,5.6,4.9,1024.1,5,2.1,10,25,6,4
2018-10-25 05:00:00,38.0,5.8,5.4,1024.0,6,2.1,10,25,7,5
2018-10-25 06:00:00,40.5,5.9,5.4,1023.8,6,2.1,10,25,1,6
2018-10-25 07:00:00,53.60000000003493,7.7,6.4,1023.7,6,2.1,10,25,2,7
2018-10-25 08:00:00,63.400000000023276,8.4,6.3,1023.9,6,2.6,10,25,3,8
2018-10-25 09:00:00,57.29999999998836,10.0,6.5,1023.8,6,3.1,10,25,4,9
2018-10-25 10:00:00,54.5,11.0,6.8,1023.4,7,3.1,10,25,5,10
2018-10-25 11:00:00,56.599999999976724,12.1,6.8,1023.1,6,3.1,10,25,6,11
2018-10-25 12:00:00,59.29999999998836,13.2,7.2,1022.0,6,3.1,10,25,7,12
2018-10-25 13:00:00,56.60000000003493,13.5,7.1,1021.5,7,3.1,10,25,1,13
2018-10-25 14:00:00,58.400000000023276,14.0,7.5,1020.7,7,2.6,10,25,2,14
2018-10-25 15:00:00,60.60000000003493,13.2,7.3,1020.2,6,4.1,10,25,3,15
2018-10-25 16:00:00,64.20000000001164,12.0,7.2,1020.1,6,4.6,10,25,4,16
2018-10-25 17:00:00,78.20000000001164,11.8,6.8,1019.8,6,3.6,10,25,5,17
2018-10-25 18:00:00,77.10000000003492,11.5,6.8,1019.7,6,2.1,10,25,6,18
2018-10-25 19:00:00,81.20000000001164,11.0,7.1,1019.3,7,3.1,10,25,7,19
2018-10-25 20:00:00,74.20000000001164,10.7,6.9,1018.6,7,2.6,10,25,1,20
2018-10-25 21:00:00,70.70000000001164,10.6,6.6,1018.3,6,3.1,10,25,2,21
2018-10-25 22:00:00,73.29999999998836,10.4,6.0,1017.8,7,2.1,10,25,3,22
2018-10-25 23:00:00,70.39999999996508,10.0,6.5,1017.2,6,3.1,10,25,4,23
2018-10-26 00:00:00,58.30000000004656,9.8,6.6,1016.3,6,3.1,10,26,5,0
2018-10-26 01:00:00,47.79999999998836,9.7,6.5,1015.4,6,3.1,10,26,6,1
2018-10-26 02:00:00,50.20000000001164,9.4,5.8,1014.5,6,3.6,10,26,7,2
2018-10-26 03:00:00,43.0,9.4012126157891,5.665566335432851,1013.5169066583992,6,3.723222222933926,10,26,1,3
2018-10-26 04:00:00,40.10000000003493,9.6,6.0,1012.7,6,3.6,10,26,2,4
2018-10-26 05:00:00,39.20000000001164,9.8,6.4,1012.2,6,3.6,10,26,3,5
2018-10-26 06:00:00,41.60000000003493,10.0,6.4,1011.5,6,4.1,10,26,4,6
2018-10-26 07:00:00,56.0,10.0,6.7,1011.3,6,4.6,10,26,5,7
2018-10-26 08:00:00,63.599999999976724,9.2,8.2,1011.2,6,5.1,10,26,6,8
2018-10-26 09:00:00,61.599999999976724,9.2,7.3,1011.0,7,3.1,10,26,7,9
2018-10-26 10:00:00,60.79999999998836,9.7,7.1,1011.0,6,4.1,10,26,1,10
2018-10-26 11:00:00,63.29999999998836,10.0,5.9,1011.0,7,5.1,10,26,2,11
2018-10-26 12:00:00,64.30000000004657,10.9,3.2,1010.3,7,6.7,10,26,3,12
2018-10-26 13:00:00,60.0,9.5,4.1,1010.5,7,3.6,10,26,4,13
2018-10-26 14:00:00,61.399999999965075,10.6,3.1,1010.2,7,5.7,10,26,5,14
2018-10-26 15:00:00,64.20000000001164,10.3,2.6,1010.6,7,5.1,10,26,6,15
2018-10-26 16:00:00,71.0,9.6,1.8,1010.9,7,4.6,10,26,7,16
2018-10-26 17:00:00,81.70000000001164,8.0,2.3,1011.6,7,3.6,10,26,1,17
2018-10-26 18:00:00,86.90000000002328,7.5,2.5,1012.3,6,3.6,10,26,2,18
2018-10-26 19:00:00,85.29999999998836,6.9,3.0,1012.6,6,3.6,10,26,3,19
2018-10-26 20:00:00,73.89999999996508,6.3,2.8,1012.9,6,3.1,10,26,4,20
2018-10-26 21:00:00,73.29999999998836,5.9,2.6,1013.2,6,3.6,10,26,5,21
2018-10-26 22:00:00,72.39999999996508,5.3,2.0,1013.5,7,3.6,10,26,6,22
2018-10-26 23:00:00,69.90000000002328,4.5,1.7,1013.4,7,3.6,10,26,7,23
2018-10-27 00:00:00,68.20000000001164,4.5,1.4,1013.6,7,3.6,10,27,1,0
2018-10-27 01:00:00,62.29999999998836,4.1,0.7,1013.5,7,3.1,10,27,2,1
2018-10-27 02:00:00,60.69999999995344,4.1,0.4,1013.9,7,2.6,10,27,3,2
2018-10-27 03:00:00,59.900000000023276,3.3,0.1,1013.7,7,2.6,10,27,4,3
2018-10-27 04:00:00,49.5,3.0,-0.1,1013.7,7,2.6,10,27,5,4
2018-10-27 05:00:00,46.10000000003493,3.1,-0.4,1013.8,7,3.1,10,27,6,5
2018-10-27 06:00:00,47.399999999965075,2.8,-0.7,1013.7,7,2.6,10,27,7,6
2018-10-27 07:00:00,49.400000000023276,2.4,-0.9,1013.8,7,2.6,10,27,1,7
2018-10-27 08:00:00,52.70000000001164,3.1,-0.8,1014.0,7,3.1,10,27,2,8
2018-10-27 09:00:00,55.5,4.1,-1.1,1014.3,0,4.6,10,27,3,9
2018-10-27 10:00:00,64.19999999995345,5.3,-0.3,1014.2,0,5.1,10,27,4,10
2018-10-27 11:00:00,62.10000000003493,6.4,0.1,1014.0,0,4.6,10,27,5,11
2018-10-27 12:00:00,69.09999999997672,6.5,0.5,1014.1,0,4.6,10,27,6,12
2018-10-27 13:00:00,75.39999999996508,6.9,0.9,1013.9,0,3.6,10,27,7,13
2018-10-27 14:00:00,68.70000000001164,6.8,1.2,1013.7,0,4.1,10,27,1,14
2018-10-27 15:00:00,79.90000000002328,6.6,1.8,1013.8,0,3.6,10,27,2,15
2018-10-27 16:00:00,85.40000000002328,5.7,1.6,1014.4,0,5.7,10,27,3,16
2018-10-27 17:00:00,90.29999999998836,5.3,2.1,1014.8,0,5.1,10,27,4,17
2018-10-27 18:00:00,97.79999999998836,4.7,1.7,1015.4,0,6.7,10,27,5,18
2018-10-27 19:00:00,90.40000000002328,4.1,1.6,1015.6,0,5.7,10,27,6,19
2018-10-27 20:00:00,83.5,4.6,2.3,1015.9,0,4.6,10,27,7,20
2018-10-27 21:00:00,79.90000000002328,5.0,3.3,1016.0,0,3.6,10,27,1,21
2018-10-27 22:00:00,82.59999999997672,5.2,3.2,1016.2,0,4.1,10,27,2,22
2018-10-27 23:00:00,79.59999999997672,5.2,3.3,1016.2,0,4.6,10,27,3,23
2018-10-28 00:00:00,77.70000000001164,4.9,2.6,1016.5,0,5.1,10,28,4,0
2018-10-28 01:00:00,66.30000000004655,4.2,2.3,1016.6,0,4.1,10,28,5,1
2018-10-28 02:00:00,64.79999999998836,4.0,2.3,1016.7,0,4.1,10,28,6,2
2018-10-28 03:00:00,68.60000000003492,4.3,2.6,1016.8,0,4.1,10,28,7,3
2018-10-28 04:00:00,64.70000000001164,4.5,2.8,1017.0,0,4.1,10,28,1,4
2018-10-28 05:00:00,55.899999999965075,4.3,2.6,1017.4,0,3.6,10,28,2,5
2018-10-28 06:00:00,54.0,4.8,3.3,1017.7,0,4.1,10,28,3,6
2018-10-28 07:00:00,51.69999999995344,5.8,3.7,1017.9,1,4.1,10,28,4,7
2018-10-28 08:00:00,53.5,5.9,3.6,1019.1,1,5.7,10,28,5,8
2018-10-28 09:00:00,64.0,5.8,4.2,1020.0,1,4.1,10,28,6,9
2018-10-28 10:00:00,67.90000000002328,6.7,4.1,1019.9,1,5.1,10,28,7,10
2018-10-28 11:00:00,68.59999999997672,8.6,4.3,1019.6,1,5.7,10,28,1,11
2018-10-28 12:00:00,71.09999999997672,9.3,4.2,1019.4,1,5.1,10,28,2,12
2018-10-28 13:00:00,77.5,9.2,2.2,1019.0,1,5.7,10,28,3,13
2018-10-28 14:00:00,81.79999999998836,10.3,2.1,1018.6,1,5.7,10,28,4,14
2018-10-28 15:00:00,82.10000000003492,9.7,-0.1,1018.2,1,5.1,10,28,5,15
2018-10-28 16:00:00,79.89999999996508,9.3,-0.6,1018.1,0,5.1,10,28,6,16
2018-10-28 17:00:00,93.20000000001164,8.0,1.9,1017.8,0,5.1,10,28,7,17
2018-10-28 18:00:00,95.70000000001164,7.3,2.1,1018.1,0,4.1,10,28,1,18
2018-10-28 19:00:00,92.90000000002328,6.2,2.2,1018.0,0,2.6,10,28,2,19
2018-10-28 20:00:00,95.70000000001164,5.3,2.4,1017.4,0,3.1,10,28,3,20
2018-10-28 21:00:00,93.59999999997672,4.6,2.1,1017.6,0,3.6,10,28,4,21
2018-10-28 22:00:00,91.09999999997672,4.0,1.8,1017.0,0,3.1,10,28,5,22
2018-10-28 23:00:00,88.79999999998836,3.5,1.7,1016.5,0,2.6,10,28,6,23
2018-10-29 00:00:00,82.5,3.0,1.4,1016.1,0,1.5,10,29,7,0
2018-10-29 01:00:00,65.39999999996509,3.2,1.7,1015.6,0,2.6,10,29,1,1
2018-10-29 02:00:00,56.60000000003493,2.8,1.4,1014.4,0,2.6,10,29,2,2
2018-10-29 03:00:00,51.899999999965075,2.4,1.3,1013.8,0,2.1,10,29,3,3
2018-10-29 04:00:00,49.399999999965075,2.2,1.0,1013.5,0,2.1,10,29,4,4
2018-10-29 05:00:00,46.60000000003493,2.3,1.1,1012.8,0,3.6,10,29,5,5
2018-10-29 06:00:00,49.79999999998836,2.2,0.8,1011.9,1,3.1,10,29,6,6
2018-10-29 07:00:00,49.900000000023276,2.0,0.7,1011.4,0,2.6,10,29,7,7
2018-10-29 08:00:00,66.69999999995345,2.7,0.8,1011.2,0,4.1,10,29,1,8
2018-10-29 09:00:00,82.70000000001164,4.4,1.4,1010.4,0,4.1,10,29,2,9
2018-10-29 10:00:00,76.40000000002328,6.6,1.7,1009.6,1,4.1,10,29,3,10
2018-10-29 11:00:00,68.79999999998836,8.2,1.6,1008.2,0,3.6,10,29,4,11
2018-10-29 12:00:00,66.5,8.6,1.7,1007.1,0,4.1,10,29,5,12
2018-10-29 13:00:00,71.0,9.0,1.2,1006.0,1,4.6,10,29,6,13
2018-10-29 14:00:00,77.10000000003492,9.0,1.3,1005.3,1,5.1,10,29,7,14
2018-10-29 15:00:00,74.5,9.1,0.9,1004.6,1,3.6,10,29,1,15
2018-10-29 16:00:00,75.70000000001164,8.5,1.0,1003.8,0,4.1,10,29,2,16
2018-10-29 17:00:00,85.5,7.6,1.2,1003.2,0,3.6,10,29,3,17
2018-10-29 18:00:00,101.79999999998836,6.9,1.4,1002.2,0,3.1,10,29,4,18
2018-10-29 19:00:00,112.0,5.7,1.3,1002.2,1,2.1,10,29,5,19
2018-10-29 20:00:00,100.0,5.2,1.2,1000.8,0,3.6,10,29,6,20
2018-10-29 21:00:00,100.70000000001164,4.9,1.4,1000.1,0,2.6,10,29,7,21
2018-10-29 22:00:00,88.20000000001164,4.7,1.6,999.6,0,3.1,10,29,1,22
2018-10-29 23:00:00,87.5,4.3,1.3,998.5,0,3.6,10,29,2,23
2018-10-30 00:00:00,84.29999999998836,4.7,1.0,998.1,0,3.6,10,30,3,0
2018-10-30 01:00:00,68.19999999995345,4.9,1.5,997.1,0,3.6,10,30,4,1
2018-10-30 02:00:00,62.20000000001164,4.8,1.5,996.3,0,4.1,10,30,5,2
2018-10-30 03:00:00,62.0,5.0,2.0,995.7,0,3.6,10,30,6,3
2018-10-30 04:00:00,58.399999999965075,4.9,2.5,994.8,0,4.6,10,30,7,4
2018-10-30 05:00:00,51.29999999998836,5.0,2.6,994.7,7,3.6,10,30,1,5
2018-10-30 06:00:00,51.19999999995344,4.8,3.3,994.3,7,4.1,10,30,2,6
2018-10-30 07:00:00,55.899999999965075,4.8,3.0,994.3,7,3.6,10,30,3,7
2018-10-30 08:00:00,70.29999999998836,5.4,3.5,994.3,7,4.1,10,30,4,8
2018-10-30 09:00:00,90.29999999998836,5.9,3.7,994.5,7,5.1,10,30,5,9
2018-10-30 10:00:00,83.79999999998836,6.5,4.0,994.6,6,5.1,10,30,6,10
2018-10-30 11:00:00,81.20000000001164,6.4,3.8,994.8,7,5.7,10,30,7,11
2018-10-30 12:00:00,82.39999999996508,7.3,4.2,995.3,7,5.1,10,30,1,12
2018-10-30 13:00:00,75.5,8.2,4.3,995.8,6,5.7,10,30,2,13
2018-10-30 14:00:00,79.0,8.5,4.5,996.1,6,5.7,10,30,3,14
2018-10-30 15:00:00,78.09999999997672,9.0,4.2,996.6,7,6.7,10,30,4,15
2018-10-30 16:00:00,79.39999999996508,8.9,4.0,997.4,6,5.1,10,30,5,16
2018-10-30 17:00:00,87.90000000002328,8.6,3.9,998.5,6,5.1,10,30,6,17
2018-10-30 18:00:00,97.89999999996508,8.2,4.1,999.7,6,4.1,10,30,7,18
2018-10-30 19:00:00,95.0,7.9,3.6,1000.4,6,5.1,10,30,1,19
2018-10-30 20:00:00,97.0,7.6,3.4,1001.4,6,5.1,10,30,2,20
2018-10-30 21:00:00,92.40000000002328,7.5,3.0,1002.4,6,4.6,10,30,3,21
2018-10-30 22:00:00,95.20000000001164,6.2,2.5,1003.4,5,4.6,10,30,4,22
2018-10-30 23:00:00,90.5,4.5,1.8,1004.2,5,2.6,10,30,5,23
2018-10-31 00:00:00,84.59999999997672,3.6,1.7,1004.4,4,2.6,10,31,6,0
2018-10-31 01:00:00,81.79999999998836,2.7,1.2,1005.1,4,3.1,10,31,7,1
2018-10-31 02:00:00,69.5,1.6,-0.4,1005.6,4,1.5,10,31,1,2
2018-10-31 03:00:00,67.10000000003492,1.9,0.1,1005.8,5,2.1,10,31,2,3
2018-10-31 04:00:00,60.5,0.7,-0.3,1006.1,6,0.5,10,31,3,4
2018-10-31 05:00:00,57.599999999976724,0.7,0.0,1006.6,5,1.0,10,31,4,5
2018-10-31 06:00:00,61.20000000001164,0.9,0.0,1006.9,1,1.0,10,31,5,6
2018-10-31 07:00:00,63.5,1.1,0.5,1007.3,1,1.5,10,31,6,7
2018-10-31 08:00:00,78.20000000001164,0.5,-0.1,1007.7,2,0.5,10,31,7,8
2018-10-31 09:00:00,88.70000000001164,5.2,3.2,1007.8,1,1.5,10,31,1,9
2018-10-31 10:00:00,76.20000000001164,9.3,4.4,1008.0,2,1.5,10,31,2,10
2018-10-31 11:00:00,71.29999999998836,12.2,4.9,1008.0,3,4.1,10,31,3,11
2018-10-31 12:00:00,73.39999999996508,13.1,4.9,1007.5,3,7.2,10,31,4,12
2018-10-31 13:00:00,79.09999999997672,13.4,4.6,1007.3,3,6.7,10,31,5,13
2018-10-31 14:00:00,81.59999999997672,13.2,5.6,1006.9,3,5.1,10,31,6,14
2018-10-31 15:00:00,78.70000000001164,12.8,5.4,1006.6,3,4.6,10,31,7,15
2018-10-31 16:00:00,75.59999999997672,11.3,5.7,1006.7,3,5.1,10,31,1,16
2018-10-31 17:00:00,87.0,10.8,5.3,1006.9,3,4.6,10,31,2,17
2018-10-31 18:00:00,102.59999999997672,9.4,5.3,1006.9,2,3.6,10,31,3,18
2018-10-31 19:00:00,104.60000000003492,9.7,5.8,1007.0,2,3.1,10,31,4,19
2018-10-31 20:00:00,99.0,9.7,6.3,1006.6,2,3.1,10,31,5,20
2018-10-31 21:00:00,87.0,9.4,6.6,1006.1,2,3.1,10,31,6,21
2018-10-31 22:00:00,81.90000000002328,9.5,7.0,1005.7,2,3.6,10,31,7,22
2018-10-31 23:00:00,80.39999999996508,9.5,7.6,1005.1,2,3.1,10,31,1,23
2018-11-01 00:00:00,80.5,9.4,8.2,1004.6,2,3.1,11,1,2,0
2018-11-01 01:00:00,61.20000000001164,9.4,8.9,1004.3,2,3.1,11,1,3,1
2018-11-01 02:00:00,64.19999999995345,9.7,9.4,1003.9,2,2.6,11,1,4,2
2018-11-01 03:00:00,67.0,9.9,9.8,1003.4,2,2.1,11,1,5,3
2018-11-01 04:00:00,63.5,10.1,9.9,1003.1,2,0.5,11,1,6,4
2018-11-01 05:00:00,52.79999999998836,10.1,10.0,1002.9,2,1.5,11,1,7,5
2018-11-01 06:00:00,48.79999999998836,10.1,10.0,1002.9,3,2.1,11,1,1,6
2018-11-01 07:00:00,49.20000000001164,10.5,10.4,1003.2,4,2.1,11,1,2,7
2018-11-01 08:00:00,61.300000000046566,10.5,10.3,1003.5,4,2.6,11,1,3,8
2018-11-01 09:00:00,71.5,10.7,10.3,1003.7,4,2.6,11,1,4,9
2018-11-01 10:00:00,70.29999999998836,10.9,10.3,1003.9,4,3.6,11,1,5,10
2018-11-01 11:00:00,64.5,11.3,10.1,1004.1,4,3.1,11,1,6,11
2018-11-01 12:00:00,61.70000000001164,10.7,10.0,1004.6,6,4.1,11,1,7,12
2018-11-01 13:00:00,72.5,10.6,9.7,1004.7,6,4.6,11,1,1,13
2018-11-01 14:00:00,70.89999999996508,10.0,8.9,1005.3,7,4.1,11,1,2,14
2018-11-01 15:00:00,75.09999999997672,9.6,8.0,1006.3,7,4.1,11,1,3,15
2018-11-01 16:00:00,82.09999999997672,9.6,7.9,1007.1,6,3.6,11,1,4,16
2018-11-01 17:00:00,80.40000000002328,9.4,7.4,1008.1,7,3.1,11,1,5,17
2018-11-01 18:00:00,93.19999999995345,9.1,6.8,1009.4,6,3.1,11,1,6,18
2018-11-01 19:00:00,96.5,8.3,6.1,1010.5,6,3.1,11,1,7,19
2018-11-01 20:00:00,91.69999999995345,7.3,5.4,1011.5,6,2.6,11,1,1,20
2018-11-01 21:00:00,92.60000000003492,6.8,5.4,1012.6,6,2.1,11,1,2,21
2018-11-01 22:00:00,98.79999999998836,5.9,4.7,1013.5,6,2.1,11,1,3,22
2018-11-01 23:00:00,92.79999999998836,5.3,3.8,1014.2,6,3.1,11,1,4,23
2018-11-02 00:00:00,80.20000000001164,3.6,2.9,1015.3,6,2.1,11,2,5,0
2018-11-02 01:00:00,67.70000000001164,2.5,1.5,1016.3,6,1.5,11,2,6,1
2018-11-02 02:00:00,61.5,1.4,0.7,1017.0,6,2.6,11,2,7,2
2018-11-02 03:00:00,56.400000000023276,2.7,1.0,1017.9,7,2.6,11,2,1,3
2018-11-02 04:00:00,55.400000000023276,2.0,1.1,1018.9,7,1.5,11,2,2,4
2018-11-02 05:00:00,51.0,2.2,1.3,1019.9,6,2.1,11,2,3,5
2018-11-02 06:00:00,49.900000000023276,2.0,1.5,1021.0,6,2.1,11,2,4,6
2018-11-02 07:00:00,57.19999999995344,1.9,1.0,1022.1,6,1.5,11,2,5,7
2018-11-02 08:00:00,70.90000000002328,2.9,1.6,1023.2,6,2.6,11,2,6,8
2018-11-02 09:00:00,76.79999999998836,4.5,2.5,1024.1,6,2.6,11,2,7,9
2018-11-02 10:00:00,71.70000000001164,6.9,3.1,1024.4,6,3.1,11,2,1,10
2018-11-02 11:00:00,70.20000000001164,8.4,3.2,1024.9,6,3.1,11,2,2,11
2018-11-02 12:00:00,72.70000000001164,10.2,3.8,1025.2,6,4.1,11,2,3,12
2018-11-02 13:00:00,73.79999999998836,10.8,3.7,1025.4,6,4.1,11,2,4,13
2018-11-02 14:00:00,70.0,11.4,3.1,1025.7,6,3.1,11,2,5,14
2018-11-02 15:00:00,69.40000000002328,11.3,1.1,1026.3,6,3.6,11,2,6,15
2018-11-02 16:00:00,75.60000000003492,10.3,1.7,1026.8,6,2.6,11,2,7,16
2018-11-02 17:00:00,85.5,9.3,2.1,1027.4,5,3.1,11,2,1,17
2018-11-02 18:00:00,95.90000000002328,7.9,1.5,1028.1,6,3.1,11,2,2,18
2018-11-02 19:00:00,93.0,7.3,1.8,1028.5,5,3.1,11,2,3,19
2018-11-02 20:00:00,91.0,6.7,2.2,1028.6,5,2.6,11,2,4,20
2018-11-02 21:00:00,83.29999999998836,6.2,2.6,1028.8,4,2.6,11,2,5,21
2018-11-02 22:00:00,76.59999999997672,5.7,2.2,1028.9,5,3.1,11,2,6,22
2018-11-02 23:00:00,81.89999999996508,5.5,2.3,1028.6,4,2.6,11,2,7,23
2018-11-03 00:00:00,74.90000000002328,4.8,2.4,1028.1,3,1.5,11,3,1,0
2018-11-03 01:00:00,73.0,4.8,2.5,1027.7,4,1.5,11,3,2,1
2018-11-03 02:00:00,68.10000000003492,4.2,2.2,1027.2,3,2.1,11,3,3,2
2018-11-03 03:00:00,61.29999999998836,3.7,2.0,1026.4,4,2.1,11,3,4,3
2018-11-03 04:00:00,57.20000000001164,2.9,1.4,1026.1,3,3.1,11,3,5,4
2018-11-03 05:00:00,55.5,4.1,2.6,1025.9,3,3.1,11,3,6,5
2018-11-03 06:00:00,53.300000000046566,4.8,3.3,1025.4,3,2.6,11,3,7,6
2018-11-03 07:00:00,53.400000000023276,6.5,3.8,1025.2,3,3.6,11,3,1,7
2018-11-03 08:00:00,59.399999999965075,7.5,4.7,1025.2,3,3.1,11,3,2,8
2018-11-03 09:00:00,58.20000000001164,8.7,6.2,1024.9,3,3.1,11,3,3,9
2018-11-03 10:00:00,62.5,12.0,8.6,1024.3,4,4.6,11,3,4,10
2018-11-03 11:00:00,65.5,12.5,8.4,1023.6,4,6.2,11,3,5,11
2018-11-03 12:00:00,67.30000000004655,14.0,7.2,1023.0,4,7.2,11,3,6,12
2018-11-03 13:00:00,63.20000000001164,13.5,6.4,1022.3,4,8.2,11,3,7,13
2018-11-03 14:00:00,69.69999999995345,13.7,5.7,1021.4,4,7.7,11,3,1,14
2018-11-03 15:00:00,72.20000000001164,13.1,5.8,1020.8,4,6.7,11,3,2,15
2018-11-03 16:00:00,71.69999999995345,12.1,5.1,1020.1,4,6.7,11,3,3,16
2018-11-03 17:00:00,70.39999999996508,11.0,6.0,1020.0,4,5.1,11,3,4,17
2018-11-03 18:00:00,75.0,10.3,6.0,1019.6,4,5.7,11,3,5,18
2018-11-03 19:00:00,80.59999999997672,9.9,4.7,1019.2,4,4.1,11,3,6,19
2018-11-03 20:00:00,84.20000000001164,9.2,4.8,1018.7,4,3.6,11,3,7,20
2018-11-03 21:00:00,81.5,9.3,5.1,1018.0,4,4.1,11,3,1,21
2018-11-03 22:00:00,80.90000000002328,8.9,4.5,1017.0,4,4.1,11,3,2,22
2018-11-03 23:00:00,77.70000000001164,9.1,4.6,1015.9,4,4.1,11,3,3,23
2018-11-04 00:00:00,69.20000000001164,9.2,4.6,1015.5,4,4.1,11,4,4,0
2018-11-04 01:00:00,65.90000000002328,8.0,4.1,1015.0,3,3.6,11,4,5,1
2018-11-04 02:00:00,61.899999999965075,8.1,4.5,1014.1,3,4.1,11,4,6,2
2018-11-04 03:00:00,58.20000000001164,8.7,5.5,1013.6,3,3.1,11,4,7,3
2018-11-04 04:00:00,52.599999999976724,9.1,5.8,1013.1,3,4.1,11,4,1,4
2018-11-04 05:00:00,49.20000000001164,9.3,5.7,1012.5,3,4.1,11,4,2,5
2018-11-04 06:00:00,53.29999999998836,9.8,5.9,1012.2,4,3.1,11,4,3,6
2018-11-04 07:00:00,49.20000000001164,10.1,6.3,1012.4,4,2.6,11,4,4,7
2018-11-04 08:00:00,47.900000000023276,9.7,6.6,1012.0,3,3.6,11,4,5,8
2018-11-04 09:00:00,50.10000000003493,10.8,7.0,1011.8,4,3.6,11,4,6,9
2018-11-04 10:00:00,50.5,11.9,7.4,1011.4,4,4.6,11,4,7,10
2018-11-04 11:00:00,56.60000000003493,13.0,7.2,1011.1,4,6.2,11,4,1,11
2018-11-04 12:00:00,59.29999999998836,13.0,7.8,1010.2,4,4.6,11,4,2,12
2018-11-04 13:00:00,61.20000000001164,12.9,5.7,1009.7,4,5.1,11,4,3,13
2018-11-04 14:00:00,65.09999999997672,12.6,7.7,1009.0,4,4.1,11,4,4,14
2018-11-04 15:00:00,64.09999999997672,12.4,8.2,1008.6,3,4.1,11,4,5,15
2018-11-04 16:00:00,64.59999999997672,11.9,8.2,1008.3,3,3.6,11,4,6,16
2018-11-04 17:00:00,74.89999999996508,11.1,7.9,1008.4,3,4.1,11,4,7,17
2018-11-04 18:00:00,77.29999999998836,9.4,7.4,1008.0,2,4.1,11,4,1,18
2018-11-04 19:00:00,79.40000000002328,8.9,7.5,1008.4,3,2.6,11,4,2,19
2018-11-04 20:00:00,80.19999999995345,9.3,8.0,1008.0,2,3.1,11,4,3,20
2018-11-04 21:00:00,76.10000000003492,10.2,8.4,1007.6,2,3.6,11,4,4,21
2018-11-04 22:00:00,73.89999999996508,9.5,7.8,1007.2,2,3.1,11,4,5,22
2018-11-04 23:00:00,72.90000000002328,9.9,8.2,1006.8,2,2.6,11,4,6,23
2018-11-05 00:00:00,65.59999999997672,8.4,7.1,1006.2,2,2.1,11,5,7,0
2018-11-05 01:00:00,60.5,8.3,7.6,1006.0,2,3.1,11,5,1,1
2018-11-05 02:00:00,50.0,8.7,7.9,1005.4,1,1.5,11,5,2,2
2018-11-05 03:00:00,47.400000000023276,8.6,8.1,1004.8,1,3.1,11,5,3,3
2018-11-05 04:00:00,47.20000000001164,8.0,7.4,1004.5,1,2.1,11,5,4,4
2018-11-05 05:00:00,44.399999999965075,8.2,7.7,1004.3,1,2.6,11,5,5,5
2018-11-05 06:00:00,43.79999999998836,8.2,7.7,1004.2,1,2.1,11,5,6,6
2018-11-05 07:00:00,47.0,8.6,8.0,1004.3,1,1.5,11,5,7,7
2018-11-05 08:00:00,54.79999999998836,9.1,8.3,1004.9,2,2.6,11,5,1,8
2018-11-05 09:00:00,63.69999999995345,10.6,9.4,1005.2,2,2.6,11,5,2,9
2018-11-05 10:00:00,59.5,11.5,10.3,1005.0,2,2.6,11,5,3,10
2018-11-05 11:00:00,56.5,13.3,11.2,1004.7,2,2.1,11,5,4,11
2018-11-05 12:00:00,57.79999999998836,13.6,10.7,1004.4,1,2.6,11,5,5,12
2018-11-05 13:00:00,68.5,14.8,11.2,1003.7,2,2.6,11,5,6,13
2018-11-05 14:00:00,62.60000000003493,15.1,11.5,1003.3,2,3.6,11,5,7,14
2018-11-05 15:00:00,59.19999999995344,14.6,10.7,1002.6,2,3.6,11,5,1,15
2018-11-05 16:00:00,61.0,13.2,10.5,1002.6,2,3.6,11,5,2,16
2018-11-05 17:00:00,66.0,13.6,11.3,1002.7,2,3.6,11,5,3,17
2018-11-05 18:00:00,71.5,13.0,10.8,1002.8,2,3.6,11,5,4,18
2018-11-05 19:00:00,80.0,12.9,10.8,1002.8,2,3.1,11,5,5,19
2018-11-05 20:00:00,76.5,12.0,10.5,1002.4,2,2.6,11,5,6,20
2018-11-05 21:00:00,70.70000000001164,12.2,10.5,1002.3,2,2.1,11,5,7,21
2018-11-05 22:00:00,64.59999999997672,12.4,10.8,1002.0,2,2.1,11,5,1,22
2018-11-05 23:00:00,63.400000000023276,11.5,10.4,1001.6,2,3.1,11,5,2,23
2018-11-06 00:00:00,60.399999999965075,10.3,9.2,1001.5,3,2.6,11,6,3,0
2018-11-06 01:00:00,54.29999999998836,9.9,9.5,1001.4,3,3.1,11,6,4,1
2018-11-06 02:00:00,49.10000000003493,9.4,8.9,1001.0,3,1.5,11,6,5,2
2018-11-06 03:00:00,45.0,9.9,9.7,1000.4,2,2.6,11,6,6,3
2018-11-06 04:00:00,43.20000000001164,10.3,10.1,1000.2,3,3.1,11,6,7,4
2018-11-06 05:00:00,40.599999999976724,10.1,9.9,1000.2,3,2.6,11,6,1,5
2018-11-06 06:00:00,43.5,9.3,9.1,1000.0,2,3.1,11,6,2,6
2018-11-06 07:00:00,47.399999999965075,9.3,9.2,999.8,2,1.5,11,6,3,7
2018-11-06 08:00:00,49.29999999998836,10.6,10.5,1000.0,3,2.6,11,6,4,8
2018-11-06 09:00:00,56.10000000003493,11.8,11.7,1000.2,4,2.6,11,6,5,9
2018-11-06 10:00:00,57.900000000023276,12.7,12.1,999.7,3,4.6,11,6,6,10
2018-11-06 11:00:00,53.0,13.6,12.5,999.8,3,5.7,11,6,7,11
2018-11-06 12:00:00,56.099999999976724,14.2,12.4,999.6,3,4.6,11,6,1,12
2018-11-06 13:00:00,57.399999999965075,14.4,12.7,999.0,3,3.1,11,6,2,13
2018-11-06 14:00:00,56.400000000023276,15.5,12.8,998.1,3,6.2,11,6,3,14
2018-11-06 15:00:00,64.0,14.9,11.8,998.3,3,5.7,11,6,4,15
2018-11-06 16:00:00,60.599999999976724,14.7,11.5,998.1,3,6.2,11,6,5,16
2018-11-06 17:00:00,61.400000000023276,14.7,11.2,998.3,4,5.7,11,6,6,17
2018-11-06 18:00:00,65.90000000002328,14.4,11.7,998.2,4,7.2,11,6,7,18
2018-11-06 19:00:00,67.20000000001164,14.3,11.3,998.5,4,6.2,11,6,1,19
2018-11-06 20:00:00,72.09999999997672,14.0,10.8,998.2,4,5.7,11,6,2,20
2018-11-06 21:00:00,70.59999999997672,13.1,10.4,998.1,3,5.7,11,6,3,21
2018-11-06 22:00:00,64.89999999996509,13.5,10.6,997.7,4,7.2,11,6,4,22
2018-11-06 23:00:00,64.79999999998836,13.7,10.2,997.9,4,6.7,11,6,5,23
2018-11-07 00:00:00,61.79999999998836,13.5,9.9,997.5,3,7.7,11,7,6,0
2018-11-07 01:00:00,54.399999999965075,13.4,9.6,996.8,3,7.7,11,7,7,1
2018-11-07 02:00:00,48.29999999998836,13.2,9.3,996.3,3,7.7,11,7,1,2
2018-11-07 03:00:00,46.70000000001164,12.4,9.8,995.6,3,7.7,11,7,2,3
2018-11-07 04:00:00,42.5,11.4,10.4,994.9,3,6.7,11,7,3,4
2018-11-07 05:00:00,42.0,11.3,10.5,994.4,3,7.7,11,7,4,5
2018-11-07 06:00:00,42.80000000004657,11.3,10.7,994.0,3,6.2,11,7,5,6
2018-11-07 07:00:00,45.400000000023276,11.9,11.2,994.1,4,5.1,11,7,6,7
2018-11-07 08:00:00,49.400000000023276,12.3,11.0,994.3,4,8.2,11,7,7,8
2018-11-07 09:00:00,57.899999999965075,12.6,10.7,994.4,4,7.7,11,7,1,9
2018-11-07 10:00:00,59.5,13.5,10.5,994.3,4,8.8,11,7,2,10
2018-11-07 11:00:00,61.79999999998836,14.3,10.8,994.1,4,8.8,11,7,3,11
2018-11-07 12:00:00,62.599999999976724,14.1,10.4,994.1,4,10.8,11,7,4,12
2018-11-07 13:00:00,66.20000000001164,13.1,11.1,994.4,4,9.3,11,7,5,13
2018-11-07 14:00:00,66.59999999997672,12.4,10.1,995.0,4,8.8,11,7,6,14
2018-11-07 15:00:00,63.10000000003493,12.2,10.1,996.7,4,7.2,11,7,7,15
2018-11-07 16:00:00,64.39999999996508,12.2,10.2,998.3,4,4.1,11,7,1,16
2018-11-07 17:00:00,70.20000000001164,11.7,9.3,999.8,4,5.1,11,7,2,17
2018-11-07 18:00:00,75.39999999996508,11.3,9.1,1001.3,4,4.6,11,7,3,18
2018-11-07 19:00:00,71.39999999996508,11.2,9.0,1002.1,5,5.1,11,7,4,19
2018-11-07 20:00:00,66.29999999998836,10.9,8.6,1003.2,4,4.1,11,7,5,20
2018-11-07 21:00:00,59.599999999976724,10.8,8.6,1004.7,5,5.7,11,7,6,21
2018-11-07 22:00:00,60.79999999998836,9.3,7.3,1006.6,6,8.8,11,7,7,22
2018-11-07 23:00:00,63.10000000003493,8.5,6.0,1008.3,5,6.2,11,7,1,23
2018-11-08 00:00:00,65.20000000001164,7.5,5.4,1009.7,5,4.6,11,8,2,0
2018-11-08 01:00:00,59.5,6.9,4.7,1010.8,5,5.1,11,8,3,1
2018-11-08 02:00:00,55.399999999965075,6.5,4.6,1011.8,4,3.1,11,8,4,2
2018-11-08 03:00:00,50.69999999995344,6.5,4.8,1012.2,4,3.1,11,8,5,3
2018-11-08 04:00:00,48.0,4.9,3.5,1012.7,3,3.1,11,8,6,4
2018-11-08 05:00:00,45.29999999998836,5.9,4.5,1013.3,3,2.6,11,8,7,5
2018-11-08 06:00:00,43.900000000023276,6.6,5.1,1013.6,3,4.1,11,8,1,6
2018-11-08 07:00:00,49.20000000001164,7.6,5.7,1014.1,3,4.1,11,8,2,7
2018-11-08 08:00:00,53.099999999976724,9.0,6.9,1014.7,3,4.1,11,8,3,8
2018-11-08 09:00:00,59.0,11.2,7.8,1015.1,4,5.1,11,8,4,9
2018-11-08 10:00:00,61.20000000001164,12.8,8.1,1015.3,4,5.7,11,8,5,10
2018-11-08 11:00:00,61.70000000001164,13.8,8.0,1015.6,4,7.2,11,8,6,11
2018-11-08 12:00:00,62.899999999965075,14.0,6.8,1015.2,4,7.7,11,8,7,12
2018-11-08 13:00:00,65.20000000001164,13.9,6.3,1015.1,4,7.2,11,8,1,13
2018-11-08 14:00:00,61.399999999965075,13.6,5.4,1014.5,4,7.7,11,8,2,14
2018-11-08 15:00:00,66.10000000003492,13.1,5.0,1014.3,4,5.7,11,8,3,15
2018-11-08 16:00:00,67.30000000004655,12.5,5.7,1014.0,3,6.2,11,8,4,16
2018-11-08 17:00:00,68.90000000002328,10.6,5.8,1013.9,3,5.7,11,8,5,17
2018-11-08 18:00:00,73.90000000002328,9.6,5.9,1013.8,3,5.1,11,8,6,18
2018-11-08 19:00:00,70.19999999995345,8.7,6.2,1013.9,3,5.7,11,8,7,19
2018-11-08 20:00:00,78.70000000001164,8.4,5.9,1013.7,3,5.1,11,8,1,20
2018-11-08 21:00:00,72.70000000001164,8.6,6.2,1013.5,3,5.7,11,8,2,21
2018-11-08 22:00:00,79.5,8.9,6.6,1013.1,3,5.7,11,8,3,22
2018-11-08 23:00:00,68.79999999998836,8.2,6.4,1012.6,3,3.6,11,8,4,23
2018-11-09 00:00:00,62.20000000001164,8.0,6.6,1011.8,3,5.1,11,9,5,0
2018-11-09 01:00:00,59.899999999965075,7.4,6.4,1011.3,3,3.6,11,9,6,1
2018-11-09 02:00:00,57.20000000001164,8.7,7.5,1010.3,3,4.6,11,9,7,2
2018-11-09 03:00:00,53.79999999998836,6.7,5.7,1009.9,2,3.1,11,9,1,3
2018-11-09 04:00:00,53.29999999998836,7.7,7.3,1009.4,2,2.6,11,9,2,4
2018-11-09 05:00:00,48.400000000023276,6.7,6.3,1009.1,2,2.6,11,9,3,5
2018-11-09 06:00:00,47.0,7.5,7.2,1008.4,2,4.1,11,9,4,6
2018-11-09 07:00:00,50.0,8.4,8.1,1008.0,2,3.1,11,9,5,7
2018-11-09 08:00:00,53.0,8.9,8.4,1007.6,2,4.1,11,9,6,8
2018-11-09 09:00:00,65.29999999998836,10.7,9.3,1007.0,3,4.1,11,9,7,9
2018-11-09 10:00:00,64.29999999998836,11.8,9.6,1006.0,3,5.7,11,9,1,10
2018-11-09 11:00:00,60.20000000001164,12.6,10.2,1005.0,3,5.7,11,9,2,11
2018-11-09 12:00:00,62.69999999995345,12.9,9.5,1004.2,4,7.7,11,9,3,12
2018-11-09 13:00:00,63.70000000001164,12.4,10.4,1003.7,4,6.2,11,9,4,13
2018-11-09 14:00:00,62.20000000001164,13.6,7.0,1003.0,4,6.7,11,9,5,14
2018-11-09 15:00:00,61.29999999998836,12.7,6.3,1002.4,4,7.7,11,9,6,15
2018-11-09 16:00:00,71.20000000001164,12.1,7.1,1001.3,4,7.2,11,9,7,16
2018-11-09 17:00:00,72.79999999998836,11.9,7.0,1000.3,4,7.2,11,9,1,17
2018-11-09 18:00:00,75.39999999996508,12.0,6.5,998.9,3,8.8,11,9,2,18
2018-11-09 19:00:00,70.40000000002328,11.8,8.1,997.5,4,10.3,11,9,3,19
2018-11-09 20:00:00,75.89999999996508,11.1,9.3,996.5,4,9.3,11,9,4,20
2018-11-09 21:00:00,73.40000000002328,10.9,8.7,995.4,4,10.3,11,9,5,21
2018-11-09 22:00:00,69.70000000001164,10.6,9.6,994.4,4,8.2,11,9,6,22
2018-11-09 23:00:00,65.59999999997672,10.7,9.9,993.0,4,8.2,11,9,7,23
2018-11-10 00:00:00,60.70000000001164,11.2,10.3,991.9,4,7.2,11,10,1,0
2018-11-10 01:00:00,50.79999999998836,11.6,10.7,991.4,4,5.7,11,10,2,1
2018-11-10 02:00:00,52.0,11.9,11.0,991.8,4,5.1,11,10,3,2
2018-11-10 03:00:00,49.5,11.7,10.8,991.7,4,4.6,11,10,4,3
2018-11-10 04:00:00,49.900000000023276,10.8,9.5,992.6,4,5.1,11,10,5,4
2018-11-10 05:00:00,48.79999999998836,9.7,8.7,993.2,5,4.6,11,10,6,5
2018-11-10 06:00:00,44.69999999995344,9.5,8.5,993.8,4,4.6,11,10,7,6
2018-11-10 07:00:00,46.0,9.4,8.5,994.4,4,4.1,11,10,1,7
2018-11-10 08:00:00,47.400000000023276,10.0,9.0,995.1,4,3.6,11,10,2,8
2018-11-10 09:00:00,48.5,11.1,9.5,995.2,4,3.6,11,10,3,9
2018-11-10 10:00:00,54.29999999998836,12.8,10.3,995.0,4,3.6,11,10,4,10
2018-11-10 11:00:00,55.5,14.1,10.9,995.0,4,4.6,11,10,5,11
2018-11-10 12:00:00,56.400000000023276,13.9,9.9,994.7,4,6.7,11,10,6,12
2018-11-10 13:00:00,58.5,13.8,8.9,994.2,4,6.2,11,10,7,13
2018-11-10 14:00:00,57.29999999998836,13.9,9.4,994.2,4,6.2,11,10,1,14
2018-11-10 15:00:00,61.69999999995345,10.5,9.0,994.6,5,7.7,11,10,2,15
2018-11-10 16:00:00,68.39999999996508,10.3,9.0,994.7,4,3.6,11,10,3,16
2018-11-10 17:00:00,73.20000000001164,10.0,8.9,995.1,4,4.1,11,10,4,17
2018-11-10 18:00:00,73.29999999998836,9.8,9.0,994.9,4,3.1,11,10,5,18
2018-11-10 19:00:00,76.90000000002328,9.8,8.9,994.8,3,4.1,11,10,6,19
2018-11-10 20:00:00,77.89999999996508,9.8,9.0,994.9,3,4.1,11,10,7,20
2018-11-10 21:00:00,71.79999999998836,9.8,8.9,994.5,4,3.6,11,10,1,21
2018-11-10 22:00:00,70.10000000003492,10.0,9.3,994.7,4,3.6,11,10,2,22
2018-11-10 23:00:00,70.60000000003492,10.0,9.4,994.8,4,3.6,11,10,3,23
2018-11-11 00:00:00,73.19999999995345,10.0,9.0,994.8,4,3.6,11,11,4,0
2018-11-11 01:00:00,58.899999999965075,9.6,8.6,994.8,4,4.6,11,11,5,1
2018-11-11 02:00:00,58.29999999998836,8.7,7.9,994.9,4,3.6,11,11,6,2
2018-11-11 03:00:00,52.800000000046566,8.0,7.5,994.9,3,3.1,11,11,7,3
2018-11-11 04:00:00,49.20000000001164,6.3,5.7,994.4,3,2.1,11,11,1,4
2018-11-11 05:00:00,47.400000000023276,8.4,8.3,994.3,3,3.1,11,11,2,5
2018-11-11 06:00:00,45.900000000023276,9.8,9.5,994.3,4,3.1,11,11,3,6
2018-11-11 07:00:00,44.70000000001164,9.8,8.5,994.2,4,3.6,11,11,4,7
2018-11-11 08:00:00,48.400000000023276,10.3,8.0,995.4,5,6.7,11,11,5,8
2018-11-11 09:00:00,54.399999999965075,10.9,8.6,996.5,5,5.7,11,11,6,9
2018-11-11 10:00:00,56.20000000001164,11.8,7.8,997.6,5,8.8,11,11,7,10
2018-11-11 11:00:00,57.399999999965075,12.2,7.0,998.8,5,6.2,11,11,1,11
2018-11-11 12:00:00,60.599999999976724,13.5,7.2,999.4,5,7.2,11,11,2,12
2018-11-11 13:00:00,64.60000000003492,13.5,6.0,999.8,5,7.7,11,11,3,13
2018-11-11 14:00:00,65.70000000001164,14.1,7.3,1000.3,5,6.2,11,11,4,14
2018-11-11 15:00:00,62.900000000023276,13.0,6.8,1001.1,5,6.7,11,11,5,15
2018-11-11 16:00:00,63.29999999998836,12.1,6.9,1001.9,4,4.6,11,11,6,16
2018-11-11 17:00:00,70.0,11.3,7.0,1003.0,4,4.1,11,11,7,17
2018-11-11 18:00:00,82.0,10.4,6.4,1003.4,4,4.1,11,11,1,18
2018-11-11 19:00:00,84.60000000003492,10.0,6.6,1004.5,4,4.6,11,11,2,19
2018-11-11 20:00:00,86.29999999998836,9.5,6.8,1004.8,4,4.1,11,11,3,20
2018-11-11 21:00:00,86.69999999995346,9.6,7.0,1005.4,4,4.6,11,11,4,21
2018-11-11 22:00:00,87.70000000001164,9.4,7.3,1005.7,4,4.1,11,11,5,22
2018-11-11 23:00:00,87.0,9.9,8.1,1006.2,4,3.6,11,11,6,23
2018-11-12 00:00:00,78.30000000004655,9.7,8.0,1006.4,4,4.1,11,12,7,0
2018-11-12 01:00:00,63.0,10.7,8.5,1006.4,4,4.1,11,12,1,1
2018-11-12 02:00:00,54.20000000001164,10.4,8.3,1006.8,4,3.1,11,12,2,2
2018-11-12 03:00:00,53.900000000023276,9.9,8.3,1006.6,4,2.1,11,12,3,3
2018-11-12 04:00:00,47.29999999998836,9.1,8.3,1006.6,3,2.6,11,12,4,4
2018-11-12 05:00:00,46.20000000001164,9.7,9.1,1006.9,4,2.6,11,12,5,5
2018-11-12 06:00:00,48.5,10.3,9.4,1007.3,4,3.1,11,12,6,6
2018-11-12 07:00:00,49.29999999998836,10.6,9.7,1007.6,4,2.6,11,12,7,7
2018-11-12 08:00:00,63.0,10.7,10.0,1008.6,4,2.6,11,12,1,8
2018-11-12 09:00:00,71.59999999997672,10.9,10.1,1009.2,4,3.1,11,12,2,9
2018-11-12 10:00:00,72.40000000002328,11.5,7.7,1009.4,4,4.1,11,12,3,10
2018-11-12 11:00:00,64.5,13.1,8.9,1009.5,4,4.1,11,12,4,11
2018-11-12 12:00:00,60.79999999998836,14.2,9.5,1009.2,4,6.2,11,12,5,12
2018-11-12 13:00:00,61.10000000003493,13.6,8.9,1009.4,4,6.2,11,12,6,13
2018-11-12 14:00:00,66.59999999997672,13.2,8.4,1009.8,4,6.2,11,12,7,14
2018-11-12 15:00:00,68.39999999996508,13.0,8.3,1009.9,4,5.7,11,12,1,15
2018-11-12 16:00:00,70.0,12.3,8.1,1010.4,4,5.7,11,12,2,16
2018-11-12 17:00:00,74.20000000001164,11.6,7.7,1011.3,4,5.1,11,12,3,17
2018-11-12 18:00:00,77.0,11.0,7.9,1011.5,4,4.1,11,12,4,18
2018-11-12 19:00:00,102.20000000001164,11.0,7.4,1011.7,4,4.6,11,12,5,19
2018-11-12 20:00:00,94.89999999996508,11.2,8.3,1011.5,4,4.1,11,12,6,20
2018-11-12 21:00:00,100.0,10.7,7.8,1011.9,4,4.1,11,12,7,21
2018-11-12 22:00:00,92.59999999997672,10.3,7.9,1011.6,4,4.1,11,12,1,22
2018-11-12 23:00:00,85.90000000002328,10.8,8.2,1012.0,4,4.1,11,12,2,23
2018-11-13 00:00:00,77.0,10.3,6.7,1012.6,5,5.1,11,13,3,0
2018-11-13 01:00:00,67.0,9.4,5.9,1012.9,5,4.1,11,13,4,1
2018-11-13 02:00:00,63.899999999965104,9.5,6.7,1013.5,5,4.6,11,13,5,2
2018-11-13 03:00:00,56.5,9.1,6.7,1014.1,5,4.1,11,13,6,3
2018-11-13 04:00:00,55.899999999965075,8.7,6.8,1014.6,4,4.6,11,13,7,4
2018-11-13 05:00:00,51.20000000001164,8.3,6.4,1015.8,4,3.6,11,13,1,5
2018-11-13 06:00:00,50.20000000001164,7.9,6.1,1016.7,5,4.6,11,13,2,6
2018-11-13 07:00:00,55.20000000001164,8.6,6.8,1017.7,5,4.1,11,13,3,7
2018-11-13 08:00:00,63.70000000001164,8.6,6.7,1018.8,5,5.1,11,13,4,8
2018-11-13 09:00:00,78.0,10.0,7.2,1020.1,5,5.7,11,13,5,9
2018-11-13 10:00:00,75.0,11.8,7.7,1020.9,5,5.7,11,13,6,10
2018-11-13 11:00:00,70.20000000001164,12.9,8.0,1021.7,5,6.7,11,13,7,11
2018-11-13 12:00:00,69.60000000003492,13.1,7.2,1022.3,6,7.7,11,13,1,12
2018-11-13 13:00:00,71.20000000001164,13.5,7.6,1022.7,6,5.7,11,13,2,13
2018-11-13 14:00:00,68.29999999998836,13.3,6.9,1022.9,5,4.6,11,13,3,14
2018-11-13 15:00:00,67.20000000001164,13.0,6.7,1023.3,5,4.1,11,13,4,15
2018-11-13 16:00:00,72.5,12.4,6.0,1023.7,5,4.6,11,13,5,16
2018-11-13 17:00:00,79.5,11.8,6.2,1024.2,4,2.6,11,13,6,17
2018-11-13 18:00:00,95.40000000002328,11.3,7.7,1024.4,4,4.1,11,13,7,18
2018-11-13 19:00:00,92.0,10.9,8.2,1024.8,4,3.6,11,13,1,19
2018-11-13 20:00:00,90.90000000002328,10.7,8.4,1025.1,4,2.6,11,13,2,20
2018-11-13 21:00:00,94.90000000002328,10.5,8.6,1025.3,4,3.1,11,13,3,21
2018-11-13 22:00:00,92.0,10.0,8.3,1025.0,4,3.6,11,13,4,22
2018-11-13 23:00:00,89.90000000002328,10.3,8.4,1025.1,4,3.1,11,13,5,23
2018-11-14 00:00:00,74.09999999997672,9.4,7.9,1024.7,4,2.6,11,14,6,0
2018-11-14 01:00:00,61.800000000046566,11.1,9.5,1024.0,4,3.6,11,14,7,1
2018-11-14 02:00:00,56.10000000003493,10.7,9.0,1023.5,4,4.1,11,14,1,2
2018-11-14 03:00:00,56.5,10.4,9.1,1022.7,4,3.6,11,14,2,3
2018-11-14 04:00:00,51.20000000001164,10.6,9.0,1022.4,4,4.1,11,14,3,4
2018-11-14 05:00:00,50.0,10.6,9.0,1022.4,4,2.6,11,14,4,5
2018-11-14 06:00:00,49.10000000003493,10.3,8.4,1022.4,4,2.6,11,14,5,6
2018-11-14 07:00:00,48.69999999995344,10.7,8.6,1022.5,4,3.6,11,14,6,7
2018-11-14 08:00:00,60.79999999998836,10.7,8.9,1022.9,4,3.1,11,14,7,8
2018-11-14 09:00:00,74.5,11.3,9.1,1022.8,4,4.1,11,14,1,9
2018-11-14 10:00:00,64.09999999997672,12.6,9.2,1023.0,4,4.6,11,14,2,10
2018-11-14 11:00:00,63.400000000023276,13.4,8.5,1022.7,4,5.7,11,14,3,11
2018-11-14 12:00:00,64.39999999996508,14.0,8.0,1022.3,4,6.2,11,14,4,12
2018-11-14 13:00:00,71.40000000002328,13.8,7.8,1021.9,4,4.6,11,14,5,13
2018-11-14 14:00:00,71.30000000004655,14.6,7.5,1021.3,4,4.1,11,14,6,14
2018-11-14 15:00:00,66.89999999996508,14.0,7.1,1021.2,4,4.1,11,14,7,15
2018-11-14 16:00:00,70.20000000001164,13.1,7.4,1021.1,4,3.1,11,14,1,16
2018-11-14 17:00:00,78.10000000003492,12.3,8.0,1021.0,3,2.6,11,14,2,17
2018-11-14 18:00:00,88.5,11.5,8.1,1021.3,4,3.1,11,14,3,18
2018-11-14 19:00:00,94.0,10.6,8.3,1021.4,3,3.6,11,14,4,19
2018-11-14 20:00:00,94.09999999997672,10.6,8.9,1021.3,3,2.6,11,14,5,20
2018-11-14 21:00:00,86.29999999998836,10.7,9.7,1021.1,3,2.6,11,14,6,21
2018-11-14 22:00:00,80.40000000002328,10.7,9.9,1021.1,3,3.1,11,14,7,22
2018-11-14 23:00:00,81.5,10.7,10.4,1020.8,3,2.6,11,14,1,23
2018-11-15 00:00:00,81.70000000001164,10.7,10.3,1020.7,3,1.5,11,15,2,0
2018-11-15 01:00:00,66.59999999997672,11.1,10.9,1020.4,3,2.1,11,15,3,1
2018-11-15 02:00:00,59.0,11.4,11.2,1020.4,3,2.1,11,15,4,2
2018-11-15 03:00:00,52.900000000023276,11.6,11.4,1020.2,3,2.1,11,15,5,3
2018-11-15 04:00:00,48.70000000001164,11.6,11.3,1020.4,4,1.5,11,15,6,4
2018-11-15 05:00:00,44.5,11.4,11.1,1020.3,2,1.5,11,15,7,5
2018-11-15 06:00:00,45.599999999976724,11.7,11.2,1020.5,3,1.5,11,15,1,6
2018-11-15 07:00:00,45.800000000046566,12.1,11.1,1020.6,3,2.1,11,15,2,7
2018-11-15 08:00:00,63.00000000000001,11.8,11.0,1021.0,3,3.1,11,15,3,8
2018-11-15 09:00:00,68.5,12.5,11.7,1021.2,3,3.1,11,15,4,9
2018-11-15 10:00:00,64.79999999998836,13.3,11.4,1021.2,3,4.1,11,15,5,10
2018-11-15 11:00:00,61.0,13.6,11.6,1021.0,3,3.6,11,15,6,11
2018-11-15 12:00:00,66.40000000002328,13.9,12.1,1020.9,4,2.6,11,15,7,12
2018-11-15 13:00:00,60.0,14.2,12.5,1020.5,3,3.6,11,15,1,13
2018-11-15 14:00:00,63.5,14.7,13.0,1020.2,3,3.1,11,15,2,14
2018-11-15 15:00:00,57.10000000003493,14.4,12.6,1020.0,3,3.6,11,15,3,15
2018-11-15 16:00:00,57.20000000001164,13.5,11.9,1019.8,3,4.1,11,15,4,16
2018-11-15 17:00:00,65.79999999998836,13.2,11.9,1020.1,3,3.6,11,15,5,17
2018-11-15 18:00:00,80.90000000002328,12.6,11.1,1020.6,3,5.1,11,15,6,18
2018-11-15 19:00:00,79.90000000002328,12.4,11.2,1021.0,3,4.1,11,15,7,19
2018-11-15 20:00:00,82.10000000003492,11.9,10.8,1020.9,3,4.6,11,15,1,20
2018-11-15 21:00:00,87.0,11.6,10.7,1021.3,3,4.6,11,15,2,21
2018-11-15 22:00:00,84.20000000001164,11.5,10.8,1021.8,4,3.6,11,15,3,22
2018-11-15 23:00:00,85.09999999997672,11.5,10.9,1022.4,4,2.6,11,15,4,23
2018-11-16 00:00:00,74.19999999995345,11.3,10.8,1022.8,3,2.6,11,16,5,0
2018-11-16 01:00:00,74.60000000003492,11.3,10.8,1022.9,3,1.5,11,16,6,1
2018-11-16 02:00:00,65.70000000001164,11.2,10.7,1023.3,3,2.1,11,16,7,2
2018-11-16 03:00:00,58.60000000003493,11.0,10.5,1023.2,3,2.6,11,16,1,3
2018-11-16 04:00:00,51.29999999998836,11.0,10.6,1023.2,3,2.6,11,16,2,4
2018-11-16 05:00:00,47.19999999995344,11.0,10.7,1023.5,2,3.1,11,16,3,5
2018-11-16 06:00:00,44.599999999976724,10.9,10.7,1023.9,2,3.6,11,16,4,6
2018-11-16 07:00:00,47.70000000001164,10.9,10.6,1024.4,2,3.6,11,16,5,7
2018-11-16 08:00:00,56.900000000023276,11.0,10.6,1025.3,2,1.5,11,16,6,8
2018-11-16 09:00:00,63.399999999965075,10.8,10.5,1025.8,2,2.6,11,16,7,9
2018-11-16 10:00:00,62.0,10.8,10.5,1026.1,2,2.6,11,16,1,10
2018-11-16 11:00:00,63.79999999998836,10.9,10.5,1026.0,2,2.1,11,16,2,11
2018-11-16 12:00:00,63.0,10.7,10.1,1025.7,2,3.1,11,16,3,12
2018-11-16 13:00:00,68.59999999997672,10.2,9.6,1025.6,2,4.1,11,16,4,13
2018-11-16 14:00:00,65.59999999997672,10.1,9.5,1025.3,2,2.1,11,16,5,14
2018-11-16 15:00:00,60.5,10.1,9.6,1025.3,2,3.6,11,16,6,15
2018-11-16 16:00:00,66.59999999997672,9.8,9.5,1025.2,2,3.1,11,16,7,16
2018-11-16 17:00:00,77.79999999998836,9.451619417665462,9.364474855931189,1025.0723166428702,1,2.1604437476889293,11,16,1,17
2018-11-16 18:00:00,86.09999999997672,9.107691783857776,9.232029678261457,1024.9440575750782,1,1.2461272611463148,11,16,2,18
2018-11-16 19:00:00,75.70000000001164,8.768217098576942,9.102664466990797,1024.815222796624,1,0.35705054037215683,11,16,3,19
2018-11-16 20:00:00,81.59999999997672,8.43319536182296,8.976379222119212,1024.6858123075074,0,-0.5067864146335471,11,16,4,20
2018-11-16 21:00:00,86.40000000002328,8.102626573595833,8.853173943646699,1024.5558261077279,0,-1.3453836038707927,11,16,5,21
2018-11-16 22:00:00,78.0,7.776510733895554,8.733048631573261,1024.4252641972862,0,-2.158741027339584,11,16,6,22
2018-11-16 23:00:00,73.40000000002328,7.454847842722133,8.616003285898898,1024.2941265761824,0,-2.946858685039919,11,16,7,23
2018-11-17 00:00:00,68.40000000002328,7.137637900075562,8.502037906623611,1024.162413244416,0,-3.7097365769717983,11,17,1,0
2018-11-17 01:00:00,63.00000000000001,6.824880905955844,8.391152493747395,1024.030124201987,0,-4.447374703135222,11,17,2,1
2018-11-17 02:00:00,61.599999999976724,6.516576860362978,8.283347047270258,1023.8972594488961,0,-5.159773063530189,11,17,3,2
2018-11-17 03:00:00,55.899999999965075,6.212725763296965,8.178621567192192,1023.7638189851424,0,-5.8469316581567,11,17,4,3
2018-11-17 04:00:00,48.5,5.913327614757806,8.076976053513201,1023.6298028107263,0,-6.508850487014753,11,17,5,4
2018-11-17 05:00:00,49.20000000001164,5.618382414745499,7.978410506233286,1023.4952109256484,0,-7.145529550104354,11,17,6,5
2018-11-17 06:00:00,44.599999999976724,5.327890163260042,7.882924925352442,1023.3600433299072,0,-7.756968847425496,11,17,7,6
2018-11-17 07:00:00,45.20000000001164,5.041850860301442,7.790519310870675,1023.2243000235044,0,-8.343168378978183,11,17,1,7
2018-11-17 08:00:00,49.20000000001164,4.76026450586969,7.701193662787981,1023.0879810064386,0,-8.904128144762414,11,17,2,8
2018-11-17 09:00:00,52.29999999998836,4.483131099964793,7.614947981104362,1022.9510862787108,0,-9.439848144778193,11,17,3,9
2018-11-17 10:00:00,58.099999999976724,4.21045064258675,7.5317822658198175,1022.8136158403206,0,-9.950328379025509,11,17,4,10
2018-11-17 11:00:00,61.70000000001164,3.9422231337355567,7.451696516934347,1022.6755696912677,0,-10.435568847504372,11,17,5,11
2018-11-17 12:00:00,66.79999999998836,3.6784485734112176,7.3746907344479515,1022.5369478315528,0,-10.895569550214779,11,17,6,12
2018-11-17 13:00:00,67.20000000001164,3.419126961613732,7.30076491836063,1022.3977502611752,0,-11.330330487156733,11,17,7,13
2018-11-17 14:00:00,66.40000000002328,3.1642582983430976,7.229919068672383,1022.2579769801356,0,-11.739851658330226,11,17,1,14
2018-11-17 15:00:00,66.80000000004655,2.913842583599316,7.162153185383211,1022.1176279884334,0,-12.12413306373527,11,17,2,15
2018-11-17 16:00:00,71.09999999997672,2.6678798173823868,7.09746726849311,1021.9767032860684,0,-12.483174703371851,11,17,3,16
2018-11-17 17:00:00,75.5,2.4263699996923123,7.035861318002088,1021.8352028730417,0,-12.81697657723998,11,17,4,17
2018-11-17 18:00:00,81.79999999998836,2.1893131305290887,6.977335333910139,1021.6931267493522,0,-13.125538685339649,11,17,5,18
2018-11-17 19:00:00,82.59999999997672,1.9567092098927168,6.921889316217262,1021.5504749150003,0,-13.408861027670865,11,17,6,19
2018-11-17 20:00:00,83.0,1.7285582377831994,6.869523264923463,1021.4072473699863,0,-13.666943604233627,11,17,7,20
2018-11-17 21:00:00,75.59999999997672,1.5048602142005332,6.8202371800287365,1021.2634441143097,0,-13.899786415027929,11,17,1,21
2018-11-17 22:00:00,83.59999999997672,1.28561513914472,6.774031061533084,1021.1190651479708,0,-14.10738946005378,11,17,2,22
2018-11-17 23:00:00,76.59999999997672,1.07082301261576,6.7309049094365045,1020.9741104709692,0,-14.289752739311169,11,17,3,23
2018-11-18 00:00:00,78.0,0.8604838346136521,6.6908587237390025,1020.8285800833054,0,-14.446876252800104,11,18,4,0
2018-11-18 01:00:00,67.0,0.6545976051383972,6.653892504440575,1020.6824739849795,0,-14.578760000520587,11,18,5,1
2018-11-18 02:00:00,59.0,0.4531643241899946,6.620006251541219,1020.5357921759908,0,-14.685403982472607,11,18,6,2
2018-11-18 03:00:00,57.5,0.2561839917684444,6.5891999650409385,1020.38853465634,0,-14.766808198656182,11,18,7,3
2018-11-18 04:00:00,51.19999999995344,0.0636566078737476,6.561473644939732,1020.2407014260266,0,-14.822972649071287,11,18,1,4
2018-11-18 05:00:00,48.20000000001164,-0.12441782749409702,6.5368272912376,1020.0922924850508,0,-14.85389733371795,11,18,2,5
2018-11-18 06:00:00,46.5,-0.30803931433508913,6.5152609039345455,1019.9433078334127,0,-14.859582252596152,11,18,3,6
2018-11-18 07:00:00,46.79999999998836,-0.487207852649228,6.4967744830305625,1019.7937474711124,0,-14.840027405705893,11,18,4,7
2018-11-18 08:00:00,51.70000000001164,-0.6619234424365149,6.481368028525653,1019.6436113981492,0,-14.795232793047186,11,18,5,8
2018-11-18 09:00:00,52.400000000023276,-0.8321860836969487,6.469041540419821,1019.4928996145239,0,-14.72519841462001,11,18,6,9
2018-11-18 10:00:00,59.899999999965104,-0.9979957764305304,6.459795018713058,1019.3416121202364,0,-14.62992427042439,11,18,7,10
2018-11-18 11:00:00,65.19999999995345,-1.1593525206372592,6.4536284634053755,1019.1897489152864,0,-14.509410360460308,11,18,1,11
2018-11-18 12:00:00,65.89999999996508,-1.3162563163171352,6.450541874496762,1019.0373099996741,0,-14.363656684727776,11,18,2,12
2018-11-18 13:00:00,68.89999999996508,-1.4687071634701598,6.450535251987227,1018.8842953733993,0,-14.192663243226786,11,18,3,13
2018-11-18 14:00:00,69.59999999997672,-1.6167050620963304,6.453608595876767,1018.7307050364619,0,-13.996430035957337,11,18,4,14
2018-11-18 15:00:00,76.09999999997672,-1.7602500121956492,6.459761906165378,1018.5765389888624,0,-13.774957062919436,11,18,5,15
2018-11-18 16:00:00,84.69999999995345,-1.8993420137681143,6.468995182853066,1018.4217972306004,0,-13.528244324113073,11,18,6,16
2018-11-18 17:00:00,83.0,-2.033981066813728,6.481308425939826,1018.266479761676,0,-13.256291819538268,11,18,7,17
2018-11-18 18:00:00,83.20000000001164,-2.164167171332488,6.49670163542566,1018.1105865820892,0,-12.95909954919499,11,18,1,18
2018-11-18 19:00:00,88.70000000001164,-2.2899003273243963,6.515174811310572,1017.9541176918401,0,-12.636667513083262,11,18,2,19
2018-11-18 20:00:00,87.39999999996508,-2.411180534789452,6.5367279535945535,1017.7970730909284,0,-12.288995711203075,11,18,3,20
2018-11-18 21:00:00,94.10000000003492,-2.528007793727655,6.561361062277613,1017.6394527793544,0,-11.916084143554444,11,18,4,21
2018-11-18 22:00:00,90.20000000001164,-2.640382104139004,6.589074137359747,1017.4812567571182,0,-11.517932810137346,11,18,5,22
2018-11-18 23:00:00,92.40000000002328,-2.748303466023501,6.619867178840955,1017.3224850242192,0,-11.094541710951788,11,18,6,23
2018-11-19 00:00:00,83.10000000003492,-2.8517718793811464,6.653740186721236,1017.1631375806584,0,-10.645910845997786,11,19,7,0
2018-11-19 01:00:00,72.29999999998836,-2.9507873442119377,6.69069316100059,1017.0032144264347,0,-10.172040215275326,11,19,1,1
2018-11-19 02:00:00,64.20000000001164,-3.0453498605158784,6.730726101679022,1016.8427155615492,0,-9.672929818784404,11,19,2,2
2018-11-19 03:00:00,60.400000000023276,-3.135459428292964,6.773839008756526,1016.6816409860004,0,-9.14857965652503,11,19,3,3
2018-11-19 04:00:00,55.599999999976724,-3.2211160475431986,6.8200318822331045,1016.51999069979,0,-8.5989897284972,11,19,4,4
2018-11-19 05:00:00,52.20000000001164,-3.3023197182665807,6.869304722108757,1016.3577647029167,0,-8.024160034700913,11,19,5,5
2018-11-19 06:00:00,49.800000000046566,-3.3790704404631096,6.921657528383486,1016.1949629953813,0,-7.424090575136173,11,19,6,6
2018-11-19 07:00:00,50.5,-3.4513682141327857,6.97709030105729,1016.0315855771837,0,-6.7987813498029706,11,19,7,7
2018-11-19 08:00:00,60.29999999998836,-3.51921303927561,7.035603040130166,1015.8676324483232,0,-6.148232358701316,11,19,1,8
2018-11-19 09:00:00,74.29999999998836,-3.5826049158915807,7.097195745602116,1015.7031036088007,0,-5.472443601831208,11,19,2,9
2018-11-19 10:00:00,79.90000000002328,-3.6415438439807,7.161868417473142,1015.5379990586156,0,-4.771415079192641,11,19,3,10
2018-11-19 11:00:00,83.5,-3.6960298235429647,7.229621055743243,1015.3723187977682,0,-4.0451467907856165,11,19,4,11
2018-11-19 12:00:00,77.59999999997672,-3.7460628545783785,7.300453660412415,1015.2060628262584,0,-3.2936387366101383,11,19,5,12
2018-11-19 13:00:00,83.09999999997672,-3.79164293708694,7.374366231480665,1015.0392311440863,0,-2.5168909166662026,11,19,6,13
2018-11-19 14:00:00,83.90000000002328,-3.832770071068647,7.451358768947988,1014.8718237512517,0,-1.7149033309538169,11,19,7,14
2018-11-19 15:00:00,75.29999999998836,-3.869444256523503,7.5314312728143875,1014.7038406477549,0,-0.8876759794729701,11,19,1,15
2018-11-19 16:00:00,78.29999999998836,-3.901665493451505,7.614583743079858,1014.5352818335953,0,-0.035208862223665705,11,19,2,16
2018-11-19 17:00:00,89.09999999997672,-3.929433781852655,7.700816179744402,1014.3661473087736,0,0.8424980207940926,11,19,3,17
2018-11-19 18:00:00,101.60000000003492,-3.9527491217269533,7.7901285828080225,1014.1964370732893,0,1.7454446695803014,11,19,4,18
2018-11-19 19:00:00,106.60000000003492,-3.971611513074398,7.882520952270718,1014.026151127143,0,2.673631084134975,11,19,5,19
2018-11-19 20:00:00,102.0,-3.9866262203283047,7.9743150920614925,1013.8582736605955,0,3.6017913187486212,11,19,6,20
2018-11-19 21:00:00,98.0,-3.998398507921989,8.061832806109356,1013.6957888639093,0,4.504659427711752,11,19,7,21
2018-11-19 22:00:00,96.39999999996508,-4.006928375855453,8.145074094414312,1013.5386967370836,0,5.382235411024383,11,19,1,22
2018-11-19 23:00:00,95.80000000004655,-4.012215824128694,8.224038956976353,1013.3869972801193,0,6.2345192686865065,11,19,2,23
2018-11-20 00:00:00,97.80000000004655,-4.0142608527417085,8.298727393795486,1013.2406904930153,0,7.061511000698122,11,20,3,0
2018-11-20 01:00:00,77.70000000001164,-4.013063461694505,8.369139404871705,1013.0997763757724,0,7.8632106070592265,11,20,4,1
2018-11-20 02:00:00,72.29999999998836,-4.008623650987077,8.435274990205013,1012.96425492839,0,8.639618087769824,11,20,5,2
2018-11-20 03:00:00,63.29999999998836,-4.000941420619427,8.49713414979541,1012.8341261508687,0,9.390733442829918,11,20,6,3
2018-11-20 04:00:00,58.20000000001164,-3.9900167705915535,8.554716883642898,1012.7093900432088,0,10.116556672239506,11,20,7,4
2018-11-20 05:00:00,54.599999999976724,-3.975849700903459,8.60802319174747,1012.5900466054088,0,10.81708777599858,11,20,1,5
2018-11-20 06:00:00,52.29999999998836,-3.958440211555142,8.657053074109134,1012.4760958374704,0,11.49232675410715,11,20,2,6
2018-11-20 07:00:00,54.20000000001164,-3.9377883025466014,8.701806530727884,1012.3675377393927,0,12.142273606565206,11,20,3,7
2018-11-20 08:00:00,59.79999999998836,-3.9138939738778378,8.742283561603726,1012.264372311176,0,12.76692833337277,11,20,4,8
2018-11-20 09:00:00,79.0,-3.8867572255488527,8.778484166736654,1012.1665995528198,0,13.366290934529813,11,20,5,9
2018-11-20 10:00:00,84.89999999996508,-3.8563780575596462,8.810408346126673,1012.0742194643243,0,13.940361410036347,11,20,6,10
2018-11-20 11:00:00,75.09999999997672,-3.8227564699102152,8.838056099773778,1011.98723204569,0,14.489139759892383,11,20,7,11
2018-11-20 12:00:00,84.69999999995345,-3.7858924626005632,8.861427427677974,1011.905637296917,0,15.01262598409791,11,20,1,12
2018-11-20 13:00:00,84.70000000001164,-3.7457860356306867,8.880522329839259,1011.8294352180043,0,15.510820082652929,11,20,2,13
2018-11-20 14:00:00,85.30000000004655,-3.7024371890005896,8.89534080625763,1011.7586258089524,0,15.983722055557434,11,20,3,14
2018-11-20 15:00:00,80.59999999997672,-3.655845922710269,8.905882856933092,1011.6932090697617,0,16.431331902811433,11,20,4,15
2018-11-20 16:00:00,79.20000000001164,-3.6060122367597263,8.912148481865641,1011.6331850004319,0,16.85364962441493,11,20,5,16
2018-11-20 17:00:00,94.90000000002328,-3.552936131148962,8.914137681055283,1011.5785536009627,0,17.25067522036792,11,20,6,17
2018-11-20 18:00:00,100.40000000002328,-3.4966176058779737,8.911850454502005,1011.5293148713544,0,17.622408690670394,11,20,7,18
2018-11-20 19:00:00,103.79999999998836,-3.437056660946764,8.905286802205824,1011.4854688116072,0,17.96885003532237,11,20,1,19
2018-11-20 20:00:00,101.40000000002328,-3.374253296355331,8.894446724166727,1011.4470154217207,0,18.289999254323828,11,20,2,20
2018-11-20 21:00:00,107.5,-3.308207512103676,8.87933022038472,1011.4139547016949,0,18.585856347674792,11,20,3,21
2018-11-20 22:00:00,107.20000000001164,-3.238919308191797,8.8599372908598,1011.3862866515303,0,18.856421315375236,11,20,4,22
2018-11-20 23:00:00,109.20000000001164,-3.1663886846196974,8.836267935591971,1011.3640112712263,0,19.101694157425186,11,20,5,23
2018-11-21 00:00:00,95.09999999997672,-3.090615641387374,8.80832215458123,1011.3471285607833,0,19.32167487382461,11,21,6,0
2018-11-21 01:00:00,91.30000000004655,-3.01160017849483,8.77609994782758,1011.3356385202014,0,19.516363464573548,11,21,7,1
2018-11-21 02:00:00,74.0,-2.9293422959420607,8.739601315331015,1011.3295411494797,0,19.68575992967196,11,21,1,2
2018-11-21 03:00:00,71.20000000001164,-2.843841993729071,8.698826257091541,1011.3288364486192,0,19.829864269119877,11,21,2,3
2018-11-21 04:00:00,62.79999999998836,-2.7550992718558582,8.653774773109154,1011.33352441762,0,19.94867648291727,11,21,3,4
2018-11-21 05:00:00,58.5,-2.6631141303224224,8.604446863383856,1011.343605056481,0,20.04219657106417,11,21,4,5
2018-11-21 06:00:00,58.399999999965075,-2.567886569128765,8.550842527915647,1011.3590783652032,0,20.11042453356056,11,21,5,6
2018-11-21 07:00:00,58.60000000003493,-2.4694165882748846,8.492961766704527,1011.3799443437863,0,20.15336037040645,11,21,6,7
2018-11-21 08:00:00,74.89999999996508,-2.367704187760782,8.430804579750495,1011.4062029922302,0,20.171004081601826,11,21,7,8
2018-11-21 09:00:00,81.70000000001164,-2.2627493675864567,8.364370967053551,1011.4378543105348,0,20.16335566714669,11,21,1,9
2018-11-21 10:00:00,79.90000000002328,-2.1545521277519084,8.293660928613697,1011.4748982987004,0,20.130415127041047,11,21,2,10
2018-11-21 11:00:00,72.10000000003492,-2.043112468257139,8.218674464430933,1011.5173349567273,0,20.072182461284896,11,21,3,11
2018-11-21 12:00:00,80.29999999998836,-1.928430389102146,8.139411574505255,1011.5651642846143,0,19.988657669878236,11,21,4,12
2018-11-21 13:00:00,82.79999999998836,-1.8105058902869309,8.055872258836667,1011.6183862823628,0,19.879840752821078,11,21,5,13
2018-11-21 14:00:00,79.30000000004655,-1.6893389718114928,7.968056517425167,1011.6770009499718,0,19.745731710113407,11,21,6,14
2018-11-21 15:00:00,85.20000000001164,-1.5649296336758327,7.875964350270755,1011.7410082874416,0,19.58633054175523,11,21,7,15
2018-11-21 16:00:00,90.79999999998836,-1.4372778758799498,7.7795957573734364,1011.8104082947726,0,19.40163724774655,11,21,1,16
2018-11-21 17:00:00,94.5,-1.306383698423844,7.678950738733199,1011.8852009719643,0,19.191651828087355,11,21,2,17
2018-11-21 18:00:00,103.5,-1.1722471013075162,7.574029294350058,1011.9653863190167,0,18.95637428277765,11,21,3,18
2018-11-21 19:00:00,112.89999999996508,-1.034868084530966,7.464831424224,1012.0509643359301,0,18.695804611817447,11,21,4,19
2018-11-21 20:00:00,109.39999999996508,-0.8942466480941933,7.3513571283550325,1012.1419350227043,0,18.409942815206737,11,21,5,20
2018-11-21 21:00:00,101.20000000001164,-0.7503827919971977,7.233606406743156,1012.2382983793397,0,18.09878889294551,11,21,6,21
2018-11-21 22:00:00,105.70000000001164,-0.6032765162399798,7.111579259388362,1012.3400544058354,0,17.762342845033775,11,21,7,22
2018-11-21 23:00:00,103.20000000001164,-0.4529278208225398,6.985275686290662,1012.4472031021927,0,17.400604671471537,11,21,1,23
2018-11-22 00:00:00,90.39999999996508,-0.29933670574487703,6.854695687450049,1012.5597444684104,0,17.013574372258795,11,22,2,0
2018-11-22 01:00:00,82.5,-0.14250317100699084,6.7198392628665236,1012.677678504489,0,16.60125194739554,11,22,3,1
2018-11-22 02:00:00,74.20000000001164,0.017572783391116786,6.5807064125400885,1012.8010052104283,0,16.16363739688178,11,22,4,2
2018-11-22 03:00:00,68.39999999996508,0.18089115744944675,6.437297136470742,1012.9297245862288,0,15.700730720717509,11,22,5,3
2018-11-22 04:00:00,66.89999999996508,0.3474519511680003,6.289611434658486,1013.0638366318899,0,15.212531918902734,11,22,6,4
2018-11-22 05:00:00,64.89999999996508,0.5172551645467749,6.137649307103316,1013.203341347412,0,14.699040991437455,11,22,7,5
2018-11-22 06:00:00,60.900000000023276,0.6903007975857729,5.9814107538052355,1013.3482387327949,0,14.160257938321664,11,22,1,6
2018-11-22 07:00:00,65.20000000001164,0.8665888502849934,5.820895774764242,1013.4985287880388,0,13.596182759555367,11,22,2,7
2018-11-22 08:00:00,73.79999999998836,1.0461193226444363,5.656104369980338,1013.6542115131433,0,13.006815455138561,11,22,3,8
2018-11-22 09:00:00,92.79999999998836,1.228892214664102,5.487036539453523,1013.8152869081093,0,12.392156025071248,11,22,4,9
2018-11-22 10:00:00,86.70000000001164,1.41490752634399,5.313692283183797,1013.9817549729356,0,11.752204469353426,11,22,5,10
2018-11-22 11:00:00,83.79999999998836,1.6041652576841,5.13607160117116,1014.1536157076226,0,11.0869607879851,11,22,6,11
2018-11-22 12:00:00,85.70000000001164,1.7966654086844331,4.9541744934156124,1014.3308691121711,0,10.396424980966264,11,22,7,12
2018-11-22 13:00:00,90.20000000001164,1.9924079793449885,4.768000959917151,1014.5135151865801,0,9.680597048296924,11,22,1,13
2018-11-22 14:00:00,80.79999999998836,2.191392969665767,4.57755100067578,1014.7015539308501,0,8.939476989977072,11,22,2,14
2018-11-22 15:00:00,78.90000000002328,2.3936203796467668,4.382824615691497,1014.8949853449806,0,8.173064806006714,11,22,3,15
2018-11-22 16:00:00,79.10000000003492,2.5990902092879904,4.183821804964303,1015.0938094289723,0,7.381360496385849,11,22,4,16
2018-11-22 17:00:00,95.79999999998836,2.8078024585894354,3.980542568494197,1015.2980261828247,0,6.564364061114477,11,22,5,17
2018-11-22 18:00:00,105.0,3.0197571275511033,3.77298690628118,1015.507635606538,0,5.722075500192597,11,22,6,18
2018-11-22 19:00:00,108.70000000001164,3.234954216172994,3.5611548183252526,1015.7226377001123,0,4.8544948136202075,11,22,7,19
2018-11-22 20:00:00,110.0,3.4533937244551063,3.345046304626413,1015.9430324635472,1,3.9616220013973127,11,22,1,20
2018-11-22 21:00:00,98.60000000003492,3.6750756523974415,3.124661365184662,1016.1688198968433,1,3.0434570635239107,11,22,2,21
2018-11-22 22:00:00,95.70000000001164,3.9,2.9,1016.4,2,2.1,11,22,3,22
2018-11-22 23:00:00,95.19999999995345,4.2,2.7,1016.6,2,1.5,11,22,4,23
2018-11-23 00:00:00,83.5,4.8,2.7,1016.6,2,2.6,11,23,5,0
2018-11-23 01:00:00,82.90000000002328,4.8,2.9,1016.6,2,1.5,11,23,6,1
2018-11-23 02:00:00,83.09999999997672,5.3,3.1,1016.3,1,2.1,11,23,7,2
2018-11-23 03:00:00,80.20000000001164,5.1,3.4,1015.9,2,2.6,11,23,1,3
2018-11-23 04:00:00,72.0,5.2,3.6,1015.3,1,2.6,11,23,2,4
2018-11-23 05:00:00,63.599999999976724,5.4,4.3,1015.1,2,2.1,11,23,3,5
2018-11-23 06:00:00,61.5,5.6,4.7,1014.9,2,1.5,11,23,4,6
2018-11-23 07:00:00,63.20000000001164,5.9,5.1,1014.8,2,2.6,11,23,5,7
2018-11-23 08:00:00,70.89999999996508,6.1,5.4,1015.3,2,3.1,11,23,6,8
2018-11-23 09:00:00,80.79999999998836,6.6,5.7,1015.2,2,2.1,11,23,7,9
2018-11-23 10:00:00,79.30000000004655,7.1,6.3,1014.8,2,3.6,11,23,1,10
2018-11-23 11:00:00,74.70000000001164,7.7,6.6,1014.6,2,2.6,11,23,2,11
2018-11-23 12:00:00,75.5,7.9,6.7,1014.0,2,3.6,11,23,3,12
2018-11-23 13:00:00,77.79999999998836,8.1,6.7,1013.7,2,3.1,11,23,4,13
2018-11-23 14:00:00,77.60000000003492,8.1,6.6,1013.2,2,3.6,11,23,5,14
2018-11-23 15:00:00,85.59999999997672,8.0,6.4,1012.9,2,3.1,11,23,6,15
2018-11-23 16:00:00,79.40000000002328,7.8,6.4,1012.7,2,3.6,11,23,7,16
2018-11-23 17:00:00,82.10000000003492,7.5,6.0,1012.7,2,5.1,11,23,1,17
2018-11-23 18:00:00,86.59999999997672,7.7,6.3,1012.5,2,3.6,11,23,2,18
2018-11-23 19:00:00,86.69999999995346,8.1,6.3,1012.1,2,2.6,11,23,3,19
2018-11-23 20:00:00,91.70000000001164,7.5,6.0,1011.5,1,2.6,11,23,4,20
2018-11-23 21:00:00,86.59999999997672,8.3,6.8,1011.1,2,3.1,11,23,5,21
2018-11-23 22:00:00,82.20000000001164,8.3,6.8,1010.9,1,2.1,11,23,6,22
2018-11-23 23:00:00,78.10000000003492,8.5,6.8,1010.7,2,3.6,11,23,7,23
2018-11-24 00:00:00,76.79999999998836,8.4,6.7,1010.4,2,3.1,11,24,1,0
2018-11-24 01:00:00,72.30000000004655,8.4,6.8,1010.2,2,2.6,11,24,2,1
2018-11-24 02:00:00,67.19999999995345,8.3,6.7,1010.0,1,2.1,11,24,3,2
2018-11-24 03:00:00,65.40000000002328,8.1,6.8,1009.6,1,2.6,11,24,4,3
2018-11-24 04:00:00,60.79999999998836,8.4,7.0,1009.3,1,3.1,11,24,5,4
2018-11-24 05:00:00,54.5,8.4,6.6,1009.2,1,3.6,11,24,6,5
2018-11-24 06:00:00,50.0,8.4,6.7,1008.9,1,3.6,11,24,7,6
2018-11-24 07:00:00,47.900000000023276,8.6,6.8,1008.8,1,3.1,11,24,1,7
2018-11-24 08:00:00,51.60000000003493,8.5,7.2,1009.1,1,3.6,11,24,2,8
2018-11-24 09:00:00,58.5,8.5,7.5,1009.2,1,3.6,11,24,3,9
2018-11-24 10:00:00,64.40000000002328,8.8,7.7,1009.5,1,3.6,11,24,4,10
2018-11-24 11:00:00,67.0,9.2,7.3,1009.6,2,4.6,11,24,5,11
2018-11-24 12:00:00,71.60000000003492,9.2,6.5,1009.6,2,5.7,11,24,6,12
2018-11-24 13:00:00,69.5,9.3,6.2,1009.3,2,5.1,11,24,7,13
2018-11-24 14:00:00,74.5,9.2,5.5,1009.4,2,4.6,11,24,1,14
2018-11-24 15:00:00,74.39999999996508,8.8,5.4,1009.7,2,4.6,11,24,2,15
2018-11-24 16:00:00,71.09999999997672,8.5,5.0,1009.9,1,4.6,11,24,3,16
2018-11-24 17:00:00,72.20000000001164,8.3,4.5,1010.0,2,4.6,11,24,4,17
2018-11-24 18:00:00,74.29999999998836,8.2,4.5,1010.2,1,4.6,11,24,5,18
2018-11-24 19:00:00,80.09999999997672,8.1,4.1,1010.5,2,5.7,11,24,6,19
2018-11-24 20:00:00,83.60000000003492,8.1,4.6,1010.7,1,3.6,11,24,7,20
2018-11-24 21:00:00,81.79999999998836,7.9,4.3,1010.7,1,3.6,11,24,1,21
2018-11-24 22:00:00,79.09999999997672,7.7,4.1,1010.5,1,4.6,11,24,2,22
2018-11-24 23:00:00,76.59999999997672,7.6,4.0,1010.5,1,3.6,11,24,3,23
2018-11-25 00:00:00,84.0,7.4,3.4,1010.4,1,3.1,11,25,4,0
2018-11-25 01:00:00,65.70000000001164,7.1,4.0,1010.2,1,3.6,11,25,5,1
2018-11-25 02:00:00,62.599999999976724,6.9,4.0,1010.1,1,4.1,11,25,6,2
2018-11-25 03:00:00,64.59999999997672,6.6,3.8,1009.8,1,4.6,11,25,7,3
2018-11-25 04:00:00,61.400000000023276,6.7,3.8,1009.5,1,4.1,11,25,1,4
2018-11-25 05:00:00,59.599999999976724,6.7,3.9,1009.6,1,4.6,11,25,2,5
2018-11-25 06:00:00,55.79999999998836,6.6,4.2,1009.9,1,4.6,11,25,3,6
2018-11-25 07:00:00,49.5,6.7,4.4,1010.0,1,4.1,11,25,4,7
2018-11-25 08:00:00,55.79999999998836,6.8,4.6,1010.4,1,4.6,11,25,5,8
2018-11-25 09:00:00,56.900000000023276,7.1,4.2,1010.7,1,4.6,11,25,6,9
2018-11-25 10:00:00,69.29999999998836,7.4,4.3,1010.9,1,3.6,11,25,7,10
2018-11-25 11:00:00,66.39999999996508,8.0,4.4,1011.0,2,4.6,11,25,1,11
2018-11-25 12:00:00,74.40000000002328,8.3,4.0,1010.6,2,5.1,11,25,2,12
2018-11-25 13:00:00,74.70000000001164,8.2,4.0,1010.7,1,3.6,11,25,3,13
2018-11-25 14:00:00,81.5,8.4,4.0,1010.8,1,3.6,11,25,4,14
2018-11-25 15:00:00,84.29999999998836,8.2,3.2,1010.8,1,5.1,11,25,5,15
2018-11-25 16:00:00,88.0,8.0,3.6,1011.1,1,3.1,11,25,6,16
2018-11-25 17:00:00,91.0,7.9,3.7,1010.8,1,2.6,11,25,7,17
2018-11-25 18:00:00,95.39999999996508,7.3,3.3,1010.9,1,2.6,11,25,1,18
2018-11-25 19:00:00,99.59999999997672,7.3,4.1,1011.3,0,2.1,11,25,2,19
2018-11-25 20:00:00,103.20000000001164,7.0,4.6,1011.0,1,3.1,11,25,3,20
2018-11-25 21:00:00,94.90000000002328,6.5,3.5,1011.2,1,4.1,11,25,4,21
2018-11-25 22:00:00,98.79999999998836,4.8,2.7,1011.4,1,2.1,11,25,5,22
2018-11-25 23:00:00,93.59999999997672,4.7,3.2,1011.7,0,1.0,11,25,6,23
2018-11-26 00:00:00,90.19999999995345,5.5,3.6,1011.5,0,2.1,11,26,7,0
2018-11-26 01:00:00,79.59999999997672,5.8,3.9,1011.3,0,2.6,11,26,1,1
2018-11-26 02:00:00,71.0,6.1,3.9,1011.3,0,2.1,11,26,2,2
2018-11-26 03:00:00,62.399999999965075,6.3,3.8,1011.0,0,2.6,11,26,3,3
2018-11-26 04:00:00,60.900000000023276,6.3,3.5,1011.2,0,2.1,11,26,4,4
2018-11-26 05:00:00,58.0,6.3,3.3,1011.2,0,3.1,11,26,5,5
2018-11-26 06:00:00,61.29999999998836,5.8,3.1,1011.9,0,2.1,11,26,6,6
2018-11-26 07:00:00,63.900000000023276,6.2,3.3,1012.1,0,2.6,11,26,7,7
2018-11-26 08:00:00,74.0,5.9,3.4,1012.6,0,2.6,11,26,1,8
2018-11-26 09:00:00,82.5,6.1,3.8,1012.9,0,3.6,11,26,2,9
2018-11-26 10:00:00,84.29999999998836,6.6,4.1,1013.5,0,2.6,11,26,3,10
2018-11-26 11:00:00,80.70000000001164,7.1,4.2,1013.5,0,3.6,11,26,4,11
2018-11-26 12:00:00,79.70000000001164,7.4,4.3,1013.5,0,3.1,11,26,5,12
2018-11-26 13:00:00,82.5,7.6,3.9,1013.5,0,3.1,11,26,6,13
2018-11-26 14:00:00,80.5,8.2,3.9,1013.9,0,3.1,11,26,7,14
2018-11-26 15:00:00,79.5,8.1,3.8,1014.2,0,3.1,11,26,1,15
2018-11-26 16:00:00,82.89999999996508,7.8,3.9,1014.2,0,2.1,11,26,2,16
2018-11-26 17:00:00,91.20000000001164,7.4,4.1,1015.0,7,2.6,11,26,3,17
2018-11-26 18:00:00,109.70000000001164,7.1,3.8,1015.7,0,3.1,11,26,4,18
2018-11-26 19:00:00,103.59999999997672,6.5,3.9,1016.0,0,2.1,11,26,5,19
2018-11-26 20:00:00,101.29999999998836,5.3,3.6,1016.6,7,1.5,11,26,6,20
2018-11-26 21:00:00,100.20000000001164,4.2,2.9,1016.9,6,1.5,11,26,7,21
2018-11-26 22:00:00,93.70000000001164,3.6,3.0,1017.1,7,1.5,11,26,1,22
2018-11-26 23:00:00,98.29999999998836,3.2,2.9,1017.3,6,2.6,11,26,2,23
2018-11-27 00:00:00,93.5,3.1,2.6,1017.6,6,2.1,11,27,3,0
2018-11-27 01:00:00,77.0,3.3,3.0,1017.8,6,1.5,11,27,4,1
2018-11-27 02:00:00,78.0,3.6,3.4,1017.9,7,2.1,11,27,5,2
2018-11-27 03:00:00,72.10000000003492,3.8,3.7,1018.1,6,1.5,11,27,6,3
2018-11-27 04:00:00,63.19999999995345,3.8,3.6,1017.7,7,0.5,11,27,7,4
2018-11-27 05:00:00,57.900000000023276,3.7,3.6,1017.6,4,0.5,11,27,1,5
2018-11-27 06:00:00,58.79999999998836,3.5,3.3,1017.1,3,2.1,11,27,2,6
2018-11-27 07:00:00,60.900000000023276,3.3,3.2,1016.8,3,2.1,11,27,3,7
2018-11-27 08:00:00,69.59999999997672,2.8,2.8,1016.9,3,2.6,11,27,4,8
2018-11-27 09:00:00,84.79999999998836,2.6,2.6,1016.6,3,2.6,11,27,5,9
2018-11-27 10:00:00,84.70000000001164,2.8,2.8,1016.6,3,2.6,11,27,6,10
2018-11-27 11:00:00,83.29999999998836,3.5,3.5,1015.6,3,4.1,11,27,7,11
2018-11-27 12:00:00,80.5,5.0,4.6,1014.3,3,5.1,11,27,1,12
2018-11-27 13:00:00,84.40000000002328,6.5,5.6,1013.4,3,5.7,11,27,2,13
2018-11-27 14:00:00,85.79999999998836,6.6,5.9,1012.1,3,5.1,11,27,3,14
2018-11-27 15:00:00,84.09999999997672,7.6,6.6,1011.0,3,6.7,11,27,4,15
2018-11-27 16:00:00,84.79999999998836,8.1,7.3,1010.0,3,7.7,11,27,5,16
2018-11-27 17:00:00,90.19999999995345,8.4,7.8,1009.1,3,7.2,11,27,6,17
2018-11-27 18:00:00,102.59999999997672,9.1,8.6,1008.1,3,7.2,11,27,7,18
2018-11-27 19:00:00,105.39999999996508,9.9,9.3,1008.2,4,5.7,11,27,1,19
2018-11-27 20:00:00,103.0,10.7,9.5,1008.5,4,4.1,11,27,2,20
2018-11-27 21:00:00,104.10000000003492,10.3,9.4,1008.6,4,3.1,11,27,3,21
2018-11-27 22:00:00,100.60000000003492,9.6,8.8,1008.9,4,2.6,11,27,4,22
2018-11-27 23:00:00,95.29999999998836,9.4,8.8,1009.1,5,2.6,11,27,5,23
2018-11-28 00:00:00,82.59999999997672,8.6,8.0,1009.4,4,2.1,11,28,6,0
2018-11-28 01:00:00,78.70000000001164,8.1,7.7,1009.2,3,1.5,11,28,7,1
2018-11-28 02:00:00,70.59999999997672,8.5,8.1,1009.1,3,2.1,11,28,1,2
2018-11-28 03:00:00,65.0,9.6,9.0,1008.7,4,3.6,11,28,2,3
2018-11-28 04:00:00,59.10000000003493,10.2,9.8,1008.2,3,4.1,11,28,3,4
2018-11-28 05:00:00,59.0,10.4,9.9,1007.8,4,5.1,11,28,4,5
2018-11-28 06:00:00,55.79999999998836,10.7,10.3,1007.6,4,5.7,11,28,5,6
2018-11-28 07:00:00,53.0,11.3,11.0,1007.4,4,5.1,11,28,6,7
2018-11-28 08:00:00,64.39999999996509,12.5,12.0,1007.5,4,4.1,11,28,7,8
2018-11-28 09:00:00,75.30000000004655,12.9,12.2,1007.5,4,5.7,11,28,1,9
2018-11-28 10:00:00,73.0,13.0,12.2,1007.5,4,6.7,11,28,2,10
2018-11-28 11:00:00,81.5,13.5,12.0,1007.1,4,6.7,11,28,3,11
2018-11-28 12:00:00,77.0,13.2,12.0,1006.5,4,7.2,11,28,4,12
2018-11-28 13:00:00,76.79999999998836,13.4,11.9,1006.2,5,8.8,11,28,5,13
2018-11-28 14:00:00,79.10000000003492,13.2,11.7,1005.2,4,8.2,11,28,6,14
2018-11-28 15:00:00,74.20000000001164,13.2,11.4,1005.0,4,9.3,11,28,7,15
2018-11-28 16:00:00,73.89999999996508,13.4,11.9,1005.0,5,9.3,11,28,1,16
2018-11-28 17:00:00,85.40000000002328,13.1,12.1,1005.3,5,9.3,11,28,2,17
2018-11-28 18:00:00,91.40000000002328,12.8,11.7,1005.5,4,5.7,11,28,3,18
2018-11-28 19:00:00,99.19999999995345,13.3,12.5,1005.1,4,7.2,11,28,4,19
2018-11-28 20:00:00,95.09999999997672,13.6,11.4,1005.5,5,8.2,11,28,5,20
2018-11-28 21:00:00,86.0,13.6,11.2,1005.8,5,7.2,11,28,6,21
2018-11-28 22:00:00,82.89999999996508,13.2,10.6,1006.2,5,7.7,11,28,7,22
2018-11-28 23:00:00,75.70000000001164,12.8,10.4,1006.7,5,6.2,11,28,1,23
2018-11-29 00:00:00,77.30000000004655,12.7,10.5,1006.7,5,5.7,11,29,2,0
2018-11-29 01:00:00,69.90000000002328,12.5,10.4,1006.3,4,3.1,11,29,3,1
2018-11-29 02:00:00,64.59999999997672,12.1,11.5,1005.6,4,4.1,11,29,4,2
2018-11-29 03:00:00,57.79999999998836,12.3,11.6,1004.8,4,5.1,11,29,5,3
2018-11-29 04:00:00,57.900000000023276,12.3,11.2,1003.7,4,6.2,11,29,6,4
2018-11-29 05:00:00,52.20000000001164,12.1,11.1,1002.9,4,8.2,11,29,7,5
2018-11-29 06:00:00,49.899999999965075,12.2,11.2,1001.9,4,7.2,11,29,1,6
2018-11-29 07:00:00,53.79999999998836,12.8,11.6,1000.7,4,8.2,11,29,2,7
2018-11-29 08:00:00,58.399999999965075,13.0,11.3,999.8,4,8.8,11,29,3,8
2018-11-29 09:00:00,74.20000000001164,12.4,10.5,999.2,4,8.8,11,29,4,9
2018-11-29 10:00:00,72.5,12.9,10.7,998.6,4,9.8,11,29,5,10
2018-11-29 11:00:00,73.79999999998836,13.5,9.1,997.7,4,11.3,11,29,6,11
2018-11-29 12:00:00,73.59999999997672,13.8,9.6,997.7,5,12.9,11,29,7,12
2018-11-29 13:00:00,73.90000000002328,13.1,7.5,999.0,5,11.3,11,29,1,13
2018-11-29 14:00:00,69.80000000004655,12.2,7.6,1000.0,5,6.7,11,29,2,14
2018-11-29 15:00:00,70.20000000001164,12.1,7.6,1000.4,5,5.1,11,29,3,15
2018-11-29 16:00:00,70.29999999998836,11.9,8.0,1000.8,4,4.6,11,29,4,16
2018-11-29 17:00:00,81.09999999997672,11.8,8.8,1000.7,4,7.2,11,29,5,17
2018-11-29 18:00:00,86.09999999997672,11.6,8.5,1000.9,5,7.2,11,29,6,18
2018-11-29 19:00:00,81.79999999998836,11.0,7.5,1001.1,5,7.7,11,29,7,19
2018-11-29 20:00:00,87.59999999997672,11.0,7.4,1001.5,5,6.2,11,29,1,20
2018-11-29 21:00:00,86.09999999997672,11.0,7.4,1001.9,5,6.7,11,29,2,21
2018-11-29 22:00:00,83.0,10.2,7.7,1002.3,4,5.1,11,29,3,22
2018-11-29 23:00:00,80.90000000002328,9.2,6.4,1002.2,5,5.7,11,29,4,23
2018-11-30 00:00:00,80.60000000003492,8.8,7.3,1002.5,4,4.6,11,30,5,0
2018-11-30 01:00:00,67.30000000004655,9.2,7.3,1002.5,5,5.7,11,30,6,1
2018-11-30 02:00:00,62.599999999976724,8.8,6.8,1002.8,5,5.7,11,30,7,2
2018-11-30 03:00:00,55.899999999965075,7.9,6.5,1003.1,4,3.1,11,30,1,3
2018-11-30 04:00:00,51.69999999995344,7.5,6.6,1003.2,4,3.1,11,30,2,4
2018-11-30 05:00:00,47.19999999995344,8.0,6.3,1003.7,4,3.1,11,30,3,5
2018-11-30 06:00:00,44.70000000001164,8.0,6.1,1004.3,4,4.6,11,30,4,6
2018-11-30 07:00:00,49.900000000023276,8.1,6.3,1005.1,4,3.6,11,30,5,7
2018-11-30 08:00:00,57.20000000001164,8.0,6.1,1005.7,5,5.1,11,30,6,8
2018-11-30 09:00:00,72.59999999997672,8.2,6.1,1006.4,5,5.1,11,30,7,9
2018-11-30 10:00:00,75.70000000001164,9.5,6.5,1007.2,5,5.1,11,30,1,10
2018-11-30 11:00:00,75.79999999998836,11.0,7.0,1007.6,5,5.7,11,30,2,11
2018-11-30 12:00:00,72.5,11.5,6.7,1007.8,6,5.7,11,30,3,12
2018-11-30 13:00:00,76.89999999996508,11.0,5.5,1007.9,5,7.7,11,30,4,13
2018-11-30 14:00:00,75.5,11.5,5.3,1007.9,5,7.2,11,30,5,14
2018-11-30 15:00:00,77.80000000004655,10.7,5.3,1008.2,5,5.7,11,30,6,15
2018-11-30 16:00:00,85.09999999997672,9.9,4.3,1008.6,5,5.7,11,30,7,16
2018-11-30 17:00:00,87.19999999995346,10.0,4.6,1009.2,5,4.6,11,30,1,17
2018-11-30 18:00:00,89.60000000003492,8.8,4.2,1009.8,5,4.6,11,30,2,18
2018-11-30 19:00:00,97.79999999998836,8.4,4.4,1010.0,5,5.1,11,30,3,19
2018-11-30 20:00:00,94.09999999997672,8.0,4.5,1010.4,4,4.6,11,30,4,20
2018-11-30 21:00:00,81.10000000003492,7.6,5.0,1010.9,5,4.1,11,30,5,21
2018-11-30 22:00:00,80.60000000003492,7.3,4.6,1010.7,5,4.6,11,30,6,22
2018-11-30 23:00:00,81.40000000002328,6.7,4.3,1010.9,5,3.6,11,30,7,23
2018-12-01 00:00:00,76.90000000002328,6.3,4.3,1011.1,4,3.1,12,1,1,0
2018-12-01 01:00:00,66.80000000004657,6.5,4.5,1010.4,4,4.1,12,1,2,1
2018-12-01 02:00:00,61.899999999965075,6.8,4.9,1010.2,4,3.1,12,1,3,2
2018-12-01 03:00:00,62.900000000023276,7.6,5.4,1009.8,4,4.1,12,1,4,3
2018-12-01 04:00:00,58.400000000023276,8.0,6.2,1008.9,4,3.6,12,1,5,4
2018-12-01 05:00:00,53.60000000003493,7.6,6.3,1008.1,3,2.6,12,1,6,5
2018-12-01 06:00:00,49.70000000001164,8.1,6.9,1007.6,4,4.1,12,1,7,6
2018-12-01 07:00:00,52.5,8.8,7.9,1006.6,3,3.6,12,1,1,7
2018-12-01 08:00:00,57.29999999998836,9.5,8.7,1006.0,4,5.1,12,1,2,8
2018-12-01 09:00:00,63.20000000001164,9.6,8.8,1004.3,3,6.2,12,1,3,9
2018-12-01 10:00:00,66.09999999997672,10.2,9.3,1003.4,4,7.2,12,1,4,10
2018-12-01 11:00:00,65.30000000004655,10.6,9.7,1002.1,4,6.7,12,1,5,11
2018-12-01 12:00:00,69.5,11.1,10.0,1000.8,4,7.2,12,1,6,12
2018-12-01 13:00:00,69.5,11.7,11.0,1000.0,4,5.1,12,1,7,13
2018-12-01 14:00:00,71.90000000002328,12.6,12.1,999.4,5,5.7,12,1,1,14
2018-12-01 15:00:00,78.40000000002328,13.4,11.8,999.1,5,5.1,12,1,2,15
2018-12-01 16:00:00,78.5,13.0,11.1,999.2,5,4.6,12,1,3,16
2018-12-01 17:00:00,77.90000000002328,12.8,10.9,999.3,5,4.6,12,1,4,17
2018-12-01 18:00:00,77.19999999995345,12.1,10.4,999.1,4,5.1,12,1,5,18
2018-12-01 19:00:00,78.79999999998836,12.4,10.2,999.1,5,5.1,12,1,6,19
2018-12-01 20:00:00,74.79999999998836,12.1,9.9,998.7,5,5.1,12,1,7,20
2018-12-01 21:00:00,75.70000000001164,11.9,9.9,998.7,5,4.1,12,1,1,21
2018-12-01 22:00:00,79.5,11.6,9.2,998.7,5,5.7,12,1,2,22
2018-12-01 23:00:00,74.40000000002328,11.3,10.0,997.5,4,3.6,12,1,3,23
2018-12-02 00:00:00,73.60000000003492,11.4,10.8,996.8,4,3.6,12,2,4,0
2018-12-02 01:00:00,65.59999999997672,12.1,11.8,995.8,4,4.6,12,2,5,1
2018-12-02 02:00:00,61.800000000046566,13.0,12.3,995.4,5,5.7,12,2,6,2
2018-12-02 03:00:00,58.099999999976724,13.3,12.4,995.2,5,6.7,12,2,7,3
2018-12-02 04:00:00,54.0,13.6,12.4,995.2,5,5.7,12,2,1,4
2018-12-02 05:00:00,49.0,13.9,12.4,995.2,5,7.2,12,2,2,5
2018-12-02 06:00:00,47.29999999998836,13.4,12.4,995.9,5,6.2,12,2,3,6
2018-12-02 07:00:00,44.099999999976724,13.5,12.1,996.5,5,6.7,12,2,4,7
2018-12-02 08:00:00,47.5,13.5,11.7,997.1,5,7.2,12,2,5,8
2018-12-02 09:00:00,51.599999999976724,13.8,11.9,997.6,5,7.2,12,2,6,9
2018-12-02 10:00:00,57.599999999976724,13.8,12.2,998.1,5,5.1,12,2,7,10
2018-12-02 11:00:00,58.70000000001164,14.7,12.0,998.1,5,6.7,12,2,1,11
2018-12-02 12:00:00,62.400000000023276,15.3,11.9,998.1,5,9.8,12,2,2,12
2018-12-02 13:00:00,68.60000000003492,15.0,10.5,998.4,5,7.7,12,2,3,13
2018-12-02 14:00:00,71.29999999998836,14.5,10.9,998.1,5,7.2,12,2,4,14
2018-12-02 15:00:00,73.70000000001164,13.4,11.9,998.3,5,6.7,12,2,5,15
2018-12-02 16:00:00,76.10000000003492,14.2,11.4,997.9,5,5.7,12,2,6,16
2018-12-02 17:00:00,75.40000000002328,14.1,11.4,997.8,5,6.7,12,2,7,17
2018-12-02 18:00:00,84.40000000002328,13.9,11.5,997.8,5,7.2,12,2,1,18
2018-12-02 19:00:00,87.20000000001164,14.1,11.6,997.8,5,6.2,12,2,2,19
2018-12-02 20:00:00,78.29999999998836,14.2,11.7,997.7,5,7.2,12,2,3,20
2018-12-02 21:00:00,81.60000000003492,13.8,11.1,997.8,5,7.2,12,2,4,21
2018-12-02 22:00:00,79.0,13.7,11.1,997.9,5,6.7,12,2,5,22
2018-12-02 23:00:00,75.5,12.9,10.7,998.2,5,8.2,12,2,6,23
2018-12-03 00:00:00,77.59999999997672,12.7,9.9,998.6,5,8.2,12,3,7,0
2018-12-03 01:00:00,65.10000000003491,12.5,9.4,998.8,5,9.3,12,3,1,1
2018-12-03 02:00:00,59.899999999965075,11.6,8.5,998.8,6,7.7,12,3,2,2
2018-12-03 03:00:00,53.5,11.5,8.4,999.3,5,6.7,12,3,3,3
2018-12-03 04:00:00,51.099999999976724,11.8,8.5,999.0,5,7.7,12,3,4,4
2018-12-03 05:00:00,46.79999999998836,11.2,8.5,999.0,5,5.7,12,3,5,5
2018-12-03 06:00:00,43.50000000000001,10.9,8.9,998.7,5,5.1,12,3,6,6
2018-12-03 07:00:00,47.0,11.6,9.7,998.2,5,5.1,12,3,7,7
2018-12-03 08:00:00,56.0,12.1,9.8,997.9,5,5.7,12,3,1,8
2018-12-03 09:00:00,65.10000000003492,12.7,9.6,997.8,5,5.1,12,3,2,9
2018-12-03 10:00:00,64.70000000001164,13.4,9.6,997.6,5,7.2,12,3,3,10
2018-12-03 11:00:00,65.29999999998836,12.9,11.0,997.2,5,6.2,12,3,4,11
2018-12-03 12:00:00,63.79999999998836,13.0,10.6,997.0,5,8.8,12,3,5,12
2018-12-03 13:00:00,69.39999999996508,11.9,10.4,997.0,6,6.2,12,3,6,13
2018-12-03 14:00:00,68.5,13.4,10.3,997.6,6,7.7,12,3,7,14
2018-12-03 15:00:00,66.20000000001164,12.6,9.0,998.8,6,10.3,12,3,1,15
2018-12-03 16:00:00,72.39999999996508,10.8,7.6,1001.0,7,5.7,12,3,2,16
2018-12-03 17:00:00,79.40000000002328,9.5,7.3,1003.1,6,1.5,12,3,3,17
2018-12-03 18:00:00,90.40000000002328,8.7,6.2,1004.8,7,3.6,12,3,4,18
2018-12-03 19:00:00,92.09999999997672,8.2,5.0,1006.8,6,2.1,12,3,5,19
2018-12-03 20:00:00,94.60000000003492,7.8,5.2,1008.3,6,3.1,12,3,6,20
2018-12-03 21:00:00,95.90000000002328,8.3,4.7,1009.4,6,3.6,12,3,7,21
2018-12-03 22:00:00,92.59999999997672,7.4,4.0,1010.5,7,2.1,12,3,1,22
2018-12-03 23:00:00,92.5,7.3,4.1,1011.7,6,1.5,12,3,2,23
2018-12-04 00:00:00,82.39999999996508,6.5,4.4,1012.7,6,2.1,12,4,3,0
2018-12-04 01:00:00,69.0,5.6,4.3,1013.5,6,3.6,12,4,4,1
2018-12-04 02:00:00,64.39999999996508,4.3,2.8,1014.7,6,2.1,12,4,5,2
2018-12-04 03:00:00,61.0,3.8,2.8,1015.5,6,2.1,12,4,6,3
2018-12-04 04:00:00,58.29999999998836,3.8,3.1,1016.5,6,2.1,12,4,7,4
2018-12-04 05:00:00,52.900000000023276,3.5,2.8,1017.5,6,1.5,12,4,1,5
2018-12-04 06:00:00,53.70000000001164,1.6,0.8,1018.5,6,0.5,12,4,2,6
2018-12-04 07:00:00,51.29999999998836,2.7,2.3,1019.4,5,2.1,12,4,3,7
2018-12-04 08:00:00,67.29999999998836,3.0,2.2,1020.8,6,2.1,12,4,4,8
2018-12-04 09:00:00,80.09999999997672,3.8,2.8,1021.6,6,1.5,12,4,5,9
2018-12-04 10:00:00,78.79999999998836,5.1,3.1,1022.5,5,2.1,12,4,6,10
2018-12-04 11:00:00,69.39999999996508,6.9,3.3,1022.7,6,1.0,12,4,7,11
2018-12-04 12:00:00,73.20000000001164,8.0,3.7,1022.9,5,1.5,12,4,1,12
2018-12-04 13:00:00,72.09999999997672,7.5,3.7,1022.7,7,0.5,12,4,2,13
2018-12-04 14:00:00,71.0,7.8,3.5,1023.0,4,1.0,12,4,3,14
2018-12-04 15:00:00,70.5,7.4,3.4,1023.2,4,2.1,12,4,4,15
2018-12-04 16:00:00,79.59999999997672,7.0,3.9,1023.2,3,1.5,12,4,5,16
2018-12-04 17:00:00,89.40000000002328,6.8,3.8,1023.5,3,1.0,12,4,6,17
2018-12-04 18:00:00,88.59999999997672,7.6,4.2,1023.8,4,2.1,12,4,7,18
2018-12-04 19:00:00,90.5,7.5,4.1,1023.5,3,1.0,12,4,1,19
2018-12-04 20:00:00,100.29999999998836,7.5,2.8,1023.7,5,3.6,12,4,2,20
2018-12-04 21:00:00,96.29999999998836,6.3,4.0,1023.4,3,1.5,12,4,3,21
2018-12-04 22:00:00,93.20000000001164,6.1,4.2,1023.2,3,2.1,12,4,4,22
2018-12-04 23:00:00,97.40000000002328,6.1,4.6,1022.7,2,2.6,12,4,5,23
2018-12-05 00:00:00,81.59999999997672,6.0,4.8,1022.0,2,3.1,12,5,6,0
2018-12-05 01:00:00,78.0,6.0,4.8,1021.3,2,4.6,12,5,7,1
2018-12-05 02:00:00,73.29999999998836,6.1,5.4,1020.6,2,4.6,12,5,1,2
2018-12-05 03:00:00,65.59999999997672,6.5,5.7,1019.8,2,4.6,12,5,2,3
2018-12-05 04:00:00,62.29999999998836,6.5,5.7,1018.9,2,6.2,12,5,3,4
2018-12-05 05:00:00,54.10000000003493,6.6,6.1,1018.1,2,4.6,12,5,4,5
2018-12-05 06:00:00,54.300000000046566,7.0,6.8,1016.9,2,5.1,12,5,5,6
2018-12-05 07:00:00,53.20000000001164,7.6,7.4,1016.2,2,3.1,12,5,6,7
2018-12-05 08:00:00,69.10000000003491,8.5,8.4,1015.7,3,3.1,12,5,7,8
2018-12-05 09:00:00,72.70000000001164,10.4,10.4,1015.4,4,3.6,12,5,1,9
2018-12-05 10:00:00,70.90000000002328,11.8,11.6,1015.1,4,4.1,12,5,2,10
2018-12-05 11:00:00,70.89999999996508,12.7,11.5,1014.2,4,5.1,12,5,3,11
2018-12-05 12:00:00,70.0,12.8,11.1,1013.1,4,5.7,12,5,4,12
2018-12-05 13:00:00,69.20000000001164,13.0,10.8,1012.3,4,5.1,12,5,5,13
2018-12-05 14:00:00,71.29999999998836,12.8,10.6,1011.5,4,5.7,12,5,6,14
2018-12-05 15:00:00,67.79999999998836,12.3,10.9,1010.5,4,4.6,12,5,7,15
2018-12-05 16:00:00,72.09999999997672,12.0,10.8,1009.5,4,4.6,12,5,1,16
2018-12-05 17:00:00,74.40000000002328,11.9,11.2,1009.1,4,4.6,12,5,2,17
2018-12-05 18:00:00,87.40000000002328,12.1,11.4,1009.1,4,4.1,12,5,3,18
2018-12-05 19:00:00,88.5,12.4,11.5,1009.4,5,4.1,12,5,4,19
2018-12-05 20:00:00,84.90000000002328,12.6,11.5,1009.7,5,3.1,12,5,5,20
2018-12-05 21:00:00,83.70000000001164,12.5,11.6,1009.7,5,4.6,12,5,6,21
2018-12-05 22:00:00,84.70000000001164,12.2,11.2,1010.2,6,5.1,12,5,7,22
2018-12-05 23:00:00,83.70000000001164,11.9,10.7,1010.9,0,0.0,12,5,1,23
2018-12-06 00:00:00,75.29999999998836,11.6,9.9,1011.4,6,5.1,12,6,2,0
2018-12-06 01:00:00,63.900000000023276,10.8,9.6,1011.8,6,3.1,12,6,3,1
2018-12-06 02:00:00,61.900000000023276,9.8,9.1,1012.6,5,3.1,12,6,4,2
2018-12-06 03:00:00,53.10000000003493,10.0,9.4,1013.7,6,4.1,12,6,5,3
2018-12-06 04:00:00,55.69999999995344,10.5,9.6,1013.0,5,2.6,12,6,6,4
2018-12-06 05:00:00,48.10000000003493,10.5,9.7,1014.2,5,3.6,12,6,7,5
2018-12-06 06:00:00,46.099999999976724,10.6,9.7,1014.0,4,3.6,12,6,1,6
2018-12-06 07:00:00,44.29999999998836,11.0,9.7,1014.2,5,4.6,12,6,2,7
2018-12-06 08:00:00,58.20000000001164,11.4,9.6,1014.4,5,5.1,12,6,3,8
2018-12-06 09:00:00,69.09999999997672,11.6,9.8,1014.9,5,4.6,12,6,4,9
2018-12-06 10:00:00,71.20000000001164,12.0,10.1,1015.1,5,5.1,12,6,5,10
2018-12-06 11:00:00,70.30000000004655,12.2,10.5,1015.3,5,5.7,12,6,6,11
2018-12-06 12:00:00,66.29999999998836,12.9,10.9,1014.8,5,6.7,12,6,7,12
2018-12-06 13:00:00,72.0,12.8,10.6,1014.2,5,6.7,12,6,1,13
2018-12-06 14:00:00,70.59999999997672,12.8,9.8,1014.0,5,6.7,12,6,2,14
2018-12-06 15:00:00,67.20000000001164,12.8,9.6,1013.8,5,6.7,12,6,3,15
2018-12-06 16:00:00,68.90000000002328,13.0,10.7,1014.0,5,7.2,12,6,4,16
2018-12-06 17:00:00,75.10000000003492,12.8,11.0,1013.4,5,6.2,12,6,5,17
2018-12-06 18:00:00,86.5,12.5,11.3,1013.3,5,6.7,12,6,6,18
2018-12-06 19:00:00,85.69999999995345,12.7,11.5,1013.6,5,6.2,12,6,7,19
2018-12-06 20:00:00,87.20000000001164,13.0,11.6,1013.3,5,7.2,12,6,1,20
2018-12-06 21:00:00,79.29999999998836,13.0,11.8,1012.8,5,5.7,12,6,2,21
2018-12-06 22:00:00,76.5,13.0,11.7,1012.4,5,5.1,12,6,3,22
2018-12-06 23:00:00,76.0,13.1,11.7,1011.8,5,6.2,12,6,4,23
2018-12-07 00:00:00,75.0,13.1,11.9,1011.0,5,5.7,12,7,5,0
2018-12-07 01:00:00,61.400000000023276,12.8,12.2,1010.2,5,6.2,12,7,6,1
2018-12-07 02:00:00,61.10000000003493,12.9,12.2,1008.9,5,6.7,12,7,7,2
2018-12-07 03:00:00,59.400000000023276,12.9,11.9,1007.8,5,8.2,12,7,1,3
2018-12-07 04:00:00,54.300000000046566,12.7,11.9,1006.7,5,7.7,12,7,2,4
2018-12-07 05:00:00,50.20000000001164,13.0,11.5,1005.1,5,9.8,12,7,3,5
2018-12-07 06:00:00,52.0,12.9,11.1,1003.6,5,9.8,12,7,4,6
2018-12-07 07:00:00,50.400000000023276,12.5,11.4,1002.3,5,9.8,12,7,5,7
2018-12-07 08:00:00,59.20000000001164,12.4,11.4,1001.2,5,8.8,12,7,6,8
2018-12-07 09:00:00,74.20000000001164,12.3,11.3,999.7,5,8.2,12,7,7,9
2018-12-07 10:00:00,68.40000000002328,11.9,10.4,999.4,5,8.8,12,7,1,10
2018-12-07 11:00:00,67.20000000001164,9.9,8.1,999.2,6,5.1,12,7,2,11
2018-12-07 12:00:00,71.39999999996508,10.2,8.3,999.6,6,7.7,12,7,3,12
2018-12-07 13:00:00,79.29999999998836,9.1,4.3,1000.5,6,8.2,12,7,4,13
2018-12-07 14:00:00,73.09999999997672,10.1,4.9,1000.8,6,5.1,12,7,5,14
2018-12-07 15:00:00,68.59999999997672,9.6,3.4,1001.5,6,9.8,12,7,6,15
2018-12-07 16:00:00,71.5,8.6,3.6,1002.3,6,7.2,12,7,7,16
2018-12-07 17:00:00,81.0,7.7,2.5,1003.3,6,7.7,12,7,1,17
2018-12-07 18:00:00,82.90000000002328,7.5,2.7,1004.0,6,8.8,12,7,2,18
2018-12-07 19:00:00,81.79999999998836,7.5,3.3,1004.7,6,8.8,12,7,3,19
2018-12-07 20:00:00,77.69999999995345,6.9,3.5,1005.0,5,8.8,12,7,4,20
2018-12-07 21:00:00,76.20000000001164,6.9,3.7,1005.1,6,7.2,12,7,5,21
2018-12-07 22:00:00,78.60000000003492,7.0,3.4,1005.3,5,8.2,12,7,6,22
2018-12-07 23:00:00,80.20000000001164,7.3,3.7,1004.9,5,8.8,12,7,7,23
2018-12-08 00:00:00,71.5,7.4,4.3,1005.0,5,9.3,12,8,1,0
2018-12-08 01:00:00,71.20000000001164,7.8,4.5,1004.7,5,9.3,12,8,2,1
2018-12-08 02:00:00,72.29999999998836,8.0,4.8,1004.7,5,9.8,12,8,3,2
2018-12-08 03:00:00,66.40000000002328,8.5,5.3,1004.8,5,8.2,12,8,4,3
2018-12-08 04:00:00,61.10000000003493,8.7,5.6,1004.2,5,9.3,12,8,5,4
2018-12-08 05:00:00,58.0,9.1,5.2,1004.3,6,7.7,12,8,6,5
2018-12-08 06:00:00,57.20000000001164,9.0,4.3,1004.2,6,11.8,12,8,7,6
2018-12-08 07:00:00,56.79999999998836,9.0,4.1,1005.0,6,10.3,12,8,1,7
2018-12-08 08:00:00,57.599999999976724,8.7,4.2,1005.3,6,11.3,12,8,2,8
2018-12-08 09:00:00,58.29999999998836,9.1,4.6,1005.9,6,10.8,12,8,3,9
2018-12-08 10:00:00,58.5,10.1,5.4,1005.7,6,7.7,12,8,4,10
2018-12-08 11:00:00,58.0,10.6,5.3,1005.5,6,8.2,12,8,5,11
2018-12-08 12:00:00,62.70000000001164,10.8,6.5,1004.3,5,9.8,12,8,6,12
2018-12-08 13:00:00,69.29999999998836,11.3,7.4,1003.0,5,8.2,12,8,7,13
2018-12-08 14:00:00,69.19999999995345,11.8,8.6,1001.2,5,8.8,12,8,1,14
2018-12-08 15:00:00,70.69999999995345,12.0,9.5,999.9,6,11.3,12,8,2,15
2018-12-08 16:00:00,67.10000000003492,11.8,8.5,999.0,6,8.8,12,8,3,16
2018-12-08 17:00:00,67.40000000002328,10.7,7.3,998.5,6,11.3,12,8,4,17
2018-12-08 18:00:00,75.5,10.5,6.6,997.7,6,11.3,12,8,5,18
2018-12-08 19:00:00,82.5,9.5,7.5,998.3,6,10.8,12,8,6,19
2018-12-08 20:00:00,83.39999999996508,8.9,6.5,998.6,6,9.3,12,8,7,20
2018-12-08 21:00:00,81.0,9.0,5.7,998.8,6,9.8,12,8,1,21
2018-12-08 22:00:00,81.5,9.0,5.6,999.1,6,8.8,12,8,2,22
2018-12-08 23:00:00,74.79999999998836,8.8,5.7,999.0,6,8.8,12,8,3,23
2018-12-09 00:00:00,77.20000000001164,8.5,5.2,999.3,6,9.8,12,9,4,0
2018-12-09 01:00:00,65.20000000001164,8.7,5.1,999.7,6,9.3,12,9,5,1
2018-12-09 02:00:00,65.0,9.1,5.1,999.8,6,10.3,12,9,6,2
2018-12-09 03:00:00,61.70000000001164,8.9,5.3,1000.1,6,9.3,12,9,7,3
2018-12-09 04:00:00,56.29999999998836,9.2,5.4,1000.0,6,9.8,12,9,1,4
2018-12-09 05:00:00,56.400000000023276,9.7,5.7,999.9,6,11.3,12,9,2,5
2018-12-09 06:00:00,49.79999999998836,10.3,5.6,1000.4,6,8.8,12,9,3,6
2018-12-09 07:00:00,47.69999999995344,10.2,6.0,1001.1,6,10.3,12,9,4,7
2018-12-09 08:00:00,52.5,9.8,6.4,1003.1,6,9.3,12,9,5,8
2018-12-09 09:00:00,58.69999999995344,9.5,7.0,1004.6,6,6.7,12,9,6,9
2018-12-09 10:00:00,62.300000000046566,9.3,7.5,1006.3,7,5.7,12,9,7,10
2018-12-09 11:00:00,63.0,9.8,6.6,1008.0,7,6.7,12,9,1,11
2018-12-09 12:00:00,71.0,10.3,5.8,1009.7,7,6.2,12,9,2,12
2018-12-09 13:00:00,76.89999999996508,10.6,4.8,1010.8,7,7.2,12,9,3,13
2018-12-09 14:00:00,78.20000000001164,10.4,5.2,1012.1,7,5.7,12,9,4,14
2018-12-09 15:00:00,82.10000000003492,10.3,4.9,1013.8,7,6.2,12,9,5,15
2018-12-09 16:00:00,80.39999999996508,9.9,5.1,1015.7,7,4.1,12,9,6,16
2018-12-09 17:00:00,82.89999999996508,9.2,5.3,1017.0,6,3.1,12,9,7,17
2018-12-09 18:00:00,94.30000000004655,8.2,4.9,1018.1,6,3.6,12,9,1,18
2018-12-09 19:00:00,93.90000000002328,8.4,4.6,1019.1,6,3.6,12,9,2,19
2018-12-09 20:00:00,84.80000000004655,8.2,4.7,1020.2,6,4.1,12,9,3,20
2018-12-09 21:00:00,83.0,7.8,4.6,1020.7,6,3.1,12,9,4,21
2018-12-09 22:00:00,81.40000000002328,7.1,4.2,1021.5,6,4.1,12,9,5,22
2018-12-09 23:00:00,78.89999999996508,6.1,4.3,1022.2,6,3.6,12,9,6,23
2018-12-10 00:00:00,79.5,4.8,3.6,1022.9,6,3.1,12,10,7,0
2018-12-10 01:00:00,66.09999999997672,5.4,4.3,1023.5,6,4.1,12,10,1,1
2018-12-10 02:00:00,63.400000000023276,6.1,4.7,1023.9,6,3.1,12,10,2,2
2018-12-10 03:00:00,55.5,7.1,4.9,1024.3,6,4.6,12,10,3,3
2018-12-10 04:00:00,51.70000000001164,6.0,4.2,1024.5,6,4.6,12,10,4,4
2018-12-10 05:00:00,48.29999999998836,6.9,5.1,1025.3,6,4.1,12,10,5,5
2018-12-10 06:00:00,47.79999999998836,7.0,4.7,1025.6,6,4.1,12,10,6,6
2018-12-10 07:00:00,50.399999999965075,6.8,4.5,1025.8,6,4.1,12,10,7,7
2018-12-10 08:00:00,57.60000000003493,6.3,4.3,1026.3,6,4.1,12,10,1,8
2018-12-10 09:00:00,70.0,7.1,4.8,1027.0,6,3.6,12,10,2,9
2018-12-10 10:00:00,67.70000000001164,7.8,4.7,1027.7,6,3.6,12,10,3,10
2018-12-10 11:00:00,69.40000000002328,8.2,4.7,1028.0,6,5.1,12,10,4,11
2018-12-10 12:00:00,68.5,8.7,4.8,1027.7,6,4.1,12,10,5,12
2018-12-10 13:00:00,68.5,8.7,4.5,1027.8,7,4.1,12,10,6,13
2018-12-10 14:00:00,69.20000000001164,8.9,4.5,1027.4,6,3.6,12,10,7,14
2018-12-10 15:00:00,74.5,9.3,4.6,1027.6,6,2.6,12,10,1,15
2018-12-10 16:00:00,75.89999999996508,9.1,4.4,1027.9,6,2.1,12,10,2,16
2018-12-10 17:00:00,80.60000000003492,8.8,4.3,1028.2,6,3.1,12,10,3,17
2018-12-10 18:00:00,87.29999999998836,8.0,4.5,1028.0,6,3.1,12,10,4,18
2018-12-10 19:00:00,91.89999999996508,7.9,4.7,1028.0,6,3.6,12,10,5,19
2018-12-10 20:00:00,90.70000000001164,7.8,4.6,1027.9,6,3.1,12,10,6,20
2018-12-10 21:00:00,95.09999999997672,7.5,4.7,1027.8,6,3.1,12,10,7,21
2018-12-10 22:00:00,92.60000000003492,7.3,4.6,1027.9,6,2.1,12,10,1,22
2018-12-10 23:00:00,84.89999999996508,7.1,4.3,1027.7,6,3.1,12,10,2,23
2018-12-11 00:00:00,82.59999999997672,5.8,3.8,1027.8,6,1.5,12,11,3,0
2018-12-11 01:00:00,64.69999999995345,5.2,3.8,1027.5,7,1.5,12,11,4,1
2018-12-11 02:00:00,61.599999999976724,4.1,3.0,1027.0,4,0.5,12,11,5,2
2018-12-11 03:00:00,56.29999999998836,2.9,2.3,1026.6,3,1.0,12,11,6,3
2018-12-11 04:00:00,53.79999999998836,1.9,1.3,1026.6,0,0.0,12,11,7,4
2018-12-11 05:00:00,51.20000000001164,3.0,2.7,1026.7,6,0.5,12,11,1,5
2018-12-11 06:00:00,47.5,3.2,3.0,1026.2,1,0.5,12,11,2,6
2018-12-11 07:00:00,50.399999999965075,2.9,2.6,1026.2,1,1.0,12,11,3,7
2018-12-11 08:00:00,60.79999999998836,2.5,2.1,1026.1,2,1.0,12,11,4,8
2018-12-11 09:00:00,67.59999999997672,3.4,3.1,1026.0,0,0.5,12,11,5,9
2018-12-11 10:00:00,74.60000000003492,4.4,3.7,1026.1,7,1.0,12,11,6,10
2018-12-11 11:00:00,75.79999999998836,6.8,4.3,1025.6,3,1.0,12,11,7,11
2018-12-11 12:00:00,78.0,7.7,4.3,1024.9,2,2.1,12,11,1,12
2018-12-11 13:00:00,80.0,8.5,4.5,1024.7,2,2.1,12,11,2,13
2018-12-11 14:00:00,75.39999999996508,9.1,4.3,1024.2,3,2.1,12,11,3,14
2018-12-11 15:00:00,69.60000000003492,8.4,3.2,1023.8,3,2.6,12,11,4,15
2018-12-11 16:00:00,75.19999999995345,7.6,3.7,1023.4,3,2.6,12,11,5,16
2018-12-11 17:00:00,91.29999999998836,7.1,4.0,1023.3,3,2.6,12,11,6,17
2018-12-11 18:00:00,103.20000000001164,7.2,4.5,1023.2,3,4.1,12,11,7,18
2018-12-11 19:00:00,114.19999999995345,4.8,3.5,1023.4,2,3.6,12,11,1,19
2018-12-11 20:00:00,99.70000000001164,4.3,3.5,1023.3,2,3.1,12,11,2,20
2018-12-11 21:00:00,98.70000000001164,3.8,2.7,1022.9,2,2.6,12,11,3,21
2018-12-11 22:00:00,97.5,4.7,3.9,1022.3,2,3.6,12,11,4,22
2018-12-11 23:00:00,89.69999999995346,4.8,3.7,1022.5,2,3.1,12,11,5,23
2018-12-12 00:00:00,92.59999999997672,4.6,4.0,1022.7,3,2.6,12,12,6,0
2018-12-12 01:00:00,77.29999999998836,5.6,5.2,1022.4,3,3.1,12,12,7,1
2018-12-12 02:00:00,66.90000000002328,6.1,5.6,1022.5,2,3.1,12,12,1,2
2018-12-12 03:00:00,61.19999999995344,6.1,5.3,1022.4,2,3.6,12,12,2,3
2018-12-12 04:00:00,61.29999999998836,5.9,5.1,1022.1,2,3.1,12,12,3,4
2018-12-12 05:00:00,58.300000000046566,5.9,5.1,1021.8,2,3.1,12,12,4,5
2018-12-12 06:00:00,56.70000000001164,6.5,5.6,1021.9,2,3.6,12,12,5,6
2018-12-12 07:00:00,56.29999999998836,6.8,5.6,1022.2,2,4.1,12,12,6,7
2018-12-12 08:00:00,67.80000000004655,7.0,5.5,1022.5,3,4.6,12,12,7,8
2018-12-12 09:00:00,76.60000000003492,6.8,5.4,1022.9,3,4.6,12,12,1,9
2018-12-12 10:00:00,76.89999999996508,7.2,4.7,1022.7,3,5.7,12,12,2,10
2018-12-12 11:00:00,84.79999999998836,7.5,4.8,1022.8,3,5.1,12,12,3,11
2018-12-12 12:00:00,80.30000000004655,7.3,3.3,1022.6,3,4.1,12,12,4,12
2018-12-12 13:00:00,83.39999999996508,7.1,2.2,1022.3,3,5.1,12,12,5,13
2018-12-12 14:00:00,80.70000000001164,6.7,0.8,1021.8,3,6.2,12,12,6,14
2018-12-12 15:00:00,83.29999999998836,5.7,-0.6,1021.4,3,7.2,12,12,7,15
2018-12-12 16:00:00,88.0,5.0,-1.3,1021.4,3,5.1,12,12,1,16
2018-12-12 17:00:00,102.70000000001164,3.7,-1.4,1021.2,3,4.6,12,12,2,17
2018-12-12 18:00:00,107.09999999997672,2.4,-1.6,1021.0,2,4.1,12,12,3,18
2018-12-12 19:00:00,107.89999999996508,2.1,-1.4,1020.7,2,4.1,12,12,4,19
2018-12-12 20:00:00,100.79999999998836,2.1,-1.6,1020.3,2,4.6,12,12,5,20
2018-12-12 21:00:00,107.20000000001164,2.4,-1.1,1019.5,2,5.7,12,12,6,21
2018-12-12 22:00:00,98.59999999997672,2.3,-0.9,1019.1,2,5.1,12,12,7,22
2018-12-12 23:00:00,101.29999999998836,2.0,-0.8,1019.0,2,4.1,12,12,1,23
2018-12-13 00:00:00,102.60000000003492,1.7,-0.6,1018.6,2,4.6,12,13,2,0
2018-12-13 01:00:00,86.89999999996508,1.6,0.0,1018.4,2,4.1,12,13,3,1
2018-12-13 02:00:00,79.89999999996508,2.1,0.7,1017.9,2,5.1,12,13,4,2
2018-12-13 03:00:00,70.59999999997672,1.7,0.5,1017.9,2,4.1,12,13,5,3
2018-12-13 04:00:00,63.20000000001164,1.6,0.4,1016.9,2,4.6,12,13,6,4
2018-12-13 05:00:00,57.599999999976724,1.6,0.3,1016.3,2,6.2,12,13,7,5
2018-12-13 06:00:00,58.29999999998836,1.9,0.2,1016.3,2,5.7,12,13,1,6
2018-12-13 07:00:00,57.599999999976724,1.4,-0.1,1016.6,2,4.6,12,13,2,7
2018-12-13 08:00:00,63.79999999998836,1.4,-0.3,1017.1,2,4.1,12,13,3,8
2018-12-13 09:00:00,76.70000000001164,2.0,0.1,1017.4,2,3.6,12,13,4,9
2018-12-13 10:00:00,75.5,3.2,0.3,1017.4,2,5.1,12,13,5,10
2018-12-13 11:00:00,73.89999999996508,4.3,0.0,1017.5,2,5.7,12,13,6,11
2018-12-13 12:00:00,86.09999999997672,4.8,-0.3,1017.2,2,6.2,12,13,7,12
2018-12-13 13:00:00,77.30000000004655,5.2,-1.0,1017.2,2,7.2,12,13,1,13
2018-12-13 14:00:00,80.0,5.1,-1.2,1017.1,2,6.7,12,13,2,14
2018-12-13 15:00:00,78.5,4.0,-1.7,1017.5,2,5.7,12,13,3,15
2018-12-13 16:00:00,80.0,3.4,-2.8,1017.9,2,5.1,12,13,4,16
2018-12-13 17:00:00,93.19999999995345,3.3,-1.8,1018.2,2,4.6,12,13,5,17
2018-12-13 18:00:00,109.89999999996508,1.4,-2.0,1018.4,2,3.1,12,13,6,18
2018-12-13 19:00:00,108.89999999996508,1.6,-1.5,1019.2,2,3.1,12,13,7,19
2018-12-13 20:00:00,112.60000000003492,0.6,-1.9,1019.7,2,3.1,12,13,1,20
2018-12-13 21:00:00,109.59999999997672,-0.2,-2.6,1020.3,2,3.1,12,13,2,21
2018-12-13 22:00:00,109.29999999998836,0.8,-1.7,1020.7,1,1.0,12,13,3,22
2018-12-13 23:00:00,106.0,0.6,-2.0,1021.1,2,2.1,12,13,4,23
2018-12-14 00:00:00,91.79999999998836,1.1,-1.5,1021.5,2,2.6,12,14,5,0
2018-12-14 01:00:00,94.90000000002328,0.0,-2.7,1021.4,2,3.1,12,14,6,1
2018-12-14 02:00:00,86.59999999997672,0.3,-2.6,1021.6,2,1.5,12,14,7,2
2018-12-14 03:00:00,79.5,-0.2,-2.7,1021.8,1,1.0,12,14,1,3
2018-12-14 04:00:00,69.09999999997672,-0.3,-2.2,1022.1,7,1.0,12,14,2,4
2018-12-14 05:00:00,62.70000000001164,1.0,-1.3,1022.5,0,1.0,12,14,3,5
2018-12-14 06:00:00,58.79999999998836,1.2,-0.8,1022.8,0,2.1,12,14,4,6
2018-12-14 07:00:00,59.0,1.5,-0.6,1022.6,1,1.0,12,14,5,7
2018-12-14 08:00:00,75.29999999998836,1.0,-1.1,1022.5,1,1.0,12,14,6,8
2018-12-14 09:00:00,84.09999999997672,-0.3,-1.7,1021.9,2,1.5,12,14,7,9
2018-12-14 10:00:00,86.69999999995346,1.7,-0.1,1023.0,0,0.5,12,14,1,10
2018-12-14 11:00:00,86.59999999997672,2.4,-0.3,1023.8,6,2.1,12,14,2,11
2018-12-14 12:00:00,75.60000000003492,3.6,-0.1,1023.8,0,1.5,12,14,3,12
2018-12-14 13:00:00,80.5,4.0,-1.9,1023.5,4,2.6,12,14,4,13
2018-12-14 14:00:00,73.5,4.3,-1.4,1023.2,4,2.1,12,14,5,14
2018-12-14 15:00:00,75.5,2.9,-1.5,1023.1,3,2.6,12,14,6,15
2018-12-14 16:00:00,82.20000000001164,2.3,-2.0,1023.7,3,3.1,12,14,7,16
2018-12-14 17:00:00,88.40000000002328,1.0,-2.5,1024.1,3,2.6,12,14,1,17
2018-12-14 18:00:00,98.70000000001164,2.7,-2.1,1023.5,3,3.1,12,14,2,18
2018-12-14 19:00:00,95.39999999996508,2.2,-1.2,1023.7,2,2.6,12,14,3,19
2018-12-14 20:00:00,88.40000000002328,2.4,-1.8,1023.2,3,3.6,12,14,4,20
2018-12-14 21:00:00,88.10000000003492,2.4,-2.5,1024.1,3,3.6,12,14,5,21
2018-12-14 22:00:00,87.0,1.8,-2.7,1023.1,3,4.1,12,14,6,22
2018-12-14 23:00:00,88.0,2.0,-3.1,1022.8,3,4.6,12,14,7,23
2018-12-15 00:00:00,75.20000000001164,1.9,-3.4,1022.3,3,5.1,12,15,1,0
2018-12-15 01:00:00,83.69999999995345,1.8,-3.6,1021.8,3,6.7,12,15,2,1
2018-12-15 02:00:00,76.30000000004655,1.8,-3.5,1021.5,3,6.2,12,15,3,2
2018-12-15 03:00:00,75.0,1.6,-3.2,1020.8,3,7.7,12,15,4,3
2018-12-15 04:00:00,71.10000000003492,1.6,-3.1,1020.3,3,6.2,12,15,5,4
2018-12-15 05:00:00,69.59999999997672,1.4,-2.9,1019.6,2,5.7,12,15,6,5
2018-12-15 06:00:00,67.0,1.4,-2.6,1018.8,3,5.7,12,15,7,6
2018-12-15 07:00:00,71.29999999998836,1.9,-2.3,1018.1,3,6.2,12,15,1,7
2018-12-15 08:00:00,70.60000000003492,2.3,-2.1,1017.6,3,6.7,12,15,2,8
2018-12-15 09:00:00,72.20000000001164,2.4,-1.9,1016.9,3,7.2,12,15,3,9
2018-12-15 10:00:00,76.5,2.8,-1.7,1016.0,3,9.3,12,15,4,10
2018-12-15 11:00:00,78.30000000004655,2.8,-1.2,1014.6,3,7.2,12,15,5,11
2018-12-15 12:00:00,81.29999999998836,3.3,0.2,1012.7,3,7.2,12,15,6,12
2018-12-15 13:00:00,80.89999999996508,2.8,0.8,1011.1,3,8.2,12,15,7,13
2018-12-15 14:00:00,75.70000000001164,2.9,1.8,1009.3,3,7.7,12,15,1,14
2018-12-15 15:00:00,79.89999999996508,2.7,1.9,1008.0,3,7.7,12,15,2,15
2018-12-15 16:00:00,72.29999999998836,3.2,2.6,1006.3,3,7.7,12,15,3,16
2018-12-15 17:00:00,76.20000000001164,3.9,3.1,1004.3,3,8.8,12,15,4,17
2018-12-15 18:00:00,82.09999999997672,4.5,3.6,1003.6,3,8.8,12,15,5,18
2018-12-15 19:00:00,88.09999999997672,5.2,4.3,1002.0,3,8.8,12,15,6,19
2018-12-15 20:00:00,79.5,5.8,5.2,1001.6,4,6.7,12,15,7,20
2018-12-15 21:00:00,74.59999999997672,7.5,6.8,1001.9,4,4.1,12,15,1,21
2018-12-15 22:00:00,71.79999999998836,8.0,6.6,1002.6,4,3.6,12,15,2,22
2018-12-15 23:00:00,67.89999999996508,7.7,5.7,1003.4,4,4.1,12,15,3,23
2018-12-16 00:00:00,63.20000000001164,7.2,5.0,1003.8,5,4.1,12,16,4,0
2018-12-16 01:00:00,59.70000000001164,7.1,4.9,1004.4,5,5.1,12,16,5,1
2018-12-16 02:00:00,58.0,6.2,4.6,1005.0,5,3.6,12,16,6,2
2018-12-16 03:00:00,57.29999999998836,5.9,4.3,1005.3,5,3.6,12,16,7,3
2018-12-16 04:00:00,51.899999999965075,5.8,4.4,1005.3,5,5.1,12,16,1,4
2018-12-16 05:00:00,51.400000000023276,5.3,3.8,1005.7,5,3.1,12,16,2,5
2018-12-16 06:00:00,53.900000000023276,4.8,3.6,1006.2,5,2.6,12,16,3,6
2018-12-16 07:00:00,50.5,5.2,3.6,1006.5,5,3.6,12,16,4,7
2018-12-16 08:00:00,54.29999999998836,4.6,3.3,1006.6,4,2.1,12,16,5,8
2018-12-16 09:00:00,55.69999999995344,5.1,3.8,1007.2,4,2.1,12,16,6,9
2018-12-16 10:00:00,56.10000000003493,6.7,4.6,1007.8,4,1.5,12,16,7,10
2018-12-16 11:00:00,56.19999999995344,7.5,5.0,1007.5,4,3.1,12,16,1,11
2018-12-16 12:00:00,55.29999999998836,8.3,5.6,1007.1,4,3.1,12,16,2,12
2018-12-16 13:00:00,55.400000000023276,9.0,5.7,1006.4,4,2.6,12,16,3,13
2018-12-16 14:00:00,58.099999999976724,8.4,5.7,1006.1,3,3.6,12,16,4,14
2018-12-16 15:00:00,59.399999999965075,8.4,6.1,1005.8,3,4.6,12,16,5,15
2018-12-16 16:00:00,58.5,8.7,6.3,1005.5,3,4.1,12,16,6,16
2018-12-16 17:00:00,59.70000000001164,9.2,7.4,1005.1,3,5.1,12,16,7,17
2018-12-16 18:00:00,57.300000000046566,8.5,7.5,1005.2,4,4.6,12,16,1,18
2018-12-16 19:00:00,67.89999999996508,7.7,6.5,1005.0,4,4.1,12,16,2,19
2018-12-16 20:00:00,68.20000000001164,7.5,6.5,1004.8,4,5.7,12,16,3,20
2018-12-16 21:00:00,64.40000000002328,7.9,6.8,1005.3,4,4.1,12,16,4,21
2018-12-16 22:00:00,64.0,7.8,6.7,1006.0,5,4.1,12,16,5,22
2018-12-16 23:00:00,61.79999999998836,7.7,6.0,1006.9,6,5.7,12,16,6,23
2018-12-17 00:00:00,55.19999999995344,6.7,5.3,1007.8,6,5.7,12,17,7,0
2018-12-17 01:00:00,54.399999999965075,6.6,4.9,1008.9,6,6.2,12,17,1,1
2018-12-17 02:00:00,56.0,5.4,4.1,1010.1,6,6.2,12,17,2,2
2018-12-17 03:00:00,54.900000000023276,4.6,3.2,1011.5,6,4.6,12,17,3,3
2018-12-17 04:00:00,51.899999999965075,3.7,2.7,1012.4,6,2.6,12,17,4,4
2018-12-17 05:00:00,52.599999999976724,4.4,3.9,1013.4,6,3.6,12,17,5,5
2018-12-17 06:00:00,50.60000000003493,3.7,2.6,1014.4,5,2.1,12,17,6,6
2018-12-17 07:00:00,50.79999999998836,4.2,3.6,1015.2,5,2.1,12,17,7,7
2018-12-17 08:00:00,51.60000000003493,4.4,3.7,1016.1,5,3.6,12,17,1,8
2018-12-17 09:00:00,56.099999999976724,4.8,4.0,1017.0,6,3.6,12,17,2,9
2018-12-17 10:00:00,57.599999999976724,6.9,5.1,1017.7,5,3.1,12,17,3,10
2018-12-17 11:00:00,59.5,8.2,5.7,1018.2,6,3.6,12,17,4,11
2018-12-17 12:00:00,58.60000000003493,9.2,6.1,1018.3,5,4.1,12,17,5,12
2018-12-17 13:00:00,52.79999999998836,10.3,6.2,1018.3,5,4.1,12,17,6,13
2018-12-17 14:00:00,48.5,10.0,6.1,1018.4,4,3.6,12,17,7,14
2018-12-17 15:00:00,49.400000000023276,9.8,6.1,1018.5,4,3.1,12,17,1,15
2018-12-17 16:00:00,51.70000000001164,8.9,6.4,1018.8,4,3.6,12,17,2,16
2018-12-17 17:00:00,55.70000000001164,9.0,6.8,1018.9,4,4.1,12,17,3,17
2018-12-17 18:00:00,52.29999999998836,8.6,6.9,1018.9,4,3.6,12,17,4,18
2018-12-17 19:00:00,57.899999999965075,8.7,7.3,1018.9,4,3.1,12,17,5,19
2018-12-17 20:00:00,55.5,9.1,7.8,1018.8,4,3.6,12,17,6,20
2018-12-17 21:00:00,54.5,9.5,8.1,1018.2,4,4.6,12,17,7,21
2018-12-17 22:00:00,52.5,9.7,8.2,1018.3,4,4.6,12,17,1,22
2018-12-17 23:00:00,53.79999999998836,9.5,8.0,1017.9,4,4.6,12,17,2,23
2018-12-18 00:00:00,50.29999999998836,10.0,8.3,1017.3,4,4.6,12,18,3,0
2018-12-18 01:00:00,44.10000000003493,10.3,8.3,1017.1,4,4.6,12,18,4,1
2018-12-18 02:00:00,44.400000000023276,10.4,8.2,1016.5,4,4.6,12,18,5,2
2018-12-18 03:00:00,44.10000000003493,10.0,8.0,1015.6,4,4.6,12,18,6,3
2018-12-18 04:00:00,43.70000000001164,10.0,8.0,1014.6,4,5.7,12,18,7,4
2018-12-18 05:00:00,44.099999999976724,10.5,7.8,1013.8,4,6.7,12,18,1,5
2018-12-18 06:00:00,43.300000000046566,10.4,7.7,1013.3,4,7.2,12,18,2,6
2018-12-18 07:00:00,41.70000000001165,10.4,7.5,1012.7,4,6.2,12,18,3,7
2018-12-18 08:00:00,45.60000000003493,10.3,7.2,1012.0,4,8.2,12,18,4,8
2018-12-18 09:00:00,51.099999999976724,10.1,6.7,1012.3,4,7.7,12,18,5,9
2018-12-18 10:00:00,54.70000000001164,10.2,6.7,1011.5,4,7.2,12,18,6,10
2018-12-18 11:00:00,54.0,10.3,6.6,1010.4,4,9.3,12,18,7,11
2018-12-18 12:00:00,49.29999999998836,10.0,6.6,1008.9,4,9.8,12,18,1,12
2018-12-18 13:00:00,51.400000000023276,9.9,6.0,1006.6,3,9.3,12,18,2,13
2018-12-18 14:00:00,49.20000000001164,10.0,5.8,1006.0,4,9.3,12,18,3,14
2018-12-18 15:00:00,50.5,9.3,6.0,1005.2,4,7.2,12,18,4,15
2018-12-18 16:00:00,52.599999999976724,9.0,6.4,1004.6,4,6.2,12,18,5,16
2018-12-18 17:00:00,52.900000000023276,8.2,6.7,1003.9,4,7.2,12,18,6,17
2018-12-18 18:00:00,60.900000000023276,7.9,6.8,1003.2,4,6.7,12,18,7,18
2018-12-18 19:00:00,54.79999999998836,8.1,7.2,1002.7,4,5.7,12,18,1,19
2018-12-18 20:00:00,57.5,8.3,7.4,1002.0,4,6.7,12,18,2,20
2018-12-18 21:00:00,55.60000000003493,8.9,7.9,1001.6,4,5.1,12,18,3,21
2018-12-18 22:00:00,50.5,7.3,6.0,1002.6,5,4.1,12,18,4,22
2018-12-18 23:00:00,54.099999999976724,7.2,5.8,1003.8,5,4.6,12,18,5,23
2018-12-19 00:00:00,46.900000000023276,6.2,5.2,1003.8,5,3.6,12,19,6,0
2018-12-19 01:00:00,42.900000000023276,6.0,5.0,1003.8,4,3.1,12,19,7,1
2018-12-19 02:00:00,43.800000000046566,6.5,5.8,1004.0,4,3.1,12,19,1,2
2018-12-19 03:00:00,41.900000000023276,7.3,6.6,1003.9,4,3.6,12,19,2,3
2018-12-19 04:00:00,40.399999999965075,7.8,7.3,1003.8,4,3.1,12,19,3,4
2018-12-19 05:00:00,40.5,8.0,7.3,1003.5,4,3.6,12,19,4,5
2018-12-19 06:00:00,41.20000000001165,8.3,7.4,1003.4,4,3.6,12,19,5,6
2018-12-19 07:00:00,39.70000000001165,8.3,6.6,1003.3,4,4.6,12,19,6,7
2018-12-19 08:00:00,45.599999999976724,7.8,6.7,1003.8,4,3.6,12,19,7,8
2018-12-19 09:00:00,49.29999999998836,7.8,6.5,1004.6,5,5.1,12,19,1,9
2018-12-19 10:00:00,53.400000000023276,8.2,6.7,1005.4,5,5.1,12,19,2,10
2018-12-19 11:00:00,51.599999999976724,9.2,6.8,1005.8,5,5.1,12,19,3,11
2018-12-19 12:00:00,50.300000000046566,9.0,6.5,1005.8,5,4.6,12,19,4,12
2018-12-19 13:00:00,51.29999999998836,8.8,6.3,1005.6,5,3.6,12,19,5,13
2018-12-19 14:00:00,51.79999999998836,9.1,6.2,1005.2,4,4.1,12,19,6,14
2018-12-19 15:00:00,50.70000000001164,8.7,5.1,1005.3,5,4.1,12,19,7,15
2018-12-19 16:00:00,51.099999999976724,8.1,5.1,1005.2,4,3.6,12,19,1,16
2018-12-19 17:00:00,49.79999999998836,7.5,5.0,1005.3,4,5.1,12,19,2,17
2018-12-19 18:00:00,52.29999999998836,6.9,4.5,1005.2,4,5.1,12,19,3,18
2018-12-19 19:00:00,52.0,7.3,5.6,1004.8,4,4.1,12,19,4,19
2018-12-19 20:00:00,50.400000000023276,7.3,5.6,1004.6,4,4.6,12,19,5,20
2018-12-19 21:00:00,52.099999999976724,7.3,5.7,1004.3,4,4.1,12,19,6,21
2018-12-19 22:00:00,49.900000000023276,7.1,5.3,1004.2,4,4.1,12,19,7,22
2018-12-19 23:00:00,48.29999999998836,6.8,5.1,1004.1,4,4.6,12,19,1,23
2018-12-20 00:00:00,47.5,7.1,5.3,1003.8,4,4.1,12,20,2,0
2018-12-20 01:00:00,40.599999999976724,7.0,5.2,1003.7,4,4.1,12,20,3,1
2018-12-20 02:00:00,40.10000000003493,7.1,5.8,1003.8,4,4.6,12,20,4,2
2018-12-20 03:00:00,38.70000000001165,6.6,4.5,1004.1,5,6.2,12,20,5,3
2018-12-20 04:00:00,38.10000000003493,6.5,4.9,1004.0,5,5.1,12,20,6,4
2018-12-20 05:00:00,39.10000000003493,6.5,5.1,1004.0,5,5.1,12,20,7,5
2018-12-20 06:00:00,40.599999999976724,6.5,4.7,1004.3,5,3.6,12,20,1,6
2018-12-20 07:00:00,45.20000000001164,7.1,4.8,1004.8,5,5.1,12,20,2,7
2018-12-20 08:00:00,45.0,6.5,5.1,1005.3,5,4.6,12,20,3,8
2018-12-20 09:00:00,54.60000000003493,7.2,5.6,1006.1,5,5.1,12,20,4,9
2018-12-20 10:00:00,56.899999999965075,8.5,6.2,1007.0,5,5.7,12,20,5,10
2018-12-20 11:00:00,54.5,9.4,6.6,1007.4,5,6.7,12,20,6,11
2018-12-20 12:00:00,50.20000000001164,9.768589456351377,6.351860857724109,1007.3472989313603,5,7.2,12,20,7,12
2018-12-20 13:00:00,47.60000000003493,10.0,6.1,1007.3,5,6.7,12,20,1,13
2018-12-20 14:00:00,52.0,10.3,6.4,1007.6,5,7.2,12,20,2,14
2018-12-20 15:00:00,48.099999999976724,9.8,6.3,1007.7,5,4.6,12,20,3,15
2018-12-20 16:00:00,44.900000000023276,9.7,5.8,1007.6,5,5.1,12,20,4,16
2018-12-20 17:00:00,49.400000000023276,9.4,5.9,1007.7,5,5.1,12,20,5,17
2018-12-20 18:00:00,50.5,9.1,5.7,1007.7,5,6.2,12,20,6,18
2018-12-20 19:00:00,47.900000000023276,8.8,5.4,1007.1,5,5.7,12,20,7,19
2018-12-20 20:00:00,50.599999999976724,8.6,5.5,1006.9,5,6.2,12,20,1,20
2018-12-20 21:00:00,50.5,8.6,5.3,1006.2,5,4.6,12,20,2,21
2018-12-20 22:00:00,52.599999999976724,9.1,5.8,1005.6,4,4.1,12,20,3,22
2018-12-20 23:00:00,51.5,8.9,7.4,1004.7,4,3.1,12,20,4,23
2018-12-21 00:00:00,45.79999999998836,9.3,8.7,1002.8,4,3.1,12,21,5,0
2018-12-21 01:00:00,43.0,10.2,9.9,1000.9,4,4.1,12,21,6,1
2018-12-21 02:00:00,43.10000000003493,11.0,10.7,999.7,4,4.6,12,21,7,2
2018-12-21 03:00:00,39.79999999998836,11.7,10.9,998.7,5,6.2,12,21,1,3
2018-12-21 04:00:00,38.29999999998836,11.2,10.5,996.9,4,4.6,12,21,2,4
2018-12-21 05:00:00,37.0,11.2,11.0,995.5,4,4.1,12,21,3,5
2018-12-21 06:00:00,36.70000000001165,12.4,11.4,995.0,5,6.7,12,21,4,6
2018-12-21 07:00:00,38.900000000023276,13.0,11.6,995.3,5,7.7,12,21,5,7
2018-12-21 08:00:00,39.29999999998836,13.1,11.5,996.1,5,8.8,12,21,6,8
2018-12-21 09:00:00,47.400000000023276,12.8,10.7,997.1,6,8.8,12,21,7,9
2018-12-21 10:00:00,51.5,11.5,7.1,999.1,6,12.4,12,21,1,10
2018-12-21 11:00:00,52.10000000003493,11.5,6.4,999.7,6,11.8,12,21,2,11
2018-12-21 12:00:00,49.400000000023276,11.9,6.3,1000.3,6,11.3,12,21,3,12
2018-12-21 13:00:00,44.899999999965075,11.9,6.4,1001.0,6,10.3,12,21,4,13
2018-12-21 14:00:00,47.29999999998836,12.0,6.3,1001.9,6,11.8,12,21,5,14
2018-12-21 15:00:00,49.60000000003493,11.6,5.7,1002.9,6,11.3,12,21,6,15
2018-12-21 16:00:00,46.399999999965075,10.9,5.8,1004.5,6,8.2,12,21,7,16
2018-12-21 17:00:00,45.20000000001164,10.8,6.3,1005.4,6,6.7,12,21,1,17
2018-12-21 18:00:00,47.899999999965075,10.9,6.5,1005.8,6,7.7,12,21,2,18
2018-12-21 19:00:00,49.099999999976724,10.6,6.3,1006.4,5,6.7,12,21,3,19
2018-12-21 20:00:00,44.70000000001164,10.5,6.6,1006.6,5,5.1,12,21,4,20
2018-12-21 21:00:00,48.10000000003493,10.5,6.9,1006.1,4,5.1,12,21,5,21
2018-12-21 22:00:00,45.400000000023276,10.8,7.7,1006.0,5,5.1,12,21,6,22
2018-12-21 23:00:00,42.899999999965075,10.4,8.8,1005.8,5,6.7,12,21,7,23
2018-12-22 00:00:00,41.400000000023276,10.5,8.8,1006.3,6,8.2,12,22,1,0
2018-12-22 01:00:00,41.10000000003493,10.9,8.4,1006.6,6,9.8,12,22,2,1
2018-12-22 02:00:00,40.599999999976724,10.7,8.2,1007.7,6,9.3,12,22,3,2
2018-12-22 03:00:00,40.599999999976724,10.1,7.3,1009.0,6,7.2,12,22,4,3
2018-12-22 04:00:00,40.20000000001165,9.4,6.8,1009.9,6,8.2,12,22,5,4
2018-12-22 05:00:00,40.199999999953434,9.3,6.8,1010.7,6,6.7,12,22,6,5
2018-12-22 06:00:00,41.0,9.4,7.0,1011.6,6,5.7,12,22,7,6
2018-12-22 07:00:00,41.80000000004657,9.7,7.1,1012.4,6,6.2,12,22,1,7
2018-12-22 08:00:00,42.699999999953434,9.2,6.9,1013.3,5,5.1,12,22,2,8
2018-12-22 09:00:00,45.19999999995344,9.7,7.2,1014.5,5,5.1,12,22,3,9
2018-12-22 10:00:00,45.599999999976724,10.1,7.3,1015.6,5,5.7,12,22,4,10
2018-12-22 11:00:00,42.70000000001164,10.7,7.5,1016.2,5,5.1,12,22,5,11
2018-12-22 12:00:00,43.0,10.3,7.0,1016.7,6,4.6,12,22,6,12
2018-12-22 13:00:00,41.20000000001165,11.3,7.5,1017.1,6,4.6,12,22,7,13
2018-12-22 14:00:00,43.10000000003493,11.2,6.3,1017.6,6,6.7,12,22,1,14
2018-12-22 15:00:00,45.899999999965075,10.9,6.0,1018.2,6,6.2,12,22,2,15
2018-12-22 16:00:00,45.29999999998836,9.2,5.9,1018.9,6,4.1,12,22,3,16
2018-12-22 17:00:00,47.0,8.9,5.8,1019.8,6,4.1,12,22,4,17
2018-12-22 18:00:00,53.0,8.6,5.9,1020.2,6,4.1,12,22,5,18
2018-12-22 19:00:00,50.19999999995344,9.0,6.6,1020.7,5,4.1,12,22,6,19
2018-12-22 20:00:00,48.0,8.4,6.5,1021.0,5,4.6,12,22,7,20
2018-12-22 21:00:00,47.20000000001164,8.5,6.5,1021.3,6,4.6,12,22,1,21
2018-12-22 22:00:00,42.29999999998836,8.0,6.4,1021.6,6,4.6,12,22,2,22
2018-12-22 23:00:00,41.80000000004657,8.0,6.5,1021.6,5,3.6,12,22,3,23
2018-12-23 00:00:00,40.399999999965075,6.9,5.7,1021.2,5,2.6,12,23,4,0
2018-12-23 01:00:00,37.70000000001165,6.7,5.9,1021.1,5,2.1,12,23,5,1
2018-12-23 02:00:00,37.899999999965075,6.9,6.1,1020.9,5,2.6,12,23,6,2
2018-12-23 03:00:00,39.29999999998836,7.3,6.3,1020.7,4,3.1,12,23,7,3
2018-12-23 04:00:00,38.70000000001164,7.5,6.4,1019.7,4,3.1,12,23,1,4
2018-12-23 05:00:00,37.0,7.4,6.7,1018.5,3,2.6,12,23,2,5
2018-12-23 06:00:00,37.5,8.0,7.6,1017.3,3,3.6,12,23,3,6
2018-12-23 07:00:00,39.0,8.6,8.2,1016.4,3,4.1,12,23,4,7
2018-12-23 08:00:00,40.79999999998836,8.9,8.5,1015.5,3,3.6,12,23,5,8
2018-12-23 09:00:00,40.5,9.3,8.9,1015.0,4,3.1,12,23,6,9
2018-12-23 10:00:00,40.79999999998836,10.1,9.5,1014.6,4,3.1,12,23,7,10
2018-12-23 11:00:00,43.599999999976724,10.8,10.1,1014.5,5,4.1,12,23,1,11
2018-12-23 12:00:00,44.10000000003493,12.3,11.1,1014.3,6,6.2,12,23,2,12
2018-12-23 13:00:00,45.79999999998836,13.0,11.3,1014.0,6,7.7,12,23,3,13
2018-12-23 14:00:00,44.0,13.2,11.6,1014.2,6,6.7,12,23,4,14
2018-12-23 15:00:00,43.399999999965075,13.1,11.5,1014.5,6,7.7,12,23,5,15
2018-12-23 16:00:00,40.699999999953434,12.6,11.1,1015.0,6,5.1,12,23,6,16
2018-12-23 17:00:00,45.29999999998836,12.0,11.0,1015.6,6,4.6,12,23,7,17
2018-12-23 18:00:00,48.5,9.3,8.0,1017.2,0,5.1,12,23,1,18
2018-12-23 19:00:00,47.29999999998836,7.7,6.7,1018.7,0,2.6,12,23,2,19
2018-12-23 20:00:00,45.29999999998836,7.3,6.7,1020.4,0,3.1,12,23,3,20
2018-12-23 21:00:00,47.399999999965075,7.2,6.3,1021.7,0,2.1,12,23,4,21
2018-12-23 22:00:00,45.20000000001164,6.9,5.9,1022.8,0,2.6,12,23,5,22
2018-12-23 23:00:00,42.70000000001165,6.8,5.8,1023.8,0,1.5,12,23,6,23
2018-12-24 00:00:00,42.70000000001165,6.7,5.7,1025.1,0,2.1,12,24,7,0
2018-12-24 01:00:00,38.10000000003493,6.4,5.4,1025.4,0,1.0,12,24,1,1
2018-12-24 02:00:00,40.199999999953434,6.1,5.3,1026.4,0,1.0,12,24,2,2
2018-12-24 03:00:00,42.0,6.1,5.1,1027.5,0,1.0,12,24,3,3
2018-12-24 04:00:00,41.20000000001164,5.9,4.9,1028.2,0,1.0,12,24,4,4
2018-12-24 05:00:00,40.400000000023276,5.8,4.8,1028.5,1,1.5,12,24,5,5
2018-12-24 06:00:00,40.400000000023276,5.6,4.7,1029.4,1,1.5,12,24,6,6
2018-12-24 07:00:00,40.79999999998836,5.3,4.4,1030.3,1,1.5,12,24,7,7
2018-12-24 08:00:00,41.199999999953434,4.9,4.2,1031.4,1,1.0,12,24,1,8
2018-12-24 09:00:00,44.099999999976724,4.7,4.0,1032.3,1,2.1,12,24,2,9
2018-12-24 10:00:00,49.400000000023276,5.2,4.4,1033.2,1,1.5,12,24,3,10
2018-12-24 11:00:00,52.5,6.1,4.8,1033.5,1,1.5,12,24,4,11
2018-12-24 12:00:00,50.900000000023276,5.8,4.2,1033.4,1,1.5,12,24,5,12
2018-12-24 13:00:00,48.10000000003493,7.7,5.0,1033.2,2,1.0,12,24,6,13
2018-12-24 14:00:00,45.70000000001164,7.3,4.2,1033.4,2,1.5,12,24,7,14
2018-12-24 15:00:00,42.0,6.6,3.6,1033.7,2,1.5,12,24,1,15
2018-12-24 16:00:00,41.29999999998836,5.1,2.6,1034.1,2,2.1,12,24,2,16
2018-12-24 17:00:00,45.29999999998836,5.4,3.4,1034.3,2,1.5,12,24,3,17
2018-12-24 18:00:00,43.20000000001164,5.2,3.8,1034.4,2,1.5,12,24,4,18
2018-12-24 19:00:00,42.599999999976724,4.9,3.6,1034.8,2,2.1,12,24,5,19
2018-12-24 20:00:00,40.599999999976724,4.6,3.4,1035.1,2,1.5,12,24,6,20
2018-12-24 21:00:00,47.0,3.0,2.2,1035.3,3,2.1,12,24,7,21
2018-12-24 22:00:00,45.20000000001164,2.7,2.2,1035.6,1,0.5,12,24,1,22
2018-12-24 23:00:00,45.60000000003493,3.1,2.9,1035.9,2,1.0,12,24,2,23
2018-12-25 00:00:00,43.69999999995344,2.5,2.2,1035.7,1,1.5,12,25,3,0
2018-12-25 01:00:00,41.20000000001165,1.7,1.4,1035.5,1,0.5,12,25,4,1
2018-12-25 02:00:00,40.5,1.7,1.4,1035.4,2,0.5,12,25,5,2
2018-12-25 03:00:00,41.80000000004657,2.4,2.3,1035.4,2,1.5,12,25,6,3
2018-12-25 04:00:00,40.399999999965075,1.8,1.6,1034.7,2,1.5,12,25,7,4
2018-12-25 05:00:00,39.599999999976724,2.5,2.3,1034.8,1,0.5,12,25,1,5
2018-12-25 06:00:00,40.599999999976724,2.9,2.8,1035.1,3,1.0,12,25,2,6
2018-12-25 07:00:00,40.79999999998836,4.0,3.7,1034.8,2,1.5,12,25,3,7
2018-12-25 08:00:00,43.899999999965075,3.7,2.8,1035.4,3,1.5,12,25,4,8
2018-12-25 09:00:00,45.29999999998836,4.0,3.2,1035.2,3,1.0,12,25,5,9
2018-12-25 10:00:00,44.79999999998836,5.1,3.9,1035.0,4,1.5,12,25,6,10
2018-12-25 11:00:00,43.899999999965075,5.9,4.3,1035.0,4,1.5,12,25,7,11
2018-12-25 12:00:00,43.099999999976724,7.5,5.5,1034.6,4,1.5,12,25,1,12
2018-12-25 13:00:00,47.0,7.8,5.3,1034.0,4,2.6,12,25,2,13
2018-12-25 14:00:00,48.29999999998836,8.2,5.8,1033.6,4,2.6,12,25,3,14
2018-12-25 15:00:00,46.29999999998836,8.2,5.9,1033.5,3,2.6,12,25,4,15
2018-12-25 16:00:00,43.79999999998836,8.3,5.9,1033.4,4,2.6,12,25,5,16
2018-12-25 17:00:00,46.20000000001164,8.3,5.9,1033.5,4,2.6,12,25,6,17
2018-12-25 18:00:00,45.10000000003493,8.2,6.0,1033.5,4,2.6,12,25,7,18
2018-12-25 19:00:00,44.900000000023276,8.0,6.2,1033.4,5,2.1,12,25,1,19
2018-12-25 20:00:00,48.800000000046566,7.9,6.3,1033.5,4,1.5,12,25,2,20
2018-12-25 21:00:00,47.70000000001164,7.9,6.6,1033.5,5,3.1,12,25,3,21
2018-12-25 22:00:00,46.79999999998836,7.9,6.7,1033.1,4,1.0,12,25,4,22
2018-12-25 23:00:00,46.5,7.8,6.6,1033.0,5,1.5,12,25,5,23
2018-12-26 00:00:00,46.599999999976724,7.6,6.6,1032.9,6,1.0,12,26,6,0
2018-12-26 01:00:00,42.099999999976724,7.5,6.8,1032.6,3,1.0,12,26,7,1
2018-12-26 02:00:00,41.099999999976724,7.3,7.0,1032.5,3,1.5,12,26,1,2
2018-12-26 03:00:00,40.899999999965075,7.3,7.0,1032.4,3,2.1,12,26,2,3
2018-12-26 04:00:00,40.79999999998836,7.3,7.1,1032.0,3,1.5,12,26,3,4
2018-12-26 05:00:00,40.79999999998836,7.2,7.0,1031.6,3,0.5,12,26,4,5
2018-12-26 06:00:00,39.79999999998836,7.5,7.3,1031.6,5,1.5,12,26,5,6
2018-12-26 07:00:00,39.80000000004657,7.9,7.6,1031.6,4,2.6,12,26,6,7
2018-12-26 08:00:00,40.20000000001164,8.1,7.5,1031.4,4,1.5,12,26,7,8
2018-12-26 09:00:00,40.400000000023276,8.2,7.5,1031.2,4,2.6,12,26,1,9
2018-12-26 10:00:00,44.899999999965075,8.7,7.7,1031.4,4,2.1,12,26,2,10
2018-12-26 11:00:00,41.900000000023276,9.1,7.7,1031.2,5,1.5,12,26,3,11
2018-12-26 12:00:00,39.60000000003493,9.4,7.7,1030.8,5,2.6,12,26,4,12
2018-12-26 13:00:00,39.60000000003493,9.5,7.5,1030.1,5,2.6,12,26,5,13
2018-12-26 14:00:00,42.29999999998836,9.3,7.1,1029.9,5,3.1,12,26,6,14
2018-12-26 15:00:00,43.70000000001164,9.3,7.2,1029.8,5,3.1,12,26,7,15
2018-12-26 16:00:00,42.0,9.4,7.3,1029.5,4,2.6,12,26,1,16
2018-12-26 17:00:00,41.29999999998836,9.0,6.8,1029.2,4,3.1,12,26,2,17
2018-12-26 18:00:00,38.79999999998836,8.6,6.9,1029.0,4,2.6,12,26,3,18
2018-12-26 19:00:00,41.70000000001164,7.8,5.9,1028.9,4,2.6,12,26,4,19
2018-12-26 20:00:00,49.69999999995344,7.4,5.6,1028.9,4,2.1,12,26,5,20
2018-12-26 21:00:00,47.400000000023276,7.2,5.7,1028.6,4,1.5,12,26,6,21
2018-12-26 22:00:00,49.400000000023276,6.6,5.0,1028.2,4,2.6,12,26,7,22
2018-12-26 23:00:00,46.79999999998836,6.0,4.8,1028.2,4,1.0,12,26,1,23
2018-12-27 00:00:00,47.899999999965075,4.8,3.8,1027.8,6,0.5,12,27,2,0
2018-12-27 01:00:00,44.69999999995344,4.6,4.1,1027.6,0,0.5,12,27,3,1
2018-12-27 02:00:00,42.80000000004657,3.4,2.9,1027.1,0,0.0,12,27,4,2
2018-12-27 03:00:00,43.29999999998836,3.9,3.6,1027.1,0,0.0,12,27,5,3
2018-12-27 04:00:00,42.79999999998836,4.2,4.0,1026.7,7,1.0,12,27,6,4
2018-12-27 05:00:00,45.399999999965075,3.3,3.1,1026.4,7,0.5,12,27,7,5
2018-12-27 06:00:00,43.29999999998836,3.7,3.5,1026.2,0,1.0,12,27,1,6
2018-12-27 07:00:00,41.400000000023276,3.7,3.5,1026.2,6,0.5,12,27,2,7
2018-12-27 08:00:00,44.20000000001164,3.4,3.2,1026.5,7,1.0,12,27,3,8
2018-12-27 09:00:00,44.900000000023276,3.2,2.9,1026.5,7,1.0,12,27,4,9
2018-12-27 10:00:00,45.70000000001164,3.7,3.5,1026.8,6,1.5,12,27,5,10
2018-12-27 11:00:00,43.60000000003493,5.3,4.8,1026.7,5,0.5,12,27,6,11
2018-12-27 12:00:00,40.29999999998836,7.0,5.3,1026.2,6,1.0,12,27,7,12
2018-12-27 13:00:00,39.699999999953434,6.5,5.0,1025.9,6,2.1,12,27,1,13
2018-12-27 14:00:00,43.50000000000001,7.2,5.0,1025.5,4,1.0,12,27,2,14
2018-12-27 15:00:00,43.5,7.1,4.9,1025.7,6,2.1,12,27,3,15
2018-12-27 16:00:00,45.099999999976724,6.7,5.2,1025.7,7,0.5,12,27,4,16
2018-12-27 17:00:00,48.79999999998836,6.2,5.2,1025.8,6,1.5,12,27,5,17
2018-12-27 18:00:00,51.0,5.9,5.0,1026.0,6,1.5,12,27,6,18
2018-12-27 19:00:00,53.099999999976724,5.3,4.7,1026.6,6,1.0,12,27,7,19
2018-12-27 20:00:00,48.79999999998836,5.1,4.6,1026.8,6,2.1,12,27,1,20
2018-12-27 21:00:00,45.29999999998836,5.2,4.8,1027.0,6,2.6,12,27,2,21
2018-12-27 22:00:00,48.899999999965075,5.2,4.6,1027.0,6,1.0,12,27,3,22
2018-12-27 23:00:00,51.5,5.5,4.7,1027.0,6,1.5,12,27,4,23
2018-12-28 00:00:00,46.5,5.2,4.5,1027.1,6,1.0,12,28,5,0
2018-12-28 01:00:00,44.899999999965075,5.2,4.6,1027.4,6,1.0,12,28,6,1
2018-12-28 02:00:00,47.5,5.2,4.7,1027.8,6,1.0,12,28,7,2
2018-12-28 03:00:00,45.400000000023276,5.4,4.9,1028.0,6,1.5,12,28,1,3
2018-12-28 04:00:00,43.400000000023276,5.5,5.0,1027.9,6,1.0,12,28,2,4
2018-12-28 05:00:00,43.399999999965075,5.6,5.3,1028.0,6,1.5,12,28,3,5
2018-12-28 06:00:00,42.20000000001164,6.1,5.7,1028.5,6,1.5,12,28,4,6
2018-12-28 07:00:00,42.5,6.5,5.9,1029.1,6,1.5,12,28,5,7
2018-12-28 08:00:00,43.599999999976724,6.8,5.9,1029.7,6,1.5,12,28,6,8
2018-12-28 09:00:00,46.0,7.3,6.0,1030.3,6,1.0,12,28,7,9
2018-12-28 10:00:00,52.5,7.7,6.2,1030.5,6,2.6,12,28,1,10
2018-12-28 11:00:00,52.60000000003493,8.4,6.3,1030.6,6,2.6,12,28,2,11
2018-12-28 12:00:00,50.29999999998836,8.9,6.1,1030.6,6,2.1,12,28,3,12
2018-12-28 13:00:00,48.400000000023276,10.3,5.9,1030.4,6,3.1,12,28,4,13
2018-12-28 14:00:00,43.60000000003493,10.0,5.3,1031.0,6,4.6,12,28,5,14
2018-12-28 15:00:00,46.599999999976724,9.6,5.8,1031.4,6,4.1,12,28,6,15
2018-12-28 16:00:00,47.60000000003493,9.4,6.0,1031.8,6,2.1,12,28,7,16
2018-12-28 17:00:00,48.0,9.2,6.2,1032.1,6,4.1,12,28,1,17
2018-12-28 18:00:00,49.900000000023276,9.0,6.4,1032.5,6,3.6,12,28,2,18
2018-12-28 19:00:00,49.0,8.9,6.9,1033.0,6,3.1,12,28,3,19
2018-12-28 20:00:00,47.70000000001164,9.1,7.1,1033.2,6,4.1,12,28,4,20
2018-12-28 21:00:00,48.60000000003493,9.1,7.2,1033.7,6,2.6,12,28,5,21
2018-12-28 22:00:00,49.599999999976724,9.3,7.2,1033.6,5,2.6,12,28,6,22
2018-12-28 23:00:00,46.19999999995344,8.9,7.2,1033.8,5,2.6,12,28,7,23
2018-12-29 00:00:00,43.900000000023276,8.8,7.4,1033.4,5,1.5,12,29,1,0
2018-12-29 01:00:00,44.29999999998836,8.8,7.5,1033.3,5,1.5,12,29,2,1
2018-12-29 02:00:00,41.899999999965075,8.7,8.0,1033.3,6,3.1,12,29,3,2
2018-12-29 03:00:00,43.70000000001164,9.0,7.9,1033.3,5,3.1,12,29,4,3
2018-12-29 04:00:00,42.20000000001164,9.2,7.8,1032.8,5,3.6,12,29,5,4
2018-12-29 05:00:00,41.5,9.6,7.7,1032.5,6,5.1,12,29,6,5
2018-12-29 06:00:00,42.50000000000001,9.4,7.3,1032.1,6,5.1,12,29,7,6
2018-12-29 07:00:00,43.29999999998836,9.4,6.7,1031.9,5,5.1,12,29,1,7
2018-12-29 08:00:00,44.0,9.8,7.1,1031.9,5,5.7,12,29,2,8
2018-12-29 09:00:00,43.5,10.0,7.7,1031.6,6,6.2,12,29,3,9
2018-12-29 10:00:00,47.70000000001164,10.4,8.2,1031.8,6,5.1,12,29,4,10
2018-12-29 11:00:00,46.5,10.9,8.7,1031.4,6,5.7,12,29,5,11
2018-12-29 12:00:00,47.900000000023276,11.5,9.4,1030.6,6,7.2,12,29,6,12
2018-12-29 13:00:00,51.400000000023276,11.9,9.8,1029.8,6,9.8,12,29,7,13
2018-12-29 14:00:00,47.20000000001164,11.9,9.7,1030.0,6,7.7,12,29,1,14
2018-12-29 15:00:00,48.900000000023276,12.2,9.8,1031.3,6,4.6,12,29,2,15
2018-12-29 16:00:00,46.20000000001164,11.9,9.6,1031.6,6,4.6,12,29,3,16
2018-12-29 17:00:00,51.70000000001164,11.2,9.1,1032.3,6,3.1,12,29,4,17
2018-12-29 18:00:00,53.79999999998836,10.1,8.6,1032.9,6,3.6,12,29,5,18
2018-12-29 19:00:00,54.5,9.7,8.5,1033.2,6,3.6,12,29,6,19
2018-12-29 20:00:00,49.5,9.4,8.4,1033.9,6,3.1,12,29,7,20
2018-12-29 21:00:00,48.29999999998836,8.7,8.0,1034.2,6,3.1,12,29,1,21
2018-12-29 22:00:00,47.400000000023276,8.2,7.7,1034.7,7,1.5,12,29,2,22
2018-12-29 23:00:00,45.0,7.4,7.0,1034.7,6,1.5,12,29,3,23
2018-12-30 00:00:00,0.0,6.9,6.5,1034.9,6,2.6,12,30,4,0
2018-12-30 01:00:00,0.0,6.6,6.5,1035.4,6,2.6,12,30,5,1
2018-12-30 02:00:00,0.0,6.9,6.8,1035.6,6,1.5,12,30,6,2
2018-12-30 03:00:00,0.0,7.3,7.2,1035.3,5,2.1,12,30,7,3
2018-12-30 04:00:00,0.0,7.7,7.7,1034.9,5,1.5,12,30,1,4
2018-12-30 05:00:00,0.0,8.2,8.2,1034.5,4,2.1,12,30,2,5
2018-12-30 06:00:00,0.0,8.6,8.6,1034.7,5,3.1,12,30,3,6
2018-12-30 07:00:00,0.0,9.2,9.2,1034.6,5,3.6,12,30,4,7
2018-12-30 08:00:00,0.0,9.3,9.2,1034.8,6,4.1,12,30,5,8
2018-12-30 09:00:00,0.0,9.3,8.9,1035.0,6,4.1,12,30,6,9
2018-12-30 10:00:00,0.0,9.4,9.0,1035.3,6,3.6,12,30,7,10
2018-12-30 11:00:00,0.0,9.5,9.1,1035.5,6,4.1,12,30,1,11
2018-12-30 12:00:00,0.0,9.6,9.2,1035.5,6,4.1,12,30,2,12
2018-12-30 13:00:00,0.0,9.7,8.9,1034.8,6,4.1,12,30,3,13
2018-12-30 14:00:00,0.0,9.5,8.6,1035.0,6,4.1,12,30,4,14
2018-12-30 15:00:00,0.0,9.8,8.8,1035.1,6,4.1,12,30,5,15
2018-12-30 16:00:00,0.0,10.1,8.8,1035.3,6,2.6,12,30,6,16
2018-12-30 17:00:00,0.0,10.1,8.7,1035.5,6,2.6,12,30,7,17
2018-12-30 18:00:00,0.0,10.2,8.5,1035.4,6,2.6,12,30,1,18
2018-12-30 19:00:00,0.0,10.4,8.4,1035.6,6,2.6,12,30,2,19
2018-12-30 20:00:00,0.0,10.4,8.4,1035.7,6,2.6,12,30,3,20
2018-12-30 21:00:00,0.0,10.4,8.2,1035.7,7,3.1,12,30,4,21
2018-12-30 22:00:00,0.0,10.1,7.7,1035.9,7,3.1,12,30,5,22
2018-12-30 23:00:00,0.0,10.0,7.6,1035.8,6,2.1,12,30,6,23
2018-12-31 00:00:00,0.0,9.7,7.7,1035.7,6,2.1,12,31,7,0
2018-12-31 01:00:00,0.0,9.8,7.6,1035.7,6,2.6,12,31,1,1
2018-12-31 02:00:00,0.0,9.9,7.3,1036.0,6,2.6,12,31,2,2
2018-12-31 03:00:00,0.0,9.6,7.4,1036.0,6,3.1,12,31,3,3
2018-12-31 04:00:00,0.0,9.1,7.3,1036.0,6,3.6,12,31,4,4
2018-12-31 05:00:00,0.0,9.3,7.3,1035.9,6,3.6,12,31,5,5
2018-12-31 06:00:00,0.0,9.4,7.1,1035.9,6,3.1,12,31,6,6
2018-12-31 07:00:00,0.0,9.1,7.0,1035.9,6,2.6,12,31,7,7
2018-12-31 08:00:00,0.0,9.1,6.5,1036.5,6,3.1,12,31,1,8
2018-12-31 09:00:00,0.0,9.2,6.1,1036.9,7,2.6,12,31,2,9
2018-12-31 10:00:00,0.0,9.4,6.2,1037.1,7,2.1,12,31,3,10
2018-12-31 11:00:00,0.0,9.6,5.8,1036.6,6,2.1,12,31,4,11
2018-12-31 12:00:00,0.0,9.9,5.5,1036.0,6,2.1,12,31,5,12
2018-12-31 13:00:00,0.0,10.0,5.3,1035.6,7,2.1,12,31,6,13
2018-12-31 14:00:00,0.0,10.0,5.4,1035.5,6,3.1,12,31,7,14
2018-12-31 15:00:00,0.0,9.8,5.4,1035.4,6,4.1,12,31,1,15
2018-12-31 16:00:00,0.0,9.5,5.4,1035.4,6,3.1,12,31,2,16
2018-12-31 17:00:00,0.0,9.6,5.2,1035.2,6,3.6,12,31,3,17
2018-12-31 18:00:00,0.0,9.2,5.4,1035.3,6,3.6,12,31,4,18
2018-12-31 19:00:00,0.0,9.0,5.3,1035.3,6,4.1,12,31,5,19
2018-12-31 20:00:00,0.0,8.9,5.1,1035.2,6,4.1,12,31,6,20
2018-12-31 21:00:00,0.0,9.1,5.1,1035.3,6,3.6,12,31,7,21
2018-12-31 22:00:00,0.0,9.0,5.0,1035.0,6,3.6,12,31,1,22
2018-12-31 23:00:00,0.0,9.1,4.7,1034.9,6,3.6,12,31,2,23
